"경상북도 여행지 추천 - 경북 안동 하회마을,안동 가볼만한 곳"
어린이무료입장 울진실내여행지 경상북도 민물고기생태체험관
[국내 여행지 추천] 한국관광 100선 - 경상북도 편
경상북도 메타세쿼이아... 영천 우로지 자연숲 가을 여행지
경상북도 울릉도 여행지 대한민국100대명산 성인봉 산행... 
9월 10월 국내 여행지 추천 : 경상북도 가볼만한 곳! 만휴정... 
경상북도 울진 여행지 불영사 아이랑 다녀온 후기
경주여행지 추천⛱️경상북도에서 추천하는 여행지를 직접... 
포항 경상북도수목원 | 아기랑 가볼만한곳 가을여행지 단풍명소
"경상북도 가을 정취 느낄수 있는 여행지 안동, 안동 가을에 꼭... "
"안동 여행지 추천, 경상북도 기념물 고산서원"
경상북도 가을여행지 천년고찰 용문사
"경상북도 여행지 추천, 안동 병산서원 - 서원건축의 백미(Feat.... "
산소카페청송정원 백일홍 만개한경상북도 가을여행지
불국사 경상북도산림환경연구원 경주숙소 국내 가을 여행지... 
군위 한밤마을 돌담길이 있는 경상북도 가을여행지
"경상북도 안동 여행지 - 안동호, 월영교, 만휴정"
영덕 가볼만한곳 경상북도 여행지 추천 해안고속도로... 
[경상북도여름여행] 놀고팜과 알아보는 &lt;경북 여름 여행지&gt;
경북e누리 여행 티켓으로 경상북도 여행지 30% 할인
10월 아이와 가볼만한곳 경상북도 문경 여행지 지역축제... 
[대구광역시 군위군/리틀포레스트 촬영지]/경상북도여행지... 
국내 동해 바다여행지 경상북도 포항 가볼만한곳 볼거리 구룡포항
경상북도 Always 안심 여행.... 열두 달 경북 안심 여행지. 50.
경상북도 예천 가족여행지 곤충멀티체험관 각광
화천서원 부용대 경상북도 안동 가족주말여행지추천
얼음골 경상북도 청송가볼만한곳 2월국내여행지
경상북도 경북 안동시 여행지 추천 도산구곡 군자마을... 
"경상북도 울릉도 여행지 - 성불사, 송곳산, 천부항, 딴바위, 삼선암"
겨울철 여행지 추천 경상북도 청도군
울진 성류굴 경상북도 여행지 추천 가볼만한곳 안전모쓰고
"경상북도 추천 여행지, 문경새재도립공원"
[경상북도 여행지 추천]'문경새재 도립공원'
경상북도 문경 여행 관광지... 산책하기 좋은 여행지 문경
국립백두대간수목원 | 봉화여행 | 경상북도 여행지 추천 | 봉화... 
경상북도 여행지 추천하는 장소는 요즘 뜨는 문경
안동찜닭 골목 밀레니엄 안동찜닭 경상북도 안동시 주말여행지... 
한옥마을 경상북도 여행지 의성산운마을
깜짝이벤트 :: 응답하라 경북관광! 경상북도 여행지 추천 이벤트
"경상북도 울릉도 여행지 - 생태 자연의 보존지, 관음도"
국내 여행지 추천ㅣ경상북도 안동문화관광단지 푸르름이... 
경상북도 여행지 군위 가볼만한곳
경상북도 대구경산 가볼만한곳... 좋은 여행지 /  대구 근교 경산... 
[청송 주산지 단풍][청송 여행지][경상북도 여행지][단풍여행지]
경상북도 여행지♪ 청도 소싸움 테마 파크 ♡
[경상북도 여행지 추천] 포항시 내연산 보경사를 가다.
다시 가고 싶은 경상북도 여행지. 경북 여행지 추천. ▩
"10월 경북 축제, 이번 가을 가볼만한 경상북도 여행지"
[디비디비스토리 오늘의 여행Tip - 경상북도 가을여행지 추천!]... 
"경상북도 울릉도 여행지 - 저동항, 내수전몽돌해변, 내수전약수터"
국내 여행지 추천 경상북도 청도 소싸움 테마파크
경상북도 여행지 추천 예천군 용궁역 토끼간빵
경상북도를 여행할 때  미리 여행지에 대한 정보를  알아볼 수... 
혼자 다니기 좋은 경상북도 여행지 소개
[여름휴가 갈만한 곳 경상북도 여행지 / 문경 영강 여행/ 문경... 
"대구 근교 경상북도 청도 가볼만한곳,  힐링 여행지 운문사 추천"
[경상북도 포항시] 특별함이 가득한 포항 여행지
"경상북도 여행지 군위군 화본역, 엄마아빠 어렸을 적에"
경상북도 가볼만한곳 - 제가 다녀본 경북 여행지를 소개합니다
경상북도 군위 여행지 - 창평지
"경상북도 울진 여행지 - 월송정, 노바, 구산해수욕장"
"[ 경상북도 여행지 ] 영천 , 구미, 상주 승마장에서 승마배우기"
경상북도 여행지 추천 -  백두대간협곡열차
"경상북도 산림환경연구원', 자연 속에서 즐기는 언텍트 여행지"
경상북도 여행지 1탄 문경새재 !여름휴가로 선택한곳 !
여행이좋다 :: 포항 여행지 추천 이번 경상북도 포항여행코스
[성주 성밖숲][맥문동][성주 여행지][경상북도 여행지]
[경북여행] 2014년에 가본 경상북도 여행지 총정리
"경상북도여행지추천, 포항 화진해수욕장"
가을여행지추천-경상북도 울진 &amp; 영주에서 최고를 찾아라
"겨울 여행지 추천 경상북도 봉화,영주 (중부내륙여행)"
[경상북도 칠곡 여행] 자연과 벗삼은 칠곡 낭만 여행지
[경상북도 여행지 추천]걷기 좋은 길-문경새재도립공원에서 힐링!
오미자축제 / 경상북도 여행지  / 문경 가볼만한 곳 / 문경새재... 
"경상북도 관광지 '한국관광의... / 경북 여행지,  문경새재, 영주... "
"가을여행 인증이벤트 당첨자 발표! - 경북 여행지, 경상북도 여행"
[가볼만한곳] 경상북도여행지 - 삼국유사의 고장 군위
[경상북도]야경아름다운곳::경주::경상북도 여행지추천... 
"무궁화 필 무렵, 포항의 언택트 여행지 경상북도수목원"
경상북도 수목원 혼자서도 힐링 여행지
경주가볼만한곳 경상북도 산림환경연구원 사진여행지
경상북도 군위 여행지 / 군위 화본역 / 급수탑 / 예능 간이역... 
"국내 설경 명소,겨울 눈을 찾아 떠나는 경상북도 여행지"
경상북도 여행지 - 가볼만한곳 의성 산운마을
사랑한다면 경상북도 차박 여행지!&amp;캠핑카여행꿀팁... 
[가볼만한 곳] 경상북도 여행지  - 군위 삼존석굴
"포항 가볼만한 곳 경상북도수목원, 가을 여행지로 딱이다"
싶은 여행지 - 경상북도 영양 두들마을에서 평생 간직 할... 
"영덕 창포말등대 - 국내 겨울 여행지 추천, 경상북도가볼만한곳"
[안동 월영교][월영교 야경][안동여행지][경상북도 여행지]
"경상북도 여행, 상주 여행지 Best5"
CNN추천 아름다운 경상북도 여행지 베스트6
[포항가을여행지]&quot;경상북도수목원에서 가을향기 맡아요&quot;
경북 여행지의 추억을 나눠주세요! 경상북도 가을여행... 
경주 봄 여행지 경북산림환경연구원 (출입통제중) 경상북도... 
사찰여행 - 경상북도여행지 예천 용문사
[목원대학교/여행을 떠나요]경상북도 청도 겨울 여행지 추천
안동여행[경상북도독립기념관♥1박2일가족여행지추천... 
경상북도 여행지 추천 영천 별빛마을 어때요?
청도여행 경상북도 청도의 낮과 밤을 즐겨볼 수 있는 여행지를... 
[떠나는 행복] 행복주택의 11월 여행지 PICK: 경상북도 안동... 
대구 수목원 국내 여행지... 산책로 갈만한곳 경상북도 여름 휴양지
포항 경상북도수목원 경북 여행 가볼만한 곳
경상북도 청송 얼음골 - 경북 겨울 여행지 인생사진 스팟
"JUJULAND :: 경상북도 관광지도 보기, 여행지 안내"
[경상북도 여행] 한국여행지 문경새재 아이들과 가볼만 한 곳
경상북도 여행지 추천? 경주에서..
대구에서 가까운 여행지 경주수목원 (경상북도 살림 환경연구원)
경북 의성 여행지 추천... 양성하던 &lt;학록정사&gt; #경상북도유형문... 
2023년 첫 여행지 경상북도 청송얼음골
"경상북도 울릉도 여행지 - 사동항, 울릉자생식물원, 금강원... "
경상북도 여행지 의성군 &quot;조문국사적지&quot; 가볼만한 곳 추천!!
경상북도 경산 여행지 - 팔공산 갓바위
경상북도 가을 여행지 단풍과 낙엽이 멋진 산책코스 문경새재... 
"[청송여행,청송5일장,5월여행지] 경상북도 청송의 5일장을 가다"
대구 김광석길 방문기 - 경상북도 여행지 !
경상북도 여행지 추천 '4월' 경주여행 사진찍으러 go~
경상북도 구미 여행지 - 학서지 생태공원
[경북여행지추천] 물이 정말 맑은 경상북도 울진 동해바다... 
"[ 경주여행 ] 경상북도여행지 추천 / 커플 여행_금장대,경주월드... "
안동 경상북도독립운동기념관은 꼭 가봐야할 여행지. 희생없인... 
"한국의 숨은 보석, 경상북도 안동 여행지 추천"
즐길거리 너무 많은 국내여행지 추천 ! 경상북도 고령 1박 2일... 
여행이좋다 :: 문경 여행지 여행코스 추천... 경상북도 문경시... 
경상북도 경산 여행지 - 반곡지
경상북도여행지 추천 - 울릉도
경상북도 해안길 따라~ 도보여행지 BEST3!
경상북도 경산 여행지 - 삼성현역사문화공원
경상북도 블로그 5월 이벤트... 동해안 여행지 추천
"경상북도 울릉도 여행지 - 현포전망대, 현포항, 노인봉... "
현황/4월 구미 가볼 만한 곳/경상북도 여행지/벚꽃 여행지 추천
경상북도 여행지 추천! 함께 떠나 볼까요?
경상북도 여행지 / 성류굴 !?
로망샤방군 추억의 여행지 [5년 전 오늘] 경상북도 포항시 여행... 
"10월에 가면 좋은 경주 여행지... 빛누리정원, 경상북도산림환경... "
동해안 여행지 추천 / 여름휴가 가기 좋은 경상북도 동해안... 
경상북도 여행지 펜션 추천해요!
[경북 여행지 추천]경상북도의 특색 있는 박물관 ~ /상주 자전거... 
경상북도 여행지 팬션 추천합니다!
[청송 가볼 만한 곳] 경상북도 겨울 여행지 추천 겨울 가볼... 
"상주문화재, 경상북도 여행, 한적한 여행지, 언택트 여행지)"
경상북도 여행지 하회마을 봄나드리로!?
[경북 포항] 포항 여행지 추천... 어레인지먼트카페|경상북도수... 
"경상북도 울릉도 여행지 - 남서일몰전망대, 투구봉, 사자바위... "
"가족 여행지 추천! '경상북도 산림과학박물관' - 경북 명소, 경북... "
대가야의 숨결을 느낄 수 있는 경상북도 고령군 여행지 추천!
"경상북도 울진 여행지 - 이현세 만화거리, 울진 현종산... "
개미취 꽃밭 구경이 가능한 가을여행지 경상북도 문경 '봉천사'
문경볼거리 경상북도여행지추천
경상북도에서 추천하는 여행지: 보현산댐 전망대
안동 안동시 경상북도 안동시... 안동여행지 안동맛집... 
경상북도 울진군 여행지 관광지도 여행지도 갈만한곳 추천...
경상북도 울진 여행지 - 등기산 공원과 등기산 스카이워크... 
[속리산)/[경상북도~여행지)속리산 법주사/~News!
"경상북도 안동 여행지 - 옥연정사, 부용대, 하회마을, 병산서원"
"한국의 숨은 보석, 경상북도의 아름다운 여행지"
경상북도 여행지 1. 군위군 화본역
경상북도 포항 여행지 - 환호공원 스페이스워크
경상북도 주말 여행지 울릉도 가볼만한곳
"경상북도 울릉도 여행지 - 성하신당, 수토역사전시관, 태하마을"
"국내 여행지추천 - 경상북도 울진 대게, 민물고기생태체험관... "
"경상북도 울릉도 여행지 - 힐링스테이 코스모스, 카페 울라... "
[경상북도/안동] 국내 단풍 구경 여행지 추천 : 도산서원
경상북도 안동 여행지 추천 수상데크길 &quot; 선성수상길 &quot;
경상북도 여행지 추천해요!
"대구 근교 힐링 여행지를... 가득한,  경상북도 고령군 1박2일... "
[경상북도 / 경주] 경주의 숨겨진 가을 단풍여행지... 
"경상북도여행지추천, 청도 와인터널"
"(그림농부 )경상북도 ,구미, 칠곡 가족 체험,여행, 여행지.경북... "
"경상북도 여행지 추천, 김천볼거리 가 풍부한 김천자두포도축제"
경상북도 추천여행지 베스트11
경상북도 안동 월영교 문보트 야경이 아름다운 여행지
"한국의 숨은 보석, 경상북도의 아름다운 여행지"
"[경상북도여행지]  문경 레일바이크 , 문경새재"
김천 청암사/경상북도 백두대간 가볼만한곳/김천추천여행지... 
[국내여행지/가볼 만한 곳 추천] 경상북도 영주시 ~ 순흥면... 
"경상북도 여행지 추천 - 경북 안동 하회마을,안동 가볼만한 곳"
경상북도 영양군 반딧불이 생태숲 자연 속 휴식 공간
경상북도 여행지 추천!!
[추천하고 싶은 여행지 경상북도 안동] 안동 하회 마을에... 
2013 경상북도 건축대전을 가다 /안동가을여행지추천... 
경상북도 울릉도 여행지 - 죽도
경상북도 김천 여행지 - 직지사
"한국의 숨은 보석, 경상북도의 아름다운 여행지"
"한국의 숨은 보석, 경상북도의 아름다운 여행지 추천"
[경북 겨울 여행지 추천]하얀... 캠프 /  경상북도... 
"한국의 숨겨진 보석, 경상북도의 아름다운 여행지"
"한국의 숨겨진 보석, 경상북도의 아름다운 여행지"
"한국의 숨은 보석, 경상북도의 아름다운 여행지"
"경상북도 군위 여행지 - 인각사, 화산산성, 화산산성 전망대"
[경상북도] 11월 국내여행지 추천! 아이와 함께 경주 1박2일 코스
"경상북도 울릉도 여행지 - 나리분지,너와집과 투막집, 나리분지... "
[경상북도/ 청송] 형형색색 가을여행지 국립공원 주왕산... 
"한국의 숨은 보석, 경상북도의 아름다운 여행지"
"경상북도 울릉도 여행지- 대한민국 동쪽 땅끝, 독도"
"★부산 , 경상남도/경상북도 여름여행지★★★★"
"경상북도 경주 여행지 - 한국의 소림사, 골굴사"
"당일치기여행추천, 경상북도 여행지 자두먹고 포도먹고~"
"경북천년숲정원, 경상북도... 가을 여행지 메타세콰이어 숲길"
"[경상북도 가볼만한 곳, 문경 여행] 내린생 국내최고 여행지"
[경상북도 경주시] 석굴암 : 수학여행지 다시 오기 2
"한국의 숨은 보석, 경상북도의 아름다운 여행지"
[ 2023 봉화군청 서포터즈 ] 2023년 하반기 경상북도 허가권자... 
"한국의 숨은 보석, 경상북도의 아름다운 여행지"
"한국의 숨은 보석, 경상북도의 아름다운 여행지 추천"
경상북도 여행지 계획에 경북에 가볼만한곳
[경상북도여행지] 구미 - 뜨거운 여름도 피해간 금오산야영장
"한국의 숨은 보석, 경상북도의 아름다운 여행지"
경상북도 울릉도 여행지 - 내수전일출전망대
여름 바캉스 떠나러 가기 좋은 경상북도 여행지 10곳
경상북도 울진 민물고기생태체험관 실내여행지 어린이무료입장
"경상북도 울릉도 여행지 - 천부해중전망대, 천부일몰전망대, 풍혈"
[경상북도]안동 하회마을①&lt;입장료.주차료.셔틀버스&gt;
경상북도 영덕군. - - 인문 힐링... 마음 건강 체험 웰니스 여행지.
경북 여행지 추천 / 의성으로 떠나는 작약꽃밭 나들이 /경상북도... 
"한국의 숨은 보석, 경상북도의 아름다운 여행지"
분천역/양원역/승부역/강원도 철암역/경상북도 추천여행지
"한국의 숨은 보석, 경상북도의 아름다운 여행지"
경상북도 여행지 추천 경북여행지 추천
월영교. 경상북도 안동 여행지 추천.
화려한 겨울 풍경이 만들어내는 고요한 시골 여행지 추천
&quot; 한국 사람들이 11월에 여행지로 많이 찾는 경상북도 청도군... 
안동 여행지 추천/아이와 함께 떠나기 좋은 경상북도... 
"경상북도 울릉도 여행지 - 국내 유일의 문자조각공원, 예림원"
경상북도 청도군 여행지/관광지/명소 추천
크리스마스 즐기기 좋은 여행지 봉화 분천 산타빌리지 - 경북... 
12월 연말을 더욱 아름답게 장식할크리스마스 여행지 추천!... 
경상북도 군위 여행지 - 위천수변테마파크... 
"경주 여행지 도리마을 은행나무숲(실시간 및 주차정보, 꿀팁)"
[경상북도 상주 여행]  낙동강을 감싸 안은 상주 힐링 여행지!
"경상북도 울릉도 여행지 - 도동항, 도동해안산책로, 옛군수관사... "
"경상북도 군위 여행지 - 군위삼존석굴, 대율리 한밤마을, 화본역... "
"경상북도 울릉도 여행지 - 울릉도민의 생명수, 봉래폭포"
"경상북도 영덕군, 영덕... 공원 소개! [겨울여행/여행지 추천]"
경상북도 청송군 얼음골 겨울 여행지 추천
가볼만한 곳 : 가을 베스트 추천 여행지!! 경상북도 수목원
[경상북도/고령] 가을꽃단지 대가야 어북실 | 고령 가을여행지... 
경상북도 안동 여행지 - 봉정사
"단풍 명소 추천! (경상북도수목원, 자작나무숲, 운문사, 도리마을)"
"경북 상주 갈만한곳, 평생학습도시로 선정되어, 경상북도... "
1박2일 경상북도 청송 여행지 다녀온 간단한 리뷰(2)
경상북도 울릉도 여행지 - 기암절벽과 에메랄드빛 바다와의... 
경상북도 칠곡군 여행지/관광지 추천
[경상북도 여행지추천] 경북 영풍 소수서원 &amp; 오전약수
어부바가 알려주는 겨울 여행지 추천
영덕 괴시리 전통마을 경상북도 여행 가볼 만한 곳
"경상북도 울릉도 여행지 - 태하향목관광모노레일, 향목전망대... "
[경상북도 안동] 1박2일 추천 여행지) 1일차 : 월영교... 
울진 수토문화전시관 수토사들의 역사를 담은 여행지
"경상북도 울릉도 여행지 - 독도박물관, 독도영상관... "
경상북도 청송 여행지 숙소(소노벨) 추천
경주 여행지 경주 야경 명소 동궁과 월지 입장료 주차 (구... 
1월 국내 여행지 Best 4 [ 경상북도 추천 여행지 ]
"[경상북도/예천] 주말여행지 추천, 회룡포 전망대"
"경상북도 울진맛집-대게, 영주맛집으로! 웰빙 가을여행지추천~"
"[가보고 싶은 곳] 나는 솔로 촬영지 &amp; 여행지 ,경상북도 안동"
경상북도 안동 포토존이 예쁜 필수코스 여행지 추천... 
찾아 떠나는 경주여행지 추천! (feat. 착한여행 경상북도 경주)
12월 국내 여행지 추천 5곳
경상북도 비대면 여행지 23곳 추천 - MarcuStory
"경상북도 포항 가볼만한 곳 | 국내 바다 여행지, 해파랑길 17코스"
( 후기 ) 경상북도 포항 여행지 추천ㅣ갯마을 차차차... 
경상북도 우정여행지 추천 경주가면 꼭 가야할 곳 대릉원
울진 평해향교 고려시대 창건된 경상북도 문화재자료
경상북도 여행지 2 군위군 엄마아빠 어렸을적에
봉화수목원 ft. 봉화 가볼만한곳/경상북도수목원/가을 경북여행
북새통 경상북도 북부권 여행추억 떠올리고 밭은 럭키박스
국내 크리스마스 12월 겨울 여행지 및 야경 추천 5곳
"수학여행지 경주.. 그 두번째 이야기..., 경상북도 경주시... "
경상북도 여행지 1일차_안동
12월 아이와 가볼만한 곳 겨울 여행지 불빛 축제
매빅에어2 드론 촬영 / 국내여행지 추천 경상북도 문경새재 풍경
오늘의 힐링 줄눈여행지는  경상북도 포항시 삼구 트리니엔... 
[경상북도 여행지 추천!!]떠나요 바다로!! - 포항 호미곶
[오늘의 경상북도 여행지 추천] 포항 죽도시장을 소개합니다!!
경상북도 여행지 경주&amp;감포 추천장소
[경상북도 여행지/와인터널] 청도 와인터널 ; 감 와인 드셔... 
"꼭 먹어야 할 맛집 리스트5 - 1월 국내여행지, 경상북도여행"
[ 2023 봉화군청 서포터즈 ] 경상북도 문화재자료 제605호... 
포항 가볼만한곳 국내 1박 2일 여행지 추천 커플 데이트 코스
가을 여행지 추천 영덕 괴시리 전통마을 나들이
수험생 할인 받아 경상북도 여행가자 (경주월드 경주엑스포... 
"길, 경상북도산림환경연구원... 단풍, 11월단풍여행지"
경북 여행지 :: 경상북도 경주에 위치한 [ 화랑의 언덕 ] 가슴이... 
"안동 가족여행지 추천,경상북도청 신청사 소개"
주말 가 볼만한 곳 국내여행지 예천안동 경상북도청 경치좋은... 
[경북 여행지 추천]하얀 겨울... 알짜지식 경상북도 박물관 /김천... 
[맥스부탄 일상] 가볼 만한 국내 여행지 _ 팔도유람 경상북도 편... 
경북 실내 가볼만한곳 : 경주 동궁원 식물원 국내 겨울 여행지
경상북도수목원 숲해설 전시관 포항여행지
가볼만한곳 여행 여행지 안동관광 경상북도 경상도
경상북도 문경 여행 가볼만한곳! 문경 여행지 단산모노레일... 
경상북도 가볼만한 여행지 맛집- 1편
안동 엄마랑 여행 가을여행지로 너무 좋았다! 도산서원
경상북도 상주 여행 가볼만한곳 맥문동과 하늘자전거
11월 국내 우리나라문화유산 여행지 경북 영주 가볼마한 곳... 
"경주 가을 여행지, 경주 용담정의 가을을 찾아서"
"국내 가을여행지 추천, 대구 경북 근교 포함 추석여행... "
[경북관광공사] 경북 가을관광주간 :: 10월 경상북도 가을여행... 
[11월 여행지] 11월 김천 여행지 추천!
경주 갈만한곳 씽씽 달렸던 추천 여행지 루지월드
[경상북도 안동] 1박2일 추천 여행지) 2일차 : 낙강물길공원... 
경북 여행지 추천! 경산 자인의 계정숲과 삼정지
경상북도 포항 영일대전망대 영일대해수욕장 가족 연인 관광지
[ 2023 봉화군청 서포터즈 ] 봉화 가볼 만한 곳 경상북도 제... 
무조건 후회하는 경상북도 포항 여행지 곤륜산 활공장 주차장 정보
경상북도 여행..새도 날아서... 국내여행지 문경새재... 
경상북도 봉화여행 (분천... 동심을 되찾아 줄 수 있는 여행지)
경주 여행지 추천 4곳_경상북도 경주
응답하라 경북관광! 경상북도 여행지 추천 이벤트 당첨자 발표
영화 리틀포레스트 혜원이네집 / 경상북도 군위 감성 여행지 추천
7월 경상북도 여행지 추천!
경상북도 여행 &quot;문경새재&quot; 초록낭낭한 힐링 여행지
경주 삼릉숲 산책로 아름다운 소나무 숲 걷기 좋은 경주 여행지
반려동물 테마파크 여행지 추천 BEST 6
"(안동시 추천 여행지)경상북도독립운동기념관, 무조건... "
[경상북도 경주시] 불국사 : 수학여행지 다시 오기
성주 풀빌라 펜션 수앤수펜션 경상북도 여행
경상북도 북부권 가볼만한 곳... 특산물 여행지 / 북새통... 
찍어도 인생 샷 건지는 가을 여행지 / 경상북도 영양군의 밤하늘
경상북도 계절별 추천 여행지 &lt;여름&gt;
"경주 여행지, 경주 단풍 명소 모음(경북천년숲정원... "
"경상북도관광지 / 걷기 좋은 길, 김천 부항댐 출렁다리, 백종원... "
나각산 투어 포스팅 GCTO 여행지에 소개 + 2022년 경상북도 축제
경상북도 포항시 명소 / 포항 호미곶 / 사진명소 / 여행지
"경주여행지추천, 경상북도산림환경연구원과 천년숲정원!... "
[ 2023 봉화군청 서포터즈 ] 경상북도 유형문화재로 지정된... 
경상북도 힐링여행지 무섬마을을 소개합니다
100선에 소개된 경상북도 가볼만한곳-경북여행추천
경상북도 안동 여행 가볼만한곳 볼거리 미스터션샤인 촬영지... 
"[테마여행] 테마여행코스, 경상북도여행지~ 멋지게 여행을... "
[경상북도 경주] 1박2일 추천여행지 1일차) KTX타고경주... 
[부모님 여행지 추천] 경상북도 문경 - 오미나라
경주여행지추천 [루지월드]야경이 멋진 나들이 코스
경상북도 강구 : 시골내음이 물씬 풍기는 힐링 여행지... 
경상북도 비대면(언택트) 여행지 ep.3
경북 여행 우리나라여행지 추천!
[경상북도 경주] 1박 2일 추천여행지 2일차) (2) 월정교... 
경상북도 계절별 추천여행지 &lt;겨울&gt;
"경상북도 가볼만한곳 포항 여행지, 미래투어!"
포항여행 포항여행지추천 늦여름에 다녀왔던 경상북도수목원
경상북도 가볼만한곳 울진 후포항 해변 해파랑길
"비오는 날 여행지, 트래킹 여행지 [경상북도 경주시] - 14.08.18"
경상북도 안동 가을여행지로 추천! (만휴정/안동찜닭골목... 
[경상북도 문경] 문경 오미자 테마터널 관람 후기
경상북도 안동 여행가이드북 요약정리 - 관광지/입장권/여행지... 
여행지 포항가볼만한곳 포항수목원 포항나들이장소 경상북도수... 
예천 가을여행지 추천 삼강 낭만나들이 문화단지
경상북도 여행지
포항 가을 여행지 경상북도수목원에서 가을을 느끼다.
경주 가을 여행지 경북산림환경연구원 경주 천년숲정원
스마트관광도시 경주 여행지 궁금하다면? 여행 숙박 앱 경주로ON
[경상북도문화공사 추천 봄 여행지 경북 23선 / 경상북도 봄... 
"힐링 여행지 /  경상북도 문경, 문경새재도립공원_문경새재... "
경상북도 계절별 추천여행지 &lt;가을&gt;
소박하고 고즈넉한 경상북도... 예천 여행지 관광지 / 차 타고... 
경상북도 청도 에 가시면 보실수있는 우리의 문화재와 여행지... 
[겨울 여행지 추천]경상북도 상주시 경천섬공원 눈썰매장... 
[경상북도/경주 2박3일] #2... 추천여행지 / 우정여행
10월 여행지 추천 경주 핑크뮬리 첨성대 주차장 정보
경상북도 최동단에 있는 섬 울릉읍 독도리
"핑크뮬리 인생샷 남기러 가자, 경주 가을 꽃구경 여행지 추천"
[경상북도여행] 경주 양동마을/외국인경주여행지... 
"경상북도 영주 여행 : 부석사, 소수서원 등 KTX 타고 당일치기"
국내 가을여행지 10월 안동 하회마을 공연 개미취 꽃 가득
즐길거리 너무 많은 국내여행지 추천 ! 경상북도 고령 1박 2일... 
죽변숙소 : 죽변여행지 울진 감성숙소 독채 한옥펜션 추천
경주 여행지 추천 힐링되는 아이와 가볼만한곳 루지월드
국내 10월 가을 여행지 추천 2탄 경상북도편
"경상도 가을 낭만여행지 추천(하동 코스모스 메밀꽃 구경, 안동... "
구미 여름 여행지 추천 박정희대통령 생가
[경주여행지 추천/인생샷✨경상북도 산림환경연구원]
"영덕 여행지, 역사를 가진 장육사 대웅전"
경상북도 영주시 부석면 탐방 (초가을 추천 여행지)... 
경상북도 계절별 추천여행지 &lt;봄&gt;
킹정 경주갈만한곳 여행지추천 루지
청송 얼음골(주차) 겨울 경상북도 청송 여행지.
"[경상도 여행]2박3일코스,경상북도 여행지 추천,울진여행... "
경상북도여행코스... 포항호미곶 국내여행지추천
"사태: 경상북도 5인 이상 집합 금지 해제, 주말 여행지... "
여행지추천 [루지월드] 가을 풍경 가득했던 보문단지여행지추... 
"포항 경상북도수목원, 5월 여행지로 딱이로고!"
키즈 겨울눈썰매를 함께할 수 있는 국내겨울여행지추천
외국 같은 국내 여행지 추천 - 경상북도 가볼만한 곳
1박 2일 여행 [ 영일대 해수욕장 ] [ 먹거리 ] [ 경상북도 여행지 ]
대한민국 코리아 한국 꼭 가봐야 할 곳 추천 여행지 경상북도... 
♬ 흔하지 않은 국내 여행지 추천! : 경상북도 울진군... 
[ 2023 봉화군청 서포터즈 ] 경상북도 문화재자료 제151호... 
[청도여행] 경상북도 청도... 가는길 /추천여행지/운문사... 
"경북여행지, 경상북도여행지, 꽃길 산책, 국내여행지추천"
[경상북도]경상북도 여름여행지::포항국제불빛축제::한여름... 
"경북 여행지, 고즈넉한 휴식을 취하며 거닐기 좋은 칠곡 동산재"
로망샤방군의 추억의여행지 [5년 전 오늘] 경상북도 의성군... 
익스피디아 할인코드 2023년 10월 가을 국내 여행지 추천
"경상북도 테마별 여행, 경북관광 지도 모두 모아, 추천 코스"
"경상북도 포항여행지 추천5곳 |호미곶, 해안둘레길, 스페이스... "
2023 경상북도 여행 4일차 | 포항 대현 물회맛집 현지인 추천... 
문경 봉천사 개미취 축제가 열리는 가을 여행지
아이랑 주말여행 / 추천여행지 / 경상북도 아이랑 가볼만한 곳.
"[경상북도 경주] 1박 2일 추천여행지 3일차) 불국동김밥, 불국사... "
언택트 여행지로 급 부상 중인 블루로드를 품은 도시 [경상북도... 
경상북도 예천 두근두근 예천여행 예천의 여행지 2탄!
경상북도인기여행지 추천해요!
2023년 11월 축제 38곳 전국 모음10월 축제196곳 여행지... 
[경상북도 안심여행지 50곳]
휴식하기 좋은 주말 여행지! 예천 회룡포전망대와 뿅뿅다리
"펫팸족을 위한 추천 여행지(의성 펫월드, 울산 애니언파크, 오산... "
영덕풍력발전단지 (경상북도 여행지)
9월 경주 가볼만한곳 핑크뮬리 개화시기 가을여행지 추천
힐링을 원한다면 떠나자 11월 국내 여행지 5곳!
"[경상북도문화관광공사] 여행 협업_언택트 겨울 여행지, 눈꽃... "
"자전거 타고 떠나는 경주 자연 여행지, 경북천년숲정원 &amp; 서출지!"
[경상북도 청도] 여행지 ~ 핫한 와인터널에 가다.
경상북도 가볼만한곳 울진 봉화 1박2일 로망스투어
울릉도 봉래폭포 걷기 좋은 힐링 여행지
국내 겨울 여행지 추천 가볼만한곳 놀거리 경북 청송 얼음골 축제
[경상북도-울진군] 겨울추천여행지 - 오감충전 울진여행... 
&quot; 한국 사람들이 11월에 여행지로 많이 찾는 경상북도 청도군... 
[영덕 해파랑길#3] 따로 여행지... 이야기 - 경상북도 영덕... 
여행지 추천 | 경상북도 안동시 상아동 “낙강물길공원”... 
"경상도 가을 가볼만한곳, 합천 해인사 · 고령 개실마을 여행지... "
"낮에 보아도, 밤에 보아도, 아름다운 인생여행지 ! [경상북도... "
"겨울 추천 여행지, 국내 겨울 여행지,경상북도 봉화군 분천면... "
"무더운 여름을 피할 수 있는 울릉도 실내 여행지, 독도박물관"
국내 겨울 여행지 추천 : 북유럽 사우나 / 강원도 영월 3천평... 
피톤치드 가득한 경북 여행지 경산 반곡지
[경상북도 경주] 1박 2일 추천여행지 2일차) (1) 호텔라쿠스... 
경주 여행지 경북산림환경연구원 수목원 /경북천년숲정원 경주... 
[ 2023 봉화군청 서포터즈 ] 2023년 하반기 경상북도... 
황악산 직지사 꽃무릇 사명대사공원 경상도 여행지 추천
"경주 루지 월드, 안전하고 즐거운 경주 당일치기 여행지로 추천!... "
"국내가을여행지 추천 경상북도 문경여행,경북 가을축제 9월... "
생생정보 여름 속 겨울 여행지 경상북도 의성군
국내 여행지 추천 경북 문경 사찰 여행 운달산 김룡사
[경상북도 풀빌라 독채숙소] 청도더포레풀빌라|청도여행... 
[경상북도여행지]영주무섬마을
[경상북도 경주]뚜벅이도 여행하기 좋은 초록빛 경주 여행지 추천
조용한 나만의 여행지. 여행 아지트. 성주 도천서원 도남재.... 
경상북도 여행지 3일차_대구
경상북도 여행지 2일차_경주
경상북도 한적한 여행지 이곳으로!
"경주 가을 여행지 총정리 : 10월,11월 경주 추천 여행지... "
가볼 만한 곳 TOP6 - 제73주년 인천상륙작전 국내 여행지 추천
경상도 여행지 추천 경북 경주 가볼만한곳 드라이브 갈만한곳... 
문경 가족여행지 추천 옛길박물관
6월 경주 가볼만한곳 여행지 경주 1박 2일 드라이브 코스
[경상북도 안동 여행] 안동... 겨울 여행지 “암산유원지”_22.... 
"[가을여행지추천] 경상북도 문경새재, 한국인이 꼭 가봐야 할... "
[국내 여행 정보] 추석 연휴에 가기 좋은 국내 여행지 BEST 5... 
꽃향기에 푹 빠져보는 경북 5월 꽃놀이 여행지 영천 작약꽃축제
4월 국내여행지 추천 봄에 가볼만한 관광지
경상북도 안동여행 안동구시장 구경
올 가을 여행지 고민이라면? 경북에서 반값으로 즐겨요!
더위를 피할 수 있는 경주 여행지 솔거미술관!
경상북도 영주여행 (영주... 세계유산이며 영주의 대표 여행지)
몸소 방문해본 후에 올려드리는 경상북도 여행 방문 리뷰.
[봉화숙소] 마녀의하루 후기 (feat. 경상북도 여행)
국내 여행 가볼만한곳 전국 가족 여행지 추천 베스트 10
경상북도 가볼만한곳 육지 속 섬마을 회룡포전망대
"벚꽃 연화지, 부항댐 여행지 등 경북 김천 가볼만한 곳 추천!"
▶ 경상북도 문경시 볼거리와여행지추천!
2023 고령 대가야축제 기본정보 셔틀버스 초대가수 경상북도... 
수 있는 아름다운 인생여행지 ! [경상북도 경주시 경주여행] ②
국내 여행지 꿀팁 (경상북도 경주)
경상북도 가볼만한곳 : 김천 직지사 꽃무릇 단풍나무길
영주 가볼만한곳 &lt;소수서원&gt; 유네스코 여행지 추천
울진여행/ &quot;경상북도 민물고기... 관광 여행지 가볼만한 곳 추천... 
어부바가 알려주는 가을 대표 여행지 추천
"[경상북도 문경] 문경 가볼만한 곳, 문경새재옛길박물관... "
"삼강주막.. ( 경상북도-예천 가볼만한곳 추천, 가족여행지 )"
"경북 군위 가볼만한 곳/여행지 : 삼국유사의 고장 :인각사, 군위... "
포항 여행 가볼만한곳 : 경상북도 수목원 내연산 관광지
경상북도 꼭 가야할 명소 여행지 양남 주상절리
"상주 갈만한곳, 상주 5월 여행지 장미가 활짝 만개한... "
경상북도 김천여행지
가을 국내 여행지 추천 칠곡 국제트랜스미디어 축제 주말... 
국내 여행지 추천 포항 가볼만한 곳_포항 경상북도 수목원과... 
시원한 경북 여름 여행지 문경 오미자테마터널
영월 가을 여행지 가볼만한 곳 주천 섶다리가 돌아왔어요!
[경상북도] 구미 여행지 추천 “학서지 / 구미에코랜드”
포항 경상북도수목원 단풍현황 및 방문 후기
아이들 체험학습 여행지 성주 성산동 고분군 전시관
포항여행 - 경상북도 수목원 (포항 관광지 추천)
"종교를 한눈에 볼 수 있는 여행지, 화성공원"
울진 등기산공원 해외여행 부럽지 않은 국내여행지
9월 10월 가볼만한곳 7곳 국내 여행지 추천 가을 여행
경주 가을여행지 추천:: 경상북도산림환경연구원
경상북도 축제와 함께하는 여행지 알아볼까요?
국내 여행지 추천 경북 문경 가볼만한곳 3곳 고모산성에 올라... 
로망샤방군의 추억의여행지 [5년 전 오늘] 경상북도 의성군... 
"[경상도여행] 포항 가을단풍여행지. 덕동문화마을, 선류산장... "
장마철 아이와 함께 가기 좋은 실내 여행지 경산 실내동물원
경상북도 여행 날 잡고 찾아가본 뒤에 느낀 점들
경상도 여행지 추천 남해 독일마을 미국마을 외국감성... 
경상북도 역사여행 봉서리 삼층석탑 웅장함
1박2일 국내 여행지[경상북도 청송&amp;안동]- 가족여행/맛집/경북... 
경상도 여행 합천 가야산 소리길 고령 국내 1박2일 여행지 추천
경주 가볼만한곳 경북 여행지 추천 경주 1박2일 여행코스... 
경상북도 문경 가볼만한곳 - 관광/카페/액티비티/야경
[경상북도/경주시] 경주 당일치기 여행(신라밀레니엄파크... 
"경상도 국내 여행지 추천 : 영양 두들마을, 장계향문화체험교육원"
[경상북도 문경] 맛있는 사과를 추천한 백설공주가 찾은 여행지... 
"경주 야경 여행지 동궁과 월지(안압지) 입장료, 주차장, 시간 안내"
[경상북도 울진 여행지 추천] 한국관광공사 추천 가볼만한 온천... 
"추운 겨울, 따듯한 온천에서의 힐링여행, 국내 온천 여행지 추천"
문경여행 11월 가을 여행지 천연기념물 탱자나무... 
[경상도여행지추천/안동맛집] #1. 안동여행 - 경상북도 안동... 
경상북도 포항 여행지 가볼만한곳 &quot; 이가리닻전망대 &quot;
대구 단풍 야경 산책로 나들이 여행지 경상감영공원
경북 문경 가볼만한곳 1박2일 6월 국내여행지추천
경북 여행지 예천 관광명소 추천 선몽대
국내 여름 여행지 추천 울릉도 스노쿨링 명소 &amp; 스쿠버다이빙
"포항여행지, 경상북도수목원"
경상북도 포항 여행지 가볼만한곳 &quot; 구룡포일본인가옥거리... 
[경상북도 청도] 경북 청도군 '와인터널' 청도관광/청도여행지... 
여행지 추천 | 경상북도 경산시 - 삼남동 “월든”... 
경상북도 영주시 ‘서늘기문화’ 한옥채험 여행지로 강추!!
배틀트립2   지상렬&amp;KCM_경상북도 문경 온천 &quot;이번에 음식보다... 
경상북도 1박 2일 여행지 추천 대구로 떠나는 낭만여행
1박 2일 시즌4 200회 경상북도 예천 가볼만한 곳 단풍 여행... 
국내 여행지 추천 &lt; 피톤치드 제대로 흡입하고온 경상북도 합천... 
삼척 인기 가족여행지 초곡 용굴 촛대바위 길 | 삼척 가볼만한곳
"친구와 함께 다니는 경상북도 영주 1박 2일 코스 (맛집, 여행지... "
한국관광100선 따라 떠나는 경북 여행지!
포항12경도장깨기 경북가을여행지 경상북도수목원 여기 좋네~
2009년 첫 여행지 경상북도 문경!
[국내여행] 경상북도 청도... 근교 여행지 | 청도 군파크루지... 
[경상북도 포항] 아름다운... 준비된 힐링 여행지! 포항 비취원 펜션
숲길 &amp; 숲 체험 프로그램이 있는 경주 경상북도 산림환경연구원
국내여행지추천은 에이든여행지도에게 맡겨주세요
경상북도 가볼만한 곳 '독락당' 부산 근교 단풍놀이 여행지... 
"지례예술촌 @ 경상북도 안동... 인생숙소, 겨울 여행지"
"역사와 현재가 함께하는 여행지, 자인계정숲과 제석사"
경주 조용한 여행지 무열왕릉과 서악마을
[성주 성밖숲][맥문동]성주 여행지 추천합니다.
조문국경덕왕릉 경상북도 의성군 금성면 대리리... 
고령 겨울 실내 여행지 : 대가야박물관
여행지 추천 경상북도 영주의 부석사
포항 호미곶 해맞이광장 포항 1박 2일 볼거리 여행지
겨울에 꼭 가야할 베스트 국내여행지 강추!
"떠나요~ 가을여행지 추천 해드립니다@! - 충청, 경상, 전라권"
"여행지 추천(경상북도,여행... 가볼만한,갈만한곳,문경,경상도)"
청도 신화랑풍류마을 실내여행지 추천 재미있는 국궁체험까지!
경북 문경 가볼만한곳 문경에코월드 외 4곳 1박 2일 여행지
월영교 문보트 황포돛배 이용료 시간 비오는날 딱 맞는 여행지
경상북도 문경여행... 2박3일 4만보 이상 걸은 경상도 여름... 
9월 국내여행지 경주 가볼만한곳 경주국립공원 배동 삼릉... 
"경상도 가을 여행꿀팁 : 9월, 10월 경상도 추천여행지... "
카앤조이와 함께하는 여행지추천 - 경상북도편
포항 가을 여행지 죽장면 경상북도 수목원에 가다
"여행지, 추석 여행지, 대릉원 입장료 [경상북도 경주시] - 14.08.18"
[청도여행]경상북도 청도... 청도맛집/추천여행지/여름휴가특집
포항 갈만한곳 포항 환호공원 스페이스워크 포항 여행지 볼거리
피톤치드 가득한 경주 봄 여행지 #연지못
주왕산 단풍모습과 주산지 안개/청송 주왕산/주산지/가을여행지
2019가을캠핑 시작 경상북도 영주 2박3일 여행지 추천 요약
"[경상북도 여행] 안동 영주... 가볼만한곳, 경상도 여행지, 국내... "
어부바가 알려주는 겨울 여행지 추천
포항경주 2박3일 국내 7월 가족여행지 - 우리나라문화유산 경주... 
"[국내여행] 조용한 여행지 찾으신다면, 경상북도 군위로 떠나세요!"
"K-관광, 5월 추천 여행지"
가족과 함께하는 여름방학 추천 여행지 및 체험 프로그램
"여행지추천,합천가볼만한곳,합천여행,6월여행지"
"경주의 숨은 여행지, 경주 감산사로 떠나는 사찰여행"
또는 1박2일 코스 경북나들이 가볼만한 경상북도 퐝퐝 여행
의성 가볼만한곳 당일 여행코스 및 고운사 포함 여행지 추천
경북 여행지 추천 Best 6
국내여행지추천 편하게 에이든여행지도 한국관광공사100선... 
만추를 만끽하는 늦가을 여행지 추천!
"경산 가을 여행지, 임당동 고분군으로 떠나요"
산성마을 한복체험 시티투어버스 뚜벅이 여행지 추천
경상북도 문화재여행 용궁향교 선비들의 놀이터
"국내여행지 경북 칠곡 가볼만한곳, 제1회 칠곡... "
포항 1박2일 여행지 추천 4곳_경상북도 포항
[포항]경상북도수목원/ 코로나시대에 안전한 힐링여행지... 
"안동 가족 여행지 추천, 낙동강생태학습관"
영천 생태지구공원 봄꽃들이 활짝! 경북 애견동반 여행지 추천
국내축제 가볼만한곳 칠곡 국제트랜스미디어 축제 경북 여행지
경주 여행지 아이와 함께 불국사 여행
경상북도계곡/경상북도여행/국내여행/국내여행지추천/계곡추천... 
안동 대표 여행지 월영교 주차정보 및 월영교 야경
"경상북도, 대구 근교 애견동반 여행지 추천 1 포항, 부산,경주"
[경북 봄 여행지] 경상북도 경주로 떠나는 벚꽃여행
국내 여행지 추천 베스트10 설악산 권금성 경주 불국사 남해... 
국내여행지 경주 불국사 다보탑 석가탑 단풍여행
2021.10.23. 대한민국 경상북도 군위군 - 군위공용버스터미널
[경상북도 문경] 금주 강추 여행지
2023 경상북도 여행 1일차 | 경북 봉화 산촌식당 춘양빵집... 
경상북도에서 즐기는 온천과 자연의 여행
안동 가볼만한곳 고산정 I 미스터션샤인 촬영지 I 경북여행지... 
차분한 시간 속 가을 여행지를 찾아서
가족과 함께하는 가을 여행지 추천! 영천 한의마을
경북 영덕 가볼만한곳 여름 국내 여행지 동해안 7번 국도 여행
[경상북도 청송] 청송의 문화재와 자연 그리고 시간이라는... 
여행 / 경상북도 울진 / 동해바다 / 경상도 여행지 추천... 
"고운사 은행나무 길, 제오리 공룡발자국 경상도 여행지 추천"
"경상북도 안동여행코스, 만휴정-&gt; 월영교(야경)-&gt; 안동하회마을"
경상북도 경주시│히어로플레이파크 경주점 아이가 좋아해... 
"생가 (경상북도 안동... 15 광복절에 가볼만한곳, 안동 여행지... "
경상북도여행! 바다 보러간 울진 성류굴 망양정 후포등기산... 
국내여행지베스트10 흑석사에서 만나는 국보와 보물 문화재
경주 실내 여행지... 김동리 시인 박목월 중학생 추천 여행지
[경북/포항]경상북도교육청과학원 포항 과학원 포항 과학관... 
청도 가족여행지 추천 새마을운동발상지기념공원
[ 국내 힐링 여행지 ] 경상북도 영주 추천 관광지 TOP5
단풍 당일치기 여행지로 좋은 안동 가볼 만한 곳 만휴정
경상북도 문경시 친환경 농산물 로컬푸드
경상북도의 안동댐마을에서 시원한 농사체험 여름여행지로... 
포항 가볼만한곳 핫플 포항 여행지 환호공원 포항... 
울진실내여행지추천_ 민물고기생태체험관 아이도 어른도 다... 
"의성 빙계계곡, 여름에도 얼음이 어는 경북의 여름 여행지"
"경주 여행지, 우리나라 유네스코 세계유산 [경상북도 경주시]... "
[8월 여행지] 8월 영주 여행지 추천!
[경상북도 경주] 경주여행지 세계문화유산 석굴암 #내맘속에 저장
[가볼만한 곳] 경상북도 여행지 - 군위 삼존석굴
국내 추천 여행지 경상북도 '문경' 에서 가볼만한곳 (맛집... 
[경북 여행] 울진 겨울 여행지 / 가볼만한 곳 추천 성류굴... 
주말 여행지 가볼만한곳 문경 점촌점빵길 중앙시장 토요장 나들이
경상북도 가볼만한곳으로 영주에서 만나는 필수 여행코스
뚜벅이 여행자를 위한 여행 에디터의 추천여행지 BEST5
경북의 유명한 벚꽃여행지 : 김천 연화지의 낮 풍경
[국내 여행지 추천] 한국 관광 100선 - 대구 편
[영천여행] 11월 영천 테마 여행지 추천
"[경상북도/성주] 성주군 여행지 : 성밖숲, 새불고기식당, 한개마을"
경주 힐튼호텔 디럭스 트윈 할인 및 이용 후기 (2022 경상북도... 
[여행 - 경상북도가볼만한곳3] 영주무섬마을
여행지 BEST30 #놀자 #캠핑 #글램핑#관광지BEST30#경상북도... 
전통 한옥 시간여행 영주 선비촌[경상북도여행]
"2023 단풍절정시기와 국내 단풍명소, 가을여행지 추천해요"
경북 가볼만한곳 데이트코스로 좋은 경상북도 관광지... 
충청도 국립세종수목원 여행 세종 가볼만한곳 겨울 실내 여행지... 
곳 :경상북도 산림 환경 연구원 외나무 다리 필수 사진 여행지... 
고령 가족 여행지 추천! 다양한 체험행사가 있는 우륵박물관
경북 군위 당일치기 하기 좋은 군위 화본역과 주변 여행지
"청송 힐링여행지, 산소카페 청송정원"
&lt;경상북도 수목원&gt; '농익은 가을을 만나다'
11월 축제 여행지 전국 일정 정보 모음
"영덕 숨은 여행지, 노물리벽화마을 한 바퀴"
[겨울 여행지 추천] 겨울에 꼭 가봐야 할 여행지 추천~!~!
2023 경상북도 여행 3일차 | 경주 첨성대 대릉원 황리단길... 
[경상북도 봉화여행] 삼림욕으로 피톤치드! 봉화 나들이
"뚜벅이도 가능한, 시원한 경주 야경 여행지"
"찜닭골목, 경상북도 독립운동기념관, 권정생 동화나라, 임하호... "
경상북도 영천 여행 ‘영천한의마을‘ 족욕체험 좋아요
"강원도 여행지 추천, 경상북도 울진 덕구온천 프라이빗 스파룸... "
경상북도 영양군 여행 영양군문화체육시설 푸른쉼터
결혼기념일 여행지 영덕 벌영리 메타세콰이어 숲 산림욕
포항 하옥계곡 차박 영덕 옥계계곡 오지 국내 1박2일 여행지
"경주 여행...(경북 천년숲정원, 경주 메타세콰이어숲, 경상북도... "
경주 단체여행지 추천 슝~ 달렸던 루지월드
영덕 벌영리 메타세콰이어길 숲 산책하고 싶은 힐링 여행지
"경주 단풍 명소 2023년 실시간 상황, 가을 여행지 가볼만한곳... "
2023 경상북도 여행 2일차 | 경북 봉화 카페 비진숲커피... 
문경 여행지 추천 4곳_경상북도 문경시 문경새재 외의 새로운... 
어디에 숨었니 보석같은 여행지 경상북도 문경(문경새재)
"예쁜 여행지 드라이브 데이트 코스 갈만한곳 ( 주차, 입장료... "
청도여행 첫 여행지는 청도 박물관으로 오세요
한밤마을 돌담길 남천고택 대율리 대청 반려견 동반 여행지 추천
"경상북도 안동, 당일 여행지로 급부상"
"자연과 함께하는 가족 여행지 추천, 구미 에코랜드"
국내 겨울 여행지 추천 영덕 해맞이공원 영덕풍력발전소 바다여행
"여름꽃, 경북여행지, 경상북도여행지, 국내여행지추천, 여름여행"
문경새재 경상북도 여행지
문경새재 도립공원 산책하기 좋은  여행지
[경상] 여행지&amp;먹거리 :: curation by zrungee
국내 1월과 2월 여행지 추천 장소로 구미 금오산도립공원 탐방
성주 참외를 알 수 있는 체험학습 여행지 성주 참외랑 아이랑
봉화여행지 추천! ▶청량산... V-train◀ 경상북도 가볼만한곳... 
"경상북도 가을 가볼만한 곳, 숙박대전 얼마까지 할인받을 수... "
[경상북도 영덕군] 숙소 바로 앞에 오션뷰가 펼쳐져 있는 풀빌라... 
"[경상북도] 1주년 여행 3일차 - 포항,영덕 (Feat. 경주연꽃단지... "
경주 여행지 태종 무열왕릉에서 만나는 김춘추 이야기와 주차... 
영주 레트로 여행지 &quot;관사골&quot; 로 놀러오이소~!
4월 국내여행지 추천 안동하회마을 힐링그자체
경상북도 안동시 힐링여행지 겨울온천탐방:[도산온천]
[청도여행]경상북도 청도... 와인터널/추천여행지/청도와인터널... 
경상북도 여행 감성숙소: 자연 속 힐링공간 영주네 별장
안동 여행지 추천ㅣ안동 구시장 찜닭골목 안동우정찜닭... 
안동 만휴정. 경상북도 안동 여행지 추천. 미스터션샤인 촬영지.
한국의 아름다운 여행지 무섬마을 가는 길 만나는 사느레 정원... 
경상북도 영덕 가볼만한곳 해파랑길 영덕 블루로드
[여기어때] 경상북도 숙박페스타 선착순 3만원 할인 프로모션
"관련 여행지를 찾는다면!! 방문해야 하는 곳! 임청각, 경상북도... "
계곡과 청량한 약수가 있는 봉화 힐링여행지 &lt;오전약수탕&gt;
첨성대와 동궁과 월지 야경이 멋진 경주 여행지. (주차 및 이용 팁)
경주 여행지 선덕여왕릉 솔숲따라 경주 산책로
포항 곤륜산 여름 여행지로 추천해요
경상도 여행지 추천 경북 문경 여행 옛길박물관
"[영해여행]경상북도영덕군 병곡면,청춘여행,바다여행지"
"안동 도산서원 가는길 숨은 단풍 여행지 추천, 경상북도산림과... "
경주 가볼만한곳 불국사 경주 단풍 명소 가을 여행지
문경 실내여행지 추천 도자기박물관
경북 당일치기 여름 여행지 추천 [영주 무섬마을]
"가족여행지, 포항 환호공원 ( 해변 드라이브 가능 + 동물도 볼 수... "
"문화재 누림 가족 수학여행지 32선-경상북도 안동,영주,경주,문경"
경주 가족여행지 추천 이색적인 활동체험 루지
[경상도 여행지 추천] 경상북도 영주시 &quot;선비촌&quot;
[국내여행지추천 국내당일치기여행] 경기도 경상남도 경상북도... 
[경상북도 군위 여행] 자연을 따라 즐기는 군위 휴양지
겨울 추천 국내여행지 가야할 곳 best 3
경상도 가볼만한곳 고령 여행지 추천 가얏고마을 가야금 체험
공원 | 경상도에서 가장... 아래 캠핑하기 좋은 대구 근교 여행지
경상도 여행지 추천 의성 가볼만한곳 의성 조문국 사적지 박물관
경상북도 안동 여행지소개~~
포항 스페이스워크 시간 주차 명소 여행지 스카이워크
"경북 11월 여행지 예천 회룡포와 뿅뿅다리, 장안사"
네이버를 통해서 경상북도 여행상품 결제시 최대 20% 네이버... 
경북 김천 가볼만한곳 1박2일 벚꽃 봄여행지 연화지... 
[경상북도/문경시/산양면] 산양정행소 / 문경카페... 
"경상북도 경주 한옥 독채 자쿠지 숙소, 경주 독채 펜션 추천... "
[블로그씨] 저의 가장 특별한 국내 여행지는 독도입니다... 
아이들이 더 좋아 하는 여행지(naver.com). 경상북도 포항시.
경상북도 겨울 여행지 추천! 청송 얼음골에서 인생 사진 남겨... 
귀염뽕짝 원정대 12회 경상북도편 촬영지 도정서원 한옥스테이
가을 여행지 추천리스트!... 국내가을여행지 #국내선
추석 온 가족 함께 가기 좋은 여행지 영천댐 망향공원 전시관
"국내여행지추천 낮,밤 언제나가도 좋은 안동 월영교"
"이시명 선생, 장계향 음식디미방 - 경상북도 강력 추천 여행지"
경상북도 영천을 찾아가자
[경북기차여행] 코레일 행복의 시작 경상북도! 경북 여행경비... 
겨울 국내여행지 추천 청송 얼음골 (읏추)
겨울철 여행지 소개하기
"가을여행지 추천 : 소백산 자락 ‘선비의 고장’, 경상북도 영주"
경주 추천 여행지 힙!했던 루지월드
경상북도 유형문화재 제211호 풍기향교로 떠나는 봄 문화 여행
국내 1박 2일 여행 여름 여행지 대구 경북 김천 가볼만한곳... 
1662. 2022.1.23. 대한민국 경상북도 의성군 - 의성역 [1]
과거길/경상북도 가볼만한 곳/꼭 가봐야할 한국 여행지]
경상도 울진 여행지 추천 울진 죽변항 바다 구경과 시장 투어
월영교 경상북도 안동시 야경산책 장소
국내 여행지 가족여행 볼거리 추천 축제·페스티벌 경상북도... 
다녀오다 :1박2일촬영지:여행지추천:경상북도여행:청도... 
[국내 여행지추천] 경상북도 안동 하회마을
국내 1박2일 여행지 경북 김천 가볼만한곳 직지사... 
2023 벚꽃 개화시기 벚꽃 여행 명소 국내 봄 여행지 경주... 
안동 도산서원 시사단 통행 가능한 시기 봄철 여행지
많은 이들이 알지 못 하고 있는 경상북도 가볼 만한 곳에 관한... 
취향 따라 떠나는  2019 경상북도 가을여행주간
경상북도 가볼만한곳 - 영덕 1박 2일 여행코스
"정해인 편(프로필, 작품), 여행지는 경상북도 영주 한옥 위치"
펫밀리데이~반려동물 동반 여행지 추천
가을여행지 문경 봉천사 개미취 축제
[경상북도 포항 꽃 나들이 / 경상북도 포항 겨울에가기좋은 곳]... 
국내 인기 여행지 순위 1위~3위까지!
경상북도 경주 황리단길 한옥 카페 오브스토리지
트레킹코스 - 월악산 하늘재 '아이들과 함께'가족여행지 추천
[경주/경주여행지추천... 좋은 산책코스~ 경상북도&quot;산림환경연구원&quot;
크리스마스 여행지 추천! 경북 청도프로방스 빛축제
구미 실내 여행지 추천! 새마을운동테마공원 전시관
[경상북도여행지] 구미-명품공원 금오지와 비산동 양지공원
1656. 2021.10.23. 대한민국 경상북도 군위군 - 군위향교 [1]
[경상북도블로그이벤트]10월의 어느 멋진날에~ 경북 가을 여행... 
경주 가을 여행지：알록달록 가을 빛으로 물든 '첨성대：... 
8월 국내 여행지 영주 무섬마을 만죽재 고택 숙박체험도 가능!
경주엑스포대공원 경주타워 전망대 입장료 카페 여행지
경북 여행지 : 선산 지역의 가장 오래된 절 구미 수다사
"추석 여행지 세계유산 소수서원, 소수박물관 여행 하세요~"
[국내여행지 추천] 경상북도 포항시 가볼만한 곳! 포항 대표... 
안동여행코스 여행지 - 100곳
조선 숙종때의 석축 산성. 여행지에서 얻은 하나의 깨달음의 장소
경상북도 가볼만한 곳
2018년 경상북도 SNS 기자단 팸투어 :: 싱그러운 봄날... 
아이들과 가볼 만한 경상북도 수목원
경북 포항 가볼만한곳 포항 절 보경사 국내 조용한 여행지
경북 안동 가볼만한곳 안동 여행 코스 여행지 먹거리
국내 경북 청도 1박 2일 여행지 추천
경상북도 가볼만한곳 '울진 현내항에서의 추억'
외국보다 더 멋진 여행지 경북 문경새재도립공원
경북봐야지 가보고 싶은 경북북부권 여행지는?
국내에도 있을까? 외신도 주목한 2022년 가장 기대되는 여행지 7
죽기 전에 꼭 가봐야 할 국내 여행지 십승지 마을 풍기 금계동
[경상북도 영덕군] 숙소 앞은 바다! 숙소는 풀빌라! 수영장과... 
추천해드리는 여행지! 드넓고 공기좋은 경상북도 경주! 그리고... 
영주 비대면 여행지 추천 독립운동의 성지 풍기... 
[ 국내 힐링 여행지 ] 경상북도 영천 추천 등산 코스
[경상북도 여행지 성주 성밖숲 맥문동] 보라빛 여름향기... 
포항온천과 함께 포항 가볼만한곳으로 호미곶과 경상북도수목... 
경상북도 군위 가볼 만한 곳 삼국유사 테마파크!
[봄 여행지 추천] 국립청도숲체원 방문자센터 1층... 
[ 경주가볼만한곳 ] 국내여행지 경주 월정교 산책
가을에 떠나고 싶은 여행지 경북청도 레일바이크
경상북도 김천가볼만한곳 :: 맛보고 즐기는 김천자두포도축제
"성주 가볼만한곳, 성주여행지 추천! 성주역사테마공원^^"
고령 가을여행지 대가야 어북실 코스모스 &amp; 핑크 뮬리 &amp; 해바라기
펜션 구공스테이 나인 실내수영장 감성숙소 가을여행지 추천
"경상북도 동해안 해파랑길, 스트레스 풀리는 야외 여행지... "
"경상북도 청도로 여행가자! (국내여행지추천, 청도 가볼만한... "
과거 속 풍경을 담은 힐링 여행지 경북 영주 무섬마을
［ 가을여행지 청도짚라인 ］경상북도 청도짚라인 프로방스... 
국내 여행지 추천 무궁화호 타고 떠나는 국내 기차여행
"경북 의성 가볼만한 곳, 언택트 여행지 금성산 고분군 완전정복!"
"가볼만한곳, 경상북도 기념물, 청도읍성 민속촌, 런닝맨 촬영지... "
[경북/구미] 가을여행지로 많이 찾는 수다사 은행나무(가족여행... 
경상북도 청송 여행지 숙소내부 및 조식(소노벨) 추천
[캐논코리아] 5월 여행지 추천! 장미축제 명소 Best5
경상북도 소도시여행 영덕 창포리 어촌마을 가족여행
올해 방문하였으나 기록하지 못한 여행지(09) 경북안동... 
경북 애견동반 여행지 폐교를 활용한 징검다리연구소
경북 언택트 여행지로 가볼만한 곳 영양 죽파리 자작나무 숲
경상도 가족 힐링여행지 코스 추천 영덕 핫플 벌영리... 
경상북도 가족여행 삼사해상공원의 평온함
대구근교가볼만한곳/경상북도여행지추천/대구월드컵경기장... 
경상북도 영덕 가볼만한 곳 옥계계곡 캠핑 야영장 (취사... 
"반려견 여행 ,  의성 펫월드 경상북도 펫데이 참여해요,"
"포항 아이와 함께 가볼 만한 곳, 숨겨진 여행지 덕동문화마을"
2021.10.2. 대한민국 경상북도 영천시 - 영천버스터미널 [1]
경북 청도 가볼만한곳 프로방스여행지 경상북도 청도여행코스
[경상도여행지추천/안동맛집]... 이야기 '경상북도 안동... 
"경상북도청 탐방, 사람중심 경북세상으로 오이소~"
[경상북도여행지] 구미 - 뜨거운 여름도 피해간 금오산야영장
우표속 그곳을 가다! &lt;경상북도 문경새재 편&gt;
겨울에 떠나기 좋은 국내 여행지 TOP5
[경상북도 문경 여행] 경북 갈만한 곳/경북여행지/ 문경 카페... 
대구꽃박람회 6월 국내 여행지로 대구 엑스코에서 만나는 봄꽃... 
국내여행지 가을여행 가볼만한곳 문경새재
2017 경상북도 SNS 기자단 해단식(포항)
경상북도 여행] 청송 봉화 3박4일 힐링여행
국내 9월 축제 여행지 추천 가볼만한곳 10 기본정보 (서울 근교... 
1664. 2022.1.23. 대한민국 경상북도 의성군 - 비봉역
경상북도 안동 당일치기 여행 / 낙강물길공원 선유줄불놀이
추석 &quot;부모님 모시고 갈래요&quot; 국내 관광 체험 여행지 BEST4 경북... 
경주야경명소 월정교 경주여행지 관람 시간 입장료 주차장 정보
가족 봄나들이 딱 좋은 고령여행지 대가야수목원
신세동벽화마을 경상북도 안동시 동문동 거리가아름다운마을
KTX 타고 떠나는 포항 당일치기 여행 - 포항 여행지 5
경북 청송 여행지 추천 /주왕산 속에 있는 대전사의 부속 암자... 
진짜 솔직한 여행후기) 경상북도 상주시
예천 겨울여행지 삼강문화단지 삼강주막
"여름 힐링 여행지, 문경 대야산 자연휴양림"
경상북도 여행지 맛집 추천! 경주 한옥마을 교리김밥
"영천 가볼만한 곳 추천여행지, 화북면 자천리 포함 관광 체험... "
3월 전국 여행지 추천 &quot;안전하고 즐거운 봄여행&quot;
"경상남도 경상북도 10월~ 11월 가을 단풍, 은행나무 명소 추천"
[경상북도/안동] 안동 임하호 캠핑 수상레저 타운 / 안동에서... 
경상북도 안동 2박3일 여행코스  가볼 만한 곳 추천  월영교... 
가을 시작 느끼며 산책하기 좋은 여행지 경주 운곡서원
"자연 속에서의 모험, 코로나19 시대의 외출 대안 여행지 소개"
"[경상북도/경주] 황리단길 한옥 감성 한식집, 청온채"
[경상북도 경주] 나 어릴적 초등학교 수학여행지 &quot;불국사&quot;
포항 여행지 연오랑세오녀테마공원 포항 해안도로 여행
경상도 여행지 추천 2박3일 겨울여행
기묘한 풍경 속 경상북도 수목원
"축제, 10월에 떠나기 좋은 경북 여행지 연보라꽃 가을 여행지"
경북 가볼만한곳 포항경주공항 이용 여행 포항 여행지 경주... 
경북 여행 정보 :: 경상북도 관광정보가 한자리에 있는... 
"우리들끼리 조용히 안전한, 경북 언택트여행지 ‘구룡포... "
[국내여행지 추천] 경상북도 안동시 여행 코스/ 안동 가볼만한... 
여름 바캉스  떠나기 좋은 경상북도 여행지 10곳
"경상북도 여행 (부석사, 울진, 영덕해변, 주산지까지)"
영덕오토캠핑장/ 경상북도교육청영덕캠핑장 /텐트캠핑... 
국내 여행지 추천 첨성대 경주 핑크뮬리 해바라기 10월 여행지
"[울진여행]불영사,울진여행,불영폭포,경상북도여행지,용추폭포"
경상북도 성주여행지♬ 성주 한개마을
경상북도 경주 추억의달동네 경주가볼만한곳 여행지추천... 
경상북도 영덕/청송 가을에 떠나는 단풍여행
"안동의 떠오르는 여행지, 만휴정"
"[문경 여행] 산책하기 좋은 국내 여행지, 문경새재도립공원"
[국내여행/울진] 경상북도 울진 현종산 풍력발전소 포토존
[국내여행지 추천] 경상북도 문경시 관광! 문경 가볼만한 곳... 
경상북도 홍보대사 황치열과 금오산 올레길 걷기 :: 구미 7월 행사
"탁 트인 경치가 아름다운 한적한 여행지, 경주 표암 일대"
가족여행 가볼 만한 곳 : 힐링 여행지 포항
TRABLOG 11월 6호 국내 가을여행지 신라 천년고도 경주여행
"경주, 안동 여행지 알아보기 여행지 추천"
[안동] 경상북도 독립운동 기념관 / 안동 여행지
"봄꽃여행, 언택트여행 :: 늦깎이 봄꽃 명소, 포항 경상북도수목원"
다녀왔어요 (feat. 경상북도문화관광공사 경북나드리 발대식)
영주의 숨은 여행지 영주 식암 황섬 신도비를 아시나요?
올해 방문하였으나 기록하지 못한 여행지(08) 경북 상주... 
성주 숨겨진 가을 여행지 낙동강변 화훼 단지로 떠나요!
"안동 경상북도 독립운동 기념관 :: 안동 여행, 안동 가볼 만한 곳"
봄 여행지 추천- 경북 청도읍성 다녀온 후기(ft. 청도읍성 밟기 )
겨울 여행지 명소로 포항 스페이스워크로 여행코스 계획해보세요
[경북가볼만한곳 경상북도 고령] 체험마을에서 추억 쌓기!
"여기어때, 경상북도와 '오선지 숙박페스타' 프로모션"
경상북도 영덕 여행지 &lt;강구항&gt;
포항 가볼만한곳 초록숲 힐링 관광지 경상북도수목원
"더위 물리치는 오싹 이색체험 여행지, 경주 구정동 방형분"
포항 스페이스워크 | 시간 소요시간 경상북도 포항 가볼만한곳... 
1663. 2022.1.23. 대한민국 경상북도 의성군 - 의성역 [2]
"칠갑산, 자연과 역사의 아름다움을 만끽할 수 있는 여행지"
'걸어서 문경 속으로' 경상북도 명예 홍보대사 안소라의 팸투어~!
경상북도 여행을 두드려보세요!! 경상북도 공식 블로그 '두드림'
"경주 단풍 맛집 도리마을 은행나무 숲길, 가을 여행지 추천"
[영양 가볼만한 곳] 국내여행지 추천! 경상북도 영양군 대표... 
"경상북도, 여행 활성화 위해... 진행 경상북도-여기어때... "
"경상북도 가볼 만한 곳, 시간내서 찾아가봤습니다."
"경상북도 경주 여행 후기 - 5월에는 경주, 경주에 가자"
[구미 가볼만한 곳] 국내여행지 추천! 경상북도 구미시 대표... 
"하회마을, 안동 여행지, 안동 여행 [경상북도 안동시] - 14.08.19"
포항 장기읍성 언택트 여행지로 추천! 바다전망 그리고 하늘과... 
"9월 국내 여행지, 축제와 페스티벌이 있는 여기 어때?"
&quot;경상북도 가볼만한 곳: 공룡 박물관&quot;
[경상북도/영덕군] 영덕풍력발전단지/영덕여행지/영덕가볼만한곳
[경북 영양]경상북도 영양군 촌캉스 힐링 여행 | 로컬 맛집... 
국내 신혼여행지로 떠오르는 신비의 섬 울릉도 유채꽃!
"우리의 추억속에 남아 있는 문화재, 경상북도 경주시, 2009년 8월"
경상북도 군위 여행지 &lt;화본역&gt;
"문경 봄여행지 , 거닐기 좋은 '문경새재도립공원&amp;오픈세트장'"
"9월 가을 국내 여행지 추천 무섬마을, 해우당, 외나무다리... "
경상북도 북부권 여행지 추천
경상북도 문화재 탐방 어데 갈까?  운강이공 전승기념비
현재 가장 핫한 여행지가 되고 있는 포항 스페이스 워크에... 
경상북도 가을여행 여긴 가야해 청송 주산지 그리고 주왕산... 
&lt;기자단/경북 여행코스추천/맛집추천&gt; 2016 경상북도 두드림... 
"상주여행, 펜션 추천, 맛집 추천 :: 매일 가는 똑같은 여행지는... "
"신라 문무왕의 수중릉 대왕암 일출,경상북도 경주시, 2009년 8월"
국내 여행지 추천 영주호 힐링 코스 전통문화체험단지
"여행지 추천: 경상북도 '청도'-유등지, 용암온천,청도프로방스 등"
경주 가을 여행지 경북천년숲정원 단풍명소 외나무다리... 
추천 여기! 신상 KTX 이음 타고 난리난 기차 여행지 톱4
"[경주시] 경상북도 산림환경연구원, 경북 천년숲정원(feat.... "
경북 가볼만한곳으로 추천하는 가족 여행지 청송
"산책, 포항 수목원, 경상북도수목원, 피톤치드, 힐링여행, 가을여행"
[경상북도/경주] 당일로 떠난 보문단지 벚꽃길 上 [2017.4.8.]
안동 필수 여행지 하회마을 구석구석 탐방하기
경상도 여행 국내 1박2일 여행지 추천 1박2일 경주&amp;포항 여행... 
[안동 시내쪽 가을여행지] 핑크뮬리가 이쁜 그라스원
경상북도 캠핑하기좋은곳 [영천댐공원/영천수변테마파크]... 
영덕 가볼만한곳 경상도 바다 여행지 추천 해안고속도로... 
[경상북도/문경] 경북 숨은 명소 | 불정터널 | 정확한 위치 안내
대구 가을 여행 코스 여행지 추천 화본역 창평지 한밤마을 신흥사
미스터션샤인 촬영장소 | 포토존 | 주차장정보 | 경북추천여행지
경상북도/ 경주/ 봄/ 여름/ 가을/ 겨울/ 여행지
[경상북도 안동] 1박2일 추천 여행지) 1일차 : 안동찜닭골목... 
축제 놀거리 9곳! 특별한 이벤트 행사(국내 추천 여행지)
[경상북도/영주] 2022 여름휴가 힐링영주여행 3편... 
"겨울 여행지, 두타(頭陀) 밸리 미로(未老)에 가다."
"영주여행, 영주걷기좋은곳, 언택트여행 :: 뚜벅이 언택트 여행지... "
경상북도 상주 매력적인 여행지를 소개합니다.
"영주 사찰여행 국보, 보물, 경북 문화재가 있는 비대면 여행지... "
"6월 여행가는 달, 국내 여행지 추천 한적한 시골 한달살기... "
경상도 여행 가볼만한곳 국내 여행지 추천 도시 10
"[추천여행지] 김천 교동... 개나리꽃, 경상북도 문화재자료 15호... "
경상북도 의성군 금봉자연휴양림ㅣ자연이 숨 쉬는 휴식공간
경상북도 펫데이 사전등록하고 의성 펫월드 강아지 여행 함께가요
갈만한곳 관광코스... 경상북도 안동시 여행지도 관광 여행정보
[국내여행지 추천] 경상북도 영주시 가볼만한 곳! 대표 관광지... 
[경상북도 안동 여행 마지막] 안동 여행지 선물 추천 하회탈빵... 
경상북도 포항 여행지 손바닥모양의 특별한 바다 &quot;호미곶&quot;
안동하회마을 경상북도 안동 유네스코세계유산
"경주 관광, 내일로 여행지 추천 [경상북도 경주시] - 14.06.06"
경상북도 2022 예천 곤충축제 아이들이좋아하는곳 곤충생태원
"울릉도 여행, 자유여행으로 간다면 꼭 가봐야 할 여행지 4[대한... "
"국내 가을여행지 &lt;안동, 나주, 강화도&gt;"
"[경상북도] 안동, 울진, 영덕 | 경북여행코스 추천 | 월영교... "
1654. 2021.10.23. 대한민국 경상북도 군위군 - 우보역
예쁜 풍경을 담고 있는 초가을 여행지 상주 임란북천전적지
[경상북도 겨울여행 2박 3일] 1일차-① 울진 후포항의 대게... 
해바라기 명소 첨성대 10월에 가볼만한곳 가을여행지 추천
고령군 겨울 실내 여행지 대가야 생활촌 ‘주산성 전시관’
경상북도 포항 &lt;무박2일로... 상생의손 인생샷명소 국내여행지추천
경북 크리스마스 데이트 코스 여행지로 가볼만한 봉화... 
갯마을차차차 촬영지로 유명한 사방기념공원 여행지 추천
경주 당일치기 여행지 핫플 황리단길 먹거리 경주빵 간식... 
봄 여행지 명소 청정지역 영주시 남대리에도 봄이 오고 있어요~
"울진 가볼 만한 곳 조용한 여행지 추천, 월송정 &amp; 무장애나눔길"
상주 여름여행지! 시원하게 상주 박물관에서 가족여행해요~
가볍게 방문하기 좋은 경주 여행지
10월 여행지 문경 당일치기 여행 가볼만한 곳 월방산 봉천사... 
"예천여행 삼강주막 - 경상북도 민속자료 제134호, 용궁역... "
경상북도 청송 맑고 청량했던 가을 힐링 여행┃주왕산 국립공원... 
한적한 여행지 포항 흥해 북송리 북천수
경북 문경 천년 사찰 운달산 김룡사 힐링 여행지 산책 송어
10월 여행지 경주 첨성대 핑크뮬리 현황 10/2 경주여행 가을... 
11월 국내 여행지 늦가을 운치를 더하고 있는 선비촌
[경상북도/경주 2박3일] #1 계획세우기 / 여행루트 / 총... 
수피가 추천하는 가을 바다 여행지 4
[여행이야기] 경상북도 상주시 ... 상주박물관
"(일상, 여행.1)2022년 12월 국내 여행지 추천 6곳"
겨울에 떠나기 좋은 포항 실내 여행지 포항시립미술관
"경상북도, 대구 근교 애견동반 여행지 추천 2 청도프로방스"
포항 여행지 볼거리 해오름전망대 포항 칠포해수욕장
"상주의 이색 여행지, 보랏빛 가득한 맥문동 솔숲"
광부 아저씨랑 족살찌개 한 냄비 어떻나?_경상북도 문경시
[가을 여행지] 보랏빛 향연 개미취 꽃축제 문경 봉천사
한국 겨울여행지
"경북 의성 가볼 만한 곳, 국내 가을 여행지 사촌전통마을... "
11월 국내 여행지 가을 단풍이 아름다운 가을 부석사 여행
코로나 청정지역 울릉도 여행지 정보
경주 여행지 경주 불국사 가족여행 추천 [경주 태교여행]
영덕 숨은 여행지 &lt;부흥리 벽화마을&gt;
"문화생활 즐기며 마음까지 채우는 실내여행지 추천, 구미... "
포항 보경사 맨드라미 내연산 포항절 기대up 가을 여행지
[경상북도 여행] 비만 오지게 내렸던 경주.. 그랬던 이야기 1... 
"경산 문화재 여행지, 가을로 물든 금호서원"
청도 밀양 관광지 가볼만한곳 국내여행지 추천 청도반시축제 소개
"국내 가을 여행지, 가을 타는 남자들 여기로 떠나자!"
밀양 관광지 가볼만한곳 가을 축제 국내여행지 미나리 택배판매
미나리 택배 판매 청도 밀양 관광지 가볼만한곳 국내여행지
[경상도여행] 경북 경주. 시간여행한듯한 힐링뷰 여행지 추천... 
1628. 2021.10.2. 대한민국 경상북도 영천시 - 영천 금호역 [1]
"경북 숨은 보물 여행지, 울진 양원 라벤더 농장"
경상북도 공식블로그 두드림이 100만명을 돌파했어요! 덕담... 
"영덕여행, 역사여행지, 호국 전시관 :: 국내 유일 바다 위 호국... "
맛있는 이색 휴게소 경상북도 군위 추억의 삼국유사 휴게소
"소개팅앱 연인이 추천 드리는, 경상북도 여행!"
[경상북도 영덕 메르센트풀빌라 리조트] 영덕 숙소 추천... 
국내 여행지 추천 가을에 가면 더 좋은 '짚라인문경'
등산과 온천을 즐길 수 있는 국내 여행지 4곳
