"가볼만한 곳] 제주도 웰니스관광지, 힐링여행지 - 파파빌레"
제주무료입장여행지 제주특별자치도 제주동쪽여행... 
꼭 가야 하는 국내 여행지 베스트 제주특별자치도 제주시... 
제주 동백꽃 명소 제주도 여행지 추천
12월 국내 겨울 여행지 추천! 제주도 서쪽 여행 코스 BEST 3
2024 제주특별자치도관광협회 제주여행 홍보대사 위촉됐어요
"[제주 여행/제주특별자치도... (제주 여행지 추천, 제주... "
[제주특별자치도 동부 여행지 가볼 만한 곳] 김경숙 해바라기 농장
"[제주여행] 광치기해변, 봄여행지 추천 [제주특별자치도... "
"제주시공무직 채용, 핵심 인강... 준비(서귀포시/제주특별자치도)"
제주특별자치도 제주시 구좌읍 제주여행지 '스누피가든' 가이드
[제주도 여행지] 제주도 여행지 추천 제주특별자치도... 
"제주특별자치도 진곶내, 가볼만한 여행지로 추천해요^^"
(제주여행)진짜 제주여행지 제주특별자치도민속자연사박물관... 
프로방스공방 제주특별자치도... 가볼만한곳 제주도 여행지... 
제주 동쪽 오름 국내 여행지 추천 제주도 용눈이 오름
11월 국내 가을 여행지 추천! 제주도 동쪽 여행 코스 BEST 3
제주도 여행지 추천 제주공항 근처 볼거리 제주 용연계곡... 
제주도 동쪽 서쪽 코스 가볼만한곳 제주 여행지 추천
가을 여행지 추천 혼자 제주도 서귀포 여행 코스 남쪽 서귀포시... 
여행에 편리한 '스타즈 호텔 제주 리베로' - 제주특별자치도 제주시
가수 진시몬의 고향 제주특별자치도&gt;여행지 맛집추천 :: 보물상자
"별빛누리 공원, 제주여행지 [제주특별자치도 제주시] - 14.10.29"
[제주특별자치도 제주도 서귀포시] ... 해녀 순덕이네 해산물장터
제주도 관광특구 / 제주특별자치도 / 신년맞이 여행지 추천
제주특별자치도 성산일출봉 해녀의집 제주해녀물질공연
"[제주특별자치도]810-1번,810-2번"
제주도 가볼만한곳 국내여행지베스트10
6월 국내 여행지 추천 수국 개화시기 숨은 제주도 수국 명소... 
여름에도 시원한 이색여행지 동굴! 국내 동굴 명소 추천 BEST 4
"제주여행추천, 제주도 다크투어 여행지 - 너븐숭이 4ㆍ3 기념관"
제주 이색 여행 제주 실내 추천 여행지 노평수퍼마켙
제주 상효원 수목원 제주도 여행지추천
"성산일출봉, 제주도 여행지... 곳 [제주특별자치도 서귀포시]... "
[제주특별자치도 제주도 서귀포시] ... 씨푸드뷔페 - 샹그릴라
국내 봄 여행지 제주도 관광지 서귀포시 가볼만한곳 제주... 
빛의벙커 세잔전 입장료와 방문후기(제주도 실내여행지)
1박2일 제주도 여행 추천 코스 지도 제주 여행지
"제주도 여행지, 기념품 사가야할 곳 [제주특별자치도... "
[여행이야기] 제주특별자치도 제주도 서귀포시 ...  제주... 
국내 여행지 추천 제주도 관광지 제주 한라산 국립공원... 
제주 추천 여행지! 제주항공우주박물관.. 서귀포시 가볼만 한 곳
제주도 여행지 추천 제주 관광지 2월 제주도 가볼만한곳... 
[1월 2월 제주 가볼만한곳] 동백꽃 명소 포함 겨울여행지
11월 제주도 여행지 추천 제주 새별오름 억새 소요시간 주차장
9월 국내 여행지 추천 제주도 여름 여행 제주 함덕 해수욕장
제주도 수국 명소 추천 제주 마노르블랑 카페６월 국내 여행지
"촬영지, 제주도 꼭 가야할 여행지 [제주특별자치도 서귀포시]... "
[제주특별자치도 제주도 서귀포시 성산읍] ... 시흥해녀의집
제주 송악산 둘레길 &amp; 산방산 유채꽃 국내 봄 여행지 제주 관광지
여름 국내 여행지 추천 제주도 3박4일 여행 코스 김녕해수욕장... 
국내 여행지 추천 베스트10 설악산 권금성 경주 불국사 남해... 
8월 제주도 가볼만한곳 국내 여행지 바다 추천 제주 협재해수욕장
친구들과 함께 간 여행지 제주 송악산
국내겨울여행지추천 제주도 가볼만한곳 제주 여행지 서귀포... 
여행코스 뜨거웠던 국내 우정여행 2박3일 제주여행 여름 여행지
국내 커플 여행지 제주도 커플 여행 명소 서귀포 마사지 중문... 
가을 여행 명소 9월 10월 제주도 가볼만한곳 여행지 추천... 
런던베이글 뮤지엄 제주 주차 메뉴 웨이팅 제주도 핫플 여행지... 
제주도 여행지 추천 제주 서귀포 가볼만한곳 제주도 동쪽 코스... 
아름다운 국내 겨울여행지 추천
제주도 여행지 추천 제주도 가족여행 코스 제주 서귀포... 
제주도 다크투어 여행지
추천&gt; 제주도 대형카페... 2020 제주특별자치도... 
제주가족여행/내돈내산/제주겨울여행지/제주 12월여행추천||
강원도 여행지 추천 철원 여행 코스 철원 고석정 꽃밭 한탄강... 
특별한 경험을 할 수 있는 국내 여행지 제주도 성읍민속마을... 
제주도 겨울 여행지 추천 제주 여행 제주 한라산 등산코스... 
제주도 동쪽 조천 여행지 : 스위스마을  제주 한달살이 숙소
용이 승천하다 바위로 굳어졌다는 전설의 제주도 여행지 용두암
수국 개화시기 수국명소 제주 혼인지 수국길 7월 여행지 추천
국내 인기 여행지 순위 1위~3위까지!
국내 크리스마스 가볼만한곳 겨울 추천 여행지 BEST 07
1월 제주도 여행지 추천 명소로 동백꽃으로 유명한 위미리... 
"9월 가족 여행지 추천│제주 애월, 경북 영주, 전북 남원, 충북... "
제주여행지추천 산굼부리 한국유일의 평지분화구
[국내 겨울 여행지 추천]12월 1월 제주도 가볼만한곳... 
여름 국내 여행지 추천 6월 제주도 여행 제주 서귀포... 
제주공항 근처 여행지 추천 '용담공원'과 '용두암'
제주도 여행지 관람지 노리매 공원입니다
[스마트렌드] 수능 끝난 고3이여 떠나라! 국내 우정 여행지 추천
"서귀포 실내여행지 소암기념관, 아이도 어른도 힐링은 필요하니까"
한국 겨울여행지
[제주특별자치도 제주도 서귀포시 성산읍] ... 맛나갈비식당
"[월간코스] 가을의 시작 9월, 추석연휴에 가기 좋은 여행지 추천!"
제주도 가볼만한곳 서부권 언택트 여행지 베스트5
[제주특별자치도 제주도 제주시 일도동] ... 탐앤탐스 (칠성점)... 
[제주특별자치도 제주도 제주시 이도동] .. 해물요리전문점 다우정
[폭포이야기] 제주특별자치도 제주도 서귀포시 ...  천제연폭포... 
[제주특별자치도 제주도 제주시 일도동] ... 50년전통... 
[여행이야기] 제주특별자치도 제주도 서귀포시 ... 서복전시관... 
제주도 억새명소 제주 가을여행지 유채꽃프라자
제주특별자치도 세계유산한라산연구원.. 세계자연유산... 
[여행이야기] 제주특별자치도 제주도 서귀포시 안덕면 ...... 
제주특별자치도 서귀포시 중문 관광단지
가정의 달 5월 부모님과 가기 좋은 제주 여행지
[제주특별자치도 제주도 서귀포시] ... 씨에스호텔 무한제공... 
제주특별자치도 서귀포시 오설록뮤지엄 - 오설록
"제주 동쪽 여행지, 철새의 은신처 '하도리철새도래지'"
[제주도] 제주특별자치도공식관광정보사이트 홍보물
[섬여행이야기] 제주특별자치도 제주도 제주시 우도면 ... 우도2... 
[제주특별자치도]제주국제공항
[여행이야기] 제주특별자치도 제주도 서귀포시 안덕면 ...... 
국내 여행지 추천 제주 서쪽 가볼만한곳 서귀포 여행 제주도... 
[제주특별자치도] 공보관 미디어홍보팀 &quot;제주도의 SNS 운영... 
제주 서쪽 애월 여행지 추천 수산봉그네 사진명소
제주 동쪽 여행지. 서귀포에 위치한 액티비티 '제주윈드1947... 
제주특별자치도 2023년 5월 18일 저녁 제주 신라호텔 수영장... 
늦가을 여행지 울긋불긋 단풍 신산공원 단풍길
[제주바다]제주동부여행지 함덕해수욕장 여름휴가지 추천... 
제주특별자치도 서귀포시 카멜리아 힐 1탄
[제주특별자치도관광협회/영남권 제주관광 설명회] 제주관광객... 
제주 실내여행지 가볼만한곳 노형수퍼마켙
여름 국내 여행지 추천 제주도 2박3일 여행코스 제주도 관광지... 
제주 여행지 추천 (힐링하기 좋은 오설록티뮤지엄/녹차밭)
"다가오는 가을! 9월여행지 추천 (제주 메밀밭, 천일홍축제 등)"
"제주 여행지 추천 (중문대포주상절리대, 은하감귤체험농장)"
수상하였습니다. (제주특별자치도 관광협회 / 제주 안트레)
제주특별자치도 서귀포시... 팸투어 제주도 서귀포여행
제주아쿠아플라넷 - 제주도... 만날 수 있는 특별한 여행지
제주도 에메랄드 바다 중문 색달해수욕장 서귀포여행지
제주도 아이와 가볼만한 여행지 추천합니다!
국내 이색 여행지 제주도 금능석물원
대한민국 가을 여행지 Best 20
여행중 발견한 고등어회 맛집 섭지코지로 성산점 여행지로 추천
[여행+봄] 이봄 다 가기 전에 못 가보면 아쉬울 바다여행지 7
[제주특별자치도 제주도 서귀포시 서호동] ... 명품치킨
제주도 여행지 추천 1100도로 한라산 1100고지 별사진 촬영
[제주특별자치도 제주도 서귀포시] ... 산방식당 밀냉면전문
[제주특별자치도 제주도 서귀포시] ... 향도음식점 안거리밖거리
"이번 겨울, 나에게 맞는 눈꽃 여행지는?❄"
[공연이야기] 제주특별자치도 제주도 서귀포시 ... 제주... 
제주 이색 여행지 세계 자동차 &amp; 피아노 박물관이 있다.
제주도여행지 억새명소 산굼부리
[쇼이야기] 제주특별자치도 제주도 서귀포시 ...  롯데호텔... 
제주도 여행지 추천 제주 가을 여행 혼자 여행 코스 제주... 
[제주특별자치도 제주도 서귀포시 ] ... 롯데호텔 조식뷔페
있다면 여기일까? 제주도의 찐 매력을 느낄 수 있는 여행지
"제주 논짓물 담수풀장, 올여름 제주 물놀이 여행지는 여기로!"
2022년에도 기대되는 계절별 인기 여행지 추천
제주도 추천 여행지 관람지 산양큰엉곶
[공연이야기] 제주특별자치도 제주도 서귀포시 ...... 
체크인#34 제주 서귀포 여름여행지 추천 사계절이 아름다운... 
"제주 2월 여행지 추천, 윈드1947에서 한라산 뷰 감상하며... "
제주 조천 가볼만한곳 : 제주도 스냅 여행지 창꼼바위 커플여행
제주 억새 명소 11월 산굼부리 가을 여행지 추천
제주도 해수욕장 국내 여름 여행지 추천
[여행정보] 6월 가기 좋은 국내여행지 &amp; 준비물
10월 여행지 제주 명소 제주도 동쪽 코스 성산 가볼만한곳 제주... 
[호텔이야기] 제주특별자치도 제주도 서귀포시 ... 롯데호텔
[여행이야기] 제주특별자치도 제주도 서귀포시 대정읍 ...... 
&lt;제주도&gt; 제주 11월 가볼만한곳 구좌 가을 억새 여행지... 
[섬여행이야기] 제주특별자치도 제주도 제주시 우도면 ... 우도1... 
겨울 제주도 가볼만한곳 12월 여행지로 제주 갈만한곳 3곳... 
[공원이야기] 제주특별자치도 제주도 서귀포시 ... 성산일출공원... 
&lt;제주도&gt; 서귀포 11월 가볼만한곳 성산 가을 억새 여행지... 
4월 ‘이달의 어촌 안심 여행지’를 선정했습니다.
[여행이야기] 제주특별자치도 제주도 서귀포시 중문동 ...... 
[해변이야기] 제주특별자치도 제주도 서귀포시 ... 중문.색달 해변
[공원이야기] 제주특별자치도 제주도 제주시 한림읍 ... 제주... 
겨울 제주 여행지 추천 Part.2
[여행이야기] 제주특별자치도 제주도 서귀포시 ... 이중섭미술관
제주도여행 3박4일 맛집 여행지 리스트
제주 혼인지 수국 6월 여행지 추천
[유람선이야기] 제주특별자치도 제주도 서귀포시 ... 서귀포... 
[섬여행이야기] 제주특별자치도 제주도 한림읍 ... 비양도1... 
제주여행지 신비로운 정글형태의 숲 [곶자왈 환상숲]
제주도 중문 가볼만한곳 상큼한 여행지 추천해요!
[제주특별자치도 제주도 서귀포시 안덕면] ... 화순정낭갈비
[산행이야기] 제주특별자치도 제주도 국립공원 한라산 (높이... 
제주도 절 법화사 전국 유명 사찰 국내 조용한 여행지 힐링명소
"개화 시기, 입장료, 운영시간, 주차장 정보 (제주도 겨울 여행지)"
"제주도, 여행지 만족도 전국 1위․전 연령층 1위"
서귀포가볼만한곳/내돈내산/서귀포힐링여행지/제주뚜벅이||
제주도 여행지 추천 추울땐 실내관광지가 최고다!
[공원이야기] 제주특별자치도 제주도 서귀포시 ... 새섬공원... 
제주 수산봉 부근 베어파인 애월카페 제주서쪽여행지 추천
센트럴팜이 추천하는 가을여행지 BEST 3
[공원이야기] 제주특별자치도 제주도 제주시 한림읍 ... 제주... 
[식물원이야기] 제주특별자치도 제주도 서귀포시 ... 여미지식물원
대한민국 사람들의 특별한 여행지 제주특별자치도
"한달한정도비여행 - 제주, 도비여행의 마지막 여행지 김녕... "
[제주특별자치도 제주도 한림읍]비양도 ... 민경상회
황금빛가을제주 베스트 여행지 4곳
천안 가을 여행지에서 단풍의 멋을 담아봤어요!
[여행이야기] 제주특별자치도 제주도 서귀포시 동홍동 ...... 
※겨울에도 예쁨주의※ 제주 사진찍기 좋은 겨울여행지 3
제주특별자치도. 제주는 제주인의 삶.하지만 아쉬운 현실은....... 
"제주도 가볼만한곳, 추천여행지 장소 공개"
"코로나19로 변한 나날, 자연 속으로 향하는 164곳의 힐링 여행지"
[6차산업] 올 여름 핫플! 6차산업 국내 여행지 여기 어때?!
"l 가까이 또는 멀리, 경기도 &amp; 제주도 관광주간 추천 여행지"
[섬여행이야기] 제주특별자치도 제주도 한림읍 ... 비양도2... 
제주도 여행지 성산일출봉 가던 날
"비오는날 제주도 여행지 추천, 엉또폭포"
[여행이야기] 제주특별자치도 제주도 서귀포시 남원읍 ...... 
♨ 겨울 국내 여행지 추천! 12월 국내 온천으로 떠나요!
가족 여행지 l 우리 가족 손잡고 떠나요! 전국 동물원&amp;아쿠아리움
[여행이야기] 제주특별자치도 제주도 서귀포시 남원읍 ...... 
제주도 동쪽여행지 추천 김녕  요트투어 특별한 추억 남기기
[유람선이야기] 제주특별자치도 제주도 서귀포시 ... 산방산... 
2 : 세계 최고의 관광마을' 선정된 국내 여행지  제주 동백
제주 별빛누리공원 밤에 아이와 가볼만한 제주 여행지
"제주 6월 여행지 추천, 자연 숲속에서 마스크를 벗고 맑은... "
겨울에 가볼 만한 곳 추천! 올겨울 국내 여행지는 이곳~
"[제주 유수암] 새파란 바다, 그... 색으로 마음을 채워주는 여행지"
우리나라에서 가장 아름다운 여행지들
10월 국내여행지 추천 가을 만끽하기 좋은 명소 BEST5
"[월간지] 여행지 추천 - 국내... 호텔 제주, 인천... "
[겨울여행] 국내 겨울여행지 추천! 겨울왕국처럼 아름다운... 
&lt;제주도&gt; 조천 가볼만한곳 11월여행지 올레길18코스... 
가을 여행 추천! 제철 수산물로 가득한 어촌 식도락 여행지
[월간지] 여행지 추천 - 대한민국 대표 미디어아트 공간 4곳... 
"제주도여행지,제주사진찍기좋은곳&quot;제주조각공원&quot; 인생사진 찍기!"
"6월과 7월, 제주 여름 여행지 어디가 좋을까? 수국이 만발한... "
제주도 여행지 추천 검멀레해변 동안경굴 우도보트
국내 여행지 추천 제주 가파도 배시간 청보리밭 코스모스 5월... 
위미리 동백군락지 주소 제주도 겨울여행지로 딱이네
5월 제주도 2박3일... 즐겨보고 동부권 필수여행지 돌아봐요
천혜의 자연이 숨겨져있는 제주도 여행지추천
제주도 9월 가을여행지 추천 BEST4
[제주도 가족 여행 - 08] '제주 워터 서커스' 가족여행지로... 
"제주도여행지추천, 카이막이 맛있은 아침미소목장 (제주도... "
"한 곳 - 억새구경하러 가기 좋은 제주도 (10월, 11월 여행지 추천)"
제주도 3월 여행지로 봄여행 떠나보세요
[테마파크 기차여행이야기] 제주특별자치도 제주도 제주시 ...... 
8월 국내 여행지 추천 여름 제주도 여행 동쪽 코스 제주... 
"제주공항 근처 볼거리 삼성혈, 국가지정문화재 여행지"
"감귤껍질 말리는 풍경 [ 제주도 겨울여행지, 제주 가볼만한곳 ]"
국내 최대 규모 제주 주상절리대 외 중문 여행지 4곳
"제주도 일몰여행지 , 이호테우해변에서 일몰을 보며 힐링여행"
5월에 가볼만한곳 ㅣ 5월 봄나들이 여행지 추천
제주도 서귀포의 가볼 만한 핵심 여행지 BEST 7!
5월 국내 여행지 추천 2019년 5월 축제 전국 70곳 모음
제주데이트 제주이색여행지 섭지코지
"9월 여행지!!달리는 제주 만끽, 제주 해안 드라이브 코스추천"
이색 ATV를 즐길 수 있는 ATV 여행지 추천!
"내가 만난 진짜 제주, 제주여행지 추천, 제주도 가볼 만한 곳... "
"제주도 복불복 여행지, 마방목지"
4 : 세계 최고의 관광마을' 선정된 국내 여행지 제주 세화마을
제주도 숨은 명소 여행지 추자도 여행 가는법 제주 추자도 배편... 
세계자연유산 성산일출봉 - 제주특별자치도 서귀포시
인생 샷 각! 겨울 설경 여행지 추천
제주 힐링 여행지 송악산둘레길 전망 굳
"[블로그 이벤트] 제주도 여행지 추천, 파스쿠찌 카페 투어... "
제주도 2박3일 여행코스 6월 제주도 여행지 추천
"용의 전설, 용두암 [龍頭岩 / 제주사진여행지 / 제주일출명소]"
제주한달살기] 비자림/비자숲힐링센터 /가성비좋은 제주여행지
제주도 관광특구 / 제주특별자치도 / 신년맞이 여행지 추천
멋진 풍경을 품고 있는 겨울 제주 여행지 추천 :: 1100고지... 
"자연과 함께 다시 태어난 여행지 :: 활옥동굴, 선유도공원... "
2019년 3월 축제 국내 여행지 전국 축제 일정 49곳 인기순
"제주 카멜리아힐, 제주도 커플여행지 추천!"
"[제주도 여행지 추천] 바다가 보이는 해안도로, 파스쿠찌... "
국내 여행지 추천 봄 여름 가을 겨울 사계절 한국 꽃 명소... 
생생정보 1898회 미스터 Lee의 사진 한 컷  제주특별자치도... 
제주도 여행지 추천
"10월 국내 단풍 명소 추천 여행지, 붉게 물든 단풍과 함께... "
제주도 쉬운 오름 [아끈다랑쉬오름] /제주도추천여행지
[여행이야기] 제주특별자치도 제주도 서귀포시 중문동 ...... 
제주도 7박8일 호젓한  가족여행 ② 제주특별자치도축산진흥원... 
[제주특별자치도] 10월 제주도 당일치기 가을 여행-2편 제주... 
"소녀시대 윤아가 이니스프리 광고찍은 제주여행지, 카멜리아힐... "
한림읍 [명월성지 비양도 정물오름] 비대면 안심 여행지 추천
[겨울 제주 가볼만한곳] 제주도 핫플 동백수목원 겨울여행지추... 
"이색 체험 여행지 l 어른이... 위해, 어른을 위한 어린이 여행지"
[제주여행] 안전하게 여행하자! 언택트 여행지
"가을로 떠나는 로맨틱 여행, 가을 단풍 여행 국내 여행지 추천"
"볼 수 있는 귤피 말리기, 1월 제주 이색 여행지 올레길3코스"
제주 표선 가볼만한곳 겨울 데이트 놀거리 제주도 허브동산
제주도 유채꽃 명소 하도리 별방진 국내 봄여행지 봄꽃구경... 
"아기와 가기 좋은 곳, 임산부 태교여행지 추천 제주민속오일시장"
"6월 여행지 추천, 가족과 함께 즐길만한 신나는 축제!"
제주도 서부권여행 가볼만한 여행지 사계리 용머리해안
이야기로 들려주는 스마트투어가이드 제주도 놀멍쉬멍 여행지
"제주 여행지 남방돌고래와의 만남, 수월봉"
킹메이커 유튜브 촬영일기 7 - 제주특별자치도 (2)
겨울에 가면 더 색다르다! 겨울 제주도 여행지 추천 BEST5
제주특별자치도 녹차밭
한국 관광 공사. 추천. 월 별. 여행지.(2020년 기준.).
제주도 여행지 제주삼화맛집 ‘도남돼지’ 방문 후기~
"제주 여행지 추천 (새별오름, 비자림)"
제주도 여행지 세계 미술의 거장들을 가까이!
제주도 봄 여행지 추천 _ 다움스테이 신풍넝쿨집 주변 (유채스팟... 
제주 서쪽 여행지 애월 항파두리 항몽유적지
트렉스타가 추천하는 3월 여행지
가을여행 제주도 추천 여행지 핑크 물결이 아름다운 제주도... 
"체크인 챌린지, 제주곶자왈도립공원, 제주 여행지 추천"
추석 황금연휴에 가기 좋은 국내여행지 추천 5 (+체크인가능... 
"꽃나들이 l 여름에 피는 귀한 꽃을 만나다, 8월 여름꽃 여행지"
[제주도 여행지추천] 서귀포 감귤박물관
정보톡톡] 놓치지 마세요~ 5월에 딱 떠나기 좋은 국내여행지 추천
"제주국제평화센터, 의외로 감성 충만한 제주도 여행지"
[제주 여행] 나 홀로 떠나는 제주도 랜선 여행지
국내 여행지 추천 제주도 에코랜드 제주 테마파크
제주도 반고흐 만날수 있는 곳 색다른 여행지 고흐의정원
"단풍 절정 시기 | 여행가기 좋은 가을, 국내 단풍 명소와 여행지"
제주 여행지 제주초콜릿 맛집 동문시장 ‘찰리공장’ 방문 후기~
철새들의 제주도여행지 오조리 철새도래지
제주특별자치도 - 생각하는 정원 (2008/10/17)
"국내 겨울 여행지 BEST는 어디? 설경 감상, 체험 활동... "
미리 보는 2020 관광 트렌드(제주특별자치도관광협회... 
"제주스누피가든,제주여행지"
제주도 겨울 여행지 서귀포 오름 추천 바리메오름 주차와 가는길
"제주여행, 천년의 숲 비자림(제주 동부권여행지,제주 휴양림)"
제주도 여신 산방덕 눈물 서귀포 추천 여행지 산방산 산방굴사
저희 추천 반짝이는 크리스마스 여행지
"가볼만한 곳] 공룡랜드, 테디베어사파리_제주 서부(애월)여행지"
아이랑 제주여행_제주투어패스 48시간 여행지
"제주도여행 2박3일여행) 제주도맛집 제주어장, 여행지... "
제주 애월 가볼만한곳... 등 주변 서쪽 여행지 포함 7곳
[봄철여행지] 1박2일이 알려드리는 봄철여행지!!
겨울에 가기 좋은 국내 여행지 (12월~1월)
만한 곳: 색다른 제주도 여행을 위한 이색 제주 여행지 Best 5
서귀포 숨은 비경 여행지 바다로 떨어지는 해안 폭포 &quot;소정방... 
&lt;제주도&gt;제주 동쪽 구좌 가볼만한곳 10월 가을여행지... 
"제주도 동부 여행지 추천, 차츰차츰 다가가고 싶은 선흘분교"
제주 애월 서쪽 여행 방주교회 제주도 가볼 만한 곳 여행지... 
제주 힐링여행지 천년의 숲 비자림 산책...
"특별한 제주도 여행지, 안덕계곡!!"
제주 도민들의 해수풀장 제주 숨은 여행지 &quot;황우지 선녀탕&quot;
"[제주여행,2013]_DAY2_②오설록_제주도 추천 여행지"
"효리네민박 여행지, 제주 한담해안산책로"
성이시돌목장 에 내린 가을을 만나다 - 제주추천여행지... 
"[제주여행] 제주 여행지, 제주도 가볼만한 곳 '엉또폭포' 비오는... "
제주도 추천 여행지 쇠소깍 투명카약 시간 &amp; 입장료
&quot;식도락 즐기기 좋은 여행지&quot; 경기·충북 ·제주권
가을 온천 여행 :: 가을에 추천하는 온천여행지
&lt;제주도&gt; 제주 구좌 가볼만한곳 가을여행지 추천 동쪽코스... 
"제주도 동부 여행지 추천, 바람도 편안히 걷다 가는 아부오름"
제주서쪽여행지 걸을수록 행복해지는 송악산둘레길
"코스, 안돌오름의 힐링산책존 당일치기 제주힐링여행지 추천"
대한민국 핵심 여행지 &quot;죽기전에 꼭 가봐야 할 여행지&quot; - 전면... 
섬/제주도 해변/국내 여행지 추천/제주도 여행 후기
노래 따라 떠나는 여행 l 가사처럼 아름다운 여행지가 펼쳐진다... 
"제주오름_ 제주도 봄꽃여행지, 큰사슴이오름(대록산)과 유채꽃"
12월에 가볼만한곳 ㅣ 겨울 가족 여행 추천 여행지
몸도 마음도 치유하는 온천 여행지
&lt;제주 추천여행지/비자림&gt;에코프렌들리하게 걷는 천년의 숲
제주 추천 겨울 여행지 카멜리아힐
"제주도 여행지 추천, 준비물"
한국공항공사 추천 제주도 여행지
제주도 마방목지 넓은 벌판의... 모습을 볼수 있는 여행지
[제주도추천여행지] 세계자동차제주박물관 2부
드라마 속 뜨는 여행지! 올 여름엔 여기 어때요?
&lt;제주특별자치도/천지연폭포&gt;천지연폭포....그리고 그곳의... 
"제주도 동부 여행지 추천, 돌로 빚어내는 제주의 아름다움... "
싶은 겨울의 제주도 (feat.12월 제주도/제주도 여행지 추천)
"제주도 여행지 추천, 마라도에서 짜장면 한그릇"
"제주도 동부 여행지 추천, 제주올레 21코스"
"[문화이슈] 가을 여행지 추천!: 제주 곤을마을 혼행코스, 잊지... "
"부두식당, 제주도 맛집 여행지, 갈치국이 유명한 제주도... "
제주도 여행지 오늘 더 새롭고 멋집 사계리
"가을 최적 여행지, 제주 곶자왈 도립공원"
제주 1급수 계곡 서귀포... 물놀이하기 좋은 스노쿨링 명소 여행지
[제주도여행] 겨울여행지 제주도가볼만한곳 추천
"제주 답다니수국밭, 6월 제주도 여행지"
제주도 가볼만한곳 국내 여행지 추천 관광지 제주 비자림... 
국내 여름여행지 추천 -  전국의 얼음계곡(얼음골)
"체험여행 l 제주에서 즐기는 달콤한 여행, 제주 겨울여행지 추천"
"제주도 동부 여행지 추천, 알오름(성산읍)"
"곳 l 베품과 자비를 온 몸으로 느끼다, 석가탄신일 여행지"
"죽기 전에 꼭 가봐야 할 국내 여행지, 제주 여미지식물원"
제주도 여행지_☆★서프라이즈 테마파크☆★
제주도 가볼만한 곳 겨울 여행지 동백포레스트
제주도 여행지_제주라프 라이트 아트 플레쉬 : 빛의 예술작품
제주 가을여행지 추천 서부농업기술센터 코스모스에... 
제주도 숲 트레킹 여행지 no.1은 역시 사려니숲길이지
제주도 여행지_반짝반짝 제주 불빛 정원★
제주도 여행지 그대로 이루어지는 바람
제주 남원 가볼만한곳 농촌... 외 국내 겨울여행지
제주도여행지 추천 그리스신화박물관 &amp; 트릭아이미술관
"밤이 긴 겨울, 야경이 예쁜 여행지 소개"
[국내여행지 추천 제주]제주 늘봄 흑돼지/늘봄 정식/늘봄 흑돼지... 
"사계절 아름다운 국내 1등 여행지, 제주도 인기 호텔 추천 리스트"
"데이트 코스, 커플 여행으로 떠나기 좋은 단풍 여행지는?"
국내 이국적이거나 이색적이거나 가을 여행지 추천 BEST 07... 
제주도 여행지 추천&gt;혼인지
제주도 여행지 겨울왕국 실사판 눈꽃트레킹
&quot;여행도 똑똑하게!&quot; 빅데이터로 알아보는 겨울 여행지
[제주 서귀포] 포토존이 많은 유쾌한 제주여행지 '자파리... 
제주 대정 가볼만한 곳 천주교... 묘 국내 조용한 여행지 추천
"추석, 가족여행자들을 위한 제주의 완소 여행지"
제주도 힐링 여행지 제주여행 포토 핫 플레이스... 
제주도 여행지_포레스트판타지아 제주 조각공원
[겨울여행] 꼭 가봐야 할 겨울바다 여행지 BEST 4
킹메이커 유튜브 촬영일기 7 - 제주특별자치도 (3)
"봄 여행지 추천, 제주 3대 오름 여행"
제주 여행지 동물과 함께하는 여행 :)
&lt;김경숙해바라기농장&gt; 노란빛세상 제주도 7월여행지 추천:)
해외 느낌 나는 국내여행지 추천!
"제주도 동부 여행지 추천, 가족 단위 여행지"
제주도 여행지 추천 송악산 최고!
[제주도 가볼만한 곳] 취/향/저/격 테마별 제주 겨울 여행지... 
[제주특별자치도] 11월 말 비오는 제주도 당일치기 겨울여행... 
"제주도 동부 여행지 추천, 향긋한 삼나무에 취하는... "
제주도 여행지 추천 가볼만한 곳 사려니숲길 외
제주 여행 / 제주 볼거리 / 제주 이색 여행지 &quot;협재해수욕장... 
제주 플라자 cc 골프장 야간 개장  여행 투어
여행자가 직접 뽑은 우리나라 최고의 먹거리 여행지
떠나볼까요? 봄맞이 지역별 국내 여행지 추천
"아름다운 국내여행지, 돌과 바람과 여자가 많은 그곳, 제주도로... "
눈이 시리도록 푸르른 아름다운 제주도 겨울 바다여행지 - 제주... 
제주 인생 사진 여행지 호빗의 집과 효명사 천국의 문(이끼의 문)
제주도 동쪽 애견동반 여행지 섭지코지
"제주도여행지 추천, 초록빛 김녕미로공원"
"제주도 가볼만한곳, 아이와 겨울 여행 피규어뮤지엄 제주"
봄 여행지 추천! 봄 꽃으로 유명한 국내 여행지는?
유아 초등 아이와 12월~1월 제주도 겨울 여행 가볼만한 곳... 
2월 국내여행지 및 꽃축제일정 / 2월 가볼만한곳
제주도 여행코스 쇠소깍 인근 맛멋 서귀포 여행지
"제주도 스누피가든 동쪽 아기랑 가볼 만한 여행지 할인, 야외... "
제주도 최고의 낙조여행지 차귀도일몰
제주도 제주시 여행지 추천 - 만장굴
"3월 제주도 가볼 만한 곳, 우리나라 여행지 추천"
여행] 제주도닷컴이 추천하는 7월에 가기 좋은 제주 여행지
제주 봄 여행지 추천 .... 함덕해수욕장 서우봉의 유채꽃 찬란한 봄
5월 제주도 추천 여행지 best 9
"봄 제주 가볼만한 곳, 강력추천하는 제주 서귀포 여행지 :D"
국내 청보리밭 명소 추천 청량함 가득한 봄 여행지
봄꽃 여행지 테마가 있는 수목원 4곳을 추천해요
"제주도 동부 여행지 추천, 기념물 제24호로 지정 되어있는 별방진"
구좌읍 여행지 추천 가볼만한곳 비자림 산책
제주 갈만한곳으로 제주 레일바이크와 함께 다양한 테마 여행지... 
힐링 하기 좋은 계절 겨울 여행지 추천
한국인이 꼭 가봐야 할 국내 여행지 100선 12탄
완전 히트다잉~ 짐보리 추천! 여름휴가 대박 여행지
"맥주 덕후들의 제주도 필수 여행지, 제주맥주브루어리"
바다愛 산多' - 열다섯번째 여행지 제주특별자치도 제주시
제주 천지연 폭포 자연경관이 좋은 여행지를 찾는다면
제주도 여행지 추천 제주 비자림 수산봉 그네 오설록 티뮤지엄... 
제주도겨울여행 혼인지 동백꽃 피어오르는 무료관광지
"만들어낸 자연의 아름다움, 용머리해안 [제주여행 / 사진여행지]"
제주여행지 소개 '숙이네 보리빵'
"돈가스, 제주 서부권 여행지 카멜리아힐, 기념품 구경... "
세계자동차박물관/제주여행/제추추천여행지  #페이지
제주도 여행지 추천 서귀포 칠십리시공원
[제주특별자치도] 1월 제주도 겨울여행-5일차 다랑쉬오름(월랑봉)
"11월 제주도 여행 휴애리 동백 축제, 서귀포 여행지 포토존"
추석 연휴 제주 추천 여행지 '항파두리 항몽 유적지'
[산행이야기] 제주특별자치도 제주도 국립공원 한라산 (높이... 
"제주 여행지 추천, 코코몽에코파크"
키콜백독 - 독후활동 08. 헤리티지월드 제주특별자치도 돌하르방
가장 높은 곳에 위치한 여행지 BEST 8(전국에서 가장 높은 명소)
제주 동백꽃이 만발한 겨울 여행지 [제주동백수목원]
[제주 억새명소/10월 제주도 오름/제주 가을여행지] 제주... 
10월에 떠나기 좋은 국내 가을 여행지 Best10
[제주도 여행지] 제주도 가볼 만한 곳 6월 수국축제 휴애리... 
"국내 여행지 추천, 유네스코 세계유산-제주도"
제주도 여행지 추천: 제주 올레길 4코스 ‘표선해비치해변’
4월에 가기좋은 국내 여행지 추천 !!
[제주여행] 제주추천여행지 '쇠소깍'
유튜버 온도 제주 여행지 하도리마을 성수미술관 제주 특별점... 
제주 겨울여행지  성산 일출봉과 광치기해변
늘 가도 좋은 제주도 동쪽 여행지 섭지코지
"제주도 여행지 추천 - 돌하르방 공원 입장료, 이용시간, 가는길... "
제주여행지추천. 수목원테마파크
5~6월 철쭉 산행 여행지 추천
6월 여기는 꼭가봐야하는 제주도여행지 성산 볼거리와... 
제주도 성산일출봉 근처 가볼만한 여행지 빛의벙커 미디어아트
제주도 겨울 여행지 | 바이나흐튼 크리스마스박물관 마켓
[제주도 여행지] 제주도 놀 거리 국제리더스클럽 반잠수정 펭귄... 
[제주 맛집] 제주도에서 꼭 들러야 할 필수 여행지! 제주도... 
"제주도여행,오름여행,제주도사진여행,제주추천여행지]"
제주도 여행: 편백나무숲 편백포레스트(서귀포여행지)
SNS전용 여행 매거진 TRABLOG 창간호 특집 국내 가을여행지... 
"가볼만한 곳] 메이즈랜드, 아쿠아플라넷 - 제주 동부 여행지"
오설록 티뮤지엄 새별오름 제주 서쪽 가볼만한곳 여행지 추천
제주도 실내여행지 신세계쇼앤서커스 (구.동춘서커스)
2019년 2월 축제 전국 64곳 국내 2월 여행지 추천
제주 동부권 제주해비치호텔근처 여행지추천.제주 가볼만한곳.
[블루에어 TIP'S] 미세먼지를 피해 떠나는 추천 힐링여행지... 
제주도 여행지_김녕미로공원
제주 게스트 하우스 &quot;자유로운 사색가&quot;
제주도 힐링 여행지 제주대표 숲길 서귀포치유의숲
제주 조천 가볼 만한 곳 제주 스위스 마을 이국적인 여행지... 
5월 여행지 추천 :  제주 퍼시픽랜드 입장료 할인
곳] 워터월드x휴애리자연생활공원_제주 남부(서귀포) 여행지
캐릭월드 - 아이들과 함께 가면 좋은 제주도 여행 추천여행지
"제주 보롬왓, 제주도 여행지 SNS 핫플레이스"
한남대학교 밀키즈]SNS 활동 어떻게 다를까? &lt;제주특별자치도&gt;편
제주도 추자도 무지개... 인생샷 명소 추천 우리나라 섬 여행지
"[RONNEFELDT] 제주도 추천 여행지, 아이동반 제주가족여행  3... "
제주 남원 큰엉 봄여행지추천
"전국 유명 사찰 가볼만한 절 6곳 길상사, 제주 관음사 등"
"[제주특별자치도 서귀포시] 숲속 이야기, 사려니숲길 걷기"
제주힐링 여행지  &lt;화순  곶자왈 생태숲&gt;
아름다운 자연보존 여행지
제주 숨은 명소 제주도 여행지 BEST 4!
제주도 여행지 가볼만한곳 먹거리가 가득한 동문시장
제주특별자치도 오설록티뮤지엄 후기
오면~ 도시 관련 노래 들으며 찾아떠나는 도시재생 여행지!
"제주 절물자연휴양림_제주 가볼만한 곳, 제주 여행지 추천"
겨울에 제주도 가볼만한 여행지 BEST4
제주도 천연용암동굴 미천굴 제주도 가볼만한 여행지
"봄 여행지, 가볼만한곳과 축제 !"
섭지코지(유채와 어우러진 제주도여행지)
제주 스노쿨링 다이빙 추천 여행지 판포포구 (온수샤워... 
"반려견 동반 피크닉, 소금막 해변 제주도 여행지 추천"
후회없는 추석연휴를 보내기 위한 제주의 가족 여행지 세 곳]
[가족여행지 추천] 비자나무 숲의 자연을 만끽하는 제주도 비자림
"제주 숨은여행지 차원이 다른, 제주유리박물관 유일한곳"
"제주 레일바이크 : 용눈이오름, 제주여행지 추천"
시간이 멈춘 곳 - 자연에서 힐링 (제주 관광공사 여행지 추천... 
"제주 송당동화마을 제주도 동쪽 스타벅스 리저브 주차, 입장료... "
마지막 여름 그리고 시작하는 가을이야기 Best 추천 여행지!
"[제주도여행]  지드레곤 카페, 몽상드애월 앞 애월바다에서.."
여행 코스] 초록빛의 자연 풍경이 아름다운 제주 '그린' 여행지
제주 오션팰리스호텔-서귀포 여행지의 바다와 한라산이 한눈에... 
국내 가을 여행지
[제주도 추천 여행지] 협재해수욕장 - 제주에서 제일 예쁜... 
제주 아이랑 체험할 만한 실내 여행지 어린이 교통공원
부모님과 함께 가기 좋은 제주 서쪽 여행지 소개!... 
"[제주/노형] 노형수퍼마켙, 비 오는 날 가기 좋은 제주 여행지"
"[제주 가볼만한 곳] 비체올린, 해적잠수함_제주 서부 여행지"
간단하게 즐길 수 있는 제주공항 근처 가볼만한 여행지 방사탑
국내 여행지 추천 3월 제주도 가볼만한곳 제주 한라산 군산... 
제주도 서귀포 여행지: 쇠소깍
[여름 휴가 갈만한 곳] 이색 동굴 여행지 best 3
[여름 휴가 갈만한 곳] 이색 동굴 여행지 best 3
"제주도 동부권 관광지, 가족여행코스 추천여행지모음!!"
"2년만에 재방문, 안덕계곡 :) 제주힐링여행지로 추천"
"제주도 커플여행지, '헬로키티아일랜드'"
"제주여행, 제추추천여행지, 제주도 정방폭포, 외돌개... "
국내의 아름다운 가을 여행지와 로맨틱한 데이트 코스
"겨울 여행지, 겨울 여행 추천"
갈대 억새 명소 | 10월 단풍보다 먼저 즐기는 국내 가을 여행지
[제주도여행지추천]_김녕미로공원_(제주도 가볼만한곳)
꽃이피는 4월 여행지 미리 알고 가자!
제주도의 아픈역사가 숨어있는 곳 서부권 여행지 섯알오름에... 
제주도 엉또폭포 비 오는 날 가볼만한 곳 서귀포 여행지... 
[제주도 여행지 추천/안덕계곡/구가의 서 촬영지]안덕계곡... 
대표적인 제주도 서귀포 힐링 여행지 새연교 새섬 포토 핫... 
봄에 다녀오기 좋은 여행지 TOP 6
[제주여행] 제주 추천여행지 용의머리를 닮은 '용두암'
&lt;제주 여행지&gt; 월정리 해변
제주의 자연을 만끽할 수 있는 제주 가을 여행지 추천! 마방목지... 
"[제주도 관광지] 제주도 관광지도 제주도 여행지 ,우도 여행지... "
서귀포 가볼만한곳 겨울여행지 갯깍 주상절리대
제주 뚜벅이 여행지 제주항 근처 김만덕 기념관과 산지천 산책
"가정의 달 5월, 가족과 떠나기 좋은 곳 - 국내여행지 편"
&lt;제주 여행지&gt; 성산일출봉
제주도 중문관광단지 볼거리 여름 휴가 명소 여행지 추천 10... 
[제주도 추천 여행지] 정방폭포 - 바다로 떨어지는 시원한 폭포!
2박3일 여행지 2박3일 가족여행 120여코스 모음
제주 목관아 근처 파스타 가족 여행 추천 제주맑음
제주 무료 여행지 추천 5
"제주도여행지추천,협재해수욕장"
"미리떠나는가을, 제주도 여행지 추천~ 용눈이 오름에 반해보세요^^"
제주도 여행 우도 여행지 가볼 만한 곳 best8
[제주] 반려견 동반 여행지 : 9월 금능해수욕장 (반려동물... 
혼자 편안하게 즐길 수 있는 섬 여행지 Best 10!!!
늦은 여름휴가를 즐길 수 있는 국내 여행지 부산 &amp; 제주의 8월... 
[제주 가볼 만한 곳] 시작되는 겨울에 떠나는 제주여행지 1탄.
"제주도, 역사와 문화 여행지 in WCC(세계자연보전총회)"
[노란봉봉/제주도여행지/제주도여행] 캐릭월드제주
"국내 봄 여행지, 봄꽃구경 갈만한 곳 BEST 5"
"9월의 수산물, 어촌여행지, 해양생물, 등대, 해양유물... "
제주도 가볼만한곳 : ) 일곱번째 여행지♡제주도 겨울여행... 
독후활동13_헤리티지월드_제주특별자치도_김정희유배지
#7. 제주 여행지 추천. 1100고지. 도깨비 도로
"[제주 수월봉 지질트레일] 제주 애견동반여행지 추천, 제주... "
함께 제주도 갈만한곳 여행지들 추천해드려요.... 
제주도 가볼만한곳 : ) 두번째 여행지♡시원한 천지연 폭포♡
카멜리아힐엔 색색의 동백꽃이 활짝~(겨울 제주여행 추천여행지)
제주도 여행/제주도 가볼 만한... 약천사/서귀포 여행지/서귀포... 
"4월 가볼만한 봄꽃여행지 추천, 제주도 한림공원"
"비오는날 가볼만한 제주 여행지, 캐릭월드"
"[제주한달살기] 제주 민속자연사박물관, 제주7월 여행지, 제주... "
제주 2월 가볼만한곳 겨울 끝자락 여행지 추천
제주시 여행지 추천 - 절물자연휴양림
제주도 추천 여행지 - 김녕해수욕장 (제주도에서 꼭 가봐야할 곳)
"[제주여행] 제22탄 제주 월정사 (제주숨은여행지, 제주최초선원)"
제주도 토요일 밤 콘서트 새연교콘서트 야경 예쁜 여행지
[제주여행] 제주추천여행지 '주상절리' - 깍아자른듯한 절벽의... 
제주 협재해수욕장 /제주특별자치도 제주시 한림읍 협재리... 
"추억여행(비오는날 추천 여행지, 실내가볼만한곳, 제주도실내)"
[제주도 가볼만한곳/섭지코지/봄꽃 여행지 추천]유채꽃... 
"생일, 제주목관아에서 도제실시 70년과 제주특별자치도 출범... "
[오션갤러리 호텔앤리조트] 제주도의 이국적인 해변 여행지 추천
싶은 마음이 무장해제되는 Best 10 버킷리스트 가을여행지
[제주] 서쪽 여행지 에메랄드 바다 금능 해수욕장 비양도를... 
설록다원도순 (도순다원) 제주여행지추천 해 드립니다~
"[내일로] 밤여행지, 내일로밤여행지, 제주도밤여행, 전주밤여행... "
느즈막히 떠나는 사연있는 여행지
제주도] 겨울에 떠나는 제주여행 - 겨울 제주여행지 추천
제주도 가볼만한곳 : ) 첫번째여행지♡ 너무 아름다운 절경... 
프롤로그 : 국내겨울여행지 '제주도와 우도 2박3일'(예산&amp;코스)
힐링 여행지 추천ㅣ지친 내몸과 마음의 오아시스 제주... 
돌아기(13개월)와 함께한 제주도 여행지 에코랜드 테마파크
"달맞이 마실, 어디로 갈까? 정월대보름 달맞이 여행지 추천!"
가족과 함께 가볼 만한 겨울 여행지 '천체관측소 6곳' 추천
제주여행 색다른 여행지 추천 김경숙해바라기농장
"추천! 가볼만한 곳ㅣ쉬었다 가기 좋은, 힐링 여행지 추천"
[제주도 볼거리] 아이와 함께 떠나는 제주도 여행지 추천
제주도 2박3일 여행코스] 제주도맛집리스트 제주도 여행지리스... 
제주에 숨은 힐링 걷기 좋은 숲 무료여행지 동백동산 습지센터
"작가, 제주 김영갑 갤러리 '두모악'_제주 가을 여행지 추천"
(제주특별자치도 서귀포시 중문동) 연필모양의 현무암 용암기둥... 
여행] 제주도닷컴이 추천하는 9월에 가기 좋은 제주 여행지
여름휴가여행지 제주도 관광사이트 소개 제주버스 한라산정보
제주도 자연을 품은 안돌오름... 명소 반려견 동반 여행지 추천
제주도 수산물시장... 주말에 다녀온 성산주변 여행지 생생후기
겨울 여행지 추천 | 새하얀 눈꽃이 내려앉은 전국 설경 명소 추천
(제주특별자치도 제주시 구좌읍) 정상에서 성산일출봉과 우도가... 
제주도 여행지 추천 '하늘여행 행글라이더체험장'
제주도 여행지 추천 - 봄날 이쁜 카멜리아힐 동백천국
제주숨은여행지 제주유리박물관 서귀포야간코스 오셔도 좋아요!
제주 중문 여행지 추천 &quot;천연기념물 제443호 대포해안... 
[여행이야기] 제주특별자치도 제주도 서귀포시 표선면 ...... 
제주 여행 코스에 꼭 넣어야할 제주여행지! 용머리해안 물때... 
제주도 가볼만한 곳 외돌개... 요금 위치 반려견 동반 여행지 추천
제주 표선 가볼만한곳 국내 힐링 여행지 제주 허브동산
{제주여행지} 귀신은 살아 있다.  #페이지
제주도 가볼만한곳 : ) 세번째 여행지♡제주도 겨울여행 외돌개♡
제주 가볼만한곳 자연과 함께하는 제주힐링여행지!!
(제주특별자치도 제주시 애월읍) 작은 학교에서 CF촬영지로... 
제주도관광 봄날 기대되는 서귀포 여행지 제주 허브동산
제주도 황우지선녀탕 올레길 | 제주 가볼만한 곳 여행지 추천
"제주도 2월 여행지, 숙소는 오션뷰 오투힐리조트에서"
가을 무장해제 여행지 추천... 자연핫플 제주 동쪽 여행... 
[여름 힐링 여행지] 제주도 쇠소깍 투명카약
[제주여행] 제주 애월읍 이색 여행지&quot;항몽 유적지&quot;
"1월 2월 제주 가볼만한 곳, 여행지 별방진 포함 모아보기"
"[1월여행지/1월에가볼만한곳/해돋이,일출명소] 한국관광공사가... "
"[트래블리더 7기] 2016년 주목해야 할 여행지, 제주도 + 우도"
국내여행지 중 제주도 가볼만한 곳을 세곳을 알아보도록 하자
가을여행지추천 제주 곶자왈 환상숲
"감성여행지 제주 l 물결처럼 내게 스며들어주오, 제주 우도"
제주 어음리 억새밭 근황 + 제주 가을꽃 여행지
@제주도 서부권여행지 : 오설록티뮤지엄 (osulloc)... 
서귀포 추천 여행지 - 정방폭포
"6월에 가장 아름다운 다섯 가지 꽃 여행지, 6월 꽃여행지 정보!... "
제주특별자치도 관광지도 내려받기
"[제주여행,2013]_DAY2_④박물관은 살아있다_제주도 여행지... "
"가족, 연인 누구랑 가도 행복한, 연말 국내 여행지"
제주도 가볼만한곳 : ) 네번째 여행지♡제주도 겨울여행 최고의... 
제주특별자치도 서귀포시 대정읍 마라리 마라도 정보 소개
가볼만한 곳] 아이들의 겨울 방학을 책임지는 제주도 여행지 모음
［제주특별자치도 제주시］제주 돌문화 공원
자연과 가깝게! 10월 국내여행지 추천 가볼만한 곳 TOP 7
"동백꽃 가득한 제주 여행지, 카멜리아힐"
제주도 삼양검은모래해변 공항주변 여행지
[제주 여행] 제주 추천 여행지...&lt;#제주세계자연유산센터&gt;
찰쓰투어에서 제공하는 제주여행지 #12 눈과 코와 입이... 
"2021 제주 안트레 페스티벌, 제주특별자치도관광협회 제주여... "
"제주 가볼만한 곳, 제주 힐링 여행지 추천!!"
[제주도 여행지 추천] 수월봉 &amp; 고산기상대
"제주 추천 여행지 - 제주 오일장, 제주시 민속오일장"
[제주도 추천 여행지] 오설록티뮤지엄 - 제주도 꼭 가봐야 할곳
"[제주서귀포] 서귀포 치유의... 그대로의 숲, 가장 좋았던 여행지"
요새 HOT 한 국내 신혼여행지 TOP3
"제주도 아이들과 가볼만한곳, 추천 여행지 @헬로키티 아일랜드"
독후활동49:헤리티지월드 우리유산 제주특별자치도
제주 용눈이오름 초보자도 충분히 가능한 가을 여행지 소요시간... 
죽기 전에 꼭 가봐야 할 국내 여행지(제주올레)
제주 겨울여행지 추천_뛰어난 전망 볼거리 체험거리 가득한... 
가자마자 느낌왔던 제주공항 근처 해장국
[제주도 여행지] 꼭 한번은 가봐야하는 대포 주상절리... 
제주도 가볼만한곳 국내 여행지 [오설록 티 뮤지엄]카페 메뉴
제주 중문 대포 주상절리대 주차정보 영업시간 방문후기
제주 추천여행지? 여행의 추구에 관한 제주저지마을... 
서귀포 가족여행지 남원 편백포레스트 '흑염소 만나러'
제주 독채 펜션 풀빌라소랑 실내 수영장 즐기러 겨울 제주... 
"제주도 가족여행지 추천, 비엘바이크파크"
[제주 여행지 추천] 귤껍질을 말려 황금빛으로 물든 신천목장... 
[제주도]가볼만한곳 추천 여행지 - 에코랜드 테마파크 2부
제주도 본태박물관 비올때 가볼만한 제주여행지 추천
제주 포장맛집 여행지 방문전 미리 포장
"국내여행지추천,삼대장 제주액티비티 체험보니 떠나고싶다~"
현지인 추천 제주 여행지 직접 가봤다! 제주도에 가야 할... 
여행 계획이 없어도 훌쩍~ 떠나기 쉬운 '국내 가을여행지' 모음
[5월 제주도 여행지 추천]오늘은 녹차한잔 제주 녹차밭 카페... 
[2월16일] 분위기 있는 제주의 동부 해안가 여행지들
제주도관광지   커플여행지로 손꼽는 협재해수욕장(해변)... 
[제주동쪽여행] 제주도 동쪽 함께보면 좋은 추천여행지!... 
제주 실내관광지 어린이체험하기 좋은 가족 여행지 더플래닛
제주특별자치도 관광협회
"제주도여행지 쿠폰통 할인 받기, 런닝맨의 메이즈랜드도 할인"
제주도 여행 겨울 여행지로 좋은 제주 한림공원 입장료
제주 겨울 추천여행지 - 1100고지 휴게소 설경~!
제주특별자치도 2019년 12월 14일 오후
"제주도 3박 4일 일정, 맛집, 여행지"
"4월 국내 여행지 추천 | 제주, 경주, 서산, 태안 봄꽃 명소... "
여행지에서 자유시간 활용법(ft.카페닐스)
가족과 가볼 만한 봄나들이갈만한곳! 봄꽃축제와 4월여행지추천!
"천년의 숲, 제주 구좌 비자림  (제주특별자치도 제주시... "
여행일정: 후회없이 즐기고 온 제주도 가볼만한 여행지 추천
나만 알고싶은 국내여행지 가볼만한곳 Best10 핫플레이스는... 
여름휴가여행지 Best of best 제주도관광
&lt;제주도&gt;한림 7월에 가볼만한곳 여행지추천 여름바다... 
제주도 여행지 추천 비자림 숲길
만장굴 [萬丈窟 / 만쟁이굴 / 제주사진여행지 / 제주비경]
제주도 용머리해안 : 제주도 여행지추천 : 서귀포 필수코스!!
"일출도 보고, 소원도 빌고! 최고의 일출 여행지 추천!"
"26일] 쌀쌀 하지만 가볼만한 여행지들과 음식, 맛집 추천여행지"
제주 추천 여행지 -  카멜리아힐 (동백언덕) - 수국길
"장마철, 비가 오면 더 운치 있는 바다 여행지"
&lt;제주도&gt;구좌 7월에 가볼만한곳 여름여행지 추천명소... 
[제주도]가볼만한곳 추천 여행지 -  에코랜드 테마파크 1부
제주 여행지  용두암 인어 조각상 만나고 용연구름다리 까지
&lt;일출랜드 미천동굴&gt;  제주도의 힐링여행지 일출랜드 미천동굴... 
제주도여행지/제주도12월여행지/제주도여행/제주도자유여행... 
제주 서귀포 카페 마노르블랑 동백꽃 감귤체험 축제 입장료... 
제주도여행지ㅣ스누피가든ㅣ삼남매와함께하는여행ㅣ7월여행
"[함께하는馬] 가을 제주 여행지 추천, 억새로 유명한 오름... "
"4일 제주도 여행 계획 &amp; 후기 (비행기, 숙소, 렌트카, 여행지... "
제주여행코스  제주 가볼만한곳34 제주여행  제주추천여행지
[세화해안도로 / 細花海岸道路 / 제주의봄 / 제주사진여행지]
크리스마스 데이트 여행지로 추천하는 제주불빛정원
&lt;제주도&gt; 제주시내 여름여행지추천 야경데이트명소... 
바람을 느끼며 숲을 거닐다..제주도 추천여행지&lt;제주 사려니숲길&gt;
제주여행지 휴식과 함게하는 서귀포 바다전망 까페 제주 중문... 
제주 임산부 태교 여행지 코스 추천 상효원 수목원
가을 여행 오실래요? 가을을 만끽할 수 있는 제주 여행지 추천
&lt;제주도&gt; 김포 국내선 7월 여름휴가 여행지 추천 제주공항... 
[제주도 겨울여행지/서귀포 여행코스] 데이트코스로... 
국내 여행지 추천: 이색 명소5곳
비자림숲 걷기 좋은 여행지이에요
국내 3박4일 제주도 여름휴가 7월 여행지 추천 스파숙소... 
반려동물 동반 가능한 전국 여행지 총정리! 네이버 &quot;별별저장소... 
국내 겨울 여행지추천
제주도여행지]소인국테마파크
제주특별자치도
"추천, 제주 가볼만한곳, 비대면 여행지, 언택트 여행지, 안전한... "
(숙소정보 - 제주특별자치도 서귀포시) 아름다운 대평마을에... 
[겨울여행] 겨울여행지 가볼만한곳!  전국 겨울바다 BEST4
[제주도여행/제주오름] 오름능선이 아름다운 제주도오름여행지... 
1월 제주도 가볼만한곳 이국적인 여행지 인생샷 카페 추천
제주 함덕 가볼만한 곳 함덕해수욕장 석양 주소 주차장 방문후기
추운 겨울 실내에서 따뜻하게 즐길 수 있는 겨울 실내여행지!... 
@ [제주여행] 제주도 명소_ 제주 여행지 추천 ♩ 뜻밖에 만나게... 
설날에 여기 어때요? #디자인 #전국 #여행지 추천
제주도 여행 - 제주도 여행지 추천 연북정
제주도 겨울 여행지 추천:: 눈 오면 꼭 가야하는 사려니숲길... 
"지역 군인 할인 여행지, 제주도 서귀포시 기당미술관"
[제주 여행지 추천] 라탄 바구니와 제주 토퍼만들기... 
국내 여행지 추천 해남 땅끝마을과 땅끝탑
[용두암] 제주 공항근처 여행지 추천. 용연구름다리도 건너봄.
[제주산굼부리] 가을에 꼭가봐야할 제주여행지 베스트 / 10월... 
[제주도여름휴가 여행지] 피서지로 좋은 제주도 숨은명소인... 
"제주 새미동산, 제주 공항 근처 10월 가을여행지 핑크뮬리... "
"제주 추천 여행지 - 세화 오일장, 세화 민속 오일시장"
[제주도 추천 여행지] 아쿠아플라넷 #2 - Songs of the Sea... 
제주 송악산(104m) 송악공원 /제주특별자치도 서귀포시 대정읍... 
[제주도 여행지 추천] 제주 숨은 사진 명소 '효명사' 천국의 문... 
수 있는 제주도 핫플레이스 튤립여행지 제주가볼만한곳 한림공원
"남해 여행지 추천, 2016 전국 청정 해수욕장 20선 - 남해안... "
제주 숨은 여행지  &lt;북촌 돌하르방 공원&gt;에서 오감만족
갈대와 억새가 유혹하는 국내 가을 여행지
제주 필름 현상 - 여행지 추억 남기기 필름로그
제주에서 즐길 수 있는 숨은 전통사찰 여행지 월영사
제주특별자치도 서귀포시 소개
봄 제주 여행 추천 l 2월에 가기 좋은 제주도 여행지
"떠나기 좋은 가을, 꼭 가봐야 할 취향저격 제주도 여행지 추천"
여행지] 제주도닷컴이 추천하는 여름에 꼭 가야 할 제주 여행지
소인국테마파크/ 제주추천여행지  #페이지
"제주 여행지 추천 - 비양도, 하늘에서 날아와 섬이 되었다는... "
테마별로 알아보는 제주도 추천여행지 ver.2017
꼭 한번 가봐야 할 여행지 ::: 제주도 7박8일 호젓한 가족여행 ⑤
혼인지/제주도 수국명소/제주도 6월여행지
돈내코 원앙폭포 [돈내코저수지 / 제주도사진여행지 / 제주여행]
[문화추천] 지금 즐기기 딱 좋아! - 국내 액티비티 여행지 쫘르륵
"4월 국내 여행지 추천, 4월 축제 확인하고 봄 즐기자"
&lt;제주도&gt; 서귀포 남쪽관광 여행지 해안도로 드라이브 코스... 
제주도 추천 여행지 / 제주도 여름 여행지 추천 / 비자림 - 다우
제주도 4월 여행지로 추천하는 혼인지의 풍경 엿보기!
제주도 가볼만한곳 구좌 여행지 만장굴 입장료 및 이용시간... 
"곳, 제주도 여행지 추천, 제주도 동쪽 여행지 추천, 올인 촬영지"
한국인이 꼭 가봐야 할 여행지 추천.
제주도 여행지 제주 삼성혈  탐라왕국의 발상지 ^^
{제주도여행지} 봄 꽃보다 더 아름다운 4월의 눈꽃  #페이지
제주도여행 -제주트릭아트뮤지엄 제주도여행지
제주시내점심맛집 교래퐁낭
제주 동박낭 겨울여행지 추천  배경이 열일하는 이곳
겨울 가족여행지 1박2일 추천 - 다양한 체험과 실내 바베큐... 
제주시 여행지 추천 - 조군현가옥
제주도 여행지 추천 봄여행주간으로!
간헐적 실속있는 제주특별자치도 갈치조림
추자도 여행지 BEST 3
"소천지:자연의 웅장함 제주 여행지 추천, 제주도 명소"
"비자림 소요시간, 입장료 저렴 하며 또 가고싶은 제주여행지."
분교의변신 아이들과 뛰어놀기 좋은 제주카페 애월여행지
가을 여행지 추천: 아름다운 단풍 명소
[제주 여행지 추천] 제주 동백꽃 명소 '위미리 동백군락지... 
[제주도여행/섬속의섬여행 / 농촌진흥청 추천 5월 여행지... 
[제주3박4일 여행] 아이와 함께 가면 좋을 제주여행지... 
제주도 선물샵에서 구입한 제주건강밥상 나물비빔밥 맛나
[제주도 여행지 추천] 제주시/도두이동/ 서귀포/애월/ 한림... 
"제주도 여행지 추천/ 에코랜드, 곶자왈, 화산송이 체험하기"
제주도 서귀포 숨은 명소 안덕계곡 나만 알고 싶은 여행지
[한솔교육] 5월 가족여행지 추천 : 제주도
동쪽 오름 다랑쉬오름 둘레길에서 만난 벚꽃 제주도 여행지 추천
해돋이 해맞이 일출 보기 좋은 겨울 바다 여행지 5곳 3분 정리!!
"용인, 충청도 충주, 경상도 문경, 제주도까지 대박 국내여행지"
한국인이 꼭 가봐야 할 국내 여행지 100선 16탄
제주도 여행지로 좋은 동백수목원 카멜리아힐이예요
"[제주도 여행]서쪽 여행지| 금오름,용머리해안,아침미소목장"
8월 제주도 가볼만한곳 꽃 여행지 가시리 코스모스 단지와... 
&lt;제주도&gt; 서귀포 8월 여름휴가 2박3일 일출여행지 추천코스... 
"제주여행, 제주 동쪽 여행지 , 제주 가볼만 한 곳 / 성에 해가... "
[제주특별자치도 서귀포시] 마노르블랑 수국축제
[제주특별자치도 제주도 서귀포시 서귀동] ... 돌솥밥전문 대우정
"제주 김녕해수욕장, 성세기해변 : 제주도 가볼한 BEST 여행지"
제주힐링여행지 추천/성이시돌목장-테쉬폰(제주 웨딩촬영.... 
"찍은 인스타 명소, 사진&amp;산책하기 좋은.. - 제주 포토 스팟 여행지-"
제주추천여행지/ 제주추천여행지인 돌문화공원에서 열리는... 
"뚜벅이 바다 여행 추천(여름 여행지, 뚜벅이 여행, 혼자여행)"
한국에서 즐기는 이국적인 스파 여행지로 힐링 여행 떠나요!
오설록티뮤지엄 근처 맛집 가격 綠茶 제주특별자치도 서귀포시
제주 선물 제주도 특산품 간식 감성 소품 추천 선물고팡... 
제주도 서귀포 인기여행지 섭지코지 추천
10월 11월 여행하기 좋은 제주도 서귀포 여행지 천지연 폭포
"제주도 공항 근처 여행지 용머리 '용두암' 전설, 인어상... "
"[제주 여행 코스] 색감 가득, 제주 봄나들이 여행지"
4월 제주도 가볼 만한 곳... 겹벚꽃 명소 개화시기 이색 여행지
봄에 무조건 떠나야하는 벚꽃핫플 고즈넉한여행지 제주 삼성혈
겨울 여행지 BEST 5
지어지는 제주도 여행지 추천! '허브동산'~ 허브 빅버거도 냠냠... 
국내 바다 여행지 추천!
2017년 첫 여행지 제주
10월 국내여행지 추천 가을에 가봐야하는곳
[카멜리아힐/제주도 가볼만한곳/동백꽃 여행지추천]붉은 동백... 
제주 추천 여행지 - &lt; 제주 유리의성 &gt; 제주 야간개장 관광지
용산 제주유스호스텔! 겨울 낭만 여행지로 최고! (변경사항 알림)
"국내여행지베스트10 - 자연 속의 낭만, 아름다운 숨은 보석들"
[제주도 추천 여행지] 아쿠아플래닛 #1 - Under the sea... 
제주도 여행 5월 한라생태숲 참꽃 여행지 추천
제주도여행지추천 -협재해수욕장 비양도 낙조
&lt;제주특별자치도/우도&gt;내.려.놓.기.(2013.10.30~2013.10.... 
&lt;제주도&gt; 서귀포 7월 여름휴가 2박3일 오름여행지 추천코스... 
[제주도] 제주도 겨울 여행지 추천
청주대 온라인 홍보단 ㅣ 겨울 막바지 국내 여행지
네이버에 있는 여행정보 공식 블로그에서 소금같은 꿈의 여행지... 
제주 첫날 여행지 기념물 제57호 용두암 그리고 어영공원
핫 플 명소 제주 서귀포 산방산 2월 가볼 만한 곳 여행지 추천
제주 동부 역사 여행지 - 임금님의 부름을 기다리던 연북정
제주도 여행 / 제주 여행 / 제주 관광지 추천 / 제주 봄 여행지... 
제주 서쪽 가볼만한 여행지 고려시대의 탐라의 역사를 즐기는... 
4월 봄꽃 여행지 BEST 6/전국 봄꽃 명소(영덕 복사꽃마을... 
[제주여행코스][제주폭설][제주여행지추천][겨울제주여행]
강원도 여행지 추천 양구 한반도섬
(국내 여행지 추천) 국내에서 즐기는 해외감성
봄 제주도 추천여행지 예쁜카페들이 모여있는 월정리해변과... 
해외여행지는 어디일까? &amp; &quot;올... &amp; 제주항공 &quot;해외여행객 증가
관광지·여행지 추천ㅣ제주 테마파크ㅣ제주 전시회ㅣ제주... 
제주도 여행지 추천 동백꽃 명소 겨울 여행 &lt;동백포레스트&gt;
"제주 공항 근처 가볼만한곳,이호테우해변 말등대 등대여권... "
[제주도 여행지 추천]제주도 걷기 좋은 화순 곶자왈 by 미상유
"국내 온천여행지, 바다가 보이는 곳으로 떠나요~"
제주도 신제주성당 첫방문 여행지에서도 미사를!
[제주도 추천 여행지] 아쿠아플라넷 #3 - 바다코끼리 라냐의... 
제주 여행지 추천 《루나폴》 신비롭고 환상적인 곳!
제주도 카멜리아힐 (제주도 겨울여행지 추천)
[3월 제주도 가볼만한곳] 부모님과 함께 가기 좋은 제주도 여행지
[제주여행지] 가시리 국산화 풍력발전단지
[제주도 여행지 / 제주 드라이브 코스] 바람부는 날에는... 
[제주도1박2일여행] 제주도동부 여행지 (아라파파/봉쉡망고... 
[제주도추천여행지]환상숲에 가보셨나요?? 나만몰랐던 환상숲
[제주도 여행지 추천 - 2편 ] 제주시/도두이동/ 서귀포/애월... 
"(제주 추천 여행지) 제주특별자치도축산진흥원목마장, 마방목지"
2월 국내 여행지 추천 :: 겨울과 봄 사이 그 어딘가
제주특별자치도 제주시 서귀포시 코로나 신속항원검사 PCR... 
[제주여행]첫째날 제주도여행지 가볼만한곳 제주도토이파크
"문화의 거리,기념관,미술관,거주지-제주도 여행지 소개와 동영상"
"‘K-관광, 여기 어때?’…무장애 여행지 5곳"
가볼만한곳 관광 명소 제주도 여행지 추천 베스트 10 :: 로띠스마
&quot;죽기전에 꼭 가봐야 할 여행지&quot;
[제주도] 겨울 제주도 가볼만한곳 12월 1월 제주 여행지 모음
제주 남부 여행지 “송악산” 아름다운 바다뷰에 취해보는 산책길
제주여행 제주 애월 근처 가볼만한곳 서쪽 여행지 &lt;새별오름&gt;
여름 제주도여행 일정 공유 동쪽 서쪽 핫플레이스 위주
"우도여행지 추천 박나래 백패킹 비양도, 검멀레 해수욕장"
자연을 좋아한다면 꼭 가야 할 제주여행지 top4 추천(feat.... 
가족여행 추천 제주여행지 큰엉해안경승지 새연교
[제주 여행지 추천] 감귤과 아트의 만남_2022 감귤아트 페스타... 
[제주여행]첫째날 제주도여행지 가볼만한곳 제주유리의성
제주여행지추천 안돌오름 비밀의숲 + 포장도로로 가는법
"겨울 여행지 추천, 연말 해돋이 명소 미리 알아볼까요?"
[제주 여행지 추천] 해바라기가 만개한 '김경숙 해바라기농장'
쇠소깍 투명카약 / 수상레저/ 수상자전거/ 제주도 여행지 추전
제주여행 조랑말 등대가 있는 제주 시내에서 가장 가까운 해변... 
"국내 봄 여행지, 봄꽃축제로 주말나들이 가자!"
국내 여행지 억새 산행 명소 가볼만한곳 추천 10
"[제주도 여행] 죽기 전에 꼭 가봐야 할 국내 여행지, 제주도... "
"제주도 여행지 [가볼만 한 곳 : 올레길, 오름, 해수욕장, 해변... "
제주도 여행지 추천 김영갑갤러리 두모악
비 오는 날 제주 여행지 추천
"[랜선여행] 제주도여행지 리스트 추천2 :: 에코랜드, 용눈이오름"
여행코스 인프피의 재방문을 부르는 제주 서쪽 여행지 추천
【제주도 추천여행지: 삼다수목장 / 맛집탐방기】
[제주 여행지 추천] 백자토를 이용한 나만의 컵만들기... 
여름 휴가 국내여행지 추천
제주특별자치도 2021년 2월 12일 저녁
런던베이글뮤지엄 제주 주차 O 내돈내산 솔직 후기
제주도 숙소 추천 가성비 위치 좋은 숙박 제주공항 근처 숙소... 
제주도여행지 오라메밀꽃밭 축제 추천!
제주도 11월 가볼만한곳 제주 실내여행지 추천
제주도 5월. 제가 다녔던 제주도 추천 무료 여행지 - 스압주의
국내 제주 여행지도 비짓제주 다운로드 (  제주도 관광 여행지... 
제주도 마라도 여행 마라도 가는법 배시간 제주 마라도 여객선... 
서귀포 해장국의 전설 서귀포 조식 맛집에서 먹는 소해장국
1월 설경핫플 여행지추천:: 알프스 뺨치는 이국적인공간 제주... 
&lt;제주특별자치도/엉또폭포&gt;엉또폭포에서 느낀 한 속담의... 
[2018 JEJU] 감각적인 제주 여행지 + 과거와 현재의 공존... 
{제주여행지} 최상의 스릴을 자랑하는 제주 더마파크(The 馬... 
제주도 추천 여행지 표선해수욕장입니다!!
[제주특별자치도] 중산간 포토존 - 렛츠런팜
국내 여름 여행지 1순위는?! 바로 해수욕장!! 남들보다 빠르게... 
아쿠아플라넷 제주도 아이와 갈만한 관광지 추천
제주여행지 추천 : 이호테우해변 말등대 ♥
[제주도 여행지] 제주 공항 근처 저녁 여행 코스로 가기 좋은... 
[6년 전 오늘] 제주도 여행 겨울 여행지로 좋은 제주 한림공원... 
[제주 여행지 추천] 제주 서귀포시 바이나흐튼... 
제주 여행지-김창열미술관 [제주 독채 펜션 마고]
제주도 서귀포 가볼만한곳 가을 여행 바다 제주도 카약 테우... 
제주도/협재해수욕장/가족여행지추천
제주 애월 관광지 유적지와 가을꽃 전망까지 있는 항파두리... 
2월 제주도 여행지 모음집 서귀다원
"무료로 즐기는 일출 명소, 제주 동쪽 필수 여행지, 관광 코스"
국내 신혼여행지 추천!
한파주의보 대신 즐거움 주의보 발령! 겨울방학 실내 여행지 모음
서/추노 촬영지) [제주도 여행지 추천 / 제주도 가볼만한 곳]
제주도 여행지 추천! 북쪽에서 동쪽 코스 &lt;여행지 편&gt;
제주도 음식값이 비싸다는 편견 이제 없애야 할때...
제주힐링여행지! 제주교래자연휴양림 숲속의 휴양관 숙박후기
제주도 서귀포 여행지 추천 &quot;섭지코지&quot;
[제주도 애견동반 여행] 애견동반가능여행지 + 오설록 티 뮤지엄
제주도 여행지 추천 : 서귀포 온천 - 디아넥스호텔 수영장... 
"닥공닷컴 :: 해수부, 봄 여행주간 맞아 어촌체험마을 여행지... "
"제주도 도장깨기)장마 속 제주도 여행지 추천 4곳 (실내,실외)"
제주 자쿠지 제주도 중문 숙소 독채 펜션 그리너리빌리지
"여행계획표양식 받아가세요! (+제주, 여수 국내여행지추천)"
아이랑제주) 제주카페 ‘델문도’  해안도로 앞 제주카페... 
제주를 품은 창_김품창 에세이
[랜선여행] 제주도여행지 리스트 추천 :: 함덕서우봉둘레길... 
제주도 10월 여행지 성산일출봉 정상 대중교통
[제주여행] 제주 겨울여행지로 좋은 위미리 동백 군락지
"제주여행, 제주도 추천여행지, 대포주상절리, 제주오설록... "
국내여행지베스트10 순천 와온해변 외 인생샷 명소 여름... 
제주도 여름휴가 추천 여행지 Best 5 with 니콘 미러리스 Z7
제주도 여행지 가볼 만한 곳 박물관은 살아있다
2월 제주도 여행 3박4일 일정 추천 여행지
&lt;제주도&gt; 7월 서귀포 2박3일 관광여행지 추천 드라이브코스... 
함덕올래 추천 제주도 여행지 제주항일기념관
제주 여행지 서귀포 수국 명소 수국축제 휴애리자연생활공원... 
[제주도 가족여행]... 방목된 말을 볼 수 있는 여유로운 여행지
올여름 가족 레포츠 여행지로 가볼 만한 5곳
"월령선인장자생지, 브레드핏, 제주 협재 근처 추천 여행지"
비 오는 날 가 볼 만한 곳 | 제주도 여행지
제주도 여행!] 제주 반려동물 동반 맛집·카페·여행지 추천 List
제주도 서귀포 4인 가족여행지 오션뷰 카페 _서귀피안 베이커리... 
제주도 서쪽 가볼만한곳 예쁜뷰가있는 여행지와 분위기좋은 펍
"[제주 여행지]산책하기 좋은, 닭머르해안길"
"여름 휴가철, 몸도 마음도 휴식 취하기 좋은 힐링 여행지 추천"
[제주 여행지 추천] 황화코스모스와 하트 나무 사진 스팟으로... 
[제주도여행/제주도추천여행지]비자림
"제주도 여행지 추천 비자림, 아이와 걷기좋은 숲 길 추천합니다"
제주여행지추천! 아이와 함께 갈만한 '아침미소목장'
3월 꽃축제 일정 봄꽃 국내여행지 나들이 가기 좋은 곳!
바다愛 산多' - 열두번째 여행지 제주특별자치도 서귀포시
태교여행:) 제주도 여행지 추천_ 오설록티뮤지엄
[제주도여행/오설록 티 뮤지엄] 녹차향 가득한 제주도여행지... 
제주도여행지 제주센트럴파크 속 정보입니다
"제주도 여행지 추천 (비자림, 우도, 정방폭포)"
별애별/제주가볼만한곳/제주관광/제주여행지/소인국테마파크
제주도 억새 추천 여행지 베스트6
[3월의 추천여행지]남도 꽃 잔치로 놀러오세요!
국내 제주도 추천 여행지 추천 관람지 휴애리
파크 후기 입장료 작품전시 정보 소원4U 체험 제주도 여행지 추천
이국적인 국내여행지 64
우도여행 가볼만한곳 검은모래 명소 검멀레해변
여름 제주도 7월 8월 가볼만한곳 명소 휴가 여행지 추천 10... 
전국 여행지 목록
"[월간웰촌] 12월의 꽃, 동백 명소 알아보기"
제주 선녀와나무꾼/ 제주가족여행지/제주실내여행지/ 제주... 
[제주도 북쪽 코스] 2022년 상반기 북쪽 제주 여행지 총정리... 
"떠나요 제주도, 올해 다녀온 제주도 여행 3박 4일 5개 여행지... "
"박물관] 제주 서귀포 승마체험, 아이들과 함께하기 좋은 여행지"
"제주도 여행지 추천 / 탐라국 제주의 기원, 삼성혈"
제주 동쪽 펜션 제주 여기머물다 구좌읍 오션뷰 숙소 뷰와 조식... 
12월 제주도 추천 여행지 차귀도 억새
제주도 벚꽃 명소 추천 관광지 7곳 - 이색적인 봄 여행지로... 
2월 제주도 여행지 유채꽃 개화시기 유채꽃 명소 ' 산방산  '
제주도 서귀포시 여행지 추천 - 오설록 티뮤지엄
"제주특별자치도 2021년 5월 19일 오후 구엄리 현무암, 제주동... "
[제주맛집]제주특별자치도 제주시-협재더꽃돈
제주 섭지코지 아이와 함께 산책하기
"아이와 엄마 둘 다 만족한 제주 여행지, 화조원"
제주도 여행지 상효원 관람기입니다
제주도 추천 여행지  아르떼뮤지엄
다녀온 두번째 여행지 추사 김정희 유배지-제주추사관
제주특별자치도 세계자연유산 성산일출봉 늦은 방문기
2023년 전국 봄 여행지 추천 BEST
하멜상선전시관 서귀포 스페르베르호 - 제주도 여행지 추천
"[제주 여행지 추천] 제주 여행시, 비행기 시간이 애매하게... "
"제주여행, 제주도 추천여행지, 제주도 유채꽃, 제주... "
서귀포 가볼만한곳] 오감으로 느끼는 제주 자연여행지 BEST3
(제주도 여행지 추천) 이호테우해변
제주 역사 여행지 항파두리 항몽유적지
