"곳 세종 국립수목원, 어르신들도 좋아하세요! 세종시 여행지... "
세종시 가볼만한 곳 봄나들이 가족여행지 추천 국립세종수목원
충청도 가볼만한곳 세종시 국립세종수목원 추석 연휴 여행지
국내여행지추천 세종시 아이와 가볼만한곳 국립세종수목원... 
세종 국립세종수목원/힐링하기 좋은 세종시 여행지 추천
인생샷 여행지는?! 국립 세종수목원 세종시여행 나들이
국내 가을 여행지 추천 세종시 국립세종수목원
세종시 가볼만한곳 국내겨울여행지 국립세종수목원
아이들과 가볼만한곳 세종시 국립세종수목원 가을 여행지
[세종시 여행]아름다운 국립세종수목원(서울근교 데이트 코스... 
겨울여행지 : 실내 데이트장소 : 세종시 가볼만한 곳 :: 국립세종... 
정부세종청사 옥상정원 세종시 가볼 만한 곳 세종 관광여행지... 
세종시 야경명소 낭만적인... 있는 아름다운 여행지 세종호수공원
국내여행지 추천 세종시 가볼만한곳 '국립세종수목원' 도심형... 
한식 맛집 연남솥밥 세종 / 세종시 여행지 추천
"세종시 가볼 만한 곳, 세종 여행지 추천, 세종 커플 데이트 장소... "
10월 가을 축제 여행지 세종... 불꽃축제 세종시 가볼 만한 곳... 
세종시 가볼만한곳 세종... 주말 여행지 갈만한곳 드라이브 추천
"세종시 여행, 아이와 함께 가볼... 가족들과 방문하기 좋은 여행지"
세종수목원 반려식물키트... 후기 / 세종시 여행지 추천... 
베스트웨스턴 플러스 세종 호텔 세종시 감성 숙소
대전 근교 가볼만한곳 세종시 여행 세종 뒤웅박고을 나들이
싶은 여행지 ♥- 세종시·세종·청주시·청주·다정동·새롬동
세종 실내 가볼만한곳 세종시 국립세종수목원 힐링 데이트
당일치기 국내 기차여행 세종시 가볼만한곳 부강역 세종홍판서댁
충청도 가볼만한곳 세종시 국립세종수목원 봄 나들이 데이트
세종시 가볼만한곳 기네스북에 오른 정부세종청사 옥상정원
대전 근교 세종시 가볼만한곳 세종 데이트 국립세종수목원
정부세종청사 카페 바이핸커피 세종시 블루리본 추천해
세종 금강수목원 힐링과 산책으로 세종시 가볼만한곳... 
국내 유명 세종시 호텔 베스트웨스턴 국립세종수목원 가볼만한곳
세종시 데이트 가볼만한곳 국립세종수목원 입장료 할인 예약... 
“아빠 어디가?” 아이와 함께 가볼 만한 세종시 여행지 4곳
"여행지에서 돌아오며 : 세종시, 대전시 초간단임장"
세종시 가볼만한곳 데이트 세종 베어트리파크 공원 동물... 
세종시 여행 가볼만한곳 세종 뒤웅박고을 드라이브 나들이 코스
아이와 세종 가볼만한곳 세종시 국립세종수목원 코스 국내여행... 
세종시 가볼만한곳 대전 청주 근교 여행 나들이 국립세종수목원... 
가볼 만한 곳 아름다운 세종시에 모습을 볼 수 있는 여행지 원수산
세종시 아이와 가볼만한곳... 체험 입장료 할인 가을여행지 추천
세종시가볼만한곳 세종전통시장 광진짜장 당일치기 세종데이트
세종시가볼만한곳 : 따뜻해서... 좋은 국립세종수목원 사계절온실
세종 신상카페:: 금남면... 갤러리 카페(세종 시 편한 카페 추천)
세종 가볼만한곳 베어트리파크 단풍 동물먹이주기체험 세종시... 
세종조치원복숭아축제 7월 국내 여름 여행지로 가볼만한곳
세종시 가볼만한곳 사계절... 핑크퐁 정원이 있는 국립세종수목원
가을에 꼭 가봐야 하는 세종 여행지 '단풍 명소 베어트리파크'
세종시 가볼만한곳 데이트 산책 세종호수공원 자전거 주차장
가을 여행지 추천 국립세종 수목원 주차 데이트
발길이 머무는 곳마다 '힐링'이 담긴 여름 여행지 - 세종
세종시 날씨 개좋아(Feat.세종이왕자)
세종 물놀이 고복수영장 신나는 여름여행지
충남 가볼만한 가을여행지 세종 여행 금강수목원  입장료... 
"근교 여행지 추천, 다양한 문화 행사를 즐길 수 있는 ‘세종... "
[세종시] &lt;국립세종수목원&gt;을 다녀와서(ft. 추천코스 3... 
세종시 조세 박물관 어린이 여행지로 추천
세종 여행 전의역 주변 여행지 베어트리 파크
세종시 가볼만한곳 : 봄나들이 : 봄꽃여행지 :: 국립세종수목원... 
"[여행지추천/세종시] 세종시로 떠나는 여행, 세종은 처음이지?"
세종중앙공원 놀이터 세종시 공원 비대면 여행지
세종 가볼만한곳  아름다운 사찰여행지 겹벚꽃명소 영평사
세종여행지 세종시를 내손안으로 쏙~ 밀마루전망대
세종여행지 -야외 천불전이 인상적인 세종시 황룡사
"세종시 실내 여행지, 다양한 체험학습이 있는 세종시립민속박물관"
뒤웅박마을... 세종시 볼거리 여행지 세종 뒤웅박고을
[세종시여행]가볼만한여행지 세종호수공원
"세종시 가볼 만한 곳, 가족여행지 세종호수공원"
여행이좋다 :: 세종시... 세종 갈만한곳 여행지 관광지 여행지도
봄맞이 마실길 세종호수공원 야경(세종시 추천여행지)
세종시 세종 가볼만한곳 여행지 추천 - 세종 호수공원
[입선] 새로운 여행지 세종시 가볼만한곳 세종호수공원과... 
"세종 캠핑장 가볼만한곳, 세종바베큐장  고기어때 후기"
세종호수공원 야경 ~세종시여행 추천여행지~
[세종 추천 여행지] 베어트리파크 단풍축제 10월 21일 시작
세종 여행지 추천 세종시 연서면 노거수 탐방
세종시 여행지 추천 초록색 정부 세종청사온실
세종 여행 세종시 여행지 추천 봄비 내리는 세종호수공원
세종시나들이_ #봄꽃여행지 세종국립수목원  봄꽃 실내온실... 
세종에서도  겹벚꽃을 볼수... 세종시추천여행지 세종시겹벚꽃
세종시 여행지 추천 가볼만한곳 세종청사온실
"세종시 가볼만한곳, 세종 벚꽃 명소 조천변 벚꽃길 ft, 세종... "
가봄]사계절 내내 가기 좋은 세종시 여행지: 국립세종수목원
세종시 베어트리파크 당일치기 추천 여행지 세종... 
세종시 여행지 추천 봄 향기 가득한 세종전통시장
세종여행지 -조망이 멋진 밀마루전망대
세종시 여행지 추천 가볼만한곳 국립세종도서관 이보형... 
세종시추천여행:국립세종수목원:봄꽃여행지♥4계절온실
세종시 가볼만한곳! 세종시 여행지로 세종호수공원 추천해요!♪
세종시 여행지 * 따스한 봄 햇살을 만날 수 있는 금강수목원
국내 유일무이 여행지! 세종시 여행이 앞으로 더 기대되는 이유
세종시 호텔 베스트웨스턴 플러스 세종 숙박
세종여행지 추천 세종시볼거리 조천연꽃공원.
3기] 세종특별자치시 마을기업과 함께 한 세종시 여행지 추천... 
"[최우수상] 세종, 아홉빛깔여행지"
세종시 언택트 여행지 와서 힐링 :-) 금강자연휴양림
세종시 인기 여행지 대통령기록관! 기록이 역사다.
조치원역 주변 여행지 세종전통시장부터 권투체육관까지
"국내 여행지 추천 세종 고복저수지,오봉산 맨발등산길"
"세종시 언택트 여행지 - 금강 자전거길, 금강자연휴양림... "
조치원 연꽃축제: 조천 연꽃: 세종 연꽃: 세종시 추천여행지
세종시추천여행지꼭가볼곳 세종호수공원야경 밤나들이
"[입선] 세종시를 무작정 걷다, 세종특별자치시로 떠나는 도보여행"
[세종시/가족나들이/여행지추천] 곰들과 함께 힐링하는... 
세종시 가볼만한곳 국립세종수목원 야간개장 온실 예약 주차... 
"세종시 운주산 비암사 여행... 곳, 세종여행지추천... "
"온 가족이 함께 가요. 세종수목원 야간개장, 7세들과 다녀온 후기"
세종시여행지추천) 국립세종수목원 “사계절전시온실”... 
세종시 당일여행지 추천
세종 아이와 가볼만한곳 이색 데이트 세종시 국립세종도서관
충남근교 세종시 미래엔 교과서박물관 추억여행지... 
겨울여행지 추천 국립 세종수목원 겨울 크리스마스 실내... 
국내 가을 여행지 베스트 10 : 세종시 추천 명소 (주말 나들이)
"세종시 당일치기 추천 여행코스 (베어트리파크, 오봉산, 세종호... "
겨울 여행지 국립세종수목원 온실 아쿠아리움 핑크퐁 꿈의정원... 
세종시 라멘 어진동맛집 [세종] 어진동 - 멘야카라이
세종여행지 세종호수공원에서 주말보내기
세종시 빵집 [세종] 어진동 - 삼송빵집 세종엘큐브점
충청도 가볼만한곳 세종 가을 여행지 추천 국립세종수목원
"장군면의 모든 것, 세종시 장군면 여행지 추천 12 명소"
국내 당일치기 여행지로 유명한 국립세종수목원 소개해요!
세종 공원 세종시 가볼 만한 곳 세종 호수 공원 국내 맛집... 
세종 가볼만한곳 세종시 데이트 세종호수공원 자전거 피크닉... 
[세종시 여행지 추천] 세종청사 옥상정원
날때는 세종시 고운동 알탕맛집. 육회 본가 세종 고운점으로... 
세종 도담동 맛집 세종시 삼겹살 [세종] 도담동 - 하남돼지집... 
오송역 주변 여행지 둘 - 오송호수공원과 세종호수공원
가을꽃축제 10월 11월 주말 여행지 세종 국립세종수목원 가을... 
세종시 아이들과 갈만한곳... 나들이 하기 좋은 국립세종수목원
[세종 여행] 세종호수공원_세종시 가볼만한 곳!!
[ 세종시 여행 ] 세종시티투어 버스 10월 31일까지 운영
"[세종여행] 대구 삼송빵집이 세종시에도?! (위치,주차,가격)"
"비대면 여행지 추천, 세종시 오봉산&amp;고복자연공원"
충청도 여행지 세종 가볼만한곳 세종호수공원 주차장 자전거
도담동맛집 세종시 해장국 [세종] 도담동 - 24시... 
세종시 추천 여행지 : 초려역사공원
세종시 여행지 사계절 걷기 좋은 고복저수지 둘레길
베어트리파크 세종시가볼만한곳 세종시티투어 여행지로 엄지척!!
세종 추천 여행지 : 황룡사와 황우산
세종시 당일여행코스 국립세종수목원 세종호수공원 여행지... 
세종 가볼만한곳 세종 비대면관광명소 세종 겨울여행지 세종... 
세종시 조치원 평리문화마을 여행 : 봄 여행지 추천 / 세종... 
충청도 여행지 아이와 실내 가볼만한곳 국립 세종 수목원... 
세종 야경명소 가볼만한곳 더글로리촬영지 세종호수공원 주차
국내 겨울 여행지 실내데이트 국립세종수목원 온실 충청도... 
세종시 세종 전통장류 박물관 뒤웅박 고을 가볼 만한 곳 대전... 
[세종특별시]주말 세종시로의 외출~^^
국내 호캉스 추천 세종시 호텔 조식 뷔페 베스트웨스턴플러스세종
세종시 가볼만한곳 국내 겨울 여행지 청주근교여행 겨울데이트... 
세종시/세종호수/세종호수공원... 가족나들이좋은곳/여행지... 
"세종시 가을 여행지 :-) 금강자연휴양림, 뒤웅박고을... "
세종시 금남면 여행지 추천 12 명소
충남 공주 무령왕릉 왕릉원 송산리고분군  세종 근교 여행지... 
"세종시로 떠나는 여행, 세종은 처음이지?"
세종시 가볼만한곳 야경명소 세종호수공원 음악분수
"세종시 가볼만한곳 / 국립세종수목원(사계절온실,분재원... "
세종시 조치원 여름 여행!... 당일치기 여행지 추천/ 세종전통시... 
[여행] 세종시 가볼만한곳 국립 세종수목원 언택트 여행지 !!
세종시 추천여행지-세종시 랜드마크 밀마루전망타워
[세종시 여행지 추천] 국립세종수목원
철길따라 임장여행 _경부선편_[8]세종특별자치시 (ft. 세종시... 
세종시 아이들과 가볼 만한 곳 눈썰매 겨울나들이 세종호수공원
5월 국내여행지로 찾기 좋은 세종시 &lt;밀마루전망대&gt;
세종 아이와 가볼만한곳 주말여행 추천 세종시 국립세종수목원... 
세종시 당일여행지 추천코스 영평사/호수공원/베어트리파크
봄여행 국내 여행지 추천 국립세종수목원
세종시 고복저수지 대전 근교 나들이 일몰 명소 충남 여행지
세종대왕시절 여진족을... 개척했던 김종서장군묘 세종시 여행
대전 근교 가볼만한곳 세종시 국립세종수목원 주말여행 추천
세종여행지]맛있는 세종 떡집: 4대가 이어가는 전통떡집
세종시 갈만한곳 &lt;국립세종수목원&gt; 2탄 / 세종시가볼만한곳... 
세종시 힐링 여행지 국립세종수목원
세종시 조치원 신안리 걷기 좋은 산책명소 아름다운... 
"세종시 소품 SH엔틱소품 : 세종 인테리어소품, 로얄스탠다드... "
대전 근교 세종 뒤웅박 10월... 곳 여행지 추천 뒤웅박고을 여행
국내 겨울 여행지 추천 : 국립세종수목원 실내 데이트 코스 예약
세종시 갈만한곳으로 금강자연휴양림과 세종호수공원... 
세종 이색여행지-뒤웅박고을
대전 청주 근교 가볼만한 여행지 세종 호수공원
세종시한의원 유명한 세종경희한의원 친절한 후기~♥
국내 여름 여행지 추천 여름에 가볼만한곳 6월 국립세종수목원... 
생각나는 여행지  | 세종국립수목원 | 세종호수공원 | 밀리67 |
"애견동반 세종시 나들이 - 세종국립수목원, 세종호수공원"
세종시 아이와 전북 부안 3박 4일 가볼만한곳 여행지
세종시 당일치기여행 세종호수공원
세종시 국립세종수목원 관람
세종시여행 가볼만한곳 세종호수공원과세종 중앙공원에서... 
"국립세종수목원, 한겨울 갑작스러운 식물원 나들이"
세종시에서 찾아보는 도심 속 역사문화 여행지 TOP3!
금강수목원 다육식물원 -세종시 봄여행지
국내 겨울여행지 세종 가볼 만한 곳 3곳
[세종특별자치시/금남면]... 대전근교여행지/공주시/세종시
세종특별자치시는 작지 않다 (feat 세종시 반려견동반여행)
세종시 대학교 탐방 : 고려대학교 세종캠퍼스 다녀왔어요!
서울근교 여행지 : 세종시 가볼만한곳 능소화 사진 포인트
"세종 가볼만한곳 찾는다면, 세종시 여행 어플 '세종은 처음이지'"
"세종, 충북 추천 여행지 베스트 5"
세종 호수공원 놀러갔다 먹은 어진동 맛집 세종시 치킨♥
"국내 힐링여행,세종시 가볼만한곳 세종호수공원 세종중앙공원"
세종 가볼만한곳 아이와 데이트 국립 세종 수목원 겨울 여행지... 
[2018년 세종시 블로그... 1박2일 세종여행 힐링여행지... 
"세종시 사진찍기 좋은 곳, 세종프로방스"
세종시 전원주택지 세종 아트포레 타운하우스와 비교해봤어요... 
걷고 싶은 여행지로 손색없는 세종시 청벽전원마을
국내 유명호텔 세종시 호텔 호캉스  베스트 웨스턴 세종 조식 뷔페
충남 가볼만한곳 충청도 여행지 추천하는 세종시 고복저수지... 
완화되면 가보고 싶은 안전한 캠핑여행지 '세종합강캠핑장'
세종시 오피스텔 해피라움시티 세종 금강뷰 오피스텔
(5구간)&amp;세종호수공원/대전․세종지역 친환경 추천 여행지
우리동네#76 세종 중앙공원 - 세종 언택트 여행지와 놀이터로... 
[세종여행] 세종(시) 가볼만한 곳 베스트 10
국립세종수목원 겨울 여행지 추천 국내 당일치기 여행
세종 아이와 가볼만한곳 세종시 드라이브 국내 당일치기 여행... 
[안목일상] 세종시 국립세종수목원 방문하다 / 예쁜 식물과... 
세종시 가볼만한곳 국립세종수목원 대전 근교 공원 나들이... 
"세종시 가볼만한곳,세종 금강수목원 &amp; 공원"
세종시 베어트리파크. 가을 여행지로 좋아요♩
&lt;세종시 여행사 하나투어/조치원세종투어&gt;베트남 핫한 여행지... 
세종 여행지 추천 여울목 수변공원 백만송이 장미원
"세종시 야경사진 명소, 세종호수공원 야경"
"카메라로 담은 2021년 벚꽃 엔딩 ft, 대전, 세종 봄 여행지"
국내 1박2일 여행 충남 세종시 호캉스 및 가볼 만한 곳 등 상세... 
&lt;세종시 여행사 하나투어/세종투어&gt; 베트남 핫한 여행지 '다낭... 
국립세종수목원 힐링 여행지 시범개장 12.31일까지 무료입장~
충청도 여행지 조치원 가볼만한곳 세종 데이트 세종전통시장... 
여행 &gt; 세종시 국립세종수목원
(세종) 어진동 정부청사맛집 - 세종시브런치카페 레스토랑... 
세종시 빛 축제 이응다리 야경 인생샷 사진명소 금강보행교... 
"세종시 부강면 여행, 숨겨진... 작은도서관 / 세종 홍판서댁... "
세종 가볼만한곳 금강수목원... 열대온실 대전근교여행지
세종 여행지 세종 호수공원
02) 세종시에서 만나본 멋진 호수공원 세종호수공원을... 
세종시 여행지 전통 문화 양화리 느티나무 공원
국내힐링여행 세종 충북 여행지 5곳
[세종시여행]세종시가볼만한여행지/곰이 겨울잠을 잔다고요?
"세종시 가을단풍 볼만한곳 예양1리 은행나무, 고려대학교 세종... "
세종시 국립세종수목원 탐방 2/2_ 가을의 세종공원 둘러보기
세종시로 여행을 떠나다! 세종 원수산 &amp; 전월산
&lt;세종시 여행사 하나투어/세종투어&gt; 따뜻하고 아름다운 여행지 괌
세종시 여행지 부강약수 물문화 자연사 광장
세종시 여행 가볼만한곳 : 세종 금강 자연휴양림 메타세콰이어길
"세종시여행 가볼만한곳, 국립세종수목원"
충남 은행나무 명소 세종 비암사 가볼만한절 은행나무길... 
나만 알고싶은 세종시 고복저수지 카페 재생
세종시 가볼만한곳-세종합강캠핑장
세종시 가볼만한곳 조천연꽃공원 걷기 좋은 길
세종시근교가볼만한곳 부강의작은여행지 이곳!
&lt;세종시 여행사 하나투어/세종투어&gt; 매력이 가득한 여행지 중국... 
세종시 투어 / 베이크229 / 세종 앤틱 카페 / 세종시 카페 추천
세종 아이와가볼만한곳 국립세종수목원
희소식! 교통카드 한 장으로 떠나는 세종시 버스 여행
세종시 여행지추천 김종서장군 공원
[국내여행] 국립세종수목원 / 가을여행 / 겨울여행지... 
[세종시 여행사 하나투어/세종투어 세종우체국 지점] 12월... 
세종 시립도서관 가보셨나요? 세종시 가볼 만한 곳 추천
세종시 세종프로방스 여행 후기 / 충북 여행
[세종시 여행사 하나투어/세종... 좋은 여행지 / 홍콩 디즈니랜드
"세종시가볼만한 곳,세종호수공원 가을풍경"
&lt; 국내여행 / 충청도여행 &gt;대전에서 가까운 여행지 추천 - 세종시... 
세종시 여행지 추천 고운뜰공원의 화려한 변신
"세종여행! 국립세종수목원, 세종호수공원, 밀마루전망대!"
세종시 가볼만한곳 조치원 조천연꽃공원 이어서 세종전통시장
"세종시 가볼만한 곳, 농촌으로 떠나는 문화 바캉스 세종시립민... "
자연과 도시가 조화를 이루는 세종시 도심여행
세종시 여행지 한솔동 아침뜰근린공원
"세종시 여행지 추천 놀이, 소통, 기억, 꽃의 호수공원"
[세종시 베어트리파크] 세종가볼만한 곳 : 동물원&amp;식물원... 
대전 근교 세종 &quot;겨울 여행지 설경 명소 Best 3&quot;추천!
가을여행주간 세종시의 다양한 여행지 추천 정리!
세종시 여행지 추천 핑크 핑크한 고운뜰공원 가을
"퓨전국악 비단의 국내 여행지 추천, 특별한 夜행 국립세종수목... "
세종시 여행 세종전통장류박물관
세종 가볼만한곳 - 봄 여행지로 좋은 세종호수공원
&lt;세종시 여행사 하나투어/조치원 세종투어&gt; 타이완의 중간 도시... 
대전근교 가볼만한곳 국립세종수목원 힐링 여행지 추천
세종시 수목원:국립세종수목원... 수목원추천/코로나언택트여행지
대전 근교 여행지 》 설 연휴 당일치기 세종 가볼만한 곳 &quot;국립... 
"코스 수원 - 세종 - 담양 - 보령, 호캉스와 가볼만한 국내여행지"
&lt;세종시 여행사 하나투어/조치원 세종투어&gt; 아시아의 진주 태국... 
"아름다움, 세종 여행지 추천 :: 가을 여행지 추천, 아이와 함께... "
"남편 퇴임 후 첫 여행지, 세종시 (622)"
세종 일몰명소 원수산 등산코스
세종시 여행지 추천 외딴말 박물관 ~ 포도잼
세종 여행지 추천 - 국립세종수목원
나에게 딱 맞는 세종시 관광지 찾기 TEST! (15) - 세종호수공원... 
세종시 여행지 추천 대통령기록관
"세종호수공원, 세종지혜의숲 - 세종시의 열린 관광지"
세종시 가볼만한곳 세종시청방문기
세종 전통시장 과 조치원 테마거리 둘러보기
세종시 여행지 추천 깁가람수변공원
대전 근교 가볼만한곳 세종호수공원 걷기 좋은길 주말 갈만한곳
"세종시 아이랑 가볼만한곳, 다양한 공룡들이 한가득, &quot;세종... "
세종 베스트웨스턴플러스호텔 스탠다드 더블룸
&lt;세종시 여행사 하나투어/조치원 세종투어&gt; 다양한 매력을 가진... 
세종시 여행지 추천 전의 열녀남양홍씨정려
세종시 여행지 추천 초려역사공원 갈산서원
"KTX, 충북선 오송역에서 떠난 세종 여행 코스"
여행이좋다 :: 세종시 명소 세종정부청사 옥상정원 관람방법... 
[세종시여행]세종시 가볼만한 여행지 곰이 사는... 
"걷기만해도힐링,세종시인근여행지,사계절아름다운... "
세종시 가볼만한곳 주말 여행지로 딱!
세종시 여행지 추천 조천변 벚꽃 터널
"세종교통공사, 세종시 여행은“버스타고 세종여행”으로"
세종시 가볼 만한 여행지&quot; 김종서 장군 묘
세종시 가볼 만한 곳 세종아트페어 2019SAF
연휴 기분전환 힐링 여행지 추천 전국 100선 모음 가을 여행지
세종 레이캐슬cc 2부 라운딩 (feat.맛집 매그놀리아... 
세종시 가볼만한곳 여행지 추천 효자 김종철 정려
세종도담동맛집 충실옥 뼈해장국에서 감자탕 포장해서 먹은 후기
세종시 장군산 영평사 겹벚꽃 청겹벚꽃 철쭉 (세종시 가볼만한곳)
"[충남/세종/천안 여행] 세종시 베어트리파크★천안,세종,아산... "
국립세종수목원 야간개장 아이와 야외&amp;실내데이트 가능한 곳
세종시고기집_ 세종 삼겹살맛집 숙성삼겹 대진식당
[저널디]2016 가을 여행주간 세종시 프로그램-세종 도시... 
세종 가볼만한곳 낭만적인 야경을 볼수있는 방축천 음악분수
세종시 가볼만한곳 나라꽃 무궁화 세종축제
국내여행지베스트10 대전 오월드 국립세종수목원 공주 갑사... 
[세종시 여행사 하나투어/세종투어 세종우체국지점] 12월 추천... 
(세종시 도넛맛집) The modern... 모던도나스 #세종빵지순례... 
"세종시 여행지 추천 단오절, 영평사 풍경"
세종시 여행지 추천 봄이 피어난 세종시 영평사
세종시 여행지 추천 여울목수변공원 참샘약수터
"대전 근교 실내 여행지 아이와 함께 가기 좋은 곳, 국립세종수목원"
여름 휴가철 전국 농촌체험농장 소개(충남/세종/대전편)
[세종시] 가족 나들이 가을 여행 “국립세종수목원” 방문 후기... 
세종시 여행지 추천 임난수 장군 독락정역사공원
세종시 여행지 추천 이유태 문화 유적 초려역사공원
"세종시여행지 밀마루전망대, 세종시전망보는곳"
국내여행지 추천 세종에 가면 아이와 가볼만한곳 대통령기록관... 
[세종시 여행사 하나투어/세종투어 세종우체국 지점] 12월... 
세종 여행지 추천 향토유적 제26호 열녀 부안임씨 정려
((인생샷 명소)) 세종시 여행 필수코스&lt;국립세종수목원&gt;
세종 가볼만한곳 세종시 황룡사 &amp; 녹문 임성주 선생 묘소 여행
세종시 가볼만한곳 김종서장군묘&amp;영평사 힐링코스 여행지
세종시 가볼만한곳 추천여행지 금강수목원
세종 조치원복숭아축제와 함께 세종 7월 여행지로... 
국가민속문화재 138호 세종시 부강면 홍판서댁
세종시 여행지 추천 참샘 전설을 찾아
세종시 가볼만한곳 여행지 추천 고복저수지 조각공원
세종시 비대면 여행지 &quot;TOP 5&quot;
[세종시 여행사 하나투어/세종... 좋은 여행지 / 상해 디즈니랜드
[세종 조치원 여행지] 세종시 베어트리파크
세종 봄맞이 여행지 정부 세종청사 온실
세종시 가볼 만한 곳 세종 사찰 비암사 운주산 천년고찰
세종시 가을 비대면 여행지 가볼만한 곳
"세종시 가볼만한곳, 대통령기록전시관에서 열리는 세종대왕과... "
충남 세종 가볼만한곳 여행지 코스 추천
[세종] 세종시 안경점 '세종안경' 가격도 저렴하고 예쁜제품... 
대전근교 여행 : 우울한 세종호수공원 나들이
"선물받자-30일까지 세종시 음식점, 여행지에서 스티커 모으면... "
세종 가볼만한곳 국립세종수목원 다녀왔어요
대전 근교 가볼만한곳 여행지 추천 세종 전통시장 조치원... 
[국내여행지] 세종시 관광_세종시 금강보행교 개통
세종 여행지 추천 향토유적 제10호 효자 성이복 정려
세종시 여행지 추천 가볼만한곳 고복연꽃식물원
"세종시 베어트리파크, 아이와 가을여행지로 가볼만한곳"
여행이좋다 :: 세종시 나들이 갈만한곳 세종 금강수목원
세종시 여행추천 가볼만한곳 세종호수공원 수상무대섬
세종아이와가볼만한곳 추천 여행지(세종공룡월드)
가볼만한 곳 ‘국립세종수목원’ 여행지 추천 (무료입장+야간개장)
겨울 여행지 아이와 함께 국립세종수목원
세종 여행지 추천 숲바람장미원
대전 근교 가볼 만한 곳 세종시 당일치기 여행 세종 뒤웅박고을... 
여행이좋다 :: 여름에 가볼만한곳 세종 조천연꽃공원
세종시 가볼만한곳-세종호수공원 무대섬 야경
&lt;세종시 여행사 하나투어/조치원 세종투어&gt; 동남아 가족여행지... 
"세종시 가볼만한곳 - 가족여행지 베어트리파크(구, 송파농원)"
세종 여행지 추천 연꽃 핀 조천연꽃공원
세종시 여행 세종 가볼만한곳 은하수공원의 봄
"세종시 산책길, 세종호수공원 #공원추천 #세종호수 #세종시갈만... "
세종 여행지 추천 조천연꽃공원
세종 코스모스 숲뜰근린공원
세종 가볼만한곳 장미명소 숲바람장미원
세종시 드라이브코스 낭만적인일몰맛집 고운뜰전망대
세종 여행지 추천 - 국립세종수목원
세종 가볼만한곳! 국립 세종 수목원 솔직 후기(위치/주차장... 
[세종시 가볼만한곳] 아름다운 꽃으로 마음을 끄는 학림사
국내 당일치기 여행 대전근교 세종 가볼만한곳 국립 세종 수목원
하나투어/조치원 세종투어&gt; 겨울에 가기 좋은 여행지 필리핀... 
세종 가볼만한곳 금강수목원
세종시 베어트리파크 - 곰도 보고 힐링도 하고~
언택트여행지 100선 국립세종수목원
[국립세종수목원] 두 돌 아기와 가기 좋은 근교 여행지
세종 가볼만한곳 베어트리파크 입장료 할인 주차 정보 세종시... 
세종시 가볼만한곳 밀마루 전망대 행복도시 세종
[세종시 여행사] 청주 출발 후쿠오카 규슈
하나투어/조치원 세종투어&gt; 겨울에 가기 좋은 여행지 필리핀... 
세종시 여행지 추천 아름다움이 피어나는 조천연꽃공원
세종시 연서면 향토유적 열녀 부안임씨 정려
[여행] 세종시 여행지 4곳 _ 220728 목
세종 여행지 추천 세종대왕의 물 전의초수
"[금강수목원]세종시가볼만한곳, 봄꽃나들이 자전거여행지 최고"
늦가을에 떠나는 근교 여행지 추천 3곳!
&lt;세종시 여행사 하나투어/조치원 세종투어&gt; 겨울에 가기 좋은... 
세종시 10월 아름다운 가을꽃 구경갈만한곳 용수천변... 
세종 여행지 추천 진주정씨사효정려 정려각
세종 여행지 추천 세종시립민속박물관
방학을 맞아  세종시 가볼 만한 곳
세종]교과서박물관(알쓸신잡여행지)
세종근교스파 세종시펜션 자연 가득한 힐링 스팟
세종 여행지 추천 가볼만한곳 봉산동 향나무
세종 드라이브 세종호수공원 주차장 단풍 텐트 자전거 야경
세종시 한신더휴 나성동 주상복합 아파트 상가(세종 한신더휴... 
&lt;세종시 여행사 하나투어/조치원 세종투어&gt; 겨울에 떠나기 좋은... 
'114번 째' 여행지 [홍익대학교(세종캠퍼스) *홍대 세종캠*]
개천절연휴 추천여행지 ♩ 10월 대전축제 + 세종축제모음
언택트 여행지 추천 vol.3 세종 당일치기 여행 코스... 
[ 세종 해밀마을 ] 마스터힐스 세종시 해밀리 연기면 64생활권... 
세종여행지 다방리 도깨비도로길
"세종시청 주변, 충청도 여행지로 가볼만한 곳은?"
"세종의 힐링 여행지, 조천연꽃공원과 고복저수지"
"가볼만한 곳 국립세종수목원, 세종 아이와 가볼만한 여행지 추천"
세종 여행지 추천 연꽃 가득 피는 고복연꽃식물원
세종 빛축제 기본정보 불꽃놀이 일정 이응다리 축제 세종... 
세종시 아이와 가볼만한곳 세종 베어트리파크 입장료 할인 곰... 
[ 개발지역 ] 세종시 나성동 #2 새롬동 24생활권 세종특별자치... 
기차타고 떠난 세종 가볼만한곳 BEST
세종 여행지 추천 5월의 장미 여울목 수변공원 장미원
세종 여행지 추천 전주이씨 삼효 정려
세종시 가볼만한 곳 고운뜰공원 전망대까지 다녀왔어요
세종 여행지 추천 새롭게 태어난 김종서 장군 묘소
세종시 부강면 맛집 짜글이 토종닭 맛볼 수 있는 고향집... 
세종시 아이와 갈만한 곳 옛날 추억이 생각나는 미래엔... 
"(서울식물원, 국립세종수목원, 아침고요수목원, 곤지암반디숲)"
[대외활동/S서포터즈] 세종시 투어 / 퐁당 / 세종 맛집... 
2013년 완공한 세종시 중심행정타운의 휴양처~ 세종호수공원... 
[세종충북 가봄]사진 찍기 좋은 충북 대표 여행지 베스트 5
4✨세종시 가볼만한곳국내 여행지 추천‼️국립세종수목원... 
세종 여행지 추천 조세박물관 조운 특별전
국립세종수목원 세종시 도심 속 나들이 힐링했네
[세종시/여행/가볼만한곳] 국립세종도서관
차박&amp;글램핑 어때요? - 대전·세종·충남 차박&amp;글램핑 여행지 추천!
세종시 여행지 초려역사공원 주련(柱聯) 풀이
세종시 호수공원 대전 근처 여행지 추천해요ㅎㅎ
세종 복숭아축제 첫날 구경하고 왔어요
세종 여행지 추천! 세종호수공원!
세종 고속버스터미널 시간표 요금 편의시설 안내해요
도심형 수목원에서 즐기는 힐링여행 [세종자치시 세종시여행]
도심과 자연이 아름답게 어우러진 세종 여행지 5... 
사계절 아름다운 세종 여행지 추천 영평사
대전 근교 여행 세종시 지금 가볼만한곳 세종 영평사 겹벚꽃... 
세종 아이랑 갈만한 곳 금강보행교 에어쇼 이응다리
[세종시 여행사 하나투어/세종... 좋은 여행지 / 오사카 유니버설... 
가을 여행지 - 세종시 코스모스길.
[세종시 여행] 세종 전통 장류(醬類) 테마파크 뒤웅박 고을
방학 세종 여행지 추천 교과서 박물관
세종시여행: 달콤한 축제 제2회 세종조치원 복숭아축제체험
세종시 조치원역 근처 수구레국밥 맛집
세종 여행지 추천 벚꽃 꽃비 영평사
세종시 아이와 가볼만한곳... 4월 봄나들이 세종시 동물원
[배틀트립] 서서울 호수공원 vs 세종 호수공원
세종 여행지 추천 영평사 꽃무릇 구절초꽃
겨울방학 가볼 만한 곳 세종시 국립세종도서관
세종시민 속으로 더 다가가는 고운뜰 공원
세종시 여행지 추천 가볼 만한 곳 대통령기록관
세종 인근 근처 근교 힐링 스파 펜션 찾을 때는! 세종시도
"세종시 밀마루 전망대 │세종시 가볼만한 곳, 세종시 여행지 추천"
"세종시 당일치기여행지 김종서장군묘, 영평사 당일여행코스... "
세종시 토지 전원주택 분양정보 안내
세종시 여행 봄빛 봄꽃 가득한 영평사 풍경
세종 가볼만한곳 여행지 국립세종수목원
세종 맛집 베스트 10 추천! (ft. 세종시 여행)
[국내여행지추천] 세종호수공원 가족나들이로 좋아요~
국내가을여행지추천 세종 국립세종수목원 나들이추천... 
"세종시 실내여행지, 복합문화공간 조세박물관"
세종 여행지 추천 기념물 제3호 금남 백로 서식지
"3 (화성 우리꽃식물원, 아산 세계꽃식물원, 국립세종수목원)"
세종시에 가볼 만한 산행코스 꾀꼬리봉 장군봉
대전 근교 여행지 추천 - 국립세종수목원 후기
세종 데이트 가볼만한곳 세종시 국립세종수목원 실내 야외... 
"국립세종수목원, 겨울철 서울 근교 당일치기 여행지 추천"
[세종여행지추천] 청원 유계화 가옥
세종시 여행 가을빛 내린 은하수공원
세종시 행복도시 여행지 추천 명소 13곳
세종시 호텔 부지 60만원
세종 여행지 추천 향토유적 제15호 효자강협정려
2019 세종시 블로그 콘텐츠 공모전 장려상
"국립세종수목원 / 세종 가볼만한곳, 주말에 여행 가기 좋은... "
세종 가볼만한 곳 '금강수목원' 세종 순대맛집 '부강옥'
세종시 여행 문화재 세종 유교의 중심 연기향교
세종시 가볼만한곳 세종호수공원.뒤웅박고을 장독대 어울링... 
세종 야경명소 금강보행교
세종 여행지 추천 향토유적 제64호 금남작약마을 쌍탑제
[한수정_국립세종수목원] 온실 속 특별한 정원 '피터 래빗의... 
세종지혜의숲 아이와 가기좋은 도서관 세종 가볼만한 곳
세종 여행지 추천 부처님 오신 날 영평사 봉축법요식
[국내여행] #676 세종 가볼만한곳 세종호수공원
[대전 근처 여행지 / 세종시 가볼만한곳] 세종시 베어트리파크... 
가을빛 드리우는 세종호수공원 풍경
세종 가볼만한곳 :: 호수공원 카트 대여 짱잼 데이트코스 추천
세종여행 가볼만한 곳 국립세종수목원 다녀왔어요(입장료... 
"&lt;학교장 징계, 세종시... 및 교육자 자질 문제 있어” [세종의소리]"
세종충북 추천여행지 베스트5
세종여행지 좋은곳 여유를 즐길수 있는 중앙호수공원
세종시 가볼만한 곳 : 세종호수공원 (with 일몰)
'쳇(Chat)GPT' 로 알아보는 혁신 허브도시 세종시 입니다.
짠돌이 재테크월드 :: 세종시 여행지 호수공원 음악분수... 
충청도 당일치기 여행 국립세종수목원 실내 겨울에 가볼만한곳
베어트리파크 세종 가볼만한곳
세종 여행지 추천 기호서사 임씨가묘
[2018년 세종시 블로그 콘텐츠... 찾아 떠나보는 세종의 사계(四季)
[세종시 보청기] 여행하기 좋은 계절 충청남도 여행지 정보^^
세종시농촌체험장 포도나무정원 이야기
세종 가볼만한곳 세종호수공원 모래놀이 주차장 자전거대여... 
세종 여행지 추천 금강팔정(錦江八亭) 중 독락정
세종 베어트리파크 -세종시 아이와 가볼만한곳
원수산 습지생태원 놀이터 파랑새유아숲체험원 세종... 
"세종시 강추 피부관리샵 더스킨코드, 오픈기념 50%할인혜택까지"
세종시 가볼만한곳 나들이코스 조천연꽃공원
국립세종수목원 입장료 할인 및 포토존 가득한 1시간 코스 추천
세종시족발 [세종시] 도담동 - 깐깐한족발 도담점
세종수목원온실 겨울에도 볼 수 있는 푸릇한 여행지
공주 세종 2박3일 | 국내여행 충청도 가볼만한 곳
[ 개발지역 ] 세종시 도담동 정부세종청사 ( 드론 항공뷰... 
[박경윤 리포터] 세종시 여행... 가을 여행지 | 박경윤리포터... 
2023 세종축제 | 공연라인업 볼거리 세종 한글날 아이와... 
세종 고속 시외 버스터미널 운행 시간표 주차장 요금표 매장... 
세종시에서 독도를 만나는 세종독도전시관
세종시 아이들과 가볼만한곳 국립세종수목원 사계절 온실
[하이브파트너스] 세종도시교통공사 SNS 운영 관리
"세종시 사찰 여행, 고즈넉한 비암사"
세종 여행 - 베어트리파크 - 겹벚꽃 가득한 반달가슴곰과... 
세종시립민속박물관 세종시 아이와 가볼만한 곳 #2
풍성채캠핑장 세종 풍성채  고민할필요없이 선택하세요
여행이좋다 :: 세종시 가볼만한곳 추천 이번에 다녀온 세종시... 
"2022년 대전 세종 벚꽃 개화 시기 및 명소 ft, 정림동 갑천 및... "
&lt;기획행사 공연후기&gt;가을여행주간 세종시행사 세종공연 버블쇼
세종특별자치시 시청 근교 가볼만한곳 이응다리 금강보행교... 
세종.대전근교 가볼만한곳 금강수목원의 가을
세종시요가 세종시집중요가레슨 요가강사준비 지도전문 세종시... 
세종가볼만한곳 세종호수공원 한적하게 산책하기 좋은 여행지
[세종-세종동] 실내 사계절 온실 구경! 국립세종수목원
세종시를 한눈에! &lt;밀마루 전망대&gt;
세종시여행 - 비암사와 신기한 도깨비도로~
정말이지 세종시 가볼만한곳이 있을까?
국내 기차여행 추천! 공주세종시티투어
어진동 맛집 세종 숯불주물럭넘버나인 천일염양념갈빗살... 
"세종시에서의 완벽한 하루 설명서, 여행코스 소개"
세종시 가볼 만한 곳 아름다운 야경명소 금강보행교
세종시 당일치기 여행( 국립세종수목원)
세종시 조치원 가을 꽃구경 갈만한곳 물억새공원 조천천... 
세종 힐링 명소 천년 고찰 비암사
"대전 세종 근교 가볼만한 곳, 살아있는 곰을 볼 수 있는... "
세종시명소 연기대첩비공원과 고복자연공원 [세종특별자치시... 
대전 근교 여행 국립세종수목원 세종 데이트 아이랑 가볼만한곳
(세종시여행)기네스북에... 정부세종청사 옥상정원(210625)
공주 찜질방 새숨찜질방 대전 세종 천안 커플 가족 여행지 실내... 
세종시 브런치 정원이 맛있고 브런치가 예쁜 신상카페 라무즈 :)
옥살리스(첫사랑초) in 세종 금강수목원 ..
TV속 촬영지로 떠나는 세종시 낭만여행 ~가을여행지추천^^
"[국내여행] 세종시... 끝, 국립세종수목원 2탄(종합안내도, 주차장)"
특별전시와 주말에 가기 좋은 충남여행지추천 &quot;국립세종수목원&quot;
&lt;세종시 여행사 하나투어/조치원 세종투어&gt; 다양한 매력을 가진... 
세종 소고기 맛집 가심비 갖춘 가족외식 추천 숯불주물럭넘버9
"세종시 당일치기 여행_세종 호수공원, 세종국립수목원... "
[다온숲글램핑]글램핑장추천/세종시캠핑장/충북글램핑장/세종... 
사회적 거리두기를 실천하며 즐길 수 있는 비대면 여행지 BEST3
세종시 3-1생활권 임대 맞춰진(확정) 상가 태양빌딩 선점하세요^^
동화책그림같은 □세종베어트리파크□의 봄
쏘카 타고 대전근교 세종시 드라이브! 고복저수지 &amp; 세종호수공원
"세종여행::세종시 가볼만한곳, 베어트리파크"
세종시 여행 가볼만한곳 문화 여행지 전의향교
세종 금강자연휴양림 금강수목원 11월 가볼만한곳 힐링여행
세종 가볼만한곳 세종호수공원 대통령기록관 등 BEST 4곳 정리
"세종시 국립세종수목원, 겨울엔 따뜻하고 이쁜 온실 실내 여행"
"(세종) 금강수목원, 세종시 가볼만한 곳 추천"
대전근교여행지 세종호수공원으로 주말나들이했어요
도심 속 힐링 여행지 국립세종수목원 자연 쉼터
국립세종수목원의 밤 #야간개장 #세종수목원
세종 가볼만한곳 베스트10 훌륭해요
세종시 로컬푸드 제철 농산물 싱싱장터 도담도담
‘디어 마이 프렌즈’ 힐링 여행지 ‘세종’
세종 축제 프로그램 안내(세종시 세종호수공원)
[TIPA 오며가며] 충청도 여름 휴가지 소개(국립세종수목원... 
세종 실내 가볼만한곳 국립세종수목원 야간개장 추석연휴 무료... 
[세종시 여행지]  비암사를 소개하겠습니다.
세종 숙소 세종호수공원 가성비 에어비앤비 출장 혼자여행... 
설날 가볼만한 곳 추천 여행지 베스트 5::국립세종수목원... 
세종시 산책코스 / 오봉산 맨발등산길 &amp; 고복자연공원
너무 좋았지만 너무 더웠던 세종수목원
세종시 조치원 가볼만한곳 : 조천연꽃공원
세종시 가볼만한곳 - 세종시 여름피서는 이곳에서 끝!(세종... 
"겨울이라 오히려 좋아, 국립세종수목원 사계절전시온실"
사진찍지 좋은 국내여행 관광지 여행지 20곳
코레일과 타고 떠나볼까? 올해 꼭 가야하는 기차 여행지
국내여행 : 아름다운 숨은 여행지 세종시 조치원 카페... 
[세종여행/세종시호수공원]멋진 호수공원이 있는 세종특별자치시
세종시 아이와 가평 가볼만한곳 가평레일파크 레일바이크
국내여행지추천 세종시 2016년문화의달 행사
세종시 주변 온천여행지 추천
세종시 가볼만한곳 세종시에 전경을 한눈에 볼 수 있는... 
세종여행길 낮과 밤을 즐기자~세종 프로방스~
세종시티투어 대통령기록관 아이랑 가기좋은 입장료무료 세종... 
[여행지 추천] 세종시 베어트리파크 후기
(113)화악산여행사가 추천하는 여행지 - 세종특별자치시
"[세종시 여행사 : 4월, 5월 봄 해외여행지 추천] 꿈꿔온 유럽... "
[세종시 물놀이] 가자 냉천골~ 고복야외수영장 &amp; 주변 조각공원
[여름] 나의 첫 세종여행기(feat. 야외지리조사?) :: 험플리비... 
세종특별자치시 여행 (고복저수지 : 세종시 최초의 자연공원)
꽃구경 막바지입니다 세종 영평사 겹벚꽃 나들이
대전근교 나들이 세종 호수공원 자전거 산책 텐트 주차장... 
세종시 스타벅스 리저브 세종어진점 데이트
세종 여행 꿀팁! 5월에 가보면 좋을 세종시 여행지 추천해요
세종시 가볼만한곳? 베어트리파크!! (2013)
세종 펜션 디엠제트 DMZ 풀빌라
세종시에서 겨울방학 신나고 알차게 보내는 방법!
대통령 기록관 - 공주 / 세종 여행 ( 5 )
세종시 가볼만한곳 '장군산 구절초 꽃축제'가 열리고 있는... 
주말여행지 추천! 더운 날 실내에서 놀아요!
"여름 운치가 절정, 비멍 여행지 5 (사계절전시온실, 금강보행교... "
세종시 가볼 만한 곳 무료 물놀이 장 방울새어린이공원 물놀이장
"[세종] 혼여행 1일차: 세종전통시장, 단비책방, 국립조세박물관"
"[세종 가볼만한곳] 전월산 등산, 세종호수공원"
세종시 장군산 영평사 추석 법회 명절 합동차례
[ 세종충북 여행지 모음 ] 한국관광공사 기자단이 알려드리는... 
"세종 가볼만한곳,꽃과 나무.반달곰이 있는 베어트리파크"
세종시 실내 가볼만한곳 베어트리파크 만경비원 겨울 방문도 OK
세종 향토문화유산 탐방 진주정씨사효정려
편두통으로 찾은 진통제 '그날엔'을 사면서 실감한 세종시의... 
세종시 조치원 복숭아축제
세종시 등산코스 누구나 쉽게 오를 수 있는 최단 코스 산행지... 
"[세종시 여행사 : 8월 추천 여행지] 가장 풍요로운 나라, 페루"
세종 가볼만한곳 밀마루전망대 전경 운영시간 입장료
"[세종] 세종시 글램핑장, 분위기 좋은 글램핑장 , 다온숲"
세종시 월남쌈 보람동 쌀국수 - 르비엣
[나들이 추천]국립세종수목원 / 국내 가족 여행지로 좋은곳... 
"세종 수목원 꼭 가세요, 가격 할인 무료 정보"
광천식당 - 한밭수목원 - 개천만두 - 세종 J 호텔 - 계족산황톳길... 
국립세종수목원 나무와 꽃들로 힐링하고 온 날
자전거 타고 떠나는 세종시 야경여행
대전 근교 세종시 가볼만한곳 실내 국립세종수목원 나들이!
세종정육점 추천 신선한 고기로 캠핑 준비 끝! 설레임... 
코로나19 끝나고 가볼 만한 여행지는? 국내인기여행지... 
세종 떡볶이 맛집 [세종] 새롬동 - 135튀김집 세종점
[세종시 여행사 : 11월 추천 여행지] 너와 나의 온천 규슈 여행... 
[세종시 여행사 : 겨울 해외여행지 추천] 항상 다음을 기약했던... 
도담동 맛집 [세종] 도담동 - 샤이바나 세종도담점
"국립세종수목원 야간개장 포토존 총정리 (+입장료,관람시간,주차)"
[나들이] 세종 가볼만한 곳 : 국립세종수목원
세종시 국립세종수목원
"부처님오신날 가볼만한곳, 연꽃여행지 추천"
세종 당일치기 여행 세종 고복저수지 둘레길 주차 화장실
"[장려상] 안녕, 세종. 안녕, 둘레길 #행복도시 둘레길 제1코스... "
[대전근교여행] 대전에서 함뼘_세종
[세종] 곰 동물원 조경 수목원 단풍 여행지 &lt;베어트리파크&gt;
세종시 아이와 가볼만한곳 경주숙소 이츠키즈풀빌라 독채펜션
세종시 가볼만한곳 :-) 고복자연공원 느리게 걷기 좋다
[ 세종놀거리 세종맛집 ] 경성칼국수 들깨칼국수 가장 맛있음... 
세종 아이와 가볼만한곳 데이트 국립세종수목원 실내식물원... 
"세종_ 산장가든 : 숯불갈비 , 메밀냉면 맛집 / 가을 힐링 드라이브"
세종시 번패티번 치즈버거와 코카콜라
2019 가을 단풍 세종 가볼만한곳 단풍 명소 12곳 추천
"세종가볼만한곳 / 우리나라 최대 유리온실,  국립세종수목원... "
중부권 가볼 만한 곳 세종시 베어트리파크 정원 탐방
세종 호수공원 맛집 [세종] 어진동 - 항아리돈까스
세종 가볼 만한 곳 영평사... 축제 가을 나들이 여행지 추천
권만기세무사의 세종발자취... 억새 그리고 하늘아래 세종시
[세종여행] 베어트리파크 세종여행지 마음이 평온해지는곳... 
세종 다온숲 글램핑 E동 가격 바베큐 일박 후기
우리동네 힐링명소 - 세종시 부강성당
세종타일 가락마을18단지 아파트 욕실타일 보수
[세종의소리] &quot;효 문화는 세종시에 꼭필요합니다&quot;  [세종인]... 
"세종 금강수목원, 대전 근교 드라이브 충남 가을 여행지"
세종시여행 + 갈만한곳 ♩ 베어트리파크 아이랑가기 좋은곳
세종 수목원 개장... 예약 방법 (ft. 충남 가을 여행지 추천)
세종시 금남면의 명소 꼭 가봐야 할 곳 황용1리
세종빵집 [세종] 도담동 - 맘스케익 도담점
도담동맛집 [세종] 도담동 - 서해아구해물찜
세종여행 책 &quot;세종에 쉼표를 더하다&quot; 재빈짱의 여행사진이 담기다
세종 일식 [세종] 어진동 - 메구미 스시노미찌
세종시 가볼 만한 곳 산책하기 좋고 볼거리도 많은 금강수목원
"세종시 가볼만한 곳 - 세종 호수공원(+ 자전거, 야경)"
세종근처펜션  모르겠다면 인근 근교 스파 풀빌라로
[세종복숭아봄꽃축제소식]세종시축제/4월봄꽃축제/봄여행지... 
[우수상] 세종시 하루 코스여행 백제시대 부터 조선시대 까지... 
보행교 세종 금강 보행교 이응다리 (feat. 세종특별자치시... 
세종가볼만한곳 / 힐링 코스 영평사
세종 치킨맛집 [세종] 어진동 - 로엘치킨 호수공원점
태교여행지추천 세종시 청솔녹색농촌휴양마을 / 청솔마을
"언택트 여행지 추천. 세종시펜션, 세종시독채펜션 운주산펜션... "
[세종시] 세종시 방문 기념 선물로 좋은 '세종시 한글빵' 본점
국립세종수목원 사계절전시온실 데이트
"근교 여행지 추천, 세종시 근처 펜션 및 야영장 / 열대온실... "
세종레이크뷰 세종시 고복저수지부근 전원주택부지(총 14개... 
"세종시 소소루, 여행 코스로... 좋은 카페 발견(+세종시호텔)"
‘전국 추석 축제 및 혜택 총정리’…황금연휴에 국내... 
'세종시 명소' 여행을 소재로 한 보드게임   'GO 세종!'  개발
[세종시여행지/세종시 볼거리/이색박물관] 한국의 교과서... 
알쓸신잡 여행지 한 번에 복습하기!
세종벚꽃 조천교벚꽃 세종주말여행지로 추천 합니다.2019.04.09
세종 아이와 가볼만한 곳... 무료로 즐기는 실내 여행지)
여행이좋다 :: 세종시 걷기 좋은 길 고복저수지 고복자연공원
"세종 필수 여행지! 온 가족 나들이로 좋은 곳, 세종베어트리파크"
세종 6세 수업. 세종 레고 에듀케이션. 레고 공식 인증센.... 
세종시 호수공원 야경 데이트명소 물놀이장 수영장도 가볼만한곳
아이들과 가볼만한곳 - 핑크퐁과 함께하는 국립세종수목원... 
세종시 가을여행지 소개
"기차 타고 떠난 실내 여행지, 충남·대전 박물관 모음"
[세종 여행] 가을색으로 갈아입은 금강수목원
&lt;기획특집/ 세종시 항일운동가&gt; 항일의사 성기운 선생 사우 병산사
원PD 걸어서 세종여행 - #세종호수공원
안전하게 여행하자! 언택트 관광- 세종시 편
세종시 가볼만한곳 베스트10 좋아요
세종시 가볼 만한 곳 신나고 재미있는 방축전 음악분수
세종시 여행을 알찬 해설과 함께 하다! 2018 세종시티투어 출발~
[세종 여행] 고운동 한옥마을
"세종 주말여행, 아이들과... 국립세종수목원, 금강보행교... "
국립세종수목원 희귀특산식물전시온실 주변 밖 살포시 거닐기
"[세종시 여행사 : 9월 추천 여행지] 기대 이상의 다채로움, 독일"
"세종시 금남면 카페 안다미로라움, 전망 좋은 근교 베이커리... "
4월의 세종옥상정원
세종시 종합학원 뉴세종중앙학원 : 짧은 여름방학 기간에... 
"세종리 은행나무 세종 가을여행지 (구, 양화리 은행나무)"
세종시 가볼만한곳 밀마루전망대
세종 여행 영평사 구절초 꽃 축제 산사음악회
국내 기네스 여행지는 어디~?
"세종시 휴게소 대신 올레찹쌀꽈배기!(주차가능, 화장실 있음)"
"@@@세종시 국립수목원,,,청정세종@@@"
"세종여행, 무료관람 가능한 밀마루전망대"
여행지:) 가을 산책하기 좋은 국립세종수목원 나들이
[가을 여행지 추천] 세종 휴휴당 특별한 한옥체험
국립세종수목원 : 13월의 윈터빌리지
세종호수공원 모니터 (세종시자연해설사)
국내여행 세종시 가볼만한곳 추천 국립세종수목원
금당건설 일상 세종시 근교 가볼 만한 곳 추천요
최대수혜지 세종시전원주택지 / 세종명품주거단지... 
세종 펜드로잉  &lt;퇴직 후 즐기는 그림놀이&gt;
"행복도시 이제 곧 뜰 여행지, 금강보행교 개통식!"
[세종시 여행사 : 12월 해외여행지 추천] 3년 연속 겨울시즌... 
국내 7월 여행지로 연꽃 명소 10곳 추천
수술 뒤 맨발 걷기 2023.9.28 pm 2:21금강수목원 3편  온실안... 
[가을 여행주간] 올 가을에 꼭 떠나야 할 여행지 17곳
친구만나러 세종시로
"시간 가는 줄 모르는 즐거움, 국립세종도서관"
세종카페 제주도화... 만난 멋진 카페 옹미디어 세종시 가볼만한 곳
"[세종용달]044-863-2196 여행지는 영덕,경주,포항"
"세종가볼만한곳 세종... 청주,대전 근교드라이브여행지"
뚜벅이로 세종 가볼만한곳 및 당일치기 여행 코스 추천
세종 언택트 여행) 조천연꽃공원+세종홍판서댁
2017년 내나라 여행박람회에서 만난 세종특별자치시홍보관
세종 가볼만한곳 국립 세종수목원 한국의 전통정원
충청도 8월에 가볼만한곳 국립세종수목원 여름나들이
세종시의 명소  문화산책
"세종시 영평사 구절초 축제, 산사 음악회, 서두르셔야할 거... "
LH 행복도시 세종 홍보관 친환경 빗물관리 홍보관
세종시 베스트웨스턴플러스 호텔세종까지 미국컬설턴트... 
금강수변공원 세종 금강수변공원  꿀정보는 놓치면 손해
"코스모스 분홍물결 : 세종코스모스 , 세종가볼만한곳, 가을여행지"
"끝, 세종전통시장에서 왕천파닭 사서 세종시호수공원 야경... "
세종 데이뚜
【세종린스트라우스】 세종시 세종 우미린스트라우스 아파트... 
세종시여행 비비런 어때요?
세종 나성동 감성 빵집 아우어베이커리 다녀왔어요~ [OUR... 
[세종시 장군면] 소피아갤러리 - 분위기 맛집/버섯 오일 파스타... 
[세종 여행] 베어트리파크 (곰들이 살고있는 비밀의 정원)
세종 가볼만한곳 - 조치원역 주변 뚜벅이 여행
세종프라이빗풀빌라 온수풀 조용한 휴식공간 디엠제트
[세종카페]  멋스럽고 맛있는 세종시 카페 &lt; 클래식 &gt; 빵이... 
"[세종시 글램핑] 노을 뷰 맛집, 다온숲 글램핑"
"세종 가족 여행지 첫 번째- 금강 자연 휴양림, 메타세콰이어... "
[세종시 여행사 : 11월 추천 여행지] 숨겨진 보물같은 도시!... 
대전근교 아이들과 가볼만한곳 한국관광100선 국립세종수목원... 
[좋은두뇌습관 : 여행] 세종시 뒤웅박 고을 &amp; 고복 저수지
[충청도] 세종자치특별시 지역 분석/ 여행지 (대통령기록관... 
세종풀빌라 디엠제트
세종맛집 또이엠... 껌승/하노이분짜/반미_세종여행#5
(세종시 빠스타스) 종촌동맛집 - 11/29 방문후기 (12월메뉴)... 
내가 가본 전국 여행지
세종시 조치원 가볼만한곳 조천연꽃공원 꽃구경하며 힐링... 
[10월1주차] 세종 나들이
세종시애견카페 미용 딩동댕동
"언택트 시대, 세종호수공원 산책"
[세종전통시장인근명소] 베어트리파크
충남여행기 마지막- 멋진 온실이 있는 국립세종수목원
영평사 세종시 가볼만한곳 겹벚꽃 명소 대전 근교 드라이브
놀이터와 생태습지가 있는 세종시 원수산 습지생태원
"가볼만한 곳. 세종시에서 맞이하는 가을 여행, 국립세종수목원"
세종 금강수목원 그리고 공주... 함께 가기 좋은 주말여행지
18현을 모신 조선시대 지방교육기구 세종특별자치시 전의향교
여행일기#5 국립 세종 수목원
세종시 가볼만한곳 국립세종도서관
세종랜드마크 :    금강보행교(이응다리)
현충시설인 의병장 임대수와 독락정 이야기 (세종시가볼만한곳)
[세종시 여행사 : 1월 해외여행지 추천] 다들 가는 괌? 우리... 
세종시 장군면 더리치힐3차 전원주택 분양
충남여행 겨울 가볼만하곳 국립세종수목원 입장료 할인 온실... 
휴대폰미납 정지 유예 방법 및 해결 세종가개통 폰테크
[충청도 여행백서]의 강정임 작가님 세종시 블로그 공모전... 
[세종시 여행사 : 9월 추천여행지] 어떤 여행이든? 필리핀으로!
세종여행 -자연과 사람이 만나는 공간 - 합강공원 오토캠핑장
&lt;세종시티투어&gt; 여름 정기코스 교과서 투어에 빠져 봅시다!
여행이좋다 :: 세종 주변 가볼만한곳 명소 세종호수공원
세종은 처음이지 / 여행 어플리케이션으로 떠나는 국내관광
세종 가볼만한곳 코레일과 함께 떠나요
세종시 금강수변공원 피크닉테이블 예약 방법 및 주말나들이
국립세종수목원 봄나들이 여행지 추천
"[유구수국정원]세종시인근가볼만한곳,당일여행추천,아이랑함께... "
"달달한 축제, 제2회 세종조치원 복숭아축제"
원PD 걸어서 세종여행 - #국립세종수목원
충청도 여행 세종 베어트리파크 가을 축제 아이들과 나들이... 
세종시에 산새들이 내 손에 올라와 먹이를 먹는 곳이 있다... 
세종시 단풍맛집 베어트리파크(아이와 함께 가기좋은 가을여행... 
세종시예쁜카페 넓은 세종시를 한눈에 담을 수 있는 45층... 
"10월 대전 인근 여행은 코스모스 맛집, 세종 숲뜰근린공원... "
고즈넉한 여행지 전의면과 전통시장
(세종 S 관광 서포터즈 - 고복 수영장 3년 만의 개장)
세종 드라이브 코스 홍판서댁 사진 찍기 좋은 고택 나들이
7월 장마철 비오는날 실내여행지 가볼만한곳 추천
세종시 가볼만한곳  장군산영평사 구절초 국수공양과 구절초
"꼭 가봐야 할 국내 여행지100선, 2023년 국내 추천여행지... "
세종근교로 나들이가기 좋은곳!  사랑나무 미르섬 썬샤인랜드
세종 가볼만한곳 BEST 5 /   세종 여행(최신)
[220428-국내] 숨은 여행지... 투어 챌린지' [충북 옥천&amp;세종시]
세종시내과.세종시건강검진센터.더블유세종어진건강의원
"세종건축문화제, 세종에 건축어울림을 더하다"
3월 추천 여행지_세계최대 옥상정원 세종청사 옥상정원으로... 
"[정치] 세종시의회 행복위, 다각적인 의견 제시"
"[로컬 크리에이터] 홍대 세종 섭골길 섭골스테이, 조치원... "
세종시 금남면 대형베이커리카페 안다미로라움
세종시 호수공원 자전거 대여 하며 놀아요!
충남세종시아름다운가든쇼행사일정위치장소?... 
국립세종수목원 나들이하기 좋은곳1탄(빅마우스 촬영지)
세종 나성동 도시 풍경... 도시상징광장과 정부세종2청사
세종시 전원주택 비바스오브제 대지조성사업
대전 근교 가볼만한곳 실내 국립세종수목원
"&lt;#우리숲여행안내서&gt; 걷기 좋은 도시, 함께 누리는 숲체험 세종"
2022년 여행 총결산 Ι 여행지 숙소 카페 베스트3
[세종시 맛집]세종시청 맞은편 ROSSO POMODORO피자 맛있네요
국립세종수목원 16개월아기 우리아들과 봄나들이 데이트
추천] 가정의 달 맞이 가족과 함께 즐길 수 있는 추천 여행지!
[세종]교과서 박물관
세종_ 충남 여행 야외 수영장 글램핑장 [세종 다온숲] 이용후기
세종시 주말 아이와 가볼만한곳 - 뒤웅박고을
세종가볼만한곳(세종공룡월드)세종아이와 가볼만한곳 추천
마음이 풍요로워지는 도심 속 자연관찰 여행지 BEST3
[세종시 여행사 하나투어/세종투어] 청주출발 12월-1월 베트남... 
세종시 역사테마공원 - 가을과 함께 나성동독락정역사공원을... 
세종시 겨울 초록의 봄을 만나는 공간
[인천공항점보택시] 세종시 투어 여행에 좋은 대형택시
[세종시] 영평사 구절초 여행 [일상탈출 2014-10-09]
더보기  세종시 가볼만한 여행지
세종시 인기좋은 산책로 비학산 일출봉에서 아름다운 일출
겨울 야외 데이트 세종시 아이와 가볼만한곳 세종 베어트리파크
세종시 고복마을 &lt;도화랑 이화랑 어울림한마당&gt;
낭만과 아름다움의 조합 세종 부강 성당
나에게 딱 맞는 세종시 관광지 찾기 TEST! (11) - 3대 벚꽃길... 
세종시 가볼만한곳 -살아있는 자연 속으로.. 베어트리파크
세종시 근처 충청도 아기랑 여행갈만한곳 숙소정보- 3년간... 
세종시 가볼만한 곳 중앙공원 나들이 추천
세종시 랜드마크 '국립세종수목원 사계절전시온실' :: 지중해... 
세종여행 비 오는 날 가볼 만한 곳 국립세종수목원 사계절... 
국내 여행지도 전국 관광지도 2023년 여행지 100선
세종시 가볼만한곳 비암사와 도깨비도로 [세종시여행]
세종시 가볼만한 곳 여행 어플리케이션 세종은 처음이지?
2023년 봄에 떠난 배낭여행 - 충남 세종시 호수공원[2023.... 
"국립세종수목원, 한국전통정원이 멋진 대전근교 세종여행... "
세종시 운주산성 역사와 아름다움이 어우러진 여행
나에게 딱 맞는 세종시 관광지 찾기 TEST! (3) -  밀마루... 
세종지혜의숲 실내데이트 책읽는 복합문화공간
2박3일 국내여행 l 대전 &amp; 세종시
"대전 근처여행지, 천안 근교나들이 / 세종시 베어트리파크... "
[기획] 세종시 어디까지 가봤니? - 힐링테마여행코스
나에게 딱 맞는 세종시 관광지 찾기 TEST! (1) - 테스트 소개... 
[세종시 조치원/여행지]뒤웅박 고을/장독대/조치원 나들이
세종 이응다리 물놀이터 아이들과 가볼만한곳
세종국립수목원 실내데이트추천지!!
[세종시 여행사 : 겨울 해외여행지 추천] 청소년 최대 30만원... 
세종시 베어트리파크
세종 국립수목원 (작년봄)
세종 카페 투어 : 보람동 로트나인커피앤코
"겨울에 가볼 만한 곳] 세종시 겨울 여행 1순위, 국립세종수목원"
세종펜션 대전근교풀빌라 디엠제트
세종시 고운동 최애맛집. 정부세종청사 차량7분거리 위치.
청주 가볼만한곳 정북동토성 볼거리 여행 가을 여행지 추천
세종 터미널 시간표 예매 요금 세부정보 정리
"세종 사진여행, 핑크뮬리 꽃밭에서 힐링랜드"
세종 가볼 만한 곳 즐길 것이 많은 베어트리파크!
세종시 여행 여울목 수변공원 장미원 5월의 장미
사진전 -블로그 기자단 눈으로 바라본 세종시의 아름다운 모습들-
세종대왕이 마시고 눈병을 고쳤다는 왕의물 전의초수
청남대입장료 정보와 청주단풍명소 추천 청남대코스
"고복자연공원, 건강하게 걷는 세종의 아름다운 길"
[세종 근교 놀러갈곳 독채 펜션] 세종시 근교 나들이 바다가까운... 
세종 | 국립세종수목원 | 야간개장 | 특별한 야행
세종W몰 첫방문기 : 여기도 언택트 여행지?
"가볍게 당일치기 여행, 국립 세종수목원 &amp; 세종중앙공원"
"세종 가볼만한곳 - 여성취향저격! 복합쇼핑테마파크, 세종프로... "
세종 터미널 시간표 타는곳 편의시설 모아정리
가볼만한곳 -세종시에서 찾아보는 도심 속 역사 문화 여행지
[세종시 가볼만한곳/세종시 낚시터]용천농장 방갈로 낚시터.... 
두번다시 가기 싫은 국내 여행지는 어디??
세종 보람동:) 세종 월남쌈 맛집 세종 베트남음식 '르비엣' 후기
마곡사 - 공주 / 세종 여행 ( 1 )
세종시 중식 오리요리 전문점 나성동 차이킹&amp;북경오리
세종시 새롬동 카페 잔디 cafe jandi
바람이 넘나드는 한나절 고갯길 바람재쉼터 세종시여행
세종에서 태안여행 2탄 신두리해안사구 카페샌드힐
국립 조세 박물관 / 아이들과 가 볼 만한 곳 / 세종시 가볼 만한 곳
세종시 푸른뜰근린공원 행복폭포 물소리정원
대전 근교 세종 가볼만한곳 국립세종수목원 포함 여행 코스 6곳
"세종시명소 | 유일한 자연농원, 고복저수지"
국립세종수목원 방역패스로 예약 없이 다녀오기!
"세종시 577돌 한글, 예술을 만나다 한글날 행사 후기"
세종시 숨은 명소 물멍명소 청음지 청음폭포
세종호수공원 대전근교 가볼만한곳 주말나들이 딱이야
세종전통시장 투어 먹거리까지
세종 놀거리 : 국립세종수목원 온실 입장료 예약까지 알아보기
세종시 연꽃 명소 가볼만한곳 영평사
겨울 수목원 나들이   국립 세종수목원
세종시 보람동 카페 + 메뉴 추천 더앨리
국립세종수목원 야간개장후기/ 세종수목원 할인팁
"세종시 베어트리파크 맛집, 새총곰 야외식당"
5월 여행지 추천 봄 여행주간 떠나자
세종레이캐슬 cc 회원권 시세와 시설 확인
세종시 문화의 중심 지역문화연구소 이전 개소
세종 고복저수지 근교 카페:) 카페 고호
"세종 여행, 아이와 함께 가는 세종 도심 여행"
충남 가볼만한 곳 : 세종시... 여행지 등산지도코스 관광지도
[여주/세종대왕릉] 태교여행지로 강력추천하고 싶은 세종대왕릉... 
[소소한 리뷰] 세종시 고운동 한옥 카페 추천 커피 베이커리... 
대전 인근 가볼만한곳 Best10 여행지
세종시 아파트 시세 말씀만 하세요!
공주 세종시 청주 천안 부여 찜질방 명소 여행놀거리 세종... 
부산여행 / 새해계획 / 계룡 굴이야기 / 세종 스시노백쉐프
&lt;화실 '오후'OHOO- 세종 성인 취미 미술 공간&gt; 인물화... 
광복의 그날을 기억하라 제74주년 세종시 광복절 경축식
세종 베어트리파크
&lt;세종시 여행사 하나투어/조치원 세종투어&gt; 천하제일 비경... 
세종시 나성동 맛집 베트남 쌀국수집 에머이
[국립세종수목원] 계절마다 새롭게 바뀌는 뷰티인사이드 수목원
"[세종 여행] 추운겨울, 따뜻한 온실여행 '금강수목원'"
[세종시 가볼만한곳] 하늘 예쁜 날 오른 밀마루전망대
"세종시 인천공항 리무진 버스 시간표, 요금, 예약, 예매, 노선... "
"온실 속에서 만나는 아쿠아리움, 국립세종수목원온실 속에서... "
"아기랑 기차, 아기랑 이월드 팁, 세종시에서 기차 타고 대구 )"
세종시 여행 문화재자료 제1호 금남 문절사
세종시가볼만한곳:세종호수공원
2021년 파란연필이 떠났던 사진여행지 출사여행지 결산
&lt;세종시 여행사 하나투어/조치원 세종투어&gt; 천하제일 비경... 
"겨울방학을 맞은 아이들과 함께 세종 가볼만한곳, 조세박물관"
"추억의 옛사랑, 세종전통시장과 조치원 테마거리에서 만나다!"
[가을 여행] 세종시 구절초 꽃동산 영평사 꽃길
충청도 세종 가볼만한곳 데이트 세종호수공원 주차장 자전거... 
세종시 가볼만한 곳 초려역사공원
[세종시 여행이야기] 뒤웅박고을 다녀왔어요~
(34) 영평사 템플스테이 후기 02 (부제:속세는 개뿔~)
세종 가볼만한곳 세종호수공원 나들이
세종시 브런치가게 : 맛과 멋을 동시에 분위기맛집... 
"장군 생가, 예당 관광지, 예산 시장, 국립공주박물관, 세종시)"
세종시 문화 역사 유적 효자 김종철 정려와 비각
걷기 좋고 자연과 교감을 나눌 수 있는 세종 금강수목원
세종시 가볼만한곳 천년고찰 비암사
[대외활동/S서포터즈] 세종시 투어 / 카페 헤이믈 / 세종시 맛집... 
세종시화덕피자 (주차 및 추천메뉴) 이태리 전통피자를... 
(세종시맛집 : 장군면 달달한... 다정동맛집 남포동갈비 세종점
"5월 나들이 추천, 전국 여행지 모아봤습니다!"
세종청사맛집 세종맛집 [대전] 어진동 - 세종불백
"해양수산부, 11월 이달의 어촌 여행지 '속초... "
세종시맛집 장어는 고창 풍천장어
"1월 국내여행지 추천 :: 사랑하는 당신과 함께, 설날 가볼만한곳 4"
사전투표 다녀왔어요. (투표로 만드는 정치행정수도 세종시)
[ 세종 가볼만한 곳 ] -  대통령기록관
세종시 연동면 여행 장욱진 화가 생가
[세종여행] 밀마루 전망대
[ 세종놀거리 세종맛집 ] 노릇노릇 캠핑장 분위기 엄청 좋음... 
[세종시 가볼 만한 곳] 세종시 유일의 자연 저수지... 
[대전세종관광 프로그램] 투어후기
세종 원앙빌리지 연서면 쌍류리 고복저수지 조망 전원주택... 
"11월여행, 세종 도시 탈출 1박2일, 익산 아가페정원... "
2022년 10월의 세종시
대한민국충청남도세종시대한민국경기도대한민국경... 
세종호수공원
"사진 | 고려대 세종 캠퍼스 ft, 봄 소경"
언택트 관광지 100선! 올 여름 주목해야할 여행지!
마다가스카르 바오밥나무 키우기 한국 바오밥나무 포토
세종 순대국밥 부강옥 부강 맛집
[대외활동/S서포터즈] 세종시 투어 / 베어트리파크 / STEP01... 
"[세종 카페] 크로플 맛집, 아크커피(Arc coffee)"
[202204] 세종시 금강자연휴양림
"세종의 밤을 즐기는 두 가지 방법, 라운지 알트의 와인과... "
(32) 영평사 템플스테이 후기 01 (부제:속세에서 벗어나보자)
세종시 가볼만한곳- 가족나들이는 뒤웅박고을로
세종시 도담동 더 클로리스 아트(feat. 미술공방)
"해양수산부, 11월 이달의 어촌 여행지 '서산... "
"공주세종맛집 가마솥등갈비, 진주냉면 남가옥, 백년가든, 황가... "
국내 뚜벅이여행 군산 시외버스터미널 동서울 휴게소 시간표... 
세종시 봄꽃 여행 초려역사공원 매화
Dr.Y가 추천하는 주말 가족 여행지 BEST 4!
세종시 베어트리파크는 아이들 천국
충청남도 가볼만한 곳 지역별 총정리 (도시별 여행지 추천)
세종호수공원맛집 멍게가) 32석 완비 단체회식 추천 통영한상... 
"나나투어, 세종시 유일 ‘2020 대전·세종 관광스타트업... "
"세종시티투어 | 아이러브세종, 베어트리파크편"
"당일치기 세종여행, 세종 가볼만한 곳"
세종시 베어트리파크 투어 / 나들이가기 좋은 곳
"언택트시대 맞춤, 세종시로 여행가기!"
세종여행 후기!
[세계 이색여행지] 세이셸 Seychelles
23번째 체크인 : 세종 베어트리파크
"세종시의 학습과 휴양의 장소, 금강수목원"
세종시와 썸 타는 여행 김종서 장군 묘역에서 읽는 계유정난
"#데이트립 앱에서 감각적인 국내여행 스팟을 만나보세요📱아침 저녁으로 시원한 바람이 불어오는 가을. 어디든 떠나고 싶지만 멀리 가기에 부담스럽다면, 수도권 근교인 충청도 나들이 어떠세요. 한적하고 여유로운 충청도의 아름다운 자연을 엿볼 수 있는 여행지 11곳을 추천합니다. @inoweymi 데이트립 앱에 여행 기록을 남기면공식 계정에 소개될 수 있어요 📸, Chungcheongnam-do"
[🎄실시간 펼쳐진다는 2023 세종 트리카페 12곳 총정리🎄]연말감성가득한 분위기부터 촤르르 펼쳐진 트리포토존까지영롱한 감성에 이미 홀린거같다구TT프사 갱신각@@-#세종여행 #세종크리스마스 #세종카페 #세종트리 #세종트리맛집 #세종나들이
"추위를 사르르 녹일 수 있는 온천&노천탕 데뚜장소 총정리♨️온몸이 꽁꽁 얼어붙는 지금! 연인과 따뜻하게 힐링할 수 있는다양한 온천, 노천탕들을 한 곳에 모아봤따!!💖@@우리 이번 겨울 여행 여기로 떠나자!!-#온양관광호텔#알마게스트#구공스테이 #사계#호담#엠원업스파&스포츠#파라다이스스파도고#스플라스리솜#아산스파비스#벤자롱스파스테이잠적-#대전맛집#대전카페#대전가볼만한곳#대전데이트#대전술집#대전여행#대전숙소#세종맛집#세종카페#세종가볼만한곳#세종데이트#세종술집#세종여행#세종숙소"
"🎄연말감성 통으로 흡수각 나온다는 세종 트리카페🎄들어서는 순간 분위기에 적셔지기 딱 좋은곳이야;;🙊영롱한 조명은 물론 야외 테라스에서 즐기는 불멍존+트리존까지,,ㄷㄷ이미 브런치 맛집으로 입소문난곳이라분위기+맛까지 완벽 조합인정이라구TT@@나 여기 데려가주라😍-🎄 룩백📍 세종 연기면 공단로 184-26⏰ 10:00 - 21:00 [L.O 20:30]✖ 연중무휴-#세종여행 #세종카페 #세종핫플 #세종대관 #세종브런치 #세종크리스마스 #세종트리카페"
[쌀쌀한날 생각난다는 세종 칼국수 대공개!]따끈한 국물에 쫄깃탱글 면발 더 해주면 끝🔥입안 가득 들어가는순간 사르르 녹는다TT@@접수하러 고-#세종핫플 #세종칼국수 #세종국수 #세종여행 #세종칼국수맛집 #세종맛집
"🌈─────────────────아이와 어디가지⁉️뭐하지❕애기야가자APP📱에는전국 1만 9천여 곳의 아이와 갈만한 곳이 소개되어 있어요!지금 바로 확인하세요😎─────────────────초록초록한 식물과 더불어이 곳은 현재온실속 아쿠아리움이라는 주제로<바다를 품은 정원> 전시를 하고 있어요.사계절 전시온실내 특별전시로하늘을 헤엄치는 고래를 비롯예쁜 오브제가 가득한 공간 !#국립세종수목원 [이용안내]▪️세종 수목원로 136▪️044-251-0001 @sjnagreen ​▶운영시간 -하절기 (3월~10월) 09:00 - 18:00(입장마감 17시)-동절기 (11월~2월) 09시 17:00 (입장마감 16시)*매주 월요일 정기휴무*9/10, 9/13 휴무▶가을 야간 개장 2022.9.2(금)-10.27(토)*매주 금,토만 21시까지 개방▶편의시설-푸드코트 방문자센터 1층 (매표소 맞은편)-카페/ 베이커리 사계절전시온실 1층-편의점 사계절전시온실 1층, 치유정원 / 어린이정원 인근▶유모차, 휠체어, 휴대용선풍기(여름)/휴대용손난로(겨울)   대여가능▶폴라로이드 카메라(평일) 대여가능[입장료]성인 5,000원 청소년 4,000원 어린이 3,000원*세종시주민 50%할인#애기야가자#애기야가자세종#아기랑갈만한곳 #아이와나들이"
"🌿공주 엔학고레에 찾아온 싱그러운 봄!그림같은 풍경을 담아봤어요 👋지난번 소개해드린 알록달록 가을 풍경 만큼이나 아름답네요💚푸르른 엔학고레의 오늘자 모습!👉👉 옆으로 넘겨 초록초록 풍경 구경해보세요😊공주의 뷰맛집!정말 최고에요!#공주스타그램📷 2022. 4. 30.#엔학고레 #송곡지#공주불장골저수지🎈엔학고레 @cafe_enhakkore(충남 공주시 반포면 송곡리 454-4), 엔학고레"
"세종 고잘알들사이 입소문난 퀄리티쩔 한우정육식당!🔥최상급 한우 1++만 취급하는 곳이라 떼깔부터 말해모함?!윤기 좌르르한 퀄의 한우를 맛볼수가 있다니,,🙊숯불에 불향 싹 입혀 구워주면 입안으로 다이빙🥢 들어가는순간 육즙만 남기고 사르르 녹아버리는거 실화냐구TT직접 도축해서 영롱한 마블링은 물론 특수부위까지 싹쓰리 접수각🧡거기다 환풍기가 가로막지않아 마주보고 대화하기도 딱 좋아서연말 모임장소로도 완벽하다구😍포장 패키지마저 고급진 분위기라 선물용으로도 완벽함!👍👍@@기름칠하러 고-🥩 #도담한우📍 세종 보듬3로 8-15 해피라움 5동 2층⏰ 11:00 - 22:00⏰ 14:30 - 17:00 [B.T]✖ 일요일 휴무✔ dodam_hanwoo-#세종맛집 #세종한우 #세종고기집 #도담동맛집 #세종핫플 #세종모임 #세종여행"
"겨울여행 가기 좋은곳 추천세종 가볼만한곳 국립세종수목원이에요📸넓고 웅장한 규모의 온실 체험하기🚘🚘🚘오픈시간 09:00~18:00월요일 휴무 1월1일 휴무입장료 5000원세종 연기면 수목원로 136세종 연기면 세종리 114-480(지번)주차, 예약, 남/녀 화장실 구분, 장애인 편의시설(넓은주차장 깨끗한 화장실 좋아요❤️👍)🙀실내가 더우니 외투는 사물함에 넣고 관람하시면 편합니다😅저는 오픈시간에 맞춰 가서 사람이 별로 없었어요-📸한국관광공사📸 @travelgram_korea ------#여행에미치다 #여미 #세종 #세종여행 #충남 #충남여행 #겨울여행 #겨울 #겨울코디 #오빠랑 #세종카페 #세종핫플 #세종가볼만한곳 #대한민국구석구석 #한국관광공사 #인생샷 #포토존 #데이트코스 #nexttrip #nexttripsoon #koreatravel #cafe #travelgram #그림의여행 #풍경스냅 #여행사진 #크리스마스 #산타, 세종특별자치시"
"2023 세종 빛 축제🌙빛으로 여는 세종의 하늘이라는 타이틀로이번에 처음으로 개최하는 세종 겨울축제❄️원래도 데이트 장소, 산책하기 좋은 곳으로 소문난세종 공원 쪽에서 진행을 하기 때문에 더 기대가되는 축제야!!12월 2일 부터 12월 31일까지 한 달간 진행하는행사이기 때문에 평일에도 주말에도 남녀노소,  어린아이까지 모두가 즐길 수 있는 축제!!2일 개막식을 시작으로 31일 제야의 행사까지 진행한다고하니 처음과 끝을 함께 하면 너무 좋을 것 같아💕⭐️2023 세종 빛 축제📅  23.12.02 - 23.12.31📍 이응다리, 금강수변 일대✅️개막식📅 23.12.02(토) 18:00• LED미디어 퍼포먼스 (18:00~18:40)• 점등퍼포먼스 (18:50~19:00)• 불새쇼&레이저쇼 (19:00~19:10)• 로드투어 (19:15~19:45)다양한 프로그램이 준비되어 있고 주말 푸드트럭까지운영한다고 하니 12월 데이트는 세종으로!!!!🏃#세종축제 #세종빛축제 #세종가볼만한곳 #세종공원 #세종이응다리 #세종수변공원 #대전축제 #대전근교 #대전근교축제 #겨울축제 #빛축제 #12월축제 #세종데이트 #세종데이트코스 #세종여행 #대전근교여행 #겨울데이트 #데이트코스 #데이트장소 #2023세종빛축제"
"세종시에 이렇게 가볼 곳이 많다구?💚 #제작지원 세종에서 뭐할지 고민이신 분들 주목🙆🏻‍♀️하루 당일 코스로도 다채롭게 즐기기 좋았던지금 가보기 좋은 세종의 핵심 스팟 4군데 알려드릴께요!📍#아크커피 (1-2)카페 마당 한 가운데 대형 트리가 자리잡은 카페로세종에서 트리 맛집으로도 소문난 곳이에요🎄낮에도 밤에도 예쁜 트리를 볼 수 있으니크리스마스 시즌인 지금 세종카페 찾으시면 무조건 여기✨✔️주소 : 세종 장군면 월현윗길 38-15✔️영업시간 : 매일 11:00 - 21:00📍#국립세종수목원 (3-5)다양한 식물로 가득한 국내 최초의 도심형 수목원으로세종의 랜드마크로 자리잡은 곳이기도 하죠🌿요즘같이 추운 날씨에도 사계절 실내 온실에서따뜻한 나들이를 즐기기에 좋고실내 온실 뿐 아니라 야외 전통정원 등수목원 자체가 굉장히 큰 규모라 볼거리도 많았어요!✔️주소 : 세종 수목원로 136✔️운영시간 : 동절시 9:00 - 17:00 (월요일 정기휴무)✔️입장료 : 성인 5000원 / 청소년 4000원 / 어린이 3000원📍#베어트리파크 (6-8)세종에서 나들이 가기 좋은 베어트리파크도크리스마스 시즌으로 옷을 갈아 입었는데요이름처럼 이 곳에선 정말 많은 곰들을 만나 볼 수 있었어요🐻곳곳에 포토 스팟도 많고 산책로 조성도 잘 되어있어아이들도 어른들도 모두가 즐기기 좋은 장소였답니다✔️주소 : 세종 전동면 신송로 217✔️운영시간 : 매일 9:00 - 17:30✔️입장료 : 성인 12000원 / 청소년 10000원 / 어린이 8000원📍#금강보행교 (9-10)금강 위에 놓인 국내에서 제일 긴 보행 다리로이응 모양의 다리 모양이 인상 깊었던 곳전망대 위에서 보면 마치 미래도시 느낌이 들더라구요🏙️특히 노을질 때부터 밤 야경이 포인트이니방문하시게 되면 해가 넘어갈때의 시간대를 추천해요✨✔️주소 : 세종 세종동 금강보행교✔️운영시간 : 6:00 - 23:00*한국관광공사 세종충북지사(@welcome_chungbuk_sejong)와 함께했습니다.#세종 #세종여행 #세종가볼만한곳 #세종데이트 #여행코스추천 #국내가볼만한곳 #국내여행추천 #국내여행 #대한민국구석구석, 세종시"
"어느새 완연한 겨울💙찬란했던 가을을 보내기에 아쉽다면?🤔더 추워지기 전에 충북의 #야경명소 에서 반짝이는 풍경을 즐겨보세요!🌆1-4단양 #수양개빛터널단양의 #야경맛집 은 역시 이 곳!🫣🌙 화려한 빛으로 꾸며져 있는 수양개 빛터널은 일제 강점기에 만들어졌다가 방치된 폐터널을 아름다운 조명으로 꾸민 곳이에요!💜쌀쌀한 날씨에 걷기에도 무리 없는 곳으로 추천💘📍충북 단양군 적성면 수양개유적로 3905-7영동 #강선대 길게 난 #산책로 따라 걸으며 야경을 즐기는 재미!😉영동의 대표 야경 맛집인 강선대는 하늘에서 내려온 선녀가 아름다운 풍경에 반해 목욕을 했다는 전설도 있답니다👀📍충북 영동군 양산면 봉곡리 756-18-10청주 #수암골청주의 야경을 밝히는 수암골!🌠 놀거리, 볼거리가 많아데이트 코스로도 좋고, 반짝이는 불빛 아래서 감성 #인생샷 도 가능!💁🌈📍충북 청주시 상당구 수암로56번길 13-6📷@lilykang@hong5213@p.shsh@yuseungchang@yyy_young1114@jiwoo._.ll0l"
"트로피컬🌴X고래🐋 로 채우는 여름 바이브! 국립세종수목원온실 속에서 만나는 아쿠아리움🌊🌴🐬🌲 #국립세종수목원 전시 '바다를 품은 정원' 7월 9일부터 10월 30일까지! 한곳에서 여름을 한껏 만끽할 수 있도록 수목원에 바다를 데려왔어요!  색색의 천 위에서 노니는 가오리, 거북이, 상어도 만나고 초록 바다를 누비는 돌고래와알록달록 바다 식물 사이를 거닐 수도 있어요힙한 해초로 둘러싸인 투명 진주알 속 인생샷은 필수😎또 생선뼈선인장, 블루스타고사리, 청산호, 돌고래다육 등 바닷 속 생물을 닮은 식물들이 환상적인 바다여행을 위해 기다리고 있답니다!🌊국립세종수목원 @sjnagreen _위치_세종 연기면 수목원로 136_이용시간_하절기(3월 ~ 10월) 평일/주말 09:00~18:00 (입장마감 17:00)동절기(11월 ~ 2월) 평일/주말 09:00~17:00 (입장마감 16:00)※매주 월요일, 1월 1일, 설·추석 당일 휴무_이용금액_성인 5,000원 / 청소년 4,000원 / 어린이 3,000원_주차_주차 가능(무료)✔'바다를 품은 정원' 전시 기간은 22.7.9~22.10.30입니다. 📸 다님6기 박정혜, 이철현, 한상렬 님 제공"
"세종러들 추억 리프팅각나온다는 교과서 박물관📚어디서도 볼수없다는 이색미쩔 박물관이라니,,,?!들어가는순간 철수와 영희가 반겨주는데ㅋㅋ으른들은 추억속의 학창시절로 아이들은 타임워프 탄듯이색적인 갬성을 느낄수있는곳이라구🙊촤르르 이어지는 교과서의 역사는 물론 전통놀이 체험도 할수있어서 이색여행코스로 딱 좋음!@@고고-📖 미래엔교과서박물관📍 세종 연동면 청연로 492-14⏰ 09:30 - 17:00✖ 월요일 휴관✔ 추석연휴 휴무-#세종여행 #세종명소 #세종가볼만한곳 #세종핫플 #세종전시 #세종박물관 #교과서박물관"
"🌈─────────────────아이와 어디가지⁉️뭐하지❕애기야가자APP📱에는전국 2만여 곳의 아이와 갈만한 곳이 소개되어 있어요!지금 바로 확인하세요😎─────────────────국립세종수목원에대형 18미터 대형 핑크퐁이 떴다 !아이들이 좋아하는 핑크퐁과 사진도 찍고멸종위기종 구상나무 알리기에도 함께해요 !#국립세종수목원[이용안내]▪️세종 수목원로 136▪️044-251-0001@sjnagreen @pinkfong.ko ▶운영시간매일 09:00 - 17:00 *월요일 휴무▶주차가능▶대여가능물품유모차, 휠체어, 폴라로이드 카메라(평일)휴대용 선풍기(여름)휴대용 손난로(겨울)▶보행약자 전기버스 무료 관람가능-온라인 예약 ▶핑크퐁 꿈의 정원2022.10.28 - 12.31 #애기야가자#애기야가자세종#아이와나들이 #수목원"
"대구사는 나를 세종시까지 가게 만든핑크뮬리 메타나무 팜파스 이스터국화가 모두있는 풍경Collaboration of purple pink meta tree n pampas#조치원 #보라보라 #팜파스 #메타세콰이어숲 #아스타국화 #세종가볼만한곳 #색감맛집 #알록달록 #색감보정 #세종여행 #핑크뮬리🌸 #벨비아 #메타세콰이어 #colorpink #purple💜 #colorpurple #purplepurple #colorful #vivid #velvia #purpleflowers #pinkmuhly, 세종특별자치시"
"✨드디어 일정떴다는 제 1회 세종 빛축제 대공개✨겨울이면 꼭 봐야하는 그 축제가 드디어 세종에서 펼쳐지는거 실화냐,,👀영롱한 불빛들에 보기만 해도 두근세근😍조형물, 미디어아트전시, 미디어 파사드, 버스킹, 크리스마스 마켓까지 와르르 쏟아지는 볼거리에이미 연말 준비 완료다ㅋㅋ@@갬성적시러 고고-🎄 2023 세종 빛 축제📍 세종특별자치시 이응다리 및 금강수변 일원 (보람동)📆 12/2 ~ 12/31까지 예정!🧡 이해를 돕기위해 태안 빛 축제 사진을 사용했습니다!-#세종여행 #세종핫플 #세종가볼만한곳 #세종축제 #세종빛축제 #빛축제"
"#제작비지원 @ktosejong🌿실내온실에서 즐기는 트로피컬 아쿠아리움🐬에어컨이 나오는 국내 최대 유리온실이 있는✨국립세종수목원으로 팸투어를 다녀왔어요✨실내온실이 돔 형태의 통유리를 가진 곳이라푸른 하늘이 시원하게 바라보는 곳이었어요!그리고 무엇보다 에어컨이 진짜 빵빵합니다그래서 실내온실을 시원하게 즐길 수 있어요국립세종수목원은 하늘이 보이는 돔형태라서마치 비눗방울 속에서 여행을 하는 기분이었고전망대에서 바라보는 초로색 풍경도 이색적이라뭔가 해외에 있는 식물원에 간 기분이었어요🌿📌우영우가 생각나는 특별 전시회 ‘바다를 품은 정원’식물원에서 아쿠아리움?!을 보는 것 같았어요!곳곳에 바다 속 물고기, 고래 모형 포토존부터돌고래 모양의 잎이 매력적인 돌고래 다육까지바다의 모습을 식물원에서 즐길 수 있습니다!🌊국립세종수목원 @sjnagreen 위치_세종 연기면 수목원로 136이용시간 : 매일 09:00~18:00, 월요일 휴무이용금액 :  성인 5,000원 / 청소년 4,000원 / 어린이 3,000원✔'바다를 품은 정원' 전시 기간은 22.7.9~22.10.30입니다.✔ 해당 활동은 ‘다님 6기’활동으로 제작된 콘텐츠입니다., 국립세종수목원"
"달빛 아래 호수🌙세종호수공원은 공원 자체도 잘 조성되어 아름답지만, 공원에서 바라보는 도시의 야경이 정말 아름답습니다.초승달이 예쁘게 떠 있던 9월의 첫날 저녁, 달빛과 함께 빛나는 세종시의 반영을 담아 보았습니다.** 호수공원의 습지섬 근처를 쭉 걸으면 야경을 감상하기 정말 좋습니다.** 바람이 없는 날 찾아가야 반영을 담으실 수 있습니다.2022 / SejongH&Y Soft GND16 FilterNikon Z7 + Zeiss Loxia 25mm F2.4#세종시 #어진동 #나성동 #세종호수공원 #세종수목원 #금강보행교 #세종특별자치시 #세종청사 #세종가볼만한곳 #세종여행 #대한민국구석구석 #여기니콘과함께 #니콘in세종 #니콘Z7, 세종특별자치시"
"📌세종 대형카페 #이도커피• 세종 금남면 금남구즉로 152• 매일 10:00 - 22:00• L.O 21:00• 주차장 있음#밍도리대전 #밍도리대전근교 #밍도리세종, 대전"
"도시X자연 힙함 말해 뭐해😎트래블리더가 직접 다녀온 #세종 여행 코스 저장📁하고싱그러움 가득💚 머금은 도심 속 핫플로 떠나요~🏃📍트래블리더 세종 여행 1박 2일 코스(첫째 날) 국립 세종 수목원 - 금강 보행교 - 영평사 - 방축천 음악 분수(둘째 날) 정부 세종청사 옥상정원 - 대통령 기록관 - 카페 에브리 선데이🌿#국립세종수목원(1,2,4)온실 속에서 즐기는 아쿠아리움🌴🐬 현재, 국내 최대 규모의 유리온실 속에서 펼쳐지는 전시🖼️#바다를품은정원 (~11.27)이 진행 중입니다.🏃#금강보행교(3)세종시를 대표하는 랜드마크✨ 한글이 반포된 1446년을 기념하여 제작된 1,446m 둘레의 다리는'ㅇ'자 형태의 모양이 특징이랍니다👀🍀#정부세종청사옥상정원(5)계절마다 다른 모습을 간직한 옥상정원🍃 총 15개의 건물에 걸쳐 조성된 정원에는 테마별 공간을 비롯한 다양한 식물이 식재되어 있습니다.※현재 일부 구간만 개방되고 있으며, 사전 예약이 필요합니다. 자세한 사항은 공식 홈페이지를 참고해주세요.🖊️#대통령기록관(6)대한민국 역대 대통령을 만나다📖 역대 대통령의 사진, 영상, 집기 등을 수집, 관리하는 공간으로전시를 통해 역대 대통령을 만나고 소통할 수 있는 공간입니다. 📸트래블리더 14기 강정훈, 김수연, 박지원, 박지현, 이유빈, 정지혜 님 제공"
"가을과 크리스마스가 공존하던, 세종 아크커피🎄🌾크리스마스 트리 보러 다녀온 곳이였는데 가을 볕과도 잘 어울리던 세종 카페 아크커피.아크커피 트리도 밤에 봐야 예쁜줄 알았는데 알록달록한 사탕같은 색감에 낮에 봐도 너무 예쁜 트리였답니다.아직 지지 않은 억새랑 조합도 너무 예뻐 낮에 다녀올까 말까 고민하시는 분들께 낮에 보기 예쁜 트리로 강력추천 드리고 싶어요!딸기케이크는 없어서 아쉬웠는데 대신 시킨 크로플도 너무 맛있고, 겨울 한정 시즌으로 나오는 뱅쇼도 너무 따뜻하고 맛있었답니다🍷♥️🎄아크커피 (@arccoffee__ )📍세종 장군면 월현윗길 38-15 아크커피🕰️11:00-21:00🚘주차공간 O🐶반려동물 동반 가능#세종여행 #세종맛집 #세종카페 #아크커피 #세종크리스마스 #청주근교 #청주근교카페 #세종시카페 #세종가볼만한곳 #세종데이트, 세종시"
한옥 x 크리스마스트리 🎄이 조합 찬성이요 ❤️#만나밀베이커리 @mannamill_sejong 📍세종특별자치시 고운한옥1길 8 🚗 큰 주차장 있음⏰ 10:00 ~20:00 (라스트오더 19:00)❌ 정기휴무 : 화요일❤️ 포토존에 머리띠와 안경 소품도 있어요With @rimrim_87 ..#세종만나밀 #만나밀한옥카페 #세종카페 #세종카페추천#세종시카페 #세종핫플 #세종시핫플 #세종트리카페#세종시크리스마스 #세종시여행 #세종여행
"🍁1년에 딱 한번 열린다는 세종 단풍축제 일정 대공개!!🍂10/21~11/5 열릴 예정이래!길따라 이어진 단풍+은행 길에 사부작사부작 걷는 소리마저 갬성 낭낭함,,💛귀욤뽀짝한 곰돌이부터 가을 꽃까지 하루 힐링산책코스로도 딱 좋아서 필수코스라구😍@@가야지-🍁 베어트리파크📍 세종 전동면 신송로 217⏰ 09:00 - 18:00 [입장마감시간 16:30]✖ 연중무휴📆 10/21 ~ 11/5 까지 가을단풍축제!!-#세종여행 #세종가볼만한곳 #세종핫플 #세종산책 #단풍낙엽산책길 #베어트리파크 #세종나들이"
"국립세종수목원(@sjnagreen)은 국내 최대 규모 유리온실인 사계절온실과 한국전통정원, 분재원을 보유하고 있는 수목원입니다.🌿 국내 최초의 도심형 국립수목원으로 규모는 축구장 90개 면적에 달하는데요. 오는 9월 23일(토)까지 국립세종수목원 야간개장 '수목원 특별 夜행'도 진행합니다. 운영시간은 매주 금, 토요일 밤 9시 30분까지 관람 가능하니, 관심 있는 분들은 참고해 주세요.☑️📸 sumni_hada @rinni1_"
크리스마스가 가득 찾아온 세종시 아크커피🎄♥️작년에 예쁜 트리로 많은 사랑을 받았던 세종시 아크커피에 올해도 예쁜 트리를 설치하셨다고 하셔서 호다닥 다녀왔어요.트리만 있어도 예쁜데 올해는 더 풍부한 크리스마스를 위해 창가쪽에 예쁜 리스도 설치하고 계시다고 해요!더 많은 사진과 정보는 피드에 올려볼게요🎄♥️📍세종 아크커피(@arccoffee__ )#세종카페 #세종여행 #세종가볼만한곳 #세종크리스마스 #아크커피 #세종시카페
(리그램) 모든 대표님들은 가성비를 원합니다👀인스타마케팅 한지 벌써 5년째 입니다@gogoinsta_official 👈 대표계정전국에 많은 대표님들과 함께 하고 있습니다👌맡겨주신분들에게 칭찬을 들었을때 보람도 있었습니다😍내 매장은 매일 검색하는 사람들에게 보여야 합니다확실한 결과물 보여드립니다👍📍이벤트 중 📍인기탭 📍자동완성어📍업종에 맞는 해시태그 선별 📍인기게시물📍릴스💥 상담은 무료입니다~✨ 카톡 gogo35☎ 전화 010-6448-8900..#세종카페#세종술집#세종카페추천#세종피부관리#세종왁싱#세종펜션#세종대형카페#세종여행#세종맛집#세종핫플#세종카페거리#세종숙소 (리그램)
철길따라 임장여행 _경부선편_[8]세종특별자치시 (ft. 세종시... 
"마지막 가을 여행, 문화체육관광부 11월 추천 가을 여행지 5곳!"
강원도 인제 가볼만한곳 : 가을꽃축제 가을 여행지 추천
"겨울 여행지, 두타(頭陀) 밸리 미로(未老)에 가다."
"9월 가족 여행지 추천│제주... 여행, 농촌 체험 여행, 국내여행지"
"이번 겨울, 나에게 맞는 눈꽃 여행지는?❄"
"추석 연휴, 힐링 여행지 추천! (feat. 저탄소 여행지)"
"단풍 절정 시기 | 여행가기 좋은 가을, 국내 단풍 명소와 여행지"
강원도 양양 숙소 코레일 낙산연수원 아이와 주말여행
한림읍 [명월성지 비양도 정물오름] 비대면 안심 여행지 추천
제주쏠라티렌트 구매 가이드 제주에서 최상의 솔라티 렌탈하기
"코로나19로 변한 나날, 자연 속으로 향하는 164곳의 힐링 여행지"
국내 여행지 추천 봄 여름 가을 겨울 사계절 한국 꽃 명소... 
"‘K-관광, 여기 어때’ 11월 추천여행지 5곳"
2023 대한민국 국제관광박람회(대한민국 방방곡곡 여행박람회)
이번 주말 아이와 가볼만한 곳 11월 추천 여행지
&quot;여행도 똑똑하게!&quot; 빅데이터로 알아보는 겨울 여행지
전주 문화재 야행 : 한옥마을 경기전 전주사고 | 전라감영
"‘K-관광, 여기 어때’…11월 추천여행지 5곳"
홍천 발로 강원도 리조트 분양안내
철원 가볼만한곳 핑크뮬리가 있는 가을 꽃축제 고석정 꽃밭... 
제주 한림 가볼만한곳 제주 명월성지 명월성
반려동물 동반 가능한 전국 여행지 총정리! 네이버 &quot;별별저장소... 
세종특별자치시 갈볼만한 중국집
강원도 철원 가볼만한곳 철원 고석정 꽃밭 환상 가을 풍경
"제주특별자치도 제주시 추자면에 딸린 섬으로, 면적 1.53km2... "
국내 여행지도 전국 대한민국 관광지도 한국관광100선
제주 서부여행 산방산 용머리해안 사계해안
제주순환버스로 떠나는 뚜벅이여행 - '김흥수 아틀리에'와... 
속초 자이엘라 더비치 분양정보 속초 생활형숙박시설
제주도 서귀포 갈만한 곳 사찰약천사 바다가보이는 유명한 절
제주도] 겨울에 떠나는 제주여행 - 겨울 제주여행지 추천
제주여행 제주목관아와 관덕정을 돌아보다
전주 여행 경기전 전동성당 입장료 주차 운영시간... 
11월 관광지 소개
2023 서울국제관광전
철원 여행 코스 1일차 고석정 꽃밭 한탄강주상절리길 직탕폭포
태평양도서국 축제/대전/11월 국내여행지/부여걷기/미국서부... 
전국 여행지 목록
제주 동문야시장 가는 길에 제주성지와 오현단
[고성 여행지 추천] 송지호철새전망타워 &amp; 카페
경기도 황학산의역사
"가야허허 마고여신 자궁웅곰의대천제국 여류 작가 책, 만화... "
야간관광ㅣ한국야간관광100선 ㅣ 야경핫플 경주여행 월정교... 
"삼도이동, 제주목 관아 (제10기 제주시 SNS시민기자단 팸투어... "
다함께 앞으로 쭈욱~ 제주 원도심 도시재생
하운드 속초 블루스테이 생활형숙박시설 잔여세대 분양문의
제주도혼자여행 제주시내가볼만한곳 제주도시내 제주관덕정... 
2022 내나라여행박람회
8월1주 KB부동산 주간시장동향 주간시계열
홍천 발로리조트 분양안내
"주간원주뉴스(주간원주소식,원주시부동산소식) 2023.9.4~9.10"
내년부터 추진되는 제주도 관광세 알아보기
2016 내나라여행박람회 - 전통 문화 체험 즐기기
지도로 보는 우리 땅 우리 문화 그림책
한국관광공사 선정 발표 지역관광공사 등 추천 전국 여행지
여행지도(전국 인기 여행지 현황)
2023년8월16일 배리어프리 기사
about CHINAㅣ한국 VS 중국
2023 서울국제관광전(SITF 2023)(2) (끝)
2023년8월22일 배리어프리 기사
"코로나19 진정 후 국내 추천여행지, 한국관광공사... "
인스케이프 양양 바이 파르나스 생활숙박시설 정보안내
주말 여행지 가족 나들이 수목원 여기어때?
스마트폰으로 마을 총회를...? 2019 디지털 사회혁신 우수사례... 
제주 숨은 여행지: 역사와 자연문화의 체험공간 성읍민속마을... 
제주도 무료 여행지 총정리
초등사회 여행계획세우기: 백지도와 한국지도 다운
"대통령상 수상한 관광 사진 작품, 어디서 찍었을까?"
5월을 대표하는 장미 '전국 지역별 장미꽃 명소 소개' 및 '대구... 
내비게이션 리포트_ (1) 징검다리 연휴
가을 단풍명소 추천  국립공원 / 도립공원  엑셀 파일 총정리
"제주도에서 사흘간, 제주 여행 일정"
1월 2월 국내 여행지 추천!! 자세한 정보
국내 여행지 700 명소
[캠핑&amp;여행] 휴가가 시작된다! 여름 추천 여행지 best5
삼성역 코엑스 내나라 여행 박람회 ③
2019 대한민국 국제관광박람회
제주도렌트카비교 최적의 구매 안내서 - deumeu
제주목관아와 관덕정
"제주도 사계리 해안 올레길 따라 걸으며 산방연대, 하멜기념비... "
[제주도의회/연재] 김민정의 제주산책 walk&amp;talk ③ 효리네... 
제주도 여행 아이랑 가기 좋은 테디베어뮤지엄
안전하게 즐기는 가을 비대면 관광지 100선/가을 정취 가득한... 
지역지리교육이 필요한 이유!
요즘 떠나기 딱 좋은 국내 여행지 추천 &lt;이색적인 자연경관... 
지역지리교육이 필요한 이유!
제주특별자치도 서귀포시 센트로 서양식 - 달콤한여행
한여름 천연의 피서지 만장굴
[제주도 여행] 제주도 테디베어 박물관
[여름휴가 여행지] 제주도편 / 중앙대 광고홍보학과 PRM
부모님 제주도 여행 - 제주아트랜드
구제주여행 제주목관아와 관덕정-제주도여행
우도 가볼 만한 곳. 다 같이 놀자 우도 한 바퀴.
2017 내나라여행박람회
"제주도여행 2일차 ④편(섭지코지, 성읍민속마을, 두꺼비식당... "
제주도추천여행지]... 제주도 추천 여행지 김영갑 갤러리... 
2018년 4월 전국축제 봄꽃축제 여행지추천
제주특별자치도 제주시 청도 한식 - 달콤한여행
강원도 철원 여행 ~
&lt;홍천&gt; 강원도 가볼만한곳 축제 K-홉 비어 페스티벌... 
"2023 추석 연휴, 황금연휴 여행으로? 추석여행"
제주특별자치도 제주시 제주향교 유적지/사적지 - 달콤한여행
[즐기Go수성] 야간관광 100선 한국관광공사 추천 야경명소... 
여행의 숨겨진 명소를 찾아서
[오늘의 여행 소식] 23.09.10 '6일' 황금연휴에 국내여행 숙박... 
[오늘의 여행 소식] 23.09.03 &quot;억눌렸던 해외여행 급증&quot;‥여권... 
한국사극TV드라마촬영지 연인 고려거란전쟁 배경장소
제주도 남동부 여행 준비_남원읍 : '비짓제주(VisitJeju)'와... 
2013 내나라여행박람회
한국기념품 로컬러 대담한 카드로 카드놀이하기
제주올레 6코스(쇠소깍~서귀포)
대한민국 절대가이드
2019 내나라여행박람회
"16) - 첫날 방문, 입장 방법, 지역별 국내 여행지 소개"
지도 유익한 정보!
"가을 여행지 추천 -경기도,강원도,충청도,경상도,전라도,제주도"
강릉 홍제동 피자 맛집 자가제빵 선명희피자
전국 언택트여행지 아시나요?
제주에가볼만한곳 제주유채꽃명소 성읍민속마을 남문성과... 
가보고 싶은 여행지
국내여행
"바다,계곡,워터파크 구명조끼 대여 대여 하는곳~!"
교과서가 쉬워지는 주말여행&amp;제주여행 초등과목별 여행지 open
"함께하는 즐거움, 한라산 둘레길 8구간(절물조릿대길), 9구간... "
전국 여름에 가볼만한 곳&amp;여름 인기 여행 주제
여행작가 봄비(김혜민) 포트폴리오 (last update: 2023.12.01)
대한민국 정원여행 지도
섬과 오지관광의 매력
야간관광 100선 한국관광공사 추천 밤에 가볼만한곳(야경명소)
제주여행 겨울 떠나는 겨울
&lt;제주도&gt; 제주 구좌 3월 가볼만한곳 오션뷰 올레길 봄꽃여행... 
양양파르나스분양정보 최신 정보 원한다면
2015 내나라여행박람회 - 구석구석 둘러본 여행박람회... 
제주도의 전통 술
아직 떠나지 못한 당신을 위한 최적의 휴가지는?
우리나라 지도 행정구역 구분 무료 다운로드 고화질 이미지 첨부
어두운 밤에도 즐길만한 명소! 화려한 조명이 나를 감싸는... 
"제주여행에서 놓칠 수 없는 제주의 경복궁, 제주목 관아"
"함께하는 즐거움, 제주올레12코스 (무릉외갓집~산경도예... "
Earth Traveler
&lt;제주도&gt; 우도여행 해안도로 드라이브 코스 서빈백사... 
도시들
황열 Q&amp;A
가보고 싶은 여행지
반나절 제주여행 _ 동문시장편
"[기획칼럼] 섬에서 삶을 깨우치다 : 기자에서 시인, 생태여행... "
"한국관광공사, 2023~2024 한국관광 100선 명단"
대한민국 완전정복 가이드북
제주 한림읍 맛집
떠나고픈 여행(여행초보자들)
2022년 럭셔리  국내 태교여행 BEST
인천/부자축제 /나훈아콘서트/일본/영화/축구/인간극장 등
평창 알펜시아리조트 놀거리 먹을거리 부대시설과 인근... 
국내여행지^^
한국인이 꼭 가봐야 할 한국관광 100선 2021-2022
여행지
미술주간/사진전/축구
제주도 꼭 가볼만한 관광지 스팟&lt;조천진성&gt; #포토스팟 #포토존... 
워터파크 사이트 모음
중학교 2학년 검정 인정 교과서
바로바로 지역감각 : 예산시 업그레이드 예산사랑상품권... 
&lt;제주도&gt; 제주 서쪽코스 한림 아이와 가볼만한곳 숨은명소... 
동북아 8대 경제권 목표... 장밋빛 청사진
제주-1(용두암)
인스케이프 양양 바이 파르나스 숙박업이 가능한 5성급호텔... 
제주 윈스톤힐즈 인 더 포레스트 분양 정보
모여라 동네숲! 가장 많은 사랑을 받는 우리 지역 숲은?
서귀포 여행코스 배움을 찾아가는 순례지 대정향교
&lt;제주도&gt; 구제주시 가볼만한곳 - 관덕정(觀德亭)
★ 파격 특별혜택 - 제주 애월 하귀 가온프라이빗2차... 
거리 두기에 따른 지역별 접종자 예외 인센티브를 알아봤습니다.
제주 올레길17코스(광령1리사무소~관덕정)를 걷다.
2023.07.05(수) 21개 언론사 사설 모음 [새벽창] 윤석열... 
국내여행지.
&lt;제주도&gt; 제주 볼거리 수국명소 우도일주 오름추천 여행코스... 
"금년 여름휴가, 강원도나 제주도 안가고 밖으로 밖으로, 왜?"
1494. 2020.12.5. 대한민국 충청북도 단양군 - 죽령역 [1]
걷기 여행길 10선
&lt;제주도&gt; 제주도 속으로 숨은명소 서귀포 관광지 혼자여행... 
제주도 부동산 이야기
배 대신 차로 떠나는 신안 섬 드라이브 여행
"제주도 버스 대절 임기사와 문화유적지, ‘관덕정’ 가보기"
바로바로 지역감각 배워보기 (221208)
[여성경제신문] 코로나19 피하는 국내 여름 휴가지 100선
"올해로 99년, 전국체전 그 역사를 아시나요?"
[대한민국시도지사협의회] 추석 이동 자제를 위한 17개 시·도... 
제주도 2박 3일 패키지여행 자유여행 추천 코스 일정 경비
관광공사추천 9월 여행지
2023 설 연휴에 가볼만한 곳
[제주여행/제주미술관]제주도립미술관 개관 10주년 기념전 '생... 
"양양 낙산 해변 휴양 및 숙박시설, 인스 케이프 양양 바이... "
일백마블 지역감각 : (230207)
"제주도 가족여행, 지금 가도 될까? (제주도 코로나19 감염증... "
바로바로 지역감각 배워보기 (221206)
9.02토 2030엑스포 유치 기원 효 건강 걷기대회 -다대포/건천궁... 
"“데이터 개방·활용 끝판왕” 국가중점데이터, 데이터 경제... "
[제 4회 대한민국 국제 관광박람회] 대한민국 국제... 
&lt;제주도&gt; 제주 가볼만한곳 차귀도 여행 배 타는 방법
제주여행 제주목관아 경복궁 축소판 제주목사 일상!
[사회적경제] 5월 2주 사회적경제&amp;정부지원사업 소식
대한민국/관광
시흥축구교실 성인축구레슨 축구레슨 장현능곡로축구교실... 
전국 캠핑장 리스트 (기타 시도)
"제주도 성읍민속마을, 500년의 역사가 살아 숨 쉬다"
제주시 여행 중 제주우체국에 들러야하는 이유!
2019 관광통역안내사 필기1교시 관광법규기출문제 정답및 해설
내 삶의 흔적
지금 나무와 더불어 산다는 것  &lt;고규홍&gt;
[2014 내나라 여행박람회] 국내여행이 한자리에..박람회 입장료... 
보험찾아줌 의료실비보험 걱정보단 상담이 먼저!
'WHEEL' 봄호(통권제64호) 시도협회 행사 소식
제주도 잠수함 할인 받는 팁! 모바일 쿠폰 구매이용 하기
"임시 휴교 상황, 태풍볼라벤경로,태풍피해예방법"
2017년 10월 1주차 사진전시 일정 (10/4~10/10)
마라도잠수함 제주도 2박3일 여행코스 추천 입장료 할인 팁
2021년 6월 30일 오후 12시 18분에 저장한 글입니다.
데이터스토어 제공 파일 리스트
가을 비대면 관광지 100선
제주도 마라도잠수함 입장료 할인 누구나 간단히 이용 할수... 
2020.6.16(화)
"[가을 비대면관광지 100선] / 경기도 양평 서후리숲, 경남 밀양... "
제주 잠수함 추천 문자 할인 쿠폰사고 제주도 관광지 패스하기
안전하고 여유로운 휴가철 언택트(비대면) 관광지 100선!
[#금호리조트#제주#화순#호텔#펜션#리조트#과일배달#과일바구니... 
2018 혁신 100대
[제주]섭지코지 / 고양이촌장의 여행이야기
쾌적한 국내 여행 방법!!
대한민국 17개 광역시도 및 229개 시군구 홈페이지 일람
‘가을 비대면관광지 100선’발표
농업관련 도서목록 : 18001-20000
2020 경찰 1차 시험 국어 문제 시험지 가답안 (경찰 국어 마찰음... 
신간도서 - 대한민국 절대가이드
디자인과 서까래 사이
"모스크바, Historia Y Estampas De La Villa De Madrid 2 등등"
팔도여행
영상포토 뉴스-3월17일 목요일
신 국토기행 62 /경기 이천시/시사일본어학원♥장수현선생의... 
"월드 오브 워크래프트, Swing Journal 등등"
골프연습장 사이트 모음
[여수시 서포터즈]여수를 기억할 대표 기념품이 없다
2020년 7월 주식시장 주요 일정
핵심만 지역정보 (22.03.16)
7월 31일 일요일
[책] 죽기전에 꼭가봐야할 국내여행 1001  +  링크 - 한국관광... 
[제주여행] 제주의 심장이며 혼이 살아 숨쉬는 그 곳 - 제주목... 
1월 여행. 해돋이 일출명소 가볼만한 곳. 전국 축제일정
계절 밥상 여행 &lt;대한민국 구석구석 숨겨진 계절의 맛&gt;
대한민국지도 행잉우드프레임 액자 - 우리나라지도 전국지도
평창군 대관령면 코리아레저스쿨 스키(보드) 렌탈샵 - 달콤한여행
"[판교테크노밸리]봄의 절정을 만끽하세요, 2016 봄 여행주간... "
원주시 문막읍 동화마을수목원 수목원 - 달콤한여행
"대한민국, 과연 얼마나 아십니까?-대한민국 사용설명서"
강원도 원주시 원주 중앙시장 상설시장 - 달콤한여행
제주시 한림읍 피어22 서양식 - 달콤한여행
강원도 춘천시 멋 갤러리카페 카페/전통찻집 - 달콤한여행
CJ Logistics Weekly News Letter Vol.159(11/8)
제주시 조천읍 포레스트사파리 자연생태관광지 - 달콤한여행
인제군 남면 남전약수 약수터 - 달콤한여행
평창군 봉평면 평창자연휴양림 자연휴양림 - 달콤한여행
양영훈의 가족 맞춤여행
제주시 구좌읍 제주레일바이크 트래킹 - 달콤한여행
강원도 양양군 해파랑길 44코스 트래킹 - 달콤한여행
"잊혀진 길 찾아 ~ 검푸른 바다여, 바람을 어쩌란 말이냐?"
- 웨딩정보
[오늘의 명언] 여행은 더 나은 일상을 위한 최선의 선택이다.... 
김준수(JYJ) (시아준수)
여행 이야기 - 저가 여행의 묘미(김정섭. 웃깁니다)/ 걷고 또... 
영상포토 뉴스-3월31일 금요일
호국보훈의 달 | 6월에 떠나는 국내 역사 여행지 추천(+호국 여행)
"[안덕면]제주특별자치도 유형문화재 제4호, ‘대정향교’"
가을 여행지 | 우리집 댕댕이와 함께 떠나는 국내 여행지 추천
"제주벤처가 전하는 세상의 지식 (제-세-지, 5월 15일)"
[신규유적지특집] 제주도갈만한곳 - 제주도 차귀도 천연보호구역
다녀오세요-‘추석 연휴 정부합동 특별교통대책(9.8~9.12)’ 시행
18.제주도 경찰청 운전면허 음주운전 취소 이의신청 인용율... 
한국관광 100선 스크래치 우리나라 지도 에이든여행지도
조선시대 제주도 발전에 공이 있는 다섯 분의 업적을 기린... 
[제주 여행] 제주 전통 초가와 제주민속이 있는 &quot;성읍 민속 마을&quot;
[제주여행] 사진으로 보는 제주의 혼이 살아 숨 쉬는 곳 &quot;제주목... 
국내일주로 배우는 지역과 도시: 지역개발‧시민행복... 
클럽 사이트 모음
쓸만한 통계 및 자료
골프장 사이트 모음
"National  Museum  of  Korea, 어린이박물관"
전국여행지도를 통해 대한민국 구석구석 살펴보기
2023년 제주에서 두번째 시작
2023-08-07 월요일 헤드라인&amp;키워드 뉴스
숭의동 더스테이프라임월드 숭의역 주말가능 신축빌라 특별하게
220830주요일정
대한민국 절대가이드 독후감 썼어요
[국내여행 코스추천] 자전거로 떠나는 전국 여행길
"제주도 도심 유적지 : 제주성지, 제이각, 오현단 탐방"
전국 수제맥주 맛집 베스트
제주도  박물관과 미술관  가볼만한 곳
한국 관광공사 제공/ 비대면 언택트 관광지 100선
&lt;우도여행 우도가볼만한곳&gt; 비양도
보쌈창업 블로그광고 홍보 바이럴 마케팅 !!
중문 관광단지 믿거나말거나 박물관 할인 받으려면 문자 쿠폰... 
제주여행 성산일출봉 답사기
제주도 믿거나말거나박물관 문자 할인 쿠폰사고 제주도 관광지... 
자동차보험나이 선택하는 방법
한국은행과 남이섬과 을유문화사와 민병도와 맞수 산업은행..... 
일성콘도 &amp;리조트 제주도 푸른바다로 떠나는 힐링여행!
2016내나라 여행박람회 다녀왔어요
명언 힘이됩니다
"경상남도 양산, (삽량),"
주식 투자 리 스타트 pdf  아이폰으로 연결하는 8가지 방법
아청법기준 범죄를 저지른 상황에서
[2014-09-29] 개천절 - 트렌드 뉴스
공정사회 - [2014-10-13] 오늘의 화제의 키워드
수영구 중고차 렌트 낮은 금리 찾을때
조물주가 만든 신비의 섬
간추린 퀴즈 모음 114
[경성대 수강신청] 란 무엇인가?
제주여행 성산일출봉 답사기
제주도 믿거나말거나박물관 문자 할인 쿠폰사고 제주도 관광지... 
자동차보험나이 선택하는 방법
한국은행과 남이섬과 을유문화사와 민병도와 맞수 산업은행..... 
일성콘도 &amp;리조트 제주도 푸른바다로 떠나는 힐링여행!
2016내나라 여행박람회 다녀왔어요
명언 힘이됩니다
"경상남도 양산, (삽량),"
주식 투자 리 스타트 pdf  아이폰으로 연결하는 8가지 방법
아청법기준 범죄를 저지른 상황에서
[2014-09-29] 개천절 - 트렌드 뉴스
공정사회 - [2014-10-13] 오늘의 화제의 키워드
수영구 중고차 렌트 낮은 금리 찾을때
조물주가 만든 신비의 섬
간추린 퀴즈 모음 114
[경성대 수강신청] 란 무엇인가?
제주여행 성산일출봉 답사기
제주도 믿거나말거나박물관 문자 할인 쿠폰사고 제주도 관광지... 
자동차보험나이 선택하는 방법
한국은행과 남이섬과 을유문화사와 민병도와 맞수 산업은행..... 
일성콘도 &amp;리조트 제주도 푸른바다로 떠나는 힐링여행!
2016내나라 여행박람회 다녀왔어요
명언 힘이됩니다
"경상남도 양산, (삽량),"
주식 투자 리 스타트 pdf  아이폰으로 연결하는 8가지 방법
아청법기준 범죄를 저지른 상황에서
[2014-09-29] 개천절 - 트렌드 뉴스
공정사회 - [2014-10-13] 오늘의 화제의 키워드
수영구 중고차 렌트 낮은 금리 찾을때
조물주가 만든 신비의 섬
간추린 퀴즈 모음 114
[경성대 수강신청] 란 무엇인가?
제주여행 성산일출봉 답사기
제주도 믿거나말거나박물관 문자 할인 쿠폰사고 제주도 관광지... 
자동차보험나이 선택하는 방법
한국은행과 남이섬과 을유문화사와 민병도와 맞수 산업은행..... 
일성콘도 &amp;리조트 제주도 푸른바다로 떠나는 힐링여행!
2016내나라 여행박람회 다녀왔어요
명언 힘이됩니다
"경상남도 양산, (삽량),"
주식 투자 리 스타트 pdf  아이폰으로 연결하는 8가지 방법
아청법기준 범죄를 저지른 상황에서
[2014-09-29] 개천절 - 트렌드 뉴스
공정사회 - [2014-10-13] 오늘의 화제의 키워드
수영구 중고차 렌트 낮은 금리 찾을때
조물주가 만든 신비의 섬
간추린 퀴즈 모음 114
[경성대 수강신청] 란 무엇인가?
제주여행 성산일출봉 답사기
제주도 믿거나말거나박물관 문자 할인 쿠폰사고 제주도 관광지... 
자동차보험나이 선택하는 방법
한국은행과 남이섬과 을유문화사와 민병도와 맞수 산업은행..... 
일성콘도 &amp;리조트 제주도 푸른바다로 떠나는 힐링여행!
2016내나라 여행박람회 다녀왔어요
명언 힘이됩니다
"경상남도 양산, (삽량),"
주식 투자 리 스타트 pdf  아이폰으로 연결하는 8가지 방법
아청법기준 범죄를 저지른 상황에서
[2014-09-29] 개천절 - 트렌드 뉴스
공정사회 - [2014-10-13] 오늘의 화제의 키워드
수영구 중고차 렌트 낮은 금리 찾을때
조물주가 만든 신비의 섬
간추린 퀴즈 모음 114
[경성대 수강신청] 란 무엇인가?
제주여행 성산일출봉 답사기
제주도 믿거나말거나박물관 문자 할인 쿠폰사고 제주도 관광지... 
자동차보험나이 선택하는 방법
한국은행과 남이섬과 을유문화사와 민병도와 맞수 산업은행..... 
일성콘도 &amp;리조트 제주도 푸른바다로 떠나는 힐링여행!
2016내나라 여행박람회 다녀왔어요
명언 힘이됩니다
"경상남도 양산, (삽량),"
주식 투자 리 스타트 pdf  아이폰으로 연결하는 8가지 방법
아청법기준 범죄를 저지른 상황에서
[2014-09-29] 개천절 - 트렌드 뉴스
공정사회 - [2014-10-13] 오늘의 화제의 키워드
수영구 중고차 렌트 낮은 금리 찾을때
조물주가 만든 신비의 섬
간추린 퀴즈 모음 114
[경성대 수강신청] 란 무엇인가?
제주여행 성산일출봉 답사기
제주도 믿거나말거나박물관 문자 할인 쿠폰사고 제주도 관광지... 
자동차보험나이 선택하는 방법
한국은행과 남이섬과 을유문화사와 민병도와 맞수 산업은행..... 
일성콘도 &amp;리조트 제주도 푸른바다로 떠나는 힐링여행!
2016내나라 여행박람회 다녀왔어요
명언 힘이됩니다
"경상남도 양산, (삽량),"
주식 투자 리 스타트 pdf  아이폰으로 연결하는 8가지 방법
아청법기준 범죄를 저지른 상황에서
[2014-09-29] 개천절 - 트렌드 뉴스
공정사회 - [2014-10-13] 오늘의 화제의 키워드
수영구 중고차 렌트 낮은 금리 찾을때
조물주가 만든 신비의 섬
간추린 퀴즈 모음 114
[경성대 수강신청] 란 무엇인가?
