"(리그램) @camping_cheongna🏕️서울 근교 다양한 편의시설과 신나는 액티비티가 있는 곳 ! 편안한 도심 속 자연, 캠핑 여행🌳청라 캠핑 & 서바이벌 & 바베큐까지 서울 근교 아이와 함께 가볼 만한 곳, 데이트 코스로 🔥새로운 힐링을 선물해 드릴게요 :)청라해변공원 캠핑장에서 하는 HOT EVENT !서울 근교 당일 바베큐&캠핑하면레이져서바이벌이 무료!?!?캠핑하고, 바베큐하면 레이져 서바이벌 프로그램이 선착순 무료입니다 ! 친구, 연인, 가족들끼리 당일로 놀러오셔서 캠핑과 레져를 즐겨보세요 :)[ 캠핑장 자체 프로그램 ]1) 레이져 서바이벌 : 토요일 휴무 / 일~금 운영(현장 선착순 예약) 1회 무료2) 토요 낭만 음악회 : 매주 토요일 17:30 ~ 18:30 (현장 상황에 따라 공연 취소 가능)더 자세한 시설소개는 @camping_cheongna 인천여행 가족캠핑장 아이와가볼만한곳 인천데이트코스인천아이와가볼만한곳 인천데이트"
🌟가치를 상승시키는 그로스비즈🌟⠀🎖 그로스비즈만의 빅데이터 마케팅✅ 계정 등급 활성화 서비스✅ 인기게시물 로직 분석✅ 빅데이터 계정 분석✅ 빅데이터 잠재고객 타겟팅✅ 빅데이터 시장 분석✅ 빅데이터 해시태그 분석⠀이 모든 걸 다 해주는빅데이터 계정 활성화 서비스!⠀이젠 계정 관리도신뢰도 높은 빅데이터로 받아보세요.⠀📞 상담은 프로필 링크 클릭!⠀─⠀#인천여행#패밀리침대#출장돌상#복대동피부관리#광주왁싱#강남메이크업#본식영상#신림카페#수내미용실#카페스티커#인천메이크업#20대쇼핑몰추천#송도한복#전체다운펌#부산애견분양
🌟가치를 상승시키는 그로스비즈🌟⠀소비자가 선택한 브랜드 그로스비즈⠀🏆 2022 올해의 IT 브랜드파워 1위🏆 2021 한국최우수브랜드대상 수상🏆 2021 대한민국브랜드만족지수 1위⠀그로스비즈만의 남다른 빅데이터 기술력과만족도 높은 SNS마케팅 솔루션을 받아보세요😎⠀📞 상담은 프로필 링크 클릭!⠀─⠀#인천여행#패브릭쇼파#강화도숙소#골프채#용현동꽃집#을지로꽃집#시흥레터링케이크#연신내꽃집#제주타투샵#김해인테리어#신사동메이크업#해운대애견미용#플라잉요가강사#안산중고차#동래헬스
"(리그램) @camping_cheongna🏕️서울 근교 다양한 편의시설과 신나는 액티비티가 있는 곳 ! 편안한 도심 속 자연, 캠핑 여행🌳청라 캠핑 & 서바이벌 & 바베큐까지 서울 근교 아이와 함께 가볼 만한 곳, 데이트 코스로 🔥새로운 힐링을 선물해 드릴게요 :)청라해변공원 캠핑장에서 하는 HOT EVENT !서울 근교 당일 바베큐&캠핑하면레이져서바이벌이 무료!?!?캠핑하고, 바베큐하면 레이져 서바이벌 프로그램이 선착순 무료입니다 ! 친구, 연인, 가족들끼리 당일로 놀러오셔서 캠핑과 레져를 즐겨보세요 :)[ 캠핑장 자체 프로그램 ]1) 레이져 서바이벌 : 토요일 휴무 / 일~금 운영(현장 선착순 예약) 1회 무료2) 토요 낭만 음악회 : 매주 토요일 17:30 ~ 18:30 (현장 상황에 따라 공연 취소 가능)더 자세한 시설소개는 @camping_cheongna 인천여행 가족캠핑장 아이와가볼만한곳 인천데이트코스인천아이와가볼만한곳 인천데이트"
"(리그램) @camping_cheongna🏕️서울 근교 다양한 편의시설과 신나는 액티비티가 있는 곳 ! 편안한 도심 속 자연, 캠핑 여행🌳청라 캠핑 & 서바이벌 & 바베큐까지 서울 근교 아이와 함께 가볼 만한 곳, 데이트 코스로 🔥새로운 힐링을 선물해 드릴게요 :)청라해변공원 캠핑장에서 하는 HOT EVENT !서울 근교 당일 바베큐&캠핑하면레이져서바이벌이 무료!?!?캠핑하고, 바베큐하면 레이져 서바이벌 프로그램이 선착순 무료입니다 ! 친구, 연인, 가족들끼리 당일로 놀러오셔서 캠핑과 레져를 즐겨보세요 :)[ 캠핑장 자체 프로그램 ]1) 레이져 서바이벌 : 토요일 휴무 / 일~금 운영(현장 선착순 예약) 1회 무료2) 토요 낭만 음악회 : 매주 토요일 17:30 ~ 18:30 (현장 상황에 따라 공연 취소 가능)더 자세한 시설소개는 @camping_cheongna #인천여행 #가족캠핑장 #아이와가볼만한곳 #인천데이트코스#인천아이와가볼만한곳 #인천데이트"
"(리그램) @camping_cheongna🏕️서울 근교 다양한 편의시설과 신나는 액티비티가 있는 곳 ! 편안한 도심 속 자연, 캠핑 여행🌳청라 캠핑 & 서바이벌 & 바베큐까지 서울 근교 아이와 함께 가볼 만한 곳, 데이트 코스로 🔥새로운 힐링을 선물해 드릴게요 :)청라해변공원 캠핑장에서 하는 HOT EVENT !서울 근교 당일 바베큐&캠핑하면레이져서바이벌이 무료!?!?캠핑하고, 바베큐하면 레이져 서바이벌 프로그램이 선착순 무료입니다 ! 친구, 연인, 가족들끼리 당일로 놀러오셔서 캠핑과 레져를 즐겨보세요 :)[ 캠핑장 자체 프로그램 ]1) 레이져 서바이벌 : 토요일 휴무 / 일~금 운영(현장 선착순 예약) 1회 무료2) 토요 낭만 음악회 : 매주 토요일 17:30 ~ 18:30 (현장 상황에 따라 공연 취소 가능)더 자세한 시설소개는 @camping_cheongna 인천여행 가족캠핑장 아이와가볼만한곳 인천데이트코스인천아이와가볼만한곳 인천데이트"
"(리그램) @camping_cheongna🏕️서울 근교 다양한 편의시설과 신나는 액티비티가 있는 곳 ! 편안한 도심 속 자연, 캠핑 여행🌳청라 캠핑 & 서바이벌 & 바베큐까지 서울 근교 아이와 함께 가볼 만한 곳, 데이트 코스로 🔥새로운 힐링을 선물해 드릴게요 :)청라해변공원 캠핑장에서 하는 HOT EVENT !서울 근교 당일 바베큐&캠핑하면레이져서바이벌이 무료!?!?캠핑하고, 바베큐하면 레이져 서바이벌 프로그램이 선착순 무료입니다 ! 친구, 연인, 가족들끼리 당일로 놀러오셔서 캠핑과 레져를 즐겨보세요 :)[ 캠핑장 자체 프로그램 ]1) 레이져 서바이벌 : 토요일 휴무 / 일~금 운영(현장 선착순 예약) 1회 무료2) 토요 낭만 음악회 : 매주 토요일 17:30 ~ 18:30 (현장 상황에 따라 공연 취소 가능)더 자세한 시설소개는 @camping_cheongna #인천여행 #가족캠핑장 #아이와가볼만한곳 #인천데이트코스#인천아이와가볼만한곳 #인천데이트"
"(리그램) @camping_cheongna🏕️서울 근교 다양한 편의시설과 신나는 액티비티가 있는 곳 ! 편안한 도심 속 자연, 캠핑 여행🌳청라 캠핑 & 서바이벌 & 바베큐까지 서울 근교 아이와 함께 가볼 만한 곳, 데이트 코스로 🔥새로운 힐링을 선물해 드릴게요 :)청라해변공원 캠핑장에서 하는 HOT EVENT !서울 근교 당일 바베큐&캠핑하면레이져서바이벌이 무료!?!?캠핑하고, 바베큐하면 레이져 서바이벌 프로그램이 선착순 무료입니다 ! 친구, 연인, 가족들끼리 당일로 놀러오셔서 캠핑과 레져를 즐겨보세요 :)[ 캠핑장 자체 프로그램 ]1) 레이져 서바이벌 : 토요일 휴무 / 일~금 운영(현장 선착순 예약) 1회 무료2) 토요 낭만 음악회 : 매주 토요일 17:30 ~ 18:30 (현장 상황에 따라 공연 취소 가능)더 자세한 시설소개는 @camping_cheongna 인천여행 가족캠핑장 아이와가볼만한곳 인천데이트코스인천아이와가볼만한곳 인천데이트"
"(리그램) @camping_cheongna🏕️서울 근교 다양한 편의시설과 신나는 액티비티가 있는 곳 ! 편안한 도심 속 자연, 캠핑 여행🌳청라 캠핑 & 서바이벌 & 바베큐까지 서울 근교 아이와 함께 가볼 만한 곳, 데이트 코스로 🔥새로운 힐링을 선물해 드릴게요 :)청라해변공원 캠핑장에서 하는 HOT EVENT !서울 근교 당일 바베큐&캠핑하면레이져서바이벌이 무료!?!?캠핑하고, 바베큐하면 레이져 서바이벌 프로그램이 선착순 무료입니다 ! 친구, 연인, 가족들끼리 당일로 놀러오셔서 캠핑과 레져를 즐겨보세요 :)[ 캠핑장 자체 프로그램 ]1) 레이져 서바이벌 : 토요일 휴무 / 일~금 운영(현장 선착순 예약) 1회 무료2) 토요 낭만 음악회 : 매주 토요일 17:30 ~ 18:30 (현장 상황에 따라 공연 취소 가능)더 자세한 시설소개는 @camping_cheongna 인천여행 가족캠핑장 아이와가볼만한곳 인천데이트코스인천아이와가볼만한곳 인천데이트"
"(리그램) @camping_cheongna🏕️서울 근교 다양한 편의시설과 신나는 액티비티가 있는 곳 ! 편안한 도심 속 자연, 캠핑 여행🌳청라 캠핑 & 서바이벌 & 바베큐까지 서울 근교 아이와 함께 가볼 만한 곳, 데이트 코스로 🔥새로운 힐링을 선물해 드릴게요 :)청라해변공원 캠핑장에서 하는 HOT EVENT !서울 근교 당일 바베큐&캠핑하면레이져서바이벌이 무료!?!?캠핑하고, 바베큐하면 레이져 서바이벌 프로그램이 선착순 무료입니다 ! 친구, 연인, 가족들끼리 당일로 놀러오셔서 캠핑과 레져를 즐겨보세요 :)[ 캠핑장 자체 프로그램 ]1) 레이져 서바이벌 : 토요일 휴무 / 일~금 운영(현장 선착순 예약) 1회 무료2) 토요 낭만 음악회 : 매주 토요일 17:30 ~ 18:30 (현장 상황에 따라 공연 취소 가능)더 자세한 시설소개는 @camping_cheongna #인천여행 #가족캠핑장 #아이와가볼만한곳 #인천데이트코스#인천아이와가볼만한곳 #인천데이트"
"(리그램) @camping_cheongna🏕️서울 근교 다양한 편의시설과 신나는 액티비티가 있는 곳 ! 편안한 도심 속 자연, 캠핑 여행🌳청라 캠핑 & 서바이벌 & 바베큐까지 서울 근교 아이와 함께 가볼 만한 곳, 데이트 코스로 🔥새로운 힐링을 선물해 드릴게요 :)청라해변공원 캠핑장에서 하는 HOT EVENT !서울 근교 당일 바베큐&캠핑하면레이져서바이벌이 무료!?!?캠핑하고, 바베큐하면 레이져 서바이벌 프로그램이 선착순 무료입니다 ! 친구, 연인, 가족들끼리 당일로 놀러오셔서 캠핑과 레져를 즐겨보세요 :)[ 캠핑장 자체 프로그램 ]1) 레이져 서바이벌 : 토요일 휴무 / 일~금 운영(현장 선착순 예약) 1회 무료2) 토요 낭만 음악회 : 매주 토요일 17:30 ~ 18:30 (현장 상황에 따라 공연 취소 가능)더 자세한 시설소개는 @camping_cheongna 인천여행 가족캠핑장 아이와가볼만한곳 인천데이트코스인천아이와가볼만한곳 인천데이트"
"(리그램) @camping_cheongna🏕️서울 근교 다양한 편의시설과 신나는 액티비티가 있는 곳 ! 편안한 도심 속 자연, 캠핑 여행🌳청라 캠핑 & 서바이벌 & 바베큐까지 서울 근교 아이와 함께 가볼 만한 곳, 데이트 코스로 🔥새로운 힐링을 선물해 드릴게요 :)청라해변공원 캠핑장에서 하는 HOT EVENT !서울 근교 당일 바베큐&캠핑하면레이져서바이벌이 무료!?!?캠핑하고, 바베큐하면 레이져 서바이벌 프로그램이 선착순 무료입니다 ! 친구, 연인, 가족들끼리 당일로 놀러오셔서 캠핑과 레져를 즐겨보세요 :)[ 캠핑장 자체 프로그램 ]1) 레이져 서바이벌 : 토요일 휴무 / 일~금 운영(현장 선착순 예약) 1회 무료2) 토요 낭만 음악회 : 매주 토요일 17:30 ~ 18:30 (현장 상황에 따라 공연 취소 가능)더 자세한 시설소개는 @camping_cheongna 인천여행 가족캠핑장 아이와가볼만한곳 인천데이트코스인천아이와가볼만한곳 인천데이트"
"#염씨표류기 x #인천 메타세콰이어 카페가 있다?!🫢인천에서도 메타세콰이어를볼 수 있는 곳이 있어서 다녀왔습니다!!바로 강화도에 있는 카페메타포레스트입니다본관은 식물이 가득한 공간이고뒤쪽 숲 속으로 가면메타세콰이어를 만날 수 있습니다🍂날씨때문인지 많이 떨어져서아쉬웠지만 서울근교에서메타세콰이어를 볼 수 있어서 좋더라고요(내년에 다시 들려봐야겠어요!!)강화도에 가신다면 식물이 가득한 카페에서힐링하는 시간도 갖고메타세콰이어도 보고 오세요!!🙌🙌<메타포레스트>📍인천 강화군 길상면 길상로95번길 68-46🍯Tip🔸매일 11:00-18:00🔸주말은 9시 오픈🔸일요일은 18시 마감🔸정기휴무 월, 화🔸라스트오더는 마감 30분 전🔸예스키즈존, 강화도"
"(리그램) @camping_cheongna🏕️서울 근교 다양한 편의시설과 신나는 액티비티가 있는 곳 ! 편안한 도심 속 자연, 캠핑 여행🌳청라 캠핑 & 서바이벌 & 바베큐까지 서울 근교 아이와 함께 가볼 만한 곳, 데이트 코스로 🔥새로운 힐링을 선물해 드릴게요 :)청라해변공원 캠핑장에서 하는 HOT EVENT !서울 근교 당일 바베큐&캠핑하면레이져서바이벌이 무료!?!?캠핑하고, 바베큐하면 레이져 서바이벌 프로그램이 선착순 무료입니다 ! 친구, 연인, 가족들끼리 당일로 놀러오셔서 캠핑과 레져를 즐겨보세요 :)[ 캠핑장 자체 프로그램 ]1) 레이져 서바이벌 : 토요일 휴무 / 일~금 운영(현장 선착순 예약) 1회 무료2) 토요 낭만 음악회 : 매주 토요일 17:30 ~ 18:30 (현장 상황에 따라 공연 취소 가능)더 자세한 시설소개는 @camping_cheongna 인천여행 가족캠핑장 아이와가볼만한곳 인천데이트코스인천아이와가볼만한곳 인천데이트"
"딸기가죠아💕💕#인천여행 #인천모임 #인천맞팔#인천아라비안 #인천나이트 #나이트클럽 #계산동아라비안 #계산동맛집 #계산동카페 #작전동맛집 #임학동맛집 #계양맛집 #부천맛집 #인천백악관 #주안백악관, 인천아라비안나이트"
"#염씨표류기 x #인천 크리스마스 분위기의 온실카페🎄강화도에 대형 온실이 있는신상카페가 생겼다고 해서 다녀왔습니다카페 두운리는 본관 1,2층과별관인 온실로 구성되어 있는대형카페입니다본관에는 채광이 너무 좋아서따뜻한 느낌이 가득했고온실에는 식물들이 있어서편안한 느낌이 가득했어요😍크리스마스 트리는 본관 2층과온실에 각각 1개씩 있는데온실에 있는 트리가 진짜 예쁘더라고요✨강화도에 가신다면 신상카페인 두운리에한 번 들려보세요!!🙌🙌<카페 두운리>📍인천 강화군 불은면 불은북로 36-8🍯Tip🔸매일 11:00-21:00🔸주말은 10시 오픈🔸매달 첫 번째 월요일 정기휴무, 강화도"
실시간 인천공항에 펼쳐진 미디어아트 크리스마스🎄분위기 모야! 이미 인천은 크리스마스야?!🎅반짝반짝 열일하는 조명들에영롱한 미디어아트가 샤랄라~🎇낭만적인 분위기에 포토존도 잔뜩이라스토리 100만개 올릴 각이라구🎁산타숲에 온 것 같애🧑‍🎄@@여기 가보자-❤ 인천국제공항📍 인천광역시 중구 공항로 271📆 ~ 23.12.31까지 진행예정💌영상제공 감사합니다💗0.jju__ya-#인천크리스마스 #인천공항 #인천국제공항 #인천가볼만한곳 #인천여행
"(리그램) @camping_cheongna🏕️서울 근교 다양한 편의시설과 신나는 액티비티가 있는 곳 ! 편안한 도심 속 자연, 캠핑 여행🌳청라 캠핑 & 서바이벌 & 바베큐까지 서울 근교 아이와 함께 가볼 만한 곳, 데이트 코스로 🔥새로운 힐링을 선물해 드릴게요 :)청라해변공원 캠핑장에서 하는 HOT EVENT !서울 근교 당일 바베큐&캠핑하면레이져서바이벌이 무료!?!?캠핑하고, 바베큐하면 레이져 서바이벌 프로그램이 선착순 무료입니다 ! 친구, 연인, 가족들끼리 당일로 놀러오셔서 캠핑과 레져를 즐겨보세요 :)[ 캠핑장 자체 프로그램 ]1) 레이져 서바이벌 : 토요일 휴무 / 일~금 운영(현장 선착순 예약) 1회 무료2) 토요 낭만 음악회 : 매주 토요일 17:30 ~ 18:30 (현장 상황에 따라 공연 취소 가능)더 자세한 시설소개는 @camping_cheongna #인천여행 #가족캠핑장 #아이와가볼만한곳 #인천데이트코스#인천아이와가볼만한곳 #인천데이트"
"🌸포레스트아웃팅스 송도🌸-올해 크리스마스시즌을 맞이하여서포레스트아웃팅스 송도점도 알록달록크리스마스 장식으로 화려하게 단장했어요!송도점 특유의 밝은 인테리어에각종 크리스마스 장식들이 추가로 장식되니더욱 화려하고 예쁘게 단장하였답니다!전층 엘레베이터 운행하며,카페 내부 전체가 포토존이라고해도 과언이 아닐정도로 예뻐요!또 포레스트아웃팅스의 빵과 다양한 식사메뉴 엄청 유명하죠!?그리고 넉넉한 주차공간까지!추운겨울에는 이곳만한 실내 데이트공간도 없는것같아요!이번에는 낮이아니라 크리스마스 느낌을 제대로 보고싶어서저녁에 방문했는데, 크리스마스장식들 원래 해지고 봐야더욱 반짝이고 이쁘잖아요!!?송도점 크리스마스 시즌 장식역시 저녁에 더욱 반작이고 예뻣습니다!....🔶촬영정보🔶📍장소 : #포레스트아웃팅스송도 (@forestoutings_songdo )✔️인천 연수구 청량로 145✔️매일 10:00 ~ 22:00✔️대형주차장 완비!✔️케어키즈존....#노픽그램, 송도"
"(리그램) @camping_cheongna🏕️서울 근교 다양한 편의시설과 신나는 액티비티가 있는 곳 ! 편안한 도심 속 자연, 캠핑 여행🌳청라 캠핑 & 서바이벌 & 바베큐까지 서울 근교 아이와 함께 가볼 만한 곳, 데이트 코스로 🔥새로운 힐링을 선물해 드릴게요 :)청라해변공원 캠핑장에서 하는 HOT EVENT !서울 근교 당일 바베큐&캠핑하면레이져서바이벌이 무료!?!?캠핑하고, 바베큐하면 레이져 서바이벌 프로그램이 선착순 무료입니다 ! 친구, 연인, 가족들끼리 당일로 놀러오셔서 캠핑과 레져를 즐겨보세요 :)[ 캠핑장 자체 프로그램 ]1) 레이져 서바이벌 : 토요일 휴무 / 일~금 운영(현장 선착순 예약) 1회 무료2) 토요 낭만 음악회 : 매주 토요일 17:30 ~ 18:30 (현장 상황에 따라 공연 취소 가능)더 자세한 시설소개는 @camping_cheongna #인천여행 #가족캠핑장 #아이와가볼만한곳 #인천데이트코스#인천아이와가볼만한곳 #인천데이트"
🌟가치를 상승시키는 그로스비즈🌟⠀🎖 그로스비즈만의 빅데이터 마케팅✅ 계정 등급 활성화 서비스✅ 인기게시물 로직 분석✅ 빅데이터 계정 분석✅ 빅데이터 잠재고객 타겟팅✅ 빅데이터 시장 분석✅ 빅데이터 해시태그 분석⠀이 모든 걸 다 해주는빅데이터 계정 활성화 서비스!⠀이젠 계정 관리도신뢰도 높은 빅데이터로 받아보세요.⠀📞 상담은 프로필 링크 클릭!⠀─⠀#인천여행 #영주마카롱 #수제빵집 #인천백일상 #명절과일 #포항숙소 #탄방동왁싱 #어성초비누 #부평지하상가옷가게 #덕천꽃집 #브레이크튜닝 #부천역미용실 #안양애견미용 #잠실사진관 #연희동플라워레슨
"추위를 사르르 녹일 수 있는 온천&노천탕 데뚜장소 총정리♨️온몸이 꽁꽁 얼어붙는 지금! 연인과 따뜻하게 힐링할 수 있는다양한 온천, 노천탕들을 한 곳에 모아봤따!!💖@@우리 이번 겨울 여행 여기로 떠나자!!-#호텔무무#강화석모도미네랄온천#파라다이스시티#네스트호텔#리안월드#솔밭해수방#아라미르글램핑장#웅진플레이도시#멜로우멘션-#인천맛집#인천카페#인천가볼만한곳#인천데이트#인천술집#인천여행#인천숙소#부천맛집#부천카페#부천가볼만한곳#부천데이트#부천술집#부천여행#부천숙소"
"(리그램) @camping_cheongna🏕️서울 근교 다양한 편의시설과 신나는 액티비티가 있는 곳 ! 편안한 도심 속 자연, 캠핑 여행🌳청라 캠핑 & 서바이벌 & 바베큐까지 서울 근교 아이와 함께 가볼 만한 곳, 데이트 코스로 🔥새로운 힐링을 선물해 드릴게요 :)청라해변공원 캠핑장에서 하는 HOT EVENT !서울 근교 당일 바베큐&캠핑하면레이져서바이벌이 무료!?!?캠핑하고, 바베큐하면 레이져 서바이벌 프로그램이 선착순 무료입니다 ! 친구, 연인, 가족들끼리 당일로 놀러오셔서 캠핑과 레져를 즐겨보세요 :)[ 캠핑장 자체 프로그램 ]1) 레이져 서바이벌 : 토요일 휴무 / 일~금 운영(현장 선착순 예약) 1회 무료2) 토요 낭만 음악회 : 매주 토요일 17:30 ~ 18:30 (현장 상황에 따라 공연 취소 가능)더 자세한 시설소개는 @camping_cheongna #인천여행 #가족캠핑장 #아이와가볼만한곳 #인천데이트코스#인천아이와가볼만한곳 #인천데이트"
"지금 인천에서 가장 예쁜 카페 🎄여름도 좋지만, 특히 겨울에 더 아름다워지는 곳 !마치 프랑스 시골에 온 듯한 분위기가 느껴지는 곳이다.사랑하는 사람과 함께 방문해보세요 🙋‍♂️📍로즈스텔라정원📸아이폰 촬영-프로필의 링크를 눌러서 들어오세요 👨‍🏫촬영, 보정, 그리고 마케팅까지 배울수 있습니다.스마트폰 하나로 누구나 쉽게 배워갑니다 !"
"(리그램) @camping_cheongna🏕️서울 근교 다양한 편의시설과 신나는 액티비티가 있는 곳 ! 편안한 도심 속 자연, 캠핑 여행🌳청라 캠핑 & 서바이벌 & 바베큐까지 서울 근교 아이와 함께 가볼 만한 곳, 데이트 코스로 🔥새로운 힐링을 선물해 드릴게요 :)청라해변공원 캠핑장에서 하는 HOT EVENT !서울 근교 당일 바베큐&캠핑하면레이져서바이벌이 무료!?!?캠핑하고, 바베큐하면 레이져 서바이벌 프로그램이 선착순 무료입니다 ! 친구, 연인, 가족들끼리 당일로 놀러오셔서 캠핑과 레져를 즐겨보세요 :)[ 캠핑장 자체 프로그램 ]1) 레이져 서바이벌 : 토요일 휴무 / 일~금 운영(현장 선착순 예약) 1회 무료2) 토요 낭만 음악회 : 매주 토요일 17:30 ~ 18:30 (현장 상황에 따라 공연 취소 가능)더 자세한 시설소개는 @camping_cheongna #인천여행 #가족캠핑장 #아이와가볼만한곳 #인천데이트코스#인천아이와가볼만한곳 #인천데이트"
"겨울엔 온천이지😎♨ 바다뷰 X 설경 X 웰니스까지 갓벽한🌟 #국내온천여행 모음!♨인천 강화 #석모도미네랄온천 (1~3)서해🌊 X 일몰🌅 풍경을 바라보며 힐링 가득한 시간을 즐겨보세요._인천광역시 강화군 삼산면 삼산남로 865-17♨전북 무주 #덕유산리조트 #야외노천탕 (4, 5)덕유산의 송림🌲과 설경❄한가운데, 따뜻한 겨울을 보내보세요._전북 무주군 설천면 만선로 185♨충북 제천 #포레스트리솜 해브나인 웰니스 스파 (6, 7)한 폭의 산수화 같은🖼 눈 덮인 산자락을 배경으로⛰ 여유를 만끽해보세요._충북 제천시 백운면 금봉로 365📷 @jeongeun_jo, @seulowlee, @soorinking_j.w._, @mamedreo, @love_.giada, @ong_jeong 님 제공"
"(리그램) @camping_cheongna🏕️서울 근교 다양한 편의시설과 신나는 액티비티가 있는 곳 ! 편안한 도심 속 자연, 캠핑 여행🌳청라 캠핑 & 서바이벌 & 바베큐까지 서울 근교 아이와 함께 가볼 만한 곳, 데이트 코스로 🔥새로운 힐링을 선물해 드릴게요 :)청라해변공원 캠핑장에서 하는 HOT EVENT !서울 근교 당일 바베큐&캠핑하면레이져서바이벌이 무료!?!?캠핑하고, 바베큐하면 레이져 서바이벌 프로그램이 선착순 무료입니다 ! 친구, 연인, 가족들끼리 당일로 놀러오셔서 캠핑과 레져를 즐겨보세요 :)[ 캠핑장 자체 프로그램 ]1) 레이져 서바이벌 : 토요일 휴무 / 일~금 운영(현장 선착순 예약) 1회 무료2) 토요 낭만 음악회 : 매주 토요일 17:30 ~ 18:30 (현장 상황에 따라 공연 취소 가능)더 자세한 시설소개는 @camping_cheongna #인천여행 #가족캠핑장 #아이와가볼만한곳 #인천데이트코스#인천아이와가볼만한곳 #인천데이트"
