"여기가 스위스가 아니라 한국이라구요? 🏰동화 같은 분위기에 가을가을한 꽃밭🌻, 먹거리까지 즐길 수 있는 데이트코스🧀#임실 #치즈테마파크 황금빛? 아뇨! 여기는 치즈빛 가득…🧀지금 국화가 만개해서 노란 물결로 가득한 꼭 가봐야 할 명소에요. 유럽풍 건물 배경으로 노란 국화가 가득…💛 인생사진을 앨범에 한가득 남길 수 있을거에요!치즈로 유명한 임실의 치즈테마파크이니 당연히 다양한 치즈 제품부터 베이커리 카페, 맛있는 피자도 맛 볼 수 있어요! 이정도로 사진 찍기도 좋고, 먹을거리도 많은데 무료라니! 꽃이 시들기 전에 이번 가을에는 꼭 방문해보세요!📍 주소전라북도 임실군 성수면 도인2길 50🔸 주차비 / 입장료 : 없음📷 @greem_y.s 님의 사진❣-⠀여행 기록은 #여기서행복할것 태그♥여행 제보는 DM 또는 이메일로♥⠀#여기서행복할것_임실#여기서행복할것_국내#behappyhere-#국내여행추천 #국내여행지추천 #가을여행지추천 #가을데이트추천 #임실데이트추천 #임실가볼만한곳 #임실여행 #전북가볼만한곳 #전북여행 #데이트코스 #임실데이트코스 #전북데이트코스 #임실치즈테마파크 #인생샷 #데이트코스추천"
"🍁가을여행 전국지도 “전라도편”📚‘저장’해두셨다가 여행에 참고하랑께?✅붉게 물든 메타쉐콰이어가이국적인 풍경을 만들어주는가을 전라도 여행지 모음이에요.한껏 가을도 즐기고 맛있는것도많이 먹는 맛도리 여행 되시길:)📍전남 담양 / 메타세쿼이아 가로수길(1)📍전남 담양 / 관방제림(2-4)📍전남 광주 / 우일사선교사사택(5)📍전남 나주 / 산림자원연구소(6,7)🍁11월 중순 추천📍전북 익산 / 미륵사지공원(8)📍전북 고창 / 꽃객프로젝트(9)📍전북 고창 / 학원농장(10)🍁10월 중순 - 말 추천"
"따라가기만하면 되는 구례여행 갓.벽.코.스 🙈🖤언제가도 좋은 전남 구례여행, 여느 지역보다 더 힐링되는 곳!저장해두시고 구례여행 때 꼭 참고해보세요 🫡 #제작지원1️⃣~3️⃣ 섬진강 재첩국수명불허전 구례 맛집, 재첩 가득한 국수에 매콤한 전병까지 곁들이면 천국,, 2층에서 먹으면 섬진강뷰가 정말 좋아요! 볕이 잘 들어 따뜻하게 먹을 수 있답니다 🩶 +주말엔 웨이팅 있을 수 있어요!- 전남 구례군 토지면 섬진강대로 4276- 09:00 ~ 19:00 / 목휴무4️⃣5️⃣ 바꿈살이구례에 이런 감성이,? 바다 건너 온 다양한 소품들이 가득가득, 지갑 사수 잘 해야하는 이색 소품샵입니다 🙈 우체국을 개조한 외관 또한 포토스팟으로 딱이예요 !- 전남 구례군 문척면 수달생태로 268-7 - 12:00 ~ 17:00 / 화휴무6️⃣7️⃣ 카페 안음안음이라는 작은 마을에 위치한 조용한 카페, 고양이들이 뛰어노는 모습을 보며 차와 커피를 즐길 수 있어요! 날이 좋으면 정원 테라스를 이용해도 너무 예쁠듯한 곳 💫 +바스크치케 맛집,,!!- 전남 구례군 간전면 안음길 35 1층- 11:00 ~ 18:00 / 화휴무8️⃣~🔟 섬진강 어류생태관기대없이 갔다가 푹 빠져나온 곳, 왕큰 수조&체계적인 관람코스!섬진강에 살고 있는 어류를 세세히 알 수 있어요 🐟 아가들이 정말 좋아하는 곳 😉 물고기 밥주기 체험 + 보기 힘든 귀여운 수달체험까지 할 수 있는 곳이랍니다 !- 전남 구례군 간전면 간전중앙로 47- 09:00 ~ 18:00 / 월휴무 *위 네 곳은 차로 10-20분 거리랍니다 🖤✔️그 외 구례 가 볼만한 곳쌍산재, 천은사, 무우루, 지리산치즈랜드, 섬진강대숲길, 가마솥소머리국밥, 목월빵집, 삼성궁(하동)올 겨울엔 힐링되는 구례 여행 어떠세요 😳💛💛--, 구례"
"전주가면 꼭 가게되는 한옥마을 가볼만한곳 모음🎁전주하면 #한옥마을 이 가장 먼저 생각나는 사람🙌🏻가을을 느끼러 찾은 전주 였지만, 이른 추위에 다 져버린 은행나무만 만났어요🥲 그렇지만 언제가도 좋은 곳이라 그런지 전주 곳곳이 너무 멋지더라구요?한옥마을에서 가볼만 한곳 다 모았으니, 같이 한바퀴 해봅시다💛1️⃣ #전동성당 (사진1-2)근현대에 건축된 성당으로, 빈티지한 매력이 있는 이곳은 호남지역 최초의 서양식 건물이예요. 정면에서 담아도 이쁘지만, 성당 전체를 담고싶다면 약간 측면에서 담으면 더 이뻐요📸2️⃣ #경기전 (사진3-6)한옥마을 필수 of 필수 코스! 많은 분들이 한복을 곱게 입고 다녀다시는 곳 중 하나죠. 조선의 태조 어진을 봉안한 곳으로 태조어진을 볼 수 있고, 포토존이 많아 산책하기에도 좋아요. 가을엔 은행나무가 이쁘기로 유명하답니다💛✔️ 입장료 : 3,000원3️⃣ #풍남문 (사진7)전주읍성의 남문으로 현재는 그 일부만 남았어요.낮과 밤 언제가도 멋있지만 특히 노을과 야경이 이쁘다고 해요. 4️⃣#오목대 (사진8-9)한옥마을을 한눈에 내려다 보기 좋은 전망대예요.이곳도 언제가도 이쁘지만, 노을과 야경을 보기 좋다고하니 밤에 꼭 들려보세요😉5️⃣ #한옥마을남부시장야시장 매주 금,토 23:00시까지 운영하는 야시장! 물론 낮에도 한답니다. 오랜 전통을 자랑하는 야시장 안에는 다양한 먹거리와 볼거리가 있어요. 전주대표 비빔밥, 콩나물국밥 등 맛집이 다양하니 꼭 가보긔➡️ @jinarang_sta 더 많은 여행지 보기, 전주한옥마을"
여기 너무 좋다🍃 #무주 #나무와그릇
"비행기표 없이 떠나는 이국적인 여행지✈️어머 여기 외국같아라며 계속 이야기하게 되는 이곳은 ? #제작지원 @iksan___city #원불교중앙총부📍전북 익산시 익산대로 501 ⏰05:00~22:00이곳은 원불교 창시자가 원불교를 처음 세상에 공개한 곳이자 교화활동을 전개한 곳입니다.이곳은 100년 전 일제강점기에 조성된 건축물 대각전, 구정원, 청하원 등은 근대문화유산으로 등재되어 있습니다.이 근대문화유산 건물들은 돌아볼 수 있으며조경은 잘 관리되고 있어 다른곳과 달리단풍은 아주 예쁘게 물들고 있습니다.1번 메인 사진은 현재 초록이며 단풍이 물들면 이렇게 예쁘다는걸 살짝 보여드리고 싶어빨간 단풍으로 보정해봤어요 근대건물과 단풍이 어우러져 여권없이 비행기 없이 해외여행을 떠난 듯한 기분이 들었습니다.마지막 사진은 정문 길건너편 원광대학교 옆인데 메타세콰이어가 주황빛으로 물들고 있어추천해요여권없이 익산으로 떠나는 이국적인 여행 어떠세요?종교시설이라 조용히 돌아보기 더 많은 익산여행지는#킴보여행_익산#익산여행 #전북여행 #전북가볼만한곳 #대한민국구석구석 #국내여행 #익산시 #익산단풍 #익산가볼만한곳 #kyototravel #kyototravel #인생사진, 익산시"
"우리나라 제1호 군립공원 강천산🍁어제 다녀온 강천산은 사부작 사부작 천천히 걸으며 단풍을 만끽하기 최고였어요게다가 맨발 걷기를 할 수 있게 길이 되어 있다보니 더더욱 걷기 좋더라구요!!(발 씻는 곳도 있었음..!!)구래서 산악회,교회 등등 버스타고 어르신들이 많이 오시는 거 같아요!!(그만큼 코스가 힘들지 않다는 뜻)친구나 연인이나 가족이나 함께 오면 더더욱 좋을 것 같은 강천산 가을 꼭 느껴보세요!!+ 중간중간 폭포 뷰도 있고 힐링 제대로 하고 왔던 곳!!--📍강천산🚘주차장 넓어서 좋았어요!🚂셔틀 열차 있음 - 편도 1,000원🎫 입장료 - 어른 5,000"
"⠀한옥에서 돛단배 탈수 있는곳 💛⠀사진 한장 보고 달려갔던곳인데,기대했던것 만큼 좋았던곳이에요.⠀특히!! 별관 한옥~ 이곳에 앉아서물멍하고 있으니 신선놀음이 따로 없었습니다.(별관에 에어컨은 없뜸…🥲)⠀물멍도 하고 돛단배 포토존에서사진찍기도 좋은곳이에요!⠀🏷️ [전북] 소양한옥티롤🚘 전북 완주군 소양면 전진로 1007⠀⠀⠀, 소양한옥카페 TIROL"
"귀여운건 못참는 타입색감 맛집 못참는 타입이런 나의 취향에 딱 맞는 리틀럭키💙#다혜의카페투어 #다혜의군산 #군산카페 #리틀럭키, 군산시"
"아이 기준 1인 1만원에 하루종일 물놀이할 수 있는 곳!수영장 물온도 30도라고 나오던데 아이들 오늘 따스하게 놀았고 좀 더 따뜻한 곳(몇 군데 있음)에 들어갔다 메인 수영장 들어가면 좀 춥다 느껴질 수 있으나 금방 익숙해지더라고요~팔찌 줘서 신발장, 옷장 번호대로 이용하면 되고 안에 샤워실도 있어요~✔️준비물음식물 반입 불가수영모자(야구모자 가능), 수영복 없으면 입실 불가(팔거나 빌리는 곳 없음)슬리퍼(어른용) 비치되어 있어서 아쿠아슈즈 안 챙겨 갔어요~(바닥 그리 미끄럽지 않았음)샤워가운(매점 갈 때 있음 좋아요)수경, 튜브(안에 에어건 있음), 구명조끼, 물놀이용 공 정도 챙겨가면 될 듯!#강천힐링스파🇰🇷전북 순창군 팔덕면 청계리 838✔️광주에서 약 1시간 거리(서구 출발 기준)⏰수영장(치유누리실) 09:00~18:00✔️휴관일: 매주 월요일, 명절(설, 추석) 당일✔️이외 유료 도반욕실, 족욕카페, 온천정원 있음✔️만 4세 이상 탈의실 동반 입장 불가(남녀)✔️가격 등의 정보 피드 2번째 사진에~#아델레트래블 #아델레트래블_순창"
"비밀스러운 메타세콰이어 숲 🧡메타세콰이어로 요새처럼 벽을 만들고 그 안에 아름다운 비밀의 정원이 있는 곳#제작지원 @iksan___city#아가페정원 📍전북 익산시 황등면 율촌길 9⏰09:00 - 16:00 (동절기 기준,  15시 입장 마감, 월요일 휴관) 🎫입장료 무료 익산 아가페정원은 노익복지시설인 아가페정양원 내에메타세콰이어, 공작 단풍 등 아름다운 정원을 가꾸어 시민들에게  무료로 개방한 곳입니다. 아가페는 사랑을 뜻합니다.너무나 잘 관리되고 있어 무료로 이용하기에 미안할 정도입니다.제가 방문한 날은 국화를 옮겨 심고 계셔서정원에 예쁜 국화꽃밭이 생겼어요노인복지시설이라 꼭 정해진 산책로를 따라서 돌아보세요 지금은 메타세콰이어는 주황빛으로 한참 물들고 있었어요 저는 1시30분부터 3시30분까지 있었는데 요새같은 곳이고 나무가 워낙 커서 해가 넘어가니 그림자가 생기니 오전 방문을 더 추천해요익산은 도시 곳곳에 메타세콰이어가 많으니꼭 늦가을 익산에서 주황빛으로 물든 메타세콰이어길을 걸어보세요 같이 메타세콰이어 길을 걷고 싶은 친구 태그 더 많은 익산여행지는#킴보여행_익산 #익산여행 #전북여행 #전북가볼만한곳 #대한민국구석구석 #국내여행 #익산시 #익산단풍 #익산가볼만한곳 #인생사진 #메타세콰이어 #travelkorea, 익산시"
가을하면 가장 먼저 떠오르는 곳 가을 내장산 🍁주차장에서 케이블카 입구까지 셔틀을 타고 올라갔는데기사님 뒷자리에 앉으면 2번째 영상처럼 이런 뷰를 보실 수 있답니다🥰맨 앞자리 강추!!🔥그리고 내려올때는 내리막이라 걸어내려오면서 사진찍고 구경하면 좋을 거 같아요!!올 가을도 예쁘게 물들어 주면 좋겠다🥹--📍내장산 📸22.11.04#여행의진수
"여행은 사진이지😎📷 인생샷 제대로 남길 수 있는✨ 힐링 가득💚 전북 #김제여행 코스🏃 #금평저수지 (1, 2)사찰 X 저수지 뷰는 못 참지😆 반영이 아름다운 저수지 위 데크 길을 산책해 보세요._전라북도 김제시 금산면 청도리🌲 #김제메타세쿼이아길 (3, 4)메타세쿼이아 숲을 배경으로🌲 일렁이는 황금빛 들판 속에 풍덩💛 빠져보세요._전라북도 김제시 죽산면 죽산리 948-20☕ #카페오늘여기 (5, 6)동화 속 정원에 들어온 듯📖💞 아기자기한 카페 포토존에서 특별한 사진을 남겨보세요._전라북도 김제시 금구면 상사길 50🏕 #두월노을마을 (7)촌캉스 감성 낭낭한 휴양마을🏕 속 시골의 정취와 여유를 만끽해 보세요._전라북도 김제시 금구면 황토로 122 🌅 #망해사 (8)끝없이 펼쳐진 서해의 풍경을 배경으로🌊 노을을 감상할 수 있는 이곳🌅_전라북도 김제시 진봉면 심포리 1004📷 다님 7기 김지연 님 제공"
"벌써 겨울이 시작된 무주 덕유산🏔️아름다운 상고대, 새하얀 겨울왕국❄️날씨가 흐린 덕분에 더 신비롭고 몽환적인 풍경이어서마치 다른 세계에 다녀온 듯한 기분이었어요✨무주에 눈이 내린 날 1-2일 뒤에 가시면 제일 예쁩니다☃️케이블카 타고 설천봉 도착, 20분정도 걸어 올라가면1,614m의 정상 향적봉에 도착합니다.향적봉 대피소에서 컵라면까지 꼭 드셔보세요🍜덕유산리조트 세솔동 노천탕도 같이 추천드립니다♨️📌케이블카 예약하는 방법1️⃣ 무주 덕유산리조트 홈페이지에서’관광곤도라 예약’ 시간선택 + 예약 완료하기2️⃣ 네이버에서 (최소 하루 전) 표 예매하기 (당일예매 사용 불가)평일에 가신다면 네이버예매 + 현장예매 하시면 됩니다.📌무주 덕유산 리조트 홈페이지에서웹캠으로 실시간 현장 상황 확인 가능합니다.🥾아이젠 착용 필수입니다. 대여하는 곳 있어요!▫️무주 덕유산 곤도라- 전북 무주군 설천면 만선로 185- 동계시즌 9:00 ~ 16:00✨ @yeoniiique 님의 사진✨, 덕유산국립공원"
"#염씨표류기 x #고창 드디어 시작된 핑크뮬리 프로젝트!!🌿지난주부터 고창은 핑크뮬리축제를시작했습니다!!꽃객프로젝트는 관광을 활성화하는고창의 정원프로젝트인데요핑크뮬리가 산에서부터 쭉 내려오는데진짜 넓어서 너무 예쁘고 사진 찍기도 좋아요!!💕산과 산 사이에 위치하고 있어서해질녘쯤에는 빛이 거의 안들어오니오전에 가시는 것을 추천드립니다!!🙌<꽃객프로젝트>📍전북 고창군 부안면 복분자로 307🍯Tip🔸매일 9:00-18:00🔸입장권 5000원🔸겨울시즌 휴무🔸오전방문 추천📸22년도 촬영, 고창"
"순식간에 시간 루팡⏱️ 액티비티 X 힐링 X 박물관까지✨ 다 모은🎁전북 #익산여행 코스!🦕 #다이노키즈월드 (1~3)거대한 공룡 모형이 반겨주는🦕 보석박물관 내 대형 놀이터 등장!아찔한 각도의 드롭형 슬라이드부터🛝 빙글빙글 나선형 슬라이드까지 모두 즐겨보세요._전북 익산시 왕궁면 호반로 8🍃 #익산산림문화체험관 (4)#함라산 아래, 싱그러운 초록 물결이 넘실대는 산림문화체험관🌳차🍵와 관련한 다양한 프로그램도 체험하며 힐링 가득한 시간을 보내보세요._전북 익산시 웅포면 녹차마을길 83-36🚂 #성당포구 #바람개비마을 (5~7)금강 변의 시원한 바람💨을 맞으며 #바람개비열차 🚂에 탑승해성당포구의 아름다운 풍경을 두 눈 가득 담아보세요.🖼️_전북 익산시 성당면 성당로 762💎 #보석박물관 (8)진귀한 보석 원석 등을 11만여 점 소장하고 있는 이곳🌟3월부터 12월까지, 주말마다 진행되는 보석 장신구 만들기💎 체험도 놓치지 마세요._전북 익산시 왕궁면 호반로 8📷 트래블리더 15기 이다빈, @yoonjee_kim, @kkulyang, @_luv_you22, @_sunny_journey_ 님 제공"
현시각 가장 예쁜 핑크뮬리 천국💖 실시간 핑크빛 바다 속을 걸을 수 있는 곳🫢 우리 환상적인 가을 풍경 만나러 갈래?🫶🏻지금 가장 아름다운 #핑크뮬리 세상을 만날 수 있는분홍 물결 가득한 환상적인 가을 여행지를 소개합니다💕이번 주말 바로 달려가기 좋은 곳이에요✨끝없이 펼쳐진 핑크뮬리가 만들어낸분홍빛 물결 속을 걸으며 인생 사진 남기기도 좋고아름다운 고창의 가을을 만끽하기 좋아요💖이번 주말 환상적인 핑크빛 세상으로특별한 #가을여행 함께 떠나고 싶은사랑하는 사람을 태그해보세요☺️📍 꽃객프로젝트 ( @feelkkot ) - 전북 고창군 부안면 복분자로 307🕐9:00-18:00🚗 전용 주차장 주차가능💖핑크뮬리 축제기간 9월 15일 -11월 5일#고창여행 #고창가볼만한곳 #국내여행 .....#꽃객프로젝트 #전북여행 #전북가볼만한곳 #전라도여행 #국내여행 #국내여행추천 #국내여행지 #국내여행지추천 #가을여행 #가을여행지 #핑크뮬리#커플여행 #가을데이트 #koreatravel#koreatrip
"#그래서사진 두개의 계절이 존재하는 이 순간 ㅋ 🍁🍂➰❄️⛄️🌨️단풍이 절정인데, 눈까지 내려 오묘한 분위기를 연출해줍니다 신기한 경험 이였어요 , 풍경사진에서 다음은 없습니다, 지금에 집중해야만 해요 지나간 순간은 돌아오지 않으니까요 #마이산탑사 #마이산 #마이산도립공원 #마이산설경 #진안여행 #진안마이산 #국내여행 #전북여행 #국내여행 #겨울풍경 #겨울왕국 #겨울산행 #겨울풍경사진 #첫눈 #한파 #frozen #winterlandscape #snow #koreabyme #korea #korealandscape #koreaview #koreatravel #travelkorea #travel #koreaforest #landscape #포트온 #공존, 마이산도립공원"
"데이지를 보러 부안을 가야하는 이유, #변산마실길 이번 달 데이지를 보러 가신다면저는 단연 이 두 곳을 강력히 추천드리고 싶어요한 곳은 오션뷰가 펼쳐지는데이지 스팟이고, 다른 한 곳은데이지 전용면적(?)이 엄청난 곳이었습니다!조금은 멀 수도 있지만 두 곳이 가깝게 위치해 있어한 번에 다녀오시기 용이하실거에요!🌼 변산마실길 2코스 (1~5)📍 송포항 또는 부안군 변산면 운산리 618🌴 걸어서 10분 정도 들어가시면 저 세상 뷰가 펼쳐집니다🕰 촬영일자: 21.05.25🌼 변산마실길 1코스 (6~9)📍 전라북도 부안군 변산면 대항리 275-10🚙 입구 주변 갓길이나 공터에 주차 가능🕰 촬영일자: 21.05.25-The reason why you should go to Buan to see Daisy Flowers, “Byunsan Masil Road”If you have already planned to see Daisy this month, I strongly recommend these two places.One was a spot with ocean views of West Sea, and the other was a place with a huge area for Daisy!It may be a little far from Seoul or North area, but these two places are located close together, so it will be easy to go there at once!🌼 Byonsan Masil-gil Course 2 (1~5)📍 572-1 Daehang-ri, Byeonsan-myeon, Songpo Port or Buan-gun🌴 If you walk for about 10 minutes, you can see the view of the “heaven”🕰 Shooting date: 21.05.25🌼 Byonsan Masil-gil Course 1 (6~9)📍 275-10 Daehang-ri, Byeonsan-myeon, Buan-gun, Jeollabuk-do🚙 Parking is available🕰 Shooting date: 21.05.25, 전라북도 부안"
@song_ja_eun ——밀리는 고속도로에서 듣는 이노래 어둑어둑한 겨울밤과 제대로 🎼12월 첫날 마무리는 이렇게~#불금 #12월1일#전북여행 #엄마한테 #가는길#임영웅 #임영웅콘서트 #임영웅_너너 #감성팔이
"여기 내가 있다니💚 @seorimyeonga 사진으로 오랜시간 지켜보던 서림연가.예쁘기만 한 곳 아니라 소문이 자자하던 디퓨저향,수건, 침구.. 프라이빗함까지 너무 좋았다.여름 무주는 처음인데 맛집 빼고 모든게 만족스럽네..!내년 여름엔 무주와서 꼭 물놀이 할거야🍃"
❤️ 여운이 가시기전에🤗가을과 겨울의 환상적인 콜라보붉게 물들기만 기다렸던 담양-순창 도로위 메타세콰이어는 어제 내린 눈에 놀랐는지 하루만에 옷을 갈아입었답니다ㅎㅎ그러니 지금 달리세요😁...#담양 #순창 #덕성사거리#담양순창국도 #눈으로찍어마음에담아본다
"-전주는 지금 가을 옷으로 갈아입는 중🌿😍Jeonju Hanok Village🌿❤️-볼거리, 즐길거리, 먹을거리가 많은 전주한옥마을😁한옥마을 내에서도 방문할 곳이 많습니다🙌🏻스팟 별로 사진 업로드 하니 참고하셔서 방문해보세요👀-한옥마을 거닐기에 날씨도 너무 좋고😌슬슬 가을 옷으로 갈아입는 풍경이 너무 예쁘더라고요😍연휴 때 전주한옥마을 여행 어떠세요🥹-📌사진정보사진 1~2 : 카페전망대에서 바라본 전주한옥마을 풍경사진 3 : 전주한옥마을 거리 풍경사진 4~6 : 경기전 풍경사진 7~8 : 전주전동성당사진 9~10 : 오목대(드라마 스물다섯 스물하나 촬영지 희도네집)-오늘도 즐거운 하루 보내세요🙇🏻‍♂️..어제와 오늘 그리고 내일의 서울을 담습니다🇰🇷#서울데이즈 #SeoulDays, 전주한옥마을"
"하나건진 포토스팟 어떤가요?😊 #강천산제대로 물들지도 않았는데 떨어져버린 단풍들🍂멀리간만큼 예쁜 단풍이 있기를 기대했지만 올해는 정말 시들시들 하더라구요!유명한 포토존은 앙상 그잡채...🥹📍강천산 🕧주차장에서 구름다리까지 30분📸촬영일자: 23.11.10올해는 유난히 가을이 짧게 느껴지는데 저만 그런가요?!😌이제 하얀 설산피드로 가득채워볼게욧😝❄️#강천산군립공원 #가을등산 #hiking #단풍명소, 강천산"
"탑영제의 겨울 , 병풍처럼 펼쳐진 산 , 하얗게 내린 눈 그냥 좋아#마이산 #탑영제 #마이산탑사 #마이산도립공원 #진안마이산 #마이산설경 #진안설경 #진안여행 #전북여행 #전북핫플 #koreabyme #korea #korealandscape #koreaview #koreatravel #travelkorea #travel #koreaforest #landscape #여행구독 #국내여행 #숨은여행지 #포트온 #풍경사진, 마이산도립공원"
"#그래서사진 내장산의 가을.jpg (10pic) _ 10장의 사진으로 표현하기 부족한.. 아침6시에 도착하여 천천히 걸어가봅니다 셔틀버스가 7시운행을 하더라구요 (6시인줄 알고 일찍갔는데..) 아침의 새벽공기를 마시며 운동삼아 사부작사부작 아침햇살을 품은 단풍을 바라보며🍁🍂명불허전이라는 말이 떠오르는 내장산 10월 30일에 단풍터널은 물들기 전이였는데 이번주말엔 많이 물들어 있겠네요 PS 거미줄에 매달린 저 단풍잎 하나 찍을려다가 화가난다는 .. ㅜㅜ ㅋㅋㅋ#내장산 #내장산국립공원 #우화정 #내장산단풍#단풍 #단풍명소 #단풍여행 #단풍구경 #단풍나무 #가을여행 #전북여행 #전북핫플 #국내여행 #autumn #autumn🍁 #koreabyme #korea #korealandscape #koreaview #koreatravel #travelkorea #travel #koreaforest #landscape #여행구독 #대한민국구석구석 #포트온, 정읍 내장산"
"#그래서사진 하믈에서 바라본 익산 아가페정양원의 가을약간 붕어빵같기도 하고 ㅎ메타세콰이어가 요새처럼 둘러싸고 있어요 외국같은 곳 ㅋ 일몰때 촬영하시면 더욱 좋아요 #아가페정양원 #정양원 #아가페정원 #아가페#익산여행 #익산가볼만한곳 #익산핫플 #가을여행 #전북여행 #메타세콰이어길 #메타세콰이어 #메타세콰이어길🌲 #가을풍경 #단풍맛집 #단풍명소 #단풍구경 #단풍놀이 #koreabyme #korea #korealandscape #koreaview #koreatravel #travelkorea #travel #koreaforest #landscape #포트온, 아가페정양원"
