경기 &gt; 0823_이천시
서울근교스파 겨울여행지 커플온천 히노키탕 추천 Best 4!
시몬스 테라스 이천 / 크리스마스트리 / 애견동반 / 주변 여행지... 
"[경기 이천] 다양한 먹거리, 볼거리가 가득한 서울 근교 여행지"
mz 세대 픽! 오늘의 단양 여행지는?
"경기도 여행지 추천, 이천 '테르메덴' 온천여행: 야외... "
국내 크리스마스 여행지 이천 가볼만한곳 시몬스 테라스... 
"호국보훈의 달 6월, 경기도 호국보훈 여행지"
이천시 사음동맛집 소불고기전골을 즐길 수 있는 이천막국수
여행이좋다 :: 이천 가볼만한곳 여행지 경기도 이천시 관광지... 
"이천시아우디차키분실 A6차키제작 A7, A4 키 등록 작업 출장... "
12월 국내 여행지 추천 10곳 :: 크리스마스 데이트 코스 겨울... 
가족여행으로 가기 좋은 곳! 이천여행지
당일치기 가을여행지추천 경기도야경명소
청주근교 세종근교:아이들과 가볼만한 곳 단양 추천 여행지 가격
"생각해볼 수 있는 아이와 가기 좋은 경기인근 여행지,  돼지박물관"
혼자서도 가기 좋은 서울 근교 뚜벅이 여행지 5곳 추천
국내 1박2일 여행지 :: 이천 가볼만한곳 설봉공원 예스파크... 
봄 여행지 추천 봄꽃구경 전국 70곳 인기순 모음 3월 4월 5월... 
"[경기IN] 이천시, 스마트폰 최적화 ‘관광전자지도’ 구축"
[경기 이천시] 인도하우스
"[경기 이천시] 이천 당일 여행 - 이천산수유마을, 설봉공원... "
경기남부 가볼만한곳 경기도 여주 이천 주말 서울근교 나들이
국내여행지 겨울축제로 화려한 빛축제를 열고 있는 곳 TOP5
"겨울 따뜻한 온천여행지(이천 테르메덴, 울진덕구온천... "
경기 이천시 묵은지 닭볶음탕에 진심인 찐 맛집 '닭사부일체... 
1월 국내여행지 갈만한곳 시간 가는줄 몰랐던 5곳 추천!
서울 근교 경기 이천시 아이와 함께 동물도 보고 체험 할 수... 
"[경기 이천] 이천 실내 데이트하기 좋은 곳 추천, 시몬스테라스... "
겨울은 노천탕이지!  [국내 온천 여행지 추천]
연애 세포 되살아날만한 설렘 가득 여행지 5 (오디너리핏... 
요괴백과도 전시했던 이천 추천여행지 이천시립월전미술관
미니쿠퍼차키분실 이천시미니쿠퍼키제작 2세대 3세대 키제작... 
"이천추천여행지, 이천 초등학생자녀 추천여행지, 서희역사관... "
경기도 여행지 추천 이천 가볼만한곳 베스트5 볼거리
가을 아이들과 가볼만한 여행지를 알아보자
크리스마스여행지추천 시몬스테라스 사진꿀팁/웨이팅/주차... 
"미리 준비하는 겨울 눈꽃 디자인 여행, 겨울여행지 추천"
나의 롤 모델을 소개해 보자 : 서희 선생 @이천시
진짜 솔직한 여행후기) 경기도 이천시
가족여행지로 좋은 이천 가볼만한곳 농업테마공원
"겨울 축제, 연인과 가족과 함께 가볼만한 여행지 BEST 3"
"[이천화담숲맛집] - 이천 돌솥밥, 오늘은 전유 친구들의 여행지... "
아이와 함께 가을 풍경을 즐길 수 있는 서울·경기 수목원... 
[ 경기근교여행지 ] ✔️시몬스테라스 / 직접 다녀온 후기 + 꿀팁
충북 단양 가볼만한곳 온달관광지 보발재 구인사 단양 당일치기
[8월 국내여행지 추천] 에덴파라다이스 호텔&amp;카페 이천... 
"이천시의회 서학원 의원, ‘문화관광 중심도시 도약’ 모색"
경기도 야경명소 11월 가볼만한곳 별빛정원우주 이천 야외... 
"경기도 이천 가볼만한곳, 크리스마스 트리와 함께하는 겨울... "
스파 효능과 탈모 예방 ! 국내 스파 TOP 5 여행지 추천
경기도 이천 덕평휴게소 :) 사진찍기 좋은 데이트장소 추천... 
모두가 편안하게 즐기는 문턱없는 여행지! 경기도 무장애... 
경기도 이천 가볼만한곳 관고시장 삼미분식 포함 볼거리 5
2017 봄꽃축제 꽃향기 그윽한 국내 봄 여행지
4월말 5월 국내여행지 추천 힐링도 하고 추억남기기 베스트6
이천 여행지- 시몬스 테라스 이코복스 커피 솔직후기
"주차장, 벚꽃, 서울근교 경기도 이천 가볼만한곳, 국내여행지 추천"
"단양 가볼만한 곳 다누리아쿠아리움, 만천하스카이워크... "
[경기 관광 주간 베스트 여행지] 경기세계도자비엔날레 :: 이천... 
2월 3월 국내 여행지 추천 겨울 여행 가볼만한곳 BEST4
"서학원의원, ‘문화관광 중심도시 이천시’로 발돋움하기 위한... "
경기도 로맨틱 여행지 밤에 떠나는 경기도
국내 봄 여행지 추천 2019 봄꽃축제 70곳 전국 모음
경기도 가볼만한곳 야경 드라이브 이천 설봉공원 여행
연말 휴가 때 떠나기 좋은 추천 국내 여행지 4곳
2019년 3월 축제 국내 여행지 전국 축제 일정 49곳 인기순
11월 여행지 추천 11월 축제 일정 가볼만한곳 180곳 모음
"국내여행지베스트10 봄 여행지 추천 :: 봄꽃구경, 봄데이트... "
"몸도 마음도 스트레스 아웃.. 차가운 계절, 힐링 온천여행지 추천"
"이천자유여행, 이천 역사여행, 이천 실내여행지추천... "
"9월 국내여행지 추천 10곳 :: 꽃무릇, 코스모스, 핑크뮬리... "
볼거리 가득한 경기도 이천으로 떠나다. 이천 테마 여행지
"4월 국내 여행지 추천 13곳 :: 벚꽃, 겹벚꽃, 튤립, 철쭉... "
"4월 국내 여행지 추천 10곳 :: 겹벚꽃, 튤립, 봄나들이 봄에... "
서울 근교 크리스마스 데이트장소 추천 3곳
서울 근교 온천으로 떠나는 국내 온천 여행지 추천 4
여행지?초저가3000원강화마니산짜장경기이천블루베리피자더... 
장마철 여행지_ 비오면 더 좋은 여행지 &amp; 실내놀이터 추천
"나만의 이천 여행 코스 : 이천호국원, 이천쌀밥집, 이천... "
사회적 거리두기 1단계 경기도 가볼만한 여행지 경기관광테마... 
"봄 여행지 추천 - 3월, 4월 봄꽃(산수유, 매화, 벚꽃 등) 축제모음"
강동대학교에서 알려주는 겨울 국내 여행지 BEST3 추천!
생활 속 거리두기가 가능한 힐링 여행지 '2021 봄 시즌 비대면... 
2015년 4월 축제일정 : 국내 봄여행지추천
국내 겨울 여행지 베스트 10 겨울 축제 39곳모음
문화와 역사가 녹아 있는 힐링여행지 전통마을숲 9곳
축제 일정 전국 213곳 모음 가볼만한곳 9월 국내 여행지 추천
"경기도 가볼만한곳 , 이천 돼지박물관 가을 여행지로 좋아요~"
여기 가볼까? 전문가 추천 지역별 이색 가족여행지 대공개!
산수유마을[이천 가볼만한곳/이천 산수유축제/봄꽃여행지 추천]
"국내 가을 여행지 추천, 야경이 아름다운 이천 예스파크!"
[3월여행지추천/봄꽃축제소식] 매화 산수유 봄꽃 여행지 Best 8
[봄꽃여행지추천]구례·의성산수유부터 경주·창녕남지... 
[4월축제/4월에가볼만한곳/봄꽃축제/봄꽃여행지] 봄내음... 
5월 여행지 추천 5월 축제 일정 91곳 모음 전국 5월... 
[이천시] 경기 도자미술관 공예놀이터! 아이와가볼만한곳
한국관광공사 추천 - 국내여행지 100선(계절별)
봄 여행지]주말 봄 꽃 보러 가볼까요? 벚꽃놀이 벚꽃축제 기간... 
도예가의 집 - 경기 이천시 류난호
이천 에덴 파라다이스 호텔 | 정원이 예쁜 숙소로 유명한 디럭스... 
경기도 이천 주말 여행지 아이와 가볼만한곳 덕평 공룡수목원... 
한국관광공사 강력추천 ‘빛나는 여행’ 12월 여행지 6곳
5월 여행지 추천 -경기세계도자비엔날레 이천세라피아
가을 아이랑 가볼만한곳 힐링 여행지 TOP 5!
서울근교 갈만한곳 양평 산수유마을 이천 산수유축제 드라이브... 
이천 가볼만한곳 여행코스와 카페 이진상회
경기도 이천 관광지 가볼만한 곳 별빛정원우주 데이트코스 여행지
충북 여행 단양 가볼만한곳 비올때 단양 다누리 아쿠아리움... 
서울 근교 가을 여행지
찾아가는 경기관광박람회 4월 가볼만한곳!!
이천 가볼만한곳 시몬스테라스 장줄리앙 전시 경기도 주말... 
"가볼 만한 곳 모음!(크리스마스, 데이트코스, 겨울여행지추천)"
[나들이] 아이 동반 여행지 추천 '이천 시몬스테라스'
"다시, 일상] 국내 경기도 1박 2일 여행지 추천 가볼 만한 곳 여행"
중부고속도로 이천휴게소 하남방향 능소화터널
사람들이 많이 가는 경기도 추천 여행지에 대해 알아보세요.
이천여행지 예스파크 도자기축제 후기
경기도 가볼만한곳 겨울여행지 추천 이천 테르메덴 온천스파
[추석 연휴 여행] 나들이 명소 모음 가볼만한 곳 가을여행지... 
"5월 국내여행지 추천, 황금연휴 제대로 즐기자! :: 보성녹차밭... "
"이천시몬스테라스 , 애견동반가능여행지 솔직후기"
"2000배 더 즐거운 이천 가을여행 :: 예스파크, 시몬스테라스... "
가평 가볼만한곳 여행코스 여행지 58곳 가평펜션 589곳 모음
&lt;단양 가족여행&gt; 다누리아쿠아리움 입장료 할인 팁_10월의... 
애견동반데이트 크리스마스 대형 트리카페 이천놀거리... 
경기도 가볼만한곳 이천 시몬스테라스 설봉공원
이천 여행 가볼 만한 곳인 크리스마스 데이트 하기 좋은 시몬스... 
창작을 위한 힐링) &lt;반차여행&gt;에서 찾은 수도권 반일 여행지
이천 가볼만한곳 베스트10 추천 경기도 여행지
국내 여행지 연말연시 가볼 만한 곳 추천 베스트 10
"경기도 이천 여행지 추천 2탄(예스파크, 도깨비 셀프 바베큐)"
가을 여행지 추천 &lt;이천&gt; 테르메덴 온천수 워터파크&amp;카라반 캠핑... 
20위 축제가볼만한곳 축제행사정보 축제행사 여름 여행지
이천 시몬스테라스 주말 주차 크리스마스 트리 포토존
국내최대 민물고기 아쿠아리움(단양 travel feat.연세바른os)
[경기이천여행] 이천가볼만한곳:: 온 세상이 반짠반짝 별빛정원... 
서울 근교 드라이브 코스 :: 이천 가볼만한곳 별빛정원우주 5군데
[추천여행지/봄축제] 전국의 갈만한 봄 축제 일정을... 
"4월에 가볼만한곳,4월 중부지방 봄꽃축제, 4월 봄꽃여행지 추천"
글램핑 :)) 이천 테르메덴 카라반 ! 겨울 이색 여행지 캠핑장 추천
"[이천 도립리 산수유마을/경기... 04월추천여행지,봄꽃여행"
"이천시, 대한민국 국제 관광박람회에서 홍보나서"
티하우스에덴 이천 에덴 파라다이스호텔 온실 카페 메뉴 추천
보도자료 확인을 통한 임장 여행지 정하기(청주 청원구 가자!)
리솜포레스트 1박2일여행기 2일차 PART2] 이천시 창전동
[부천대학교] 겨울여행 여기 어때
이천 시몬스 카페 [이코복스커피] / 구경하기 좋은 여행지... 
이천 가볼만한곳 설봉공원 볼거리 음악분수 경기도 산책로
"여행지에서 만났던 맛집, 카페 (제천,시흥,오이도,충남,이천)"
"크리스마스 가볼만한 곳, 수도권 근교 겨울 핫플레이스 BEST4... "
"경기도 이천 여행지 추천 1탄(시몬스 테라스, 광주요 코유 카페)"
경기도 가볼만한 곳 언택트 겨울여행지 베스트 10
블로그씨 질문 | 가을 음악과 여행지 추천
이천 시몬스 테라스 크리스마스 트리 점등 주차 애견동반 서울... 
[경기도 이천여행] 이천도자기축제 주말 나들이 가족 여행지... 
경기도 이천 가볼만한곳 시몬스테라스 트리 크리스마스 데이트
서울 근교 나들이 / 원주에서 갈 만한 여행지 / 이색 나들이
[ 경기 이천 카페 ] 논스페이스 : 1년만에 랜드마크가 된 대형 카페
국내 겨울 여행지 추천 베스트 10
10월에 가볼만한 국내 여행지 베스트10 (2022)
"경기도 캠핑장 추천, 아늑한 감성끝판왕 이천 스테이272... "
"45+ 모임 앱 오이의 서울, 경기, 대전, 광주, 부산, 울산... "
"[월간웰촌] 로컬의 맛 찾아 떠나는 빵지순례, 힙스러운... "
이천시 맛있는 고기집 미란다 호텔 파더스 바베큐 파티... 
생방송투데이 11월 24일 가게 정보 l 빅데이터 랭킹 맛집... 
추석연휴 경기도 근교 가볼만한 곳 근교여행지 9월 가을에... 
이천 테르메덴 근처 가볼 만한 곳 별빛정원 우주
경기도이천가볼만한곳 데이트 코스로도 좋은 온천 이천테르메덴
"겨울가족여행,12월 가볼 만한 곳 추천,겨울국내여행지추천"
이천시. 중국 청소년 수학여행단 유치 나서
지금 당장 갈 수 있는 온천여행지 추천 Top5
[이천 오뎅바] 철길부산집 이천점｜분위기 좋은 이천 술집
"이천 아이와 갈만한곳 추천여행, 이천추천여행 한국동요박물... "
12월 겨울분위기 물씬나는 국내여행지 추천 BEST4
[11월여행지] 경기도/이천산수유마을
[여행 알파고] 작년 설 국내 여행 어디로?
"이천 티하우스에덴, 이국적인 정원의 이천카페"
4월 국내 여행지 추천 여주에서 판교까지 여행길
이천 시몬스테라스 겨울 크리스마스 여행지로 추천!
이천 가볼만한곳 관고 전통시장 + 백종원 3대 천왕 맛집 용인 닭발
이천펜션 단체 가을여행 떠나기 딱 좋은 곳!
[이천쌀밥맛집] 이천돌솔밥: 축하 기념 일로 맛있는 돌솥밥을... 
봄 여행지 추천 이천 산수유마을 사람 붐비지 않음
10월 전국 가을 단풍 여행지 추천
서울 근교 이천 여행 가서 자연과 함께 힐링~ 설봉공원
덕평자연휴게소 영동고속도로 휴게소 가볼만한곳
이천 가볼만한 곳 _ 시몬스테라스 카페
명절 피로를 확 풀어줄 국내 온천 여행지 4선
단양근처가볼만한곳 팝스월드 다자구 할미네
크리스마스 아이와 가볼만한곳 10곳
"아이들 현장체험학습 추천, 이천 자연나라!"
단양 여행 가볼만한곳 시루섬의 기적 단양강 잔도길... 
온천으로 피로를 풀어요! 경기도 온천 LIST
[경기] 서울근교 가볼만한곳 이천 테르메덴 온천
국내 야외 노천 온천탕 추천 BEST 9
"이천 시몬스테라스, 대형 크리스마스 트리 포토존 관람... "
[경기도 이천] 시몬스 테라스 ::  이천 나들이
"글램핑장 LIST 5, 캠핑용품, 텐트없이 떠나는 7월, 8월 여행지"
국내 겨울 여행지 추천 - 이천 테르메덴 카라반 숙박:JL의... 
[경기 핫플] 오월의 푸른하늘 : 이런 서점 가본적 있나요?? 경기... 
겨울여행 추천 쌀쌀해지면 가기 좋은 이천 테르메덴... 
서울 근교 크리스마스 데이트 코스 추천 이천 시몬스테라스... 
이천온천여행 테르메덴에 가야만 하는 이유
"국내 온천 스파여행지 BEST 4 , 연휴 국내 여행지"
경기도 이천 가볼만한곳 아이들과 관광농원 이천산수유마을... 
[기회기자단] 이번 봄나들이는 이천 산수유마을과 설봉공원... 
"경기도 온천 유명한곳 5,주말 가족 여행지 추천!"
크리스마스트리 포토존 여행 서울근교 핫플 '이천 시몬스테라스'
"이천 가볼만한곳: 시몬스테라스(주말 주차, 이코복스커피 카페... "
단양근처가볼만한곳 만천하스카이워크 요금 할인 및 주차 정보
1월 국내 여행지 수도권 급상승 순위 알아보자
(이천시 창업 자료) 이천시 마장면 상권분석 공개합니다.
"이천 당일치기 여행코스, 도자기마을 토리섬도예 도자기체험.... "
국내 온천여행지 추천
[광주·이천시] 경기도 관광주간 베스트여행지 :: 본색과 이색 사이
서울근교 당일치기 여행 :: 이천 가볼만한곳 이진상회 설봉공원 등
신 국토기행 62 /경기 이천시/시사일본어학원♥장수현선생의... 
"이천, 식욕의 가을 경기도 이천맛집 추천"
"[에디터 리뷰]아이와 가볼만한 이색 장소, 이천 돼지박물관!"
[경기 이천] 백사 산수유 마을에 산수유 꽃망울이 터지다!
"[서포터즈] 이천 가볼만한곳 덕평공룡수목원 별빛축제, 공룡과... "
이천 여행 경기도 이천 산수유마을 볼거리 주차
"이천시, 대한민국 국제 관광박람회 참가"
경기도 호캉스 추천 이천 호텔 여행 에덴파라다이스 숙소
[경기] 이천 설봉공원 봄 나들이 벚꽃명소 데이트 가볼만한곳
"봄꽃여행, 봄꽃축제 ㅣ 3월 4월 가볼만한곳"
이천 맛집 @호운
국내 겨울 온천여행지 LIST~!
푸른 초원 위 목장체험 즐기며 가을맞이 하세요!
이천 아이와 가볼만한곳 밤에는 야간 덕평자연휴게소... 
서울 근교 1박2일 여행지추천  20여코스 모음
이천 카페 티하우스에덴에서 즐긴 애프터눈 티타임
경기도여행지♥경기도가볼만한곳☆ 이천놀거리 볼거리... 
"아이랑 가볼만한 곳, 국내 온천여행 추천!"
"추운 겨울, 몸과 마음을 녹이는 국내 온천 명소"
"이천 시몬스테라스, 왜 특별할까?"
"제2의 IKEA, 이촌 복합문화공간 시몬스타운 &quot;시몬스 테라스&quot;"
이천 시몬스테라스 파머스 마켓으로 서울근교나들이
[봄여행지추천] 가족과함께 떠나는 봄여행지추천... 
겨울온천여행 아이와 가볼만한곳 이천 테르메덴할인 물놀이... 
충북 단양 가볼만한곳 다누리 아쿠아리움 볼거리 단양 여행
충북 충주 가볼만한곳 국내 기차여행 추천 중부내륙선 KTX... 
3월 여행지 추천 (축제 일정)
가보고 싶은 겨울여행지(2022년 불빛축제 총정리)
여행지 추천 1
5월 가볼만한 곳. 5월 여행지 추천. 5월 갈만한 곳
서울 근교 커플 여행지 추천 모음
"라이딩의 계절, 마장면~유산리 신상 자전거길 소개해요!"
겨울국내온천여행지추천❤️ 이천 테르메덴 풀앤스파... 
"[1일1포스팅/여행] 이천 가볼만한곳, 이천 시몬스테라스"
충주 가볼만한곳 베스트 10 (충주 여행지 추천)
[秋캉스] 우리는 휴게소로 여행 간다?…가을 여행주간 이색... 
[4월 여행지추천] 2017년 4월 봄축제 일정
경기도 추천여행지]이천 세라피아 도자테마파크
풀프레임 미러리스 카메라 추천 니콘 Z7II with 서울 근교... 
중부 내륙 고속도로 드라이브 여행 이천 휴게소 통영방향
경기관광공사 가을여행지 추천 [부천타운 문화칼럼]
이천고기맛집 경기도바베큐장 도깨비셀프바베큐 비오는 날 캠핑
맛있는 국산 돼지고기~ 어디까지 들어봤나요~^^
이천 체험카페 로켓단 커피도 특별해요
코로나를 피해 찾아간 여행지 이천 테르메덴 카라반 솔직후기
이천테라스 방문 기념으로 시몬스 팩토리움 투어 참여해 봄
원주 가볼만한곳 베스트 10 (여행지 추천)
이천 시몬스 매트리스 랩 신기해!
경기도 이천 가볼만한곳 데이트하기 좋은 설봉공원 폭포... 
이천 여행지 문화예술마을 예스파크 //고산요
강아지와 특별한 산책 혹은 여행 코스! 덕평휴게소 달려라코코
&quot;시몬스 광고에 침대가 없네?&quot;…광고 상품 떼내니 오히려 온... 
"경기도 아이와 함께 여행 추천, 3500평 정원 이천... "
숨은 연꽃 명소 이천 가볼만한곳 성호호수연꽃단지
"[도드람산/경기 이천여행]... 이천가볼만한곳,가을추천여행지"
오늘(1월 22일)의 추천 여행지(251) - 이천 별빛정원우주... 
[경기 이천] 강민주의 들밥 :: 부모님 모시고 가고 싶은 한정식... 
경기 한국도자재단 방문~
단양 가볼만한곳 - 만천하스카이워크 / 알파인코스터 가격정보... 
[이천 여행지 추천] 덕평자연휴게소 근처 인생샷 찍기 좋은... 
★봄꽃여행-봄꽃여행지 추천
경기도 가을 여행지? 이천 1박 2일 여행 추천 (1)
경기도 이천 비올때 갈만한곳 놀거리 볼거리 시몬스테라스 심야... 
"[이천 맛집, 이천 우대갈비 맛집, 이천 영양전골맛집]... "
"이천시, 스마트폰 최적화 ‘관광전자지도’ 구축"
9월 여행지 추천 (9월 국내여행지 추천)
초등생 4인가족 충주/문경/여주/이천 2박3일 가성비여행 코스... 
6월 주말 나들이 아이와 함께 가볼 만한 곳 추천!
서울 근교 온천 당일치기 이천 테르메덴 예매 필수준비물... 
이천 별빛정원우주 - 국내 당일치기 여행지 추천
"이천 맛집 추천 닭사부일체, 닭의 본때를 느껴보실라우"
가을 온천여행지 추천
2022 2023 스키장 개장 겨울방학 아이와 가볼만한곳
[경기/이천] 이천 신둔면  티라운지 ::여여로
이천 산수유마을 : 4월 경기도 꽃구경 가볼만한곳
"서울 근교 당일치기 추천 여행지 10곳 [당일치기, 1박 2일]"
"[안흥지,애련정/경기... 이천벚꽃여행지추천,04월가볼만한곳"
강아지와 함께 가기 좋은곳 ♥ 애견 반려견 동반 여행지 추천 5
"[2012봄꽃축제, 4월 봄꽃축제] 봄여행지추천드려요!!"
이천 창전동 고깃집 우소우담 회식장소로 딱좋은 맛집
2021년 국내 봄여행지 &amp; 비대면 안심 관광지 25선
"[이곳저곳] 카페, 여행지 추천 1편"
"이천 카페 진리, 낮에도 밤에도 참 매력적이네"
[여행지 추천/국내여행] 국내 온천 추천 Best 6
이천백사산수유꽃축제와 함께 돌아보는 애련정
[가을여행주간 가볼만한 곳] 지하철 타고 떠나는 내 안의 평화... 
[여행지소개] 가족과 함께 겨울 추억을 만들어요! 겨울 여행... 
겨울방학 공부 여행지 4
경기도 이천 아이와 가볼만한곳 농업테마공원 :: 가마솥... 
[이천 여행] 경기도 이천 가볼 만한 곳 : 설봉공원 (주차/카페... 
올 봄 ‘비대면 안심여행지 25선’
경기도 여행 이천 테르메덴 워터파크 찜질방 온천 스파... 
봄꽃축제가 열리는 대표적인 다섯 장소 소개
"[경기 이천] 맛집, 드라이브, 도자기 만들기 체험 모두 가능한... "
이천 갈만한곳 놀거리 서울 근교 야외 온천 이천 테르메덴 찜질방
이천 공원 안흥지 애련정 나들이
여름 휴가철 전국 농촌체험농장 소개(경기 편)
이천 가볼만한곳 베스트10 추천
"[이천도자기축제/경기... 세계도자기엑스포,05월여행지추천"
"[성호연꽃단지/경기 이천여행]... 이천가볼만한곳,07월추천여행지"
"가볼만한 여행지,5월 국내여행지 추천,5월 여행지 추천)"
충북 단양 당일치기 여행코스 가볼만한곳 전망대 구경시장... 
국내 겨울 당일치기 여행지 :: 온천 추천 소개
경기도 이천 숙소 인트라다 호텔 가성비 숙박 후기
"[이천 카페, 이천 분위기 좋은 카페, 한옥 카페] 카페호야"
가족과 함께 즐기기 좋은 이천 테르메덴 카라반 캠핑
4월 축제 일정 국내 여행지 추천 봄에 가볼 만한 곳
2021년 국내 봄 여행지 &amp; 안심 관광지로 봄나들이 가자 !!
이천 가볼만한곳 베스트10 훌륭해요
[추석여행] 추석을 가족들과 단란하게 보낼 수 있는 국내여행지... 
"가을여행지추천 - 경기도이천. 예술, 휴식과 문화가 있는 이천여행"
[이천] 다가오는 여름 방문하기 좋은 인디어라운드 글램핑장 재... 
[5개월 아기와 이천 여행] DAY 2 :: Ye’s Park 카페웰콤... 
2018년 4월 전국축제 봄꽃축제 여행지추천
국내온천여행 떠나기 좋은 곳 어디어디 있을까?!
코로나19 확산 방지를 위해 온 힘을 모아주세요. 코로나19... 
가을 힐링 휴가 ep.6 이천 맛집 추천 [ 현대가든 ]
이천 설봉공원 아이와 가볼 만한 곳
봄바람 휘날리며~ 4월 주말여행지 봄꽃축제 Best7
눈과 코 입을 즐겁하고 체험까지 가능한 식도락 여행지 6곳
1월여행지 추천 [지호관광 리무진버스]
경기도 이천 산수유마을 산수유축제 * 봄꽃구경 코디 이천 여행... 
즉석여행 갈만한곳 행복한 기억이 남은 장소4
고속도로휴게소 여행지 보다 멋진 길에서 놀다~
"100. 이천 산수유 마을 산수유꽃 개화 소식, 산수유꽃축제 일정... "
이천 놀거리 데이트하기도 좋은 '시몬스테라스'
여행지. 갈만한 곳. 4월 축제. 제주도 여행. 봄 소식. 진달래.... 
봄꽃 개화 포토존 주차장 (경기도 가볼만한곳 추천 국내여행)
"2016년 4월 축제일정표 (4월 여행지 베스트, 4월 여행하기... "
도자기) / 경기도 여행지 추천 / 경기도 당일 치기 / 경기도... 
"이천 테르메덴 외 6곳, 경기도 가볼만한곳"
5월에 가볼만한 여행지 5월축제일정 145곳 모음
이천 맛집 몸에 좋고 맛도 좋은 &lt;엄지장수촌&gt; &lt;덕평자연휴게소... 
겨울여행지 베스트50. 겨울여행 갈만한곳. 겨울에 가볼만한곳
"가볼만한 여행지, 9월 전국축제일정표, 9월 국내여행지 추천... "
5월에 가볼만한 여행지 5월축제일정 91곳 리스트
5월 축제 일정표 5월 국내여행지 추천 145곳 모음
2019 기해년 황금돼지해
이천 미솥지음 테르메덴 시몬스테라스 근처 솥밥 맛집
"일정, 벚꽃 개화시기, 지역별 벚꽃축제기간, 봄여행지추천"
"이천 에덴파라다이스호텔 1박 투숙기, 서울 근교 여행"
"&quot;대한민국 국제 관광박람회&quot; 이천시, 축제 관광 집중홍보 ...... "
1박2일 이천여행 후기
벚꽃철 추천캠핑장 단양캠핑장 천동오토캠핑장 단양... 
서울 근교 경기도 이천 테르메덴 수영장 버블 풀파티 수영복... 
삼척여행 안가보면 뭔가 섭한 환선굴
아기랑 서울 근교 여행 추천! 이천 에덴파라다이스 호텔... 
이천 시립 박물관 이천 당일치기
이천 맛집 / 천서리원막국수 - 시원한 막국수와 메밀전병... 
이천 드라이브 하기 좋은 도자기마을 예스파크 공방 체험 데이트
올겨울 아이와 함께 온천 물놀이 여행 추천지 3곳(이천... 
경기도 이천 가볼만한곳 시몬스테라스 :: 크리스마스... 
&lt;여행지 추천&gt; 이천 가볼만한 곳/이천 九景 가다.-이천시 복숭아... 
가볼만한 곳. 추천 여름휴가 국내여행지. 전국 인기계곡. 해수욕장
[이천/안경] 새로 오픈한 다비치 안경 이천중앙점에 다녀오다... 
호기심 자극 하는 이천여행지 돼지박물관 !
돼지박물관 - 이천여행지 아이들과 꼭 가볼만한 체헙장소~~
이천 시몬스테라스 주차 카페 이천 실내 가볼만한곳 당일치기... 
(문체부) 선정 『가족과 함께 놀러갈만한 여행지』
"경기도이천한정식, 만원대로 임금님 18첩 반상 나오는... "
"경기 이천, 여주/ 엄마와 딸 여행 1탄. 예스파크, 이진상회 (당일... "
3월의 봄....봄꽃 축제가 다양한 대한민국 방방곡곡 축제현장... 
한국인이 가봐야 할 국내 여행지 100
[추천여행지] 홍반장과 블로그... 다시 가고 싶은 가족여행지
7월 서울근교 여행지 이천 설봉산 별빛축제 음악분수
이천 시립 월전 미술관 이천 실내 가볼 만한 곳
"꿈을 만드는 체험여행지소개 - 인천, 강원, 경기권"
"국내 봄 여행지, 봄꽃축제로 주말나들이 가자!"
이천 가볼 만한 곳 | 아이들이랑 가기 좋은 곳 : 이천 시립 박물관
친환경 호텔 이용 하기
죽기전에 가봐야 할 국내여행 100곳 1월~12월
⋅이천 [호텔오가] &quot;Hotel hogar&quot; 수영장 한옥호텔 / 실내자쿠지... 
11월 여행 갈만한곳 갑자기 떠나기 좋았던 곳5
단양 만천하 스카이워크 전망대 당일치기
"이천추천여행 이천시립박물관, 이천 실내여행추천... "
2012년도 4월 가볼만한 곳/4월의 여행지/봄꽃축제 일정
"경기도 이천 가볼만한곳 BEST 6 예스파크, 테르메덴 등"
봄맞이 산수유꽃축제여행지 구례현천마을과 이천산수유마을
공기 좋고 풍경 좋은 봄 나들이 갈만한곳 Top 5!
이천 가볼만한 곳 연말데이트 시몬스 테라스점 크리스마스 트리... 
원하는대로 이천편 카페와 야경정원 정보
"연말 국내여행지 추천 :: 포항, 삼척, 이천, 보령 여행지 추천"
이천 테르메덴 아이와 가기 좋은 온천 워터파크
"이천 테르메덴 겨울 스파 즐기기 할인, 준비물"
노무컨설팅 정부지원금대행 벤처인증 메인비즈... 
"[양평/이천 여행]양평 블룸비스타,이천 나랏님 수라상"
이천 시몬스 테라스점 + 여행지 추천
이천 덕평공룡수목원 아이랑 갈만한 곳 대형 공룡테마파크식물원
▦경기관광박람회
[이천여행] 이천 가볼 만한 곳 시몬스테라스 방문후기 '◡'
국내 당일치기 여행 이천 시몬스테라스 &amp; 이코복스 커피
가을 향 닮은 콩의 구수함 느껴지는 ‘서경들마을’
"경기도 이천 양우 국내산 소 곱창, 소 막창. 소 대창, 소특양 이... "
[이천여행] &quot;덕평공룡수목원&quot; 이천가볼만한곳 강력추천!
경기도 근거리 여행지. 평일 주말 언제가도 부담없는 곳
가성비 좋은 이천맛집은 김과장고깃집
시몬스 테라스 이천 가볼 만한 곳 위치 영업시간 주차
온천여행 추천! 이천 김포 화성 외 서울 근교 온천 여행지 추천!
2021년 블로그 연말결산 :: 아이랑 국내여행 가볼만한곳 총정리
국내 겨울 온천 여행 이천 테르메덴 다녀왔어요 할인 주차... 
이천 가볼만한곳 베스트10 참고
[이천쌀밥맛집] 이천돌솥밥: 경험 공유
"경기도 이천여행 이천가볼만한곳 “시몬스테라스, 퍼블릭마켓... "
"이천, 이천 테르메덴, 테르메덴 수영장, 온천, 스파, 워터파크... "
봄꽃 여행지 추천 파사산 산수유 보러가자
경기 가볼만한 곳 : 이천... 국내여행지. 등산지도코스. 관광지도
[경기도민기자단] 다채로운 도자기로 꾸며진 아기자기 공방... 
이천 돼지박물관 자유롭게 방목하는 동물들과 교감하는 체험농장
여주아이펠마르미용실 추천여행지  -        이천산수유꽃
생생정보tv경기이천'매운등뼈찜'오늘방송맛집은?... 
겨울여행지 온천 best 6
봄 여행지 추천 봄꽃축제 모음 23곳
겨울철 가족들과 가기 좋은 서울 근교 여행지 추천 BEST 2 (w.... 
이천여행 이천 도자기마을 예스파크 구경 예쁜 풍경과 쉼이있는... 
추천. 여름휴가 국내여행지. 전국 인기계곡. 해수욕장
이천시 백사면 이여로제빵소 카페/전통찻집 - 달콤한여행
"5월 가볼만한 여행지, 도자 색에 물들다, 미리가본 2015년... "
이천시 마장면 별빛정원우주 테마공원 - 달콤한여행
경기도 이천 가볼만한곳 산수유마을 :: 봄꽃축제 산수유축제... 
겨울 여행지 추천 | 길게 뻗은 슬로프를 달려보자! 서울근교... 
전국 여행지 목록
단양 아이랑 다누리 아쿠아리움 할인 및 꿀팁
중부고속도로 통영방향 이천휴게소 하행
"[봄여행][2023 Flower Tour]이천산수유꽃,진해/경주벚꽃... "
이천 1박 2일 여행 일정 정리(1): 이천 가볼만한곳 볼거리 이천... 
"이천 카페 여여로, 가을여행코스로 좋았던 장소"
강원도 여행! 강원도 삼척 환선굴
이천 테르메덴 겨울 야외 온천 할인 수영복 준비물
가족과 함께 즐기기 좋은! 설날여행 가볼만한곳 6
이천 호운의 고(등어)제(육)세트 내돈내산 솔직후기 (대만족!)
단양 가볼만한곳 다누리아쿠아리움 :: 당일치기 볼거리 (feat.... 
평창가볼만한곳 겨울축제여행추천
강력추천  -수도권 여행지정보
아이와 함께 가볼만한곳 추억 쌓기 좋았던 BEST 5장소
경기도 이천 시몬스 테라스점 (ft. 이코복스커피 &amp; 주차)
이천 예스파크 위치 주차 운영시간 도자기 축제 찐후기
이천 카페 이진상회 도자기카페 데이트코스 이천맛집
서울에서 가까운 온천여행지
"봄꽃축제, 봄여행지 [지역별봄축제정보 / 봄꽃축제 / 봄사진여행지]"
"가을 체험여행지 l 내 손으로 직접 빚는 도자기 체험여행, 이천... "
"2013 벚꽃 축제 일정［전국 꽃축제 일정, 봄꽃여행지, 4월... "
[이천여행 테르메덴] 온천 스파 준비물 이용팁 내돈내산 여행
경기도 아이와 가볼만한곳 이천시립박물관 볼거리
경기도 가볼만한곳 이천 설봉공원 :: 음악분수 인공폭포 야경... 
"단양 다누리 아쿠아리움 아기랑 필수코스, 할인팁"
"펭수 캐롤송 촬영장소, 시몬스 테라스 방문"
라이프TV :: 3월 축제 경기도 이천시 백사면 산수유마을... 
11월 국내 가을 여행지 추천 나들이가기 좋은 장소 Top 5!
이천! 쌀밥에 배부르고 온천수에 등 따습고 도공예까지..
"이천여행코스 별빛정원우주 빛축제, 덕평휴게소"
경기도 가볼만한곳 경강선과 여주시티투어로 당일치기 여행
미리 메리 크리스마스 분위기 즐기기 좋은 이천핫플... 
이천 돌솥밥한정식 간결한 반찬과 30년 노하우가 있는 쌀밥의... 
이천카페 인디어라운드 이천 가볼만한곳이에요
2023년 3월4월 전국 봄꽃축제 아이들과 가볼만한곳 산수유... 
[이천 카페] 논뷰 보며 힐링하고 색다른 루프탑까지 ! 이천 카페... 
생생정보 당나귀 농장에는 가 있다 내가 사는 세상 궁금해? 이천... 
경기도 아이와 가볼만한곳 Top10 실내 여행지 야외놀이터
장호원복숭아축제/  9월 햇사레 황도 복숭아 제철
아이들과 여행 다함께 즐겼던 풍부한 장소 5곳추천
"[단양여행] 단양,제천 여행 1박2일 코스추천"
"이천 아이와 가볼만한곳, 작은 동물원 이천 돼지박물관"
"[이천] 11월 테르메덴 풀앤스파, 워터파크, 이용방법, 준비물... "
[이천 테르메덴 카라반] A타입 풀뷰 내돈내산 이천여행
경기남부 가볼만한곳 이천 드라이브 갈만한곳 볼거리 이천 시몬... 
전국 8경 및 명승고적 그리고 가볼만한 추천 여행지...
단양 다누리 아쿠아리움 아이랑 단양가볼만한곳 기억에 남는 여행
힐링할 만한 국내 온천여행 명소 BEST 5
경기누리맵과 함께 여름 휴가 떠나요~
대한민국이모저모 20231013
10월 놀러갈만한곳 재미와 힐링이 모두 있던 BEST5!
"이천 카페 티하우스에덴 Ι 이국적인 정원, 홍차 전문 카페"
산수유효능 및 개화시기에 대하여 알아보아요.
[덕평휴게소] 양방향 차량출입이 가능하고 이영자... 
마장프리미엄 휴게소 애견동반 푸드코트 카페 공원 옐로우스탑
아이와 함께 하는 에덴파라다이스호텔 근처 여행 추천 (1박2일)
색다른 이천 데이트 코스를 찾는다면 이천 더닷으로 고고
국내여행 경기도지역 당일치기 가볼만한 여행지 9곳.
봄철추천 여행지~^^
서울 근교 수도권 온천여행 추천 Best 3!
이천 가볼만한곳 베스트10 추천해요
"몸은 뜨겁고 머리는 차게, 겨울 온천 스팟, 솔샘온천, 덕구온천... "
레고 프렌즈의 겨울나들이 장소를 골라주세요~!
용인 여행코스 ' 시몬스테라스 - 엘리펀트 빌리지 - 소울카페... 
국내 아이랑 여행 4월5월에 갈만한곳 유명한 곳들 후기
경기도 재난 기본소득 신청방법 및 경기지역화폐 지역별 링크
생생정보마당 이천 쌀밥 정식 보리굴비 떡갈비 임금님쌀밥... 
단양 가볼만한곳 천주터널 만천하스카이워크 이끼터널 잔도
2018 천안흥타령춤축제(Let's Dance in Cheonan)를... 
이천테르메덴후기(내돈내산)
제7탄  설레는 크리스마스 데이트 코스  [경기 이천 크리스마스... 
[도지울토종순대국] 원하는 돼지 부속고기만 골라 먹을 수 있는... 
한국인이 가봐야할 국내여행지 100곳
서울근교 드라이브 코스 이천여행 호수와 조각 작품이 어우러진... 
이천 아이랑 갈만한 곳. 편안한 캠핑과 물놀이... 
"한국관광공사, 12월 추천 가볼만한 곳 6곳 선정"
"경기도카페 이천 카페진리 논뷰보려면 바로 지금, 파블로바 외... "
"가족여행으로 괜찮은 이천 덕평공룡수목원 + 조각공원, 전시관... "
1월 국내 여행지 수도권 급상승 순위 알아보자
경기도가볼만한곳 서울 근교 나들이 장소 추천 5 (남이섬... 
"연말 분위기로 로맨틱했던 이천 시몬스 테라스, 주중 방문 후기"
한국관광공사 추천 국내여행지 100선
이천 맛집 베스트10 BEST
[핫플]경기도 가볼 만한 곳 : 시몬스 테라스
이천 데이트 코스 당일치기로 드라이브 다녀오기 좋은... 
파주개성인삼축제 2023 대한민국 대표 인삼 축제를 만나보세요
경기도 이천 글램핑장: 인디어라운드 카바나 객실 &amp; 코코몰디브... 
[경기도 여행] 애견과 함께 떠나는가족여행
/이천와인/ 칠링아웃샵 / 이천시청 옆 와인핫플에서 혼술여행!... 
겨울 따뜻한 여행 국내 온천워터파크  추천 BEST4
[하원 후 일상] 크리스마스 분위기 느끼기 좋은 서울근교 나들이... 
"이천여행, 다양한 경험과 볼거리가 많은 시몬스테라스 방문후기"
영광 가볼만한곳 베스트10 추천해요
[이천]이코복스커피 시몬스테라스점/테르메덴에서 온천 후... 
이천 부동산 이천시 땅값 소액 SK하이닉스 투자 미래가치
[이천 에덴파라다이스호텔] 정원이 예뻐서 선택한 호텔... 
"[이천 2박3일] 경기도 이천 여행, 가볼만 한 곳 추천 ♥ - 1"
[이천여행] 이번 주말 가볍게 떠나기 좋은 이천 당일치기 코스... 
김휴림의 여행편지-지역별 맛집(현 77곳)  +  전국 주요여행지... 
이천도자기 같이 알아볼께요
이천 가볼만한 곳 -설성면 노성산(노승산) 산행
"[전문가 여행 후기] 농촌체험마을, 이천 ‘서경들마을’... "
김해 맛집 베스트10 소개
산수유꽃축제 : 전국 수도권 인기 산수유 행사 여행지 추천
"이천가볼만한곳 | 이천당일치기여행-시몬스테라스, 이진상회... "
여주 이천 크리스마스 트리 카페 명소 하늘천따지 연양정원... 
국내여행지 100선
[전국] 관광공사 추천여행지 100선
봄 여행지- 꽃 구경 -
[서울근교겨울여행] 이천테르메덴 야외온천&amp;찜질방 할인받고... 
"옹기, 정크아트, 그리고 바다가 있는 울산&lt;울산여행2편&gt;"
서울 &amp; 서울근교 식물원 카페 top5서울 주변에서 다녀올 만한... 
반나절 주말여행 반나절이면 충분한 여행지 200
"[미술 전시회] 아르코미술관, &lt;정재철: 사랑과 평화... "
서울 가볼만한곳 베스트10 안내
겨울엔 역시 온천여행! 국내 온천 여행지 추천
"6월 | 주말오프가 좋은 이유, 이천데이트•쌀밥한정식•그리고... "
반나절 코스 여주 당일여행!
| 컬쳐 | 서울 근교의 가기 좋은 미술관 소개! / 그림/ 작품 / 미술관
이천 카페진리에서 수제케이크 ‘단호박 듬뿍 갸또’ 냠냠... 
여수 가볼만한곳 베스트10 훌륭해요
경기도 가볼만한곳 경기도에 가볼만한곳 100코스 엄선
경기도 이천 가볼만한곳 당일치기 여행 코스 5곳
서울근교 가볼만한곳 이천 설봉공원 데이트 코스
경주 가볼만한곳 베스트10 소개
11월 축제일정 행사정보 180곳 모음 11월에 가볼만한여행지
시몬스테라스 크리스마스 트리 사진 스팟 정보 경기도 이천... 
한국 관광공사 추천하는 여행지 100선
9월의 보호수 천송동 향나무 2
서울 근교 가볼만한 곳 서울에서 가까운 여행지 모음
[부발역/부발역세권] 이천시의 선택 그리고 미래는?
이천 도자기마을 예스파크 도자기체험
[시몬스 테라스점]경기도 이천 가볼만한 곳 추천/ 퍼블릭마켓과... 
경기지역 스키장 정보는 요기~
"단양 아쿠아리움, 어른이도 재밌고만 (feat. 성인3명 찐 후기)"
이천 쌀밥 테르메덴 근처 맛집 강민주의들밥본점 한정식... 
수영장이 있고 정원이 아름다운 집
원하는대로 7회 이천 쌀밥집 감성 숙소 외국식 별장 못지않은... 
따뜻한 선물 같은 날들
이천 맛집 쌀밥이 맛있는 시래마루 이천본점과 청목
서울근교 이천 시몬스테라스 애견동반 가능 후기
2019 기해년 &quot;#돼지보러 가유!!!&quot;                                1월에... 
부산 가볼만한곳 베스트10 좋아요
국내 온천 여행 추천 가족끼리 가기 좋은 겨울 온천여행
"이천,제주,진도,양평,3월 인기테마여행지 알아보기"
[2-1] [新택리지] 경기 연천군  +
화창한 봄날 어디로 가볼까?? 봄꽃 여행지 추천 드립니당!!
국내 여행지 베스트 경기도권 광주 양주 안산 광명 군포 포천
"일상 | 문경-경주 2박 3일 여행 - Day3 : 보문호수, 최영화... "
우리나라 최고의 휴게소 &quot;덕평휴게소&quot; 쉬다가 온썰 [애견산책로... 
이천시 호법면 덕평힐뷰 컨트리클럽 골프 - 달콤한여행
(12월)_겨울 여행지는 송어 빙어 축제!!
국내 여행지 100선 / 한국인이... 가볼만한 곳 추천 / 여행지 추천
"천혜 자연 놀이공원에서 즐기는 힐링 농촌체험, 경기 이천... "
시몬스 테라스 크리스마스트리 겨울여행
생방송오늘저녁 소문을찾아서 풍경타임랩스 사진작가 윤은준... 
[여름즐기기] 옥열언니의 도심속  여름나기 / 도시에서... 
이 맛~ 여름엔 모를걸?-수도권 근교 골라 즐기는 온천 여행지 4선
"[이천 맛집,이천 해장국맛집, 이천설렁탕 맛집]... "
4월 가볼만한 2018 찾아가는 경기관광박람회로 오세요☆
여행 그 설렘이 시작되던  2014 경기국제관광박람회 관람기
맛있는 박물관 여행: 한국을 배우는 시간
시선을 느낄 수 있는 경기도 이천 가볼만한곳 이천시립월전미술관
이천 시몬스테라스 (simmons teras) / 이천가볼 만한곳
방향 : 대중교통요금 및 이동장애인을 중심으로 [경기연구원 연구]
서산 맛집 베스트10 TOP
[이천] 연말 감성 크리스마스 명소 “이천 시몬스 테라스”
[Travel]水치료… 찜질방… 사우나… 다기능 스파
경기도 아이와 가볼만한 곳 안성 팜랜드 외 19곳
겨울철 수도권 1월 ~2월에 즐길 수 있는 겨울 액티비티 어떤게... 
경기관광박람회 경기도를 쇼핑하라! 부산 벡스코로 Go~
국내 겨울 여행지 BEST
이앤씨 뉴스레터 - Vol.134: 오픈마켓 상품도 '로켓배송'…쿠팡... 
"이천 당일치기 여행 뭐먹지, 친정엄마 모시고간 퓨전한정식... "
[성남 율동공원] 성남 핑크뮬리 억새 단풍구경 서울근교... 
단양 아이랑 가볼만한곳 다누리 아쿠아리움 :: 당일치기 충북... 
이천호텔 인트라다 서울 근교 여행 + H가든 조식 후기
이천여행 PAGE3 ( 이천 인트라다호텔 조식 + 수요미식회맛집... 
이천 고기집 수제 양념돼지갈비의 손맛 + 인트라다 호텔 1박 2일
싱그러운 자연 속 힐링플레이스 | 이천 티하우스에덴... 
이천 도자기마을 예스파크 볼거리 놀거리
속초 맛집 베스트10 소개
국내 온천여행 경기도로 떠나보아요
[이천맛집]이천 예스파크 들기름 막국수 도예촌막국수
충북 가볼만한곳 단양 잔도길 단양강 유람선 전망대... 
"&lt;2TV 생생정보&gt; 비법 24시, 밥상을 털어라 &lt;칼국수&gt;, 대동 맛... "
"서울,경기근처 봄꽃여행지추천 ,이천산수유축제... "
부산 맛집 베스트10 좋아요
"[12월 4주차] 고속도로 뉴스 브리핑, 휴게소 대표음식 선정... "
[이천 시몬스 테라스점] 연말/연시 느낌 내기 &amp; 침대 체험... 
명절에 고생한 엄마를 위해! 모녀가 함께 떠나는 국내 온천 여행... 
쓰리박 박찬호 가족 골프 연습장 위치 2회 촬영장소 :: 리폿안
몸과 마음을 따스하게  녹일 국내 온천 3 from... 
경기도 이천 첫째날/ 인트라다 호텔 에이치가든 해피아워 이용... 
이천맛집 [ 남촌칼국수 ] 먹고 시몬스테라스 드라이브~
"이천 마장 프리미엄 휴게소, 점점 좋아지는 휴게소들... "
집사부일체 배성우 글램핑장 142회 캠핑장 촬영장소 위치... 
[봄나들이 갈만한곳]2014년 봄꽃축제일정 정리!! WOW~
"3월 서울 봄에 가볼만한곳 올림픽공원 나홀로나무, 봄 나들이... "
허영만의백반기행 이천 볏섬만두전골 위치 - 70회 자연밥상... 
강릉 가볼만한곳 베스트10 훌륭해요
"이천시, 유네스코 창의도시 포럼 개최"
크리스마스 데이트 전국 불빛축제 BEST 7
[현대 아반떼] 2023 현대 더 뉴 아반떼 CN7 신형/ 사이버 아마존... 
경기도 이천 카페 여여로!
허영만의백반기행 이천 묵은지사태전골 위치 - 70회... 
이천 아기랑 무료입장 사진 찍기 좋은 곳 시몬스 테라스... 
경강선 개통(판교~여주) - 2016. 9. 24.
[경기 이천] 아이와가볼만한곳 추천-돼지박물관/덕평공룡수목원
서울근교 이천 시몬스테라스 데이트하기 좋은 복합문화공간
산수유축제 : 전국 산수유꽃 개화시기 인기 여행지 추천
아이시티안과 공식블로그 :: 2019 가을여행주간 야놀자!... 
[1박 2일 강릉여행] 덕평자연휴게소(강릉방향) / 엄지네... 
생생정보 이천 돌짜장 양념게장 비법 24시 맛집 중식당 위치... 
싶게 만드는 재미난 이야기들이 한가득' 이천시. 여행지침서 발행
더 글로리 드라마 촬영지 이천 여행1탄
경기도 가볼만한곳 완전 정복!
경기도 이천 가볼만한곳 산수유마을
원하는대로 신애라 박하선 박진희 최정윤 전통시장 플렉스... 
경기도 이천 설봉호수공원 산책하기 좋아요
서울근교여행 추천 이천 테르메덴 하루종일 놀고오기 좋은... 
죽기전에 가봐야할 국내여행지 100곳 ( 11위 ~ 20위 )
[이천 맛집] 내돈내먹_청목 한정식/ 초이수제비 / 아리솔밭가든... 
경기도 가볼만한곳 베스트10 좋아요
“여기가 내 집이었으면”...감성이 쏟아지는 용인 감성... 
원하는대로 신애라 박하선 박진희 최정윤 이천쌀밥 보리굴비... 
허영만의백반기행 이천 간장게장 보리굴비 돌솥밥 위치 - 이천... 
2015년 5월 관광주간! '어린이 날' 문화대축제 경기도로 떠나요~
겨울방학 맞이! 아이와 가기 좋은 국내 온천 추천
11월 가볼만한곳 / 경기관광공사가 추천하는 경기도... 
12월 여행. 가볼만한 곳. 일출명소. 추천. 베스트. 축제일정
"이천 설봉공원, 설봉저수지 옆 산책하기좋은곳"
"이천 아이와 물놀이,수영하기 좋은 워터파크 테르메덴... "
경기 &gt; 0820_용인시
속초 가볼만한곳 베스트10 좋아요
※ 추운 겨울 피로가 싹! 풀리는 힐링여행 국내 온천 BEST5 ※
이천 데이트코스는 여기로 !-!
"이천 가볼만한곳, 도자예술마을 예스파크 해주 도자박물관"
경기 &gt; 0819_오산시
경기 &gt; 0828_화성시
사람과 도예공방을 이어주는 경강선 신둔도예촌역
[Life Style]펜션은 지금 ‘테마’로 통한다
[이슈] 이젠 온천!! 멀리 가지 마세요~ 온천여행추천! (온천... 
추위와 스트레스를 녹이는 온천 여행
오감만족 여행 이천 데이트코스 알아보아요!
이천 창전동 맛집 카페 츄러스1500 이천창전점 다양한 츄러스... 
경기도 차박 장소 추천 Top5
반려견과 함께 쉴 수 있는 휴식 공간 추천
[3월 6일 뉴스큐레이션] SBS 걸그룹 오디션 ‘유니버스 티켓’... 
이천 인디어라운드 글램핑할 수 있는 이색카페
이천 시몬스 테라스 당일치기 여행
공주가볼만한곳 공주무령왕릉 초등학생가족 공주여행코스 필수!
이천 가볼만한곳 베스트 10
★당일여행★ 봄꽃 만나로 당일 갔다 올수 있는 여행지 추천
"이천, 인스타 감성의 사진맛집 : 시몬스 테라스 VIRTUAL... "
이천 산책 등산하기 좋은 곳 인공폭포까지 너무 아름다운... 
생방송오늘저녁 이천장호원 동파육짜장 &amp; 1000원 짜장면... 
이천 인디어라운드  -  카페/글램핑/수영장 모두 즐길 수 있는 핫플
이천 밥집 거하게먹고온 거궁
휴게소의 신세계! 경기도 이색 휴게소 덕평자연휴게소
2019년 8월 축제 일정표 알려드려요
이천 시몬스테라스(simmons terrace)
이천 가볼만한곳 엄마도 좋아한 Best 4곳
[30-KTX부발역 대지/토지 매매] 2022년 이천시 부동산 전망... 
아이와 함께 이천 테르메덴 풀앤스파 / 겨울온천 겨울스파
아이랑 1박 2일 국내여행: 직접 가 본 이천 가볼 만한 곳 리스트
"KT금호렌터카와 함께 떠나면 좋은 축제,여행 정보"
용인 1박 2일 여행코스 추천 7곳! (ft. 경기도 여행지)
2TV생생정보 10월 30일 가게 정보 l 우와한식당 파김치장어전골
경기도 이천 가볼만한곳 : 설봉공원 호수 산책로
"♤♤♤  이번 주말, 댕댕이와 함께 떠나는 여행 반려견과 함께... "
"경기도 이천 가볼만한곳: 별빛정원우주, 내돈내산 아깝지... "
2020 단풍여행 시기 명소 지도
"이천 시몬스테라스점 코로나 데이트, 서울 근교 가볼만한 곳 추천"
"이천시~안성시~오산시, 스물일곱째날 (9월 22일 목요일)"
국내 인기 관광 여행지 50선
5월5일 어린이 날! 어디가지? 어린이 맞춤 나들이 장소 BEST5
"온 가족이 함께할 수 있는 실내 스파, 온천을 소개합니다!"
경기도 여행지 추천 129곳 경기도지역펜션 1485곳모음
"4월 꽃구경 가볼만한곳 경기도 오산 물향기수목원 산수유, 진달래"
Weekly Logistics News Letter Vol.641(6/23)
이천 시몬스 테라스 일루미네이션 꿀팁정보
경기 &gt; 0830_양평군
"단풍여행지 추천, 억새밭, 갈대밭, 어디가 좋을까요?"
"가족여행 데이트명소 이천 -예스파크, 사기막골도예촌... "
경기 &gt; 0827_하남시
겨울 온천여행 추천베스트
국내 여행지 추천 - 전라도 광주 -
경기 &gt; 0822_의정부시
"산수유꽃축제 찾아 떠나는 봄꽃여행-구례 산수유마을, 의성... "
[국내여행지추천/경기도여행] 경기도 4월~5월 봄꽃축제 정보
[이천 여행] 관고동 개배미골 벽화마을 솔직 후기
[국내여행] 이천 시몬스테라스 _서울 근교 데이트 *수면의 질... 
가성비 있게 즐기는 겨울 스포츠! 전국 스키장 할인 정보 TOP4
"서울 근교 드라이브, 이천 시몬스 테라스"
생생정보 대동 맛 지도 진주 복어 복국 매콤함의 하모니 아귀찜... 
"JoyJoy :: 전국 12월 축제일정 한방정리, 해운대 빛축제... "
경기 &gt; 0817_양주시
"겨울에 즐기는 스파여행,스파추천"
경기도 가볼만한곳 추천... 가볍게 힐링하기 좋은 국내온천여행지
이천 가볼만한곳 - 아이들과 체험한 Best 6곳♡
여름 여행지 베스트 50 (국내)
"이천 관고시장, 백종원3대천왕 이천용인닭발 꿀맛"
한국관광공사가 선정한 국내 언택트 여행지 100 곳... 
"이천 에덴파라다이스호텔, 정원 산책하기 좋은 숙소"
"서울근교 가볼만한곳, 이천 시몬스 테라스"
연중무휴! 설날국내여행 여행지 ‘별빛정원 우주’ 소개
울산 가볼만한곳 베스트 10
[일상생활을 벗어나 관광과 맛집을 함께 즐길 수 있는  휴게소... 
단양여행코스 만천하스카이워크 하늘이 닿는 그곳
경기 &gt; 0824_파주시
"퇴근 후, 책방 여행(이연주)"
이천 여행 ) 청암관광농원 글램핑
할로윈축제 테마파크 별빛정원우주 덕평자연휴게소 근처에... 
경기 &gt; 0821_의왕시
경기 &gt; 0818_여주시
대구 가볼만한곳 베스트 10 (여행하기 좋은 곳)
(서울근교드라이브여행) 이천9경의 &quot;사기막골 도예촌&quot;
[경기]  이천 산수유마을 … ( 1 ) 송말1리
여수 맛집 베스트10 소개
여름에 가기 좋은 경기도 차박지
평창 가볼만한곳 베스트10
이천 가볼만한곳 - 봄나들이 가족여행 Best 6선♬
2020.02월의 데이트
"가을축제추천 - 이천도자기축제, 도자기 체험 천국 이천으로~"
"미리보는 겨울 무장애 관광지_경기도편#1(안성,이천,광명)"
7월 가볼만한 곳. 여행지 추천. 여름 출사지
연인과 함께하면 좋은 연말여행 리스트 #두고두고#기억날... 
이천 시몬스테라스 사진 찍기 좋고 카페도 즐기기 좋은 곳!
경기 &gt; 0825_평택시
온 몸이 뜨끈뜨끈! 겨울에 가기 좋은 국내 온천 여행 명소 BEST
이천 당일치기 가족여행 덕평공룡수목원 다녀왔어요
"겨울 여행 볼거리, 먹거리 소개/ 해넘이해돋이, 별빛불빛, 눈꽃... "
인천 가볼만한 곳 베스트10
2018. 4월 여행 가볼만한 곳. 한국관광공사. 전국축제일정
이천 수요미식회: 임금님 쌀밥집
[국내여행지] 스키장 정보 공유해요!
추천 국내 온천여행지에서 추운 겨울 뜨끈하게 녹이기... 
서울근교 온천 좋은곳 이천 테르메덴 전국 유명 온천 여행 소개
전국 스키장 개장 예정일과 요금정리표 [ 리프트권 / 장비렌탈비... 
양양 가볼만한곳 베스트 10
4월축제 : 2012년 4월 지역축제 인기 행사 여행지 추천
2010년 10월 지역 축제 정보 업데이트 입니다 ^^
"코로나 19 이후 경기도→서울 이동 감소, 도내 유동인구 증가"
아산 가볼만한곳 베스트 10 (나들이 가기 좋은 곳 추천)
[11월여행추천] 11월축제추천 / 11월 가볼만한곳
세종 가볼만한곳 베스트 10
제13회 이천쌀문화축제 -11월 축제정보
경기도 차박지 Best5
12월 추천관광지 리스트 -2-
크리스마스 낭만여행지 - from. Jamycar
경기도 광주 가볼만한곳 베스트 10 (수도권 근교 당일치기)
[특가 7/30~8/3]서울 근교 여행 추천 :: 이천 별빛정원 우주... 
경기도 이천 '인휴글램핑' 1박2일 가족여행 (ft. 분위기 좋은... 
7월 서울 근교 가볼만한곳 베스트 10 총정리!
9월 가볼만한 곳[가평 양떼 목장]
[DATA] 울산/세종/경기/강원 산후조리원 현황 #추천산후조리원
가을여행 농촌체험 우무실마을에 다녀왔어요~~
추울때 놀러갈만한 곳&amp;이색데이트 장소 추천! 노천온천... 
4월 가볼만한 축제
"[화정피부과] 5월에 가볼만한 여행지, 경기도 주말나들이 추천"
"2019 가을여행주간! '취향 저격, 가을여행' 여기 어때?"
머물고 싶은 공간으로 탈바꿈한 휴게소 6곳
"안성맞춤박물관 - 경기도 아이와함께 가볼만한곳, 주말나들이추천"
당일치기로 봄나들이 갈 만한 곳
대중교통으로 가기 좋은 서울 근교 온천 3선
온 몸이 뜨끈뜨끈! 겨울에 가기 좋은 국내 온천 여행 명소 BEST
이천 산수유 열매축제  빨간 열매가 가득한  산수유 마을풍경 !
이천 가볼만한곳 두산베어스파크&amp; LG 트윈스 챔피언스파크
캠핑장 가볼만한곳 알아보기 (경기도편) 2탄
의성 화전리 숲실마을 산수유
국내 온천여행 추천 장소
당일치기 이천 시티투어(신규 코스 연계 체험)
"고양시 일산 킨텐스 - 서울에서 가는 방법 총정리, 경기도... "
"[경기IN] [여행] 경기관광공사 추천, 한가위 가볼만한 곳!"
"배럴 여주 375st 아울렛, 롯데 프리미엄 아울렛 이천점으로... "
지금 떠날 수 있는 국내의 특별한 호텔 9곳(호캉스)
"찾아라맛있는TV,수지스,브런치전문식당,에그베네딕트,오믈렛... "
부모님과 여행하기 3탄(가족여행) ; 5월 전국축제
봄꽃 개화시기&amp;이천 산수유마을
이천 테르메덴과 이천 숙소 호텔 더 클래스
겨울의 시작은 이천 시몬스 테라스점 크리스마스 트리에서..... 
경기관광공사가 추천하는 슬로우 여행지입니다
겨울이라 더 즐거운 이천 테르메덴 풀앤스파 야외 온천욕... 
5월 여행하기 좋은곳
이천 여행 가볼 만한 곳 추천: 밤에 더 예쁜 별빛정원 우주
걷기 자료
관광공사 추천 12월 가볼 만한 곳 6곳
봄 비 촉촉 머금은 이천 산수유 마을 노랑 산수유꽃... 
Weekly Logistics News Letter Vol.603(10/2)
서울근교 가을여행 덕평공룡수목원
수도권에서 커플끼리 1박2일여행 필독서
서울 근교 여행 :D 나들이하기 좋은 이천 설봉공원!
이천 에덴 파라다이스 호텔에서 겨울 여행 서울 근교 호캉스
부산2박3일 가족여행기
[ 03 - 09 - 247 ] 이천 원적산
민주주의에 대해 이천이 이야기하는 것
경기도 이천 맛집::이천돌솥밥_밥이 맛있는 가성비 좋은 한상차림
[가맹점소식] 문화누리카드 11월 신규 가맹점 소식(2022.... 
"이재명, '황교익' 넘으니 이번엔 '쿠팡 화재 때 먹방' 논란"
"이천 가볼만한곳, 우리가 잘 몰랐던 이천의 매력 대공개!"
4월 경기도지역축제 : 2012년... 인천 축제 행사여행지 추천
서울근교여행 이천세라피아 도자비엔날레 특별전
1월 가볼만한 여행지. 일몰일출명소. 겨울 눈산행지. 가볼만한... 
경기도 이천 아이와 가볼만한곳 덕평공룡수목원
"/경기 이천 여주 /쌀문화축제... 지역축제활성화,여행지... "
황금돼지섬 ‘돝섬’ 한국관광공사 ‘1월의 가볼만한 곳’ 선정
2018년 5월. 가족과 함께하는 여행. 한국관광공사  추천.... 
두부 만들고 강아지와 뛰어 논다? 전국 이색 휴게소 BEST8
[경기/여주] 여주곤충박물관 &amp; 근처 맛집 대신식당
"9월 03~08일 연예인방송스케쥴, 공연정보, 행사정보, 축제정보... "
"[Fun&amp;Joy] 겨울방학, 아이들과 함께 떠나기 좋은 겨울 축제 추천!"
[울진여행] 경북 울진 산수유꽃 - 길에서 우연히 만난 노오란... 
서울 근교 가볼만한 곳 서울근교 여행지 150여곳 모음
"만천하 스카이워크, 단양여행 추천 관광지"
"방방곡곡 놀러가자, 가을여행주간 ‘여행이 있어 특별한 보통날’"
[1박2일 여행지 추천]1박2일 여행지-200여 곳 모음
#전국봄꽃여행 40선
"국내유명온천 이천 미란다호텔 스파플러스, 서울근교 당일치기... "
체험ㅣ돼지의 모든 것이 여기 있어요. &lt;이천 돼지박물관&gt;
2023년 가장 가고 싶은 골프장 순위 TOP10
주말 여행 어디로 갈까~
덕평자연휴게소♥
따끈따끈 몸을 풀어주는 국내 겨울 온천 여행지
경기도 가볼만한곳을 코스별로 100여코스를 정리한
전국봄꽃축제
5월 가볼만한 곳. 한국관광공사
백문이 불여일견! 5월 나들이로 아이와 함께 체험학습... 
[211225-경기 이천] 겨울이 더 좋은 이천의 여행 명소... 
"아이와 가려면 여기로, 국내 온천여행지!"
아이들또는 연인과 함께 가볼만한곳~^^
경기도. 제주도. 부산.  9월 출사지 추천. 전국축제일정
스키장정보...설원을 느끼며 스포츠를....
봄날요양병원추천 2021년 6월 10일 오늘의 HOT50 뉴스... 
한국관광공사 추천 가볼만한 곳 100선
국내 가족온천탕 이천 테르메덴 어른아이 모두 만족
"[책한권]반나절이면 충분한 여행지200, 반나절 주말여행... "
장호원청소년수련원 - 청소년의 심신 수련활동 공간을... 
최인엽의칠순기념사진전시회
매화 축제 일정 및 봄꽃 축제 하는곳 총모음
2022 스키장 개장 2023 스키장 개장일 언제일까
축제가볼만한곳 2013년9월 축제일정 전국 244곳모음
"[스마트한 국내여행] 봄꽃 축제 총정리, 주말나들이 장소 추천"
반나절 주말여행(2020-2021개정판)
쇼핑하라 경기도! 찾아가는 경기관광박람회 @부산 벡스코
식객허영만의백반기행 이천 한방닭 누룽지백숙 위치 :: 리폿안
[반려견 여행/경기/이천] 덕평자연휴게소 - 설봉공원 - 사기막골... 
[소루여행.2] 이천 여행_1박 2일_에덴파라다이스호텔... 
9월가볼만한곳 장호원 복숭아 축제에서 놀자
이천도자기마을 - 한국 전통도예의 중심지
여행주간 가을여행 혼자여행 가족여행 친구여행 커플여행... 
10월 가볼만한 곳. 한국관광공사. 통영 거제도 제주도여행... 
경강선 코스...내면의 평화를 찾아
* J여동^^ 2018 - 15차 (合281차) 오키나와 X-Mas(4일에 1... 
경기도여행은 경기관광박람회에서! 부산 벡스코로 레고~
이천 테르메덴 할인받아서 다녀온 리얼 후기(+꿀팁 및 가격 등... 
2015년 봄에 가볼만한 여행지와 축제 장소
에어로케이(AeroK)항공과 청주공항 접근성 이야기
이천 당일여행코스 이천시티투어 타보니~
[이천] 돼지박물관
11월 축제 일정 : 11월 전국 축제 행사 가볼만한 여행지
설봉문화제 - 전통문화 계승과 시민화합을 위한 각종 행사의 개최
소중한 사람과 함께하면 좋은 수도권 여행지
근교 여행지
경기도 이천 가볼만한곳- 설봉공원 이천도자기축제(가을축제)
이천쌀축제 - 이천쌀을 주제로 한 각종 행사가 개최되는 축제
겨울은 이천에서 즐기세요!
겨울에 딱! 감성 가득 커플 온천 여행 추천 (Feat. I'm JOYFUL)
경기도 11월 축제 : 2013 인천 수도권 인기 행사 여행지 추천
이천 백사 산수유꽃축제에서 황금빛 봄의 전령사를 만나보세요
수원 키즈카페 추천 : 이천 플레이즈 파크! 아이들이 밤새... 
국내여행)가볼만한 곳(관광지) 리스트 /전국지역별/여행형태... 
천지일보에서 소개한 가을 테마 여행지의 이색 축제 현장
겨울방학 체험학습 / 경기관광공사 추천하는 12월 가볼만한... 
이천공설시장 :: 서울 및 인근 도시에서 온천욕을 즐기고 찾을... 
국내여행 100선
[경기도 안산시] 경기축산한마당축제 / 경기도축산진흥대회... 
"이천 테르메덴 나이트스파, 찜질방까지 리뉴얼로 더 좋아짐!!"
덕평힐뷰컨트리클럽 :: 천혜의 자연경관을 그대로 살린 곳
J여동^^ 2012 - 특별 3차 (合171차) 몰디브 특별여행(7/24... 
이천설봉산성 - 이천의 역사와 맥을 같이 하는 성터
여름에 가볼만한곳 워터파크 7군데 소개!
청목 :: 잔칫집의 후한 인심처럼 푸근한 사랑과 정을 느끼게... 
11월에 가볼만한여행지 모음 11월 축제일정 행사정보 180곳
[일본 큐슈여행]10월22일~25일(3박4일)/후쿠오카.아소... 
가을 여행
관광공사 추천 12월 가볼만한 곳[下]
경기도 봄나들이 가볼만한곳 벚꽃명소 6곳
성수기 살짝 피한 센스 있는 9월 여행
"쉬고, 먹고, 즐기는 휴게소 여행이 대세"
경기도 봄축제 2014 : 인기... 근교 봄나들이 봄꽃여행지 추천
2월 가볼만한곳 2014년 2월축제가볼만한곳 125곳 모음
이천 산수유 마을
지산포레스트 리조트 스키장 :: 가족 중심의 유럽풍 스키장
이천자석리석불입상 - 고려시대후반의 불상양식을 잘 보여주는... 
한국관광공사 추천 '12월의 가볼만한곳' - 4색 온천
수도권에서 부모님과 아이들이 1박2일 여행하는 7인~8인 가족... 
축제가볼만한곳 2013년 11월 축제하는곳 180곳 모음
호텔미란다 :: 온천의 도시 이천에 자리잡은 '호텔 미란다'
한국관광공사 2019년 1월 추천 가볼 만한 곳
"[경기] 마지막 겨울 온천에서 뜨끈하게 즐기기, 이천 테르메덴"
5월 전국 축제
"경기도 아이들과 가볼만한곳 , 이천 도드람 테마파크!"
이천테르메덴 숙소 카라반 한옥 온천 후기 모아보기
아이랑 단양여행 다누리아쿠아리움 민물고기생태관
이천예스파크
잊지 못할 봄 여행지 12 곳-주부 여행 마니아들이 추천
지역 축제 일정 : 인기 지역 축제 행사 여행지 추천
4월 축제 일정  확인하고 축제 즐기자!
가족체험여행
반나절 주말여행지
이벤트 41개
"실속휴가지, 한국에 이런 곳도 있었네!"
9월축제 : 2015년 전국 수도권 지역 가을 행사 여행지 추천
대한민국 완전정복 가이드북
대전 근교 가볼만한 곳 경기도 이천 돼지박물관
AHNISWELL
이천 롯데 프리미엄 아울렛에서 쇼핑과 먹거리를 즐겨 보세요.
CJ Weekly Logistics News Letter Vol.423(2/15)
봄 여행지 12(여행 마니아추천 : 우체국 제공)
전국의 가볼 만한 드라이브 코스
[전시] 피서避暑: 더위를 피하는 방법
여름휴가 떠나기 좋은 농촌여행마을 5선
경기도 여름휴가지 경기누리맵 이용하기
생생정보 승마장 위치 경기도 이천 아이들 승마체험장
"경기 이천… 전통과 현대의 공존, 아름다움을 빚다"
전원주택 원두막 경상북도 영주군 설치 사례입니다.
이천 백사산수유꽃축제 2019-3월 봄축제 주차장과 셔틀버스... 
CJ Weekly Logistics News Letter Vol.447 (8/2)
[몰디브]
아는형님 베트남 촬영지 식당 숙소 강호동 나이 키 학력 아내... 
대한민국 입동시기 알림소식들
이천 여행자를 위한 안내서
전국 7월 축제 일정표 2019
한국의 온천(溫泉 SPA) _한국온천협회
[겨울여행/온천의효능]경기도 온천여행지 추천~!
이천 예비부부들을 위한 웨딩박람회
생생정보통 살얼음 물회 독도새우빵 장사의신 리조트 풀빌라... 
대한민국이야기♡20230922♧
여친 까톡에 패닉 빠진 당신에게
[정보] ▶K-ways WIDE 1월 정기 업데이트(v1.8.61) 풀버젼... 
아이들과 반나절 주말여행 갈 만한 곳
[주말 여행] 경기 이천에서 만난 최고의 가을
펜션은 지금 ‘테마’로 통한다
봄꽃축제 개화시기와 캠핑장추천
"봄꽃명소, 봄나들이 명소를 소개해 드릴게요! 노오란 봄을... "
10월 여행. 가볼만한 곳. 꽃무릇. 핑크뮬리. 가을단풍명소.... 
[경기도축제]제8회 경기세계도자비엔날레 개막 안내 5월축제
막내려...경기도 성남시 수정구여성합창단 대상 수상/인하대... 
Wanderlife_SORTIE
이천 체험문화축제 ‘합격점’
시니어 정보 &quot;여행&quot; 안내
봄시즌 비대면 안심관광지
삼천마블 경제감각 (230530)
호텔서울 :: 호텔 서울
서울에서 반나절이면 충분한 여행지 200
라이프TV :: 3월 제주 여행지 섭지코지 4월 제주ㅍ여행지... 
모바일 온누리상품권 사용처! &lt;이천 예스파크 도자예술마을&gt;
코로나바이러스감염증-19 국내 발생 현황 (2021-01-16... 
주말 여가시간 즐기기 7계명
여름철 당뇨병 관리
온천 여행
경기도 인근 박물관 탐방
