"안양유원지, 안양예술공원 당일치기 서울근교여행지 주차장"
서울 종로 3가에서 경기도 안양시 호계동까지 택시 운행... 
[ 경기 남부 소식 ] 8월 5주... 안산시 안양시 용인시 의왕시... 
경기도여행지추천 안양드라이브 가볼만한곳 안양천벚꽃보고... 
안양연화_ 유유산업 공장을 리모델링한 경기도 안양 실내 여행지
"안양시의 ‘안양’이라는... (安養寺), 경기도 가볼만한... "
2023.11우리동네 인덕원 신상술집 혼술 가능한 오뎅바 2차로... 
2023.11우리동네 안양 장어 맛집 비산동 음식문화특화거리... 
[경기 안양 읍천리382 안양점] 도심속 레트로한 감성카페에서... 
나만 알고싶은 서울근교 여행지 병목안시민공원
가을 여행지 추천 - 안양  가볼만한 곳 병목안시민공원
경기도 국내 여름 여행지 추천
2023.11우리동네 인덕원  데이트 파스타 맛집 생일 파티 연말... 
경기도 안양 가볼만한곳 계곡  안양사 만안교 여름 여행지
국내 봄 여행지 추천 2019 봄꽃축제 70곳 전국 모음
"경기도 안양 계곡 가볼만한 곳, 삼막사 주차장 정보"
[강력추천] 경기도 당일치기... 즐기는 서울근교 무장애여행지 /
국내 인기 빙수 맛집 호박식혜빙수 망고빙수 모모상점 빙수 등... 
축제 일정 전국 213곳 모음 가볼만한곳 9월 국내 여행지 추천
[안양여권사진] 여권과 증명사진 한큐에 해결하기 수상한사진관
안양예술공원 주말 아이와 갈만한곳 안양 계곡 맛집 뽕잎사랑... 
안양예술공원 서울대 관악수목원_ 가을에 시범 개방하는 경기... 
평촌역 24시간 맛집 태기산더덕순대 평촌직영점
생생정보 함께떠나요 모두가 편안하게 즐기는 여행지 생생현장
서울 수도권 4월에 꼭 가봐야할 봄 여행지 여기는 어때?
안양시 석수동 카페/안양예술공원 삼성천... 
경기도 당일치기 나들이 BEST6... 무장애여행지 /[강력추천]
[범계 핫플] 카페 버터비버 범계 테라스있는 유럽감성 힙한 카페
안양 범계역 데이트 맛집 분위기 좋은 중식 호랑이선생
[안양여행] 망해암_경기도 안양시 전통사찰 (원효성지 순례)
수원 근교 나들이 안양 가볼만한곳 안양 데이트 놀거리 브라운... 
“경기도 최고의 일몰 명소에요!”...안양시민이 인정한... 
생생정보 모두가 편안하게 즐기는 여행지 용인농촌테마파크... 
안양예술공원_ 볼거리 카페 맛집 가득한 서울 근교 경기도... 
[삐약이네 맛집]범계 브런치 먹기 좋은 카페이지만 저녁... 
"모두가 편안하게 즐기는 여행지 농촌테마파크, 수원 화성, 광명... "
안양웨딩박람회 안양스드메 혜택 및 안양웨딩홀추천 12월 일정... 
태국에 갔다왔슴다.. 태국 현지 느낌 뿜뿜 범계 쌀국수 타이반쩜
[삐약이네 맛집]이태리 화덕피자가 맛있는 안양역맛집... 
안양 여행 코스 중앙시장 삼덕공원 댕리단길 뚜벅이 데이트
"웨딩박람회 일정 수원,동탄,안양,광명 모음zip"
"12월 천안 웨딩박람회 일정 다른 지역별로 (수원, 화성, 안양)"
[범계] 감탄계숯불치킨 안양 범계점/숯불치킨/범계역 술집
"안양 간식 맛집 리스트 _ 도너츠, 샌드위치, 페스츄리, 토스트... "
경기도 안양시 맛집 평촌역 커피 로스터리 커피전문점 커피볶는... 
[경기 안양] 호계동/범계역 스프카레는 여기! 닭요리 전문점... 
내돈내산 [경기 의왕 백운호수 청계누룽지백숙] 31개월아가랑... 
[생활정보] 당일치기도 OK! 물놀이하기 좋은 8월 여행지 추천
"딸기사냥꾼의 국수 여행, 안양 중앙시장 맛집 버섯칼국수... "
범계 고기집 하남돼지집 불판 메뉴 오겹살 생갈비
"서울근교계곡 물놀이 가볼만한곳 삼막사계곡 - 주차장,대중교통... "
국내 여행지 추천! 겨울 스포츠 종류별로 즐기자
[안양여행] 삼막사_경기도 안양시 전통사찰 (원효성지 순례)
훗카이도 카이센동 전문점 평촌일식집 &lt;모리코무&gt; 풍성한... 
"안양예술공원 카페, 초록 나무 물소리 파스쿠찌 한적한 시간"
"45+ 모임 앱 오이의 서울, 경기, 대전, 광주, 부산, 울산... "
안양 취미미술클래스_그린어리 그림공방
가평 가볼만한곳 여행코스 여행지 58곳 가평펜션 589곳 모음
"[삐약이네 맛집]평촌 중앙공원, 평촌 중공핫플 고깃집 세경상가... "
"범계 맛집 : 뽁식당, 파스타 맛집, 소개팅 맛집, 애견동반 식당"
서울근교 안양 아이와 가볼만한곳 피크닉 공원 드라이브... 
안양 호계동정육점 포도원푸줏간 신선하고 맛있어요!
블랙푸드 까치버섯 철판조개짬뽕 여행지 바로 확인
[우리 동네 공간 이야기] 건축거장의 공간에 놀러오세요! 세월의... 
범계역 횟집 이자카야 맛있는 회에 한잔 마케집
[생생현장] &lt;함께 떠나요! 모두가 편안하게 즐기는 여행지&gt;
서울근교 갈만한곳 당일치기 여행하기 좋은 안양
안양당일치기여행 볼거리 가득 안양예술공원 스탬프투어
울릉도 가는법:: 묵호항 출발 울릉도 배편 예약 (+배 할인받는... 
경기도 안양시 주말 나들이 갈만한곳 수원화성-평생학습관
"[삐약이네 맛집]평촌학원가 초밥맛집, 알차고 맛있는 초밥세트... "
평범한 병원생활 속 행복찾기
병목안캠핑장 :: 서울근교 경기도 안양 캠핑장 글램핑 (A-C 구역... 
제주도를 옮겨놓은것 같은 핫플  안양 일번가 술집 탐라포차... 
미국여행 프로모션 소식 노스페이스 미국관광청과 떠나는 여행
안양 가볼만한곳 서울근교계곡 경기도 계곡 안양 삼막사계곡
MBC드라마 오늘도사랑스럽개 촬영지 서울 일산 안양 진주 문경... 
"서울 근교 당일치기 여행지 안양계곡, 만안교, 안양천... "
[TV속 정보]22년 9월 30일 (금) 2TV생생정보... 
2TV 저녁 생생정보 고수의부엌 철판조개짬뽕
서울근교계곡맛집 안양유원지에 위치한 '폭포수식당' 발담구고... 
sbs생방송투데이오늘방송맛집여행지?... 
범계이자카야 도쿄시장 연어초밥 가성비 안주맛집
서울근교 여행지 계곡 추천 가 볼만한 곳
안양일번가 술집 안양 술집 하노이맥주밤거리 과일하이볼 찐맛집
서울 근교 계곡 물놀이 진관사계곡 경기도 용인 고기리계곡... 
안양벽화마을;박달동호현마을(경기도여행지추천 가볼만한곳)
"계곡에서 쉬기 좋은 안양 가볼만한곳 안양예술공원, 안양유원지"
안양카페 평촌학원가 평촌카페임당
"공원 데이트,남자친구와 봄 나들이 하러 찾은 이색적인 야외... "
여행지 - 5월 사진촬영지 [촬영지소개/봄사진여행/5월여행지... 
[국내 여름 휴가지 / 여행지 추천] [경기도 계곡 7곳 추천]
범계역미용실 :: 리소헤어범계롯데점에서 염색받고 왔어요 :D
"경기 가볼만한곳, 1박2일 여행코스!"
여름 도심 속 계곡 여행 - 안양 삼막사 계곡
"[서울인근계곡:우이동계곡,관악산계곡] 서울 인근 여행지... "
[평촌 키즈카페] 테마가있는 키즈방탈출 키즈인더룸평촌점
안양 여행지 총정리_22선
화성 월문온천 당일치기여행의 첫 출발지는 안양 호계동... 
코로나19 확산 방지를 위해 온 힘을 모아주세요. 코로나19... 
2023년 4월 [경기 의왕 갈미한글공원놀이터 마술쇼]... 
"서울 근교 좋은 여행지, 남한산성입구~지화문(남문) 등산코스"
국내커플여행지 경기도 남양주종합촬영소 영화세트장
경기도 안양 데이트 놀거리 볼거리 코스
"가볼만한 여행지, 9월 전국축제일정표, 9월 국내여행지 추천... "
서울근교 실내실외 놀거리 데이트 장소로 유명했던 TOP 3추천!
장마 끝! 가까워서 좋은 서울 근교 계곡 추천드려요
[경기도 여행지] 안양을 대표하는 특별한 공원들
"벽화, 벽을 말하다 안양시 창박골 버스종점 새단장, &quot;수리산... "
안양 동편마을 애견동반 테라스 브런치카페 라자냐 맛집... 
과천 놀거리 아이와 가볼만한곳 경기도 여행지 추천 베스트 10... 
[추천여행지] 홍반장과 블로그... 다시 가고 싶은 가족여행지
"[범계역 2번 출구] 포크너 범계점_명란 크림 파스타, 스테이크... "
"[평촌 민속전] 모듬전, 골뱅이무침, 잣막걸리 등!"
[안양 맛집/카페] 그레이스 가든
범계 치킨 맛집 술 한잔하기 좋은 범계역 술집 감탄계 숯불치킨... 
안양 가볼만한곳 베스트10 추천해요
만안구 맛집 추천 BEST 10곳
2018년 1월 4주 경기 남부 소식... 안산시 안양시 의왕시 하남시
[ 경기 남부 소식 ] 8월 4주... 안산시 안양시 용인시 의왕시... 
전국유명 여행지 100선
안양예술공원 닭백숙 맛집 계곡 수영장 단체회식 전문 식당... 
호계동술집ㅣ아지트 삼고픈 유럽감성 와인바 '크리스펍... 
"꿈을 만드는 체험여행지소개 - 인천, 강원, 경기권"
경기 가볼만한 곳 : 안양... 주말나들이. 국내여행지. 등산지도코스.
뽁식당 범계 맛집 솔직 후기 남겨요
안양의 봄을 여행하다! feat.안양천과 병목안시민공원
안양 가볼만한곳 여름 물놀이하기 좋은 안양예술공원
"수도권 아이랑 함께 가볼만한곳 추천, 안양천생태이야기관... "
경기도 당일치기 나들이 여행 가볼만한 곳
군포 놀거리 아이와 가볼만한곳 관광 명소 경기도 여행지 추천... 
전국 여행지 목록
[충청신문 주말여행] 경기 가볼만한 곳은? 안양춤축제... 
안양중앙시장 맛집 곱창골목 노란꽃돼지집 순대곱창볶음... 
[오늘의 여행 소식] 23.08.26 수학여행 줄취소 면했다…경찰청... 
&lt;강원/정선선철도&gt;정선선....그리고 그 주변의 모습들....&lt;上... 
"# 삼성산, 삼막사 여행 - 2013년 10월"
경기관광공사 추천~ 경기도 가을소풍 가볼만한곳 (1)
[안양 덕천/메가트리아 맛집] 안양 닭갈비 &amp; 닭특수부위 전문점!... 
생생정보 철판조개짬뽕 고수의부엌 화끈한불맛 철판조개짬뽕... 
광명 놀거리 아이와 가볼만한곳 관광 명소 경기도 여행지 추천... 
경기도 안양시 삼막사계곡 계곡 - 달콤한여행
안양 애견동반 가볼만한 곳 / 안양천 옆 붕어빵파는 힙한 신상... 
우리나라 여행지
서울근교당일치기 안양여행  안양계곡 안양 유원지 봉암식당... 
[ 경기 남부 소식 ] 9월 3주... 안산시 안양시 용인시 의왕시... 
2018년 1월 3주 경기 남부 소식... 안산시 안양시 의왕시 하남시
"주부 여행 블로거&amp;작가를 꿈꾼다면? [part 1,2]"
경기 광역버스 8906번을 타고 갈 수 있는 여행지들을... 
서울 근교 가볼만한곳 안양 예술공원 스탬프투어 놀거리
전국 8경 및 명승고적 그리고 가볼만한 추천 여행지...
인덕원횟집 팔도어시장 인덕원맛집 대방어
[안양호텔] 어반부티크호텔 인덕원역 호캉스 트윈룸 후기
"어디가고 싶니? 쥬시니가 알려주는 카토비체 여행지,맛집 콕콕!"
의왕 가볼만한곳 베스트10 추천 경기도 여행지
안양여행 안양동편마을카페거리 즐겨요
"기념일 맞이 행복한 여행 , 세번째 스토리 '◡' 안양 맛집 추천... "
경기도 과천 가볼만한곳 베스트10 여행지 추천
"특별한 기념일 맞이 여행 , 세번째 이야기 ෆ˙ᵕ˙ෆ 안양... "
"[3월 여행지] 서울근교 데이트, 벚꽃 명소 추천 BEST4"
졸작 피로가 풀리는 안양마사지 푸켓마사지
생생정보통 화끈한 불맛 철판조개짬뽕 고수의 부엌... 
[충청신문 주말여행] 경기 가볼만한 곳은? 부천 소사복숭아축제... 
안양 태국음식 | 점심에도 가기 좋은 범계 쌀국수 맛집 타이반쩜
경기 &gt; 0819_오산시
"[ 안양 범계 | 이자카야 비루야 ] 여기 핫플 잠복기인 듯, 웨이팅... "
크리스천결혼준비의 모든 것 - 동콩커플 (2023년 봄 ver.)
안양천 생태이야기관 5살 아이랑 갈만한 곳
#호랑이와 관련된 경기도 힐링 여행지 4곳
부동산서적(따라 하면 무조건 돈 버는 부동산 1인 법인 투자의... 
과천 가볼만한곳 베스트 10 총정리! (ft. 경기도 여행지 추천)
생생정보 고수의부엌 철판조개짬뽕 우리캠핑왔어요 춘천 감성... 
합리적인 안양 맛집 한근집 l 한우암소구이 전문점
안양 인덕원역 관양동 신상 애견동반카페 [두프트 Duft] 원두... 
정조대왕능행차 공동재현 2023 가장 성대했던 왕의 행차가... 
여행장소추천 _경기 수리산 수암봉 일출산행 후기(2021.10.03)
경기 안양 : 망해암
2TV 생생정보 9월26일부터 9월30일 촬영지 등 방송정보... 
베러먼데이 안양범계로데오점 : 가격 착한 안양카페 w.... 
안양웨딩박람회 6월 롯데백화점 평촌점 혜택/선물 등 정리
안양 평촌중앙공원 앞 신상 애견동반 카페 [라운지피톤]... 
본식염색/ 허뮤즈헤어
카메라등이용촬영죄 초범 혐의 억울하시다면
안양유원지 맛집 황제백숙 데이트!
"[평촌꽃집/그로잉] 특별한 날을 기억하기 좋은 방법, 꽃 선물하기!"
반나절 주말여행 반나절이면 충분한 여행지 200
국내 여행지 베스트 경기도권 광주 양주 안산 광명 군포 포천
"수원,일산,분당,안양,평택등 경기 소셜커머스 05월 30일... "
에릭자비츠 ERIC JAVITS 롯데백화점 평촌점 매장 오픈... 
안양중고폰 아이폰13 매입 판매 잘해줬어요
안양 회센터 이런 곳이 있었다니
[추천여행지] 주말에 가볼 만한 곳 모두 모여라!!!  아이들이... 
"EP.6 나의 리틀포레스트   /고기 없인 못 살아, 외갓집... "
생생정보 이색빙수 산더미빙수 수박실타래빙수 화분빙수 위치... 
안양 가구 추천 대규모 쇼룸 일룸 안양점 방문후기
[2TV생생정보1649회]9월30일 촬영지어디/용인농촌테마파크... 
생생정보 보양UP 입맛UP 소고기수육전골 신라면옥 본점... 
김밥 마는 엄마 생생정보 엄마는 슈퍼우먼 안양 시장 1500원... 
안양 평촌 쿠시카츠 쿠마 : 일본 여행 간 기분
경기도에서 소개하는 힐링 여행 겨울 관광지/허브아일랜드... 
"9월 여행지로 관악산둘레길,관악산연주대코스로 관악산정상... "
평촌역카페 카페로스터스 다녀온 추천후기
서울근교계곡 추천 BEST5
광명 이케아 맛집 오스테리아지노 스테이크가 고급진 석수동... 
[인덕원맛집] 가성비좋은 베이징덕 맛집 북경오리화덕구이
방향 : 대중교통요금 및 이동장애인을 중심으로 [경기연구원 연구]
광명은 빛을 품은 도시이다
[2TV 생생정보 1649회] 9월 30일 금요일 취재 연락처
아내의맛 이수영 회장 꽃 선물 꽃집 위치 남편 김장홍 선물... 
"경기도에서 찾은 2015년 해돋이 명소, 해넘이 명소 6곳"
서울 근교 가볼만한곳  안양 눈썰매장. 안양예술공원. 백운호수... 
2TV 생생정보 철판조개짬뽕 황강짬뽕 위치 가격 + 우리 캠핑... 
안양카페 감성적인 분위기 카페 굿웨더
경기도 계곡 추천 8-서울 근교 여름에 가볼만한곳(백운계곡.... 
안양헬스장 원짐 안양PT 잘 하는 곳
경기 &gt; 0823_이천시
범계 카페 보메비체 잔잔하고 도시적인 데이트코스로 추천!
"안양 명소 만안교(안양구경), 전철 타고 떠나는 역사 여행"
경기 &gt; 0820_용인시
생생정보 안양 두툼 양념 스테이크 청춘시대 식당 위치... 
아내의맛 이수영 회장 뷰 맛집 데이트 안양 스카이라운지... 
"생생정보 인생 역전의 맛 가마솥 토종닭백숙 수영장, 참나물전... "
파주 1박 2일 여행코스 추천 7곳! (ft. 경기도 여행지)
워터파크 사이트 모음
경기 &gt; 0828_화성시
한국관광공사가 선정한 국내 언택트 여행지 100 곳... 
빈털터리에서 인생 역전의 맛 안양 곰탕 수육 위치 생생정보... 
[울릉도여행준비] 1. 배 편 예약하는 방법(할인받는 법)
[22년03월19일 - 08시]  실시간 검색 순위
서울 근교 여행 단풍명소 서울대학교 관악수목원 가을철 시범... 
경기도의 새로운 랜드마크! 안양새물공원을 소개합니다
안양여행지로 안양온천을 찾아보고 예술공원을 산책해보자
[22년04월06일 - 03시]  실시간 검색 순위
[22년04월06일 - 02시]  실시간 검색 순위
어린이날  가족과 함께 그릭샌드위치 세트
◈경기도볼거리 안양여행지&amp;가볼만한곳 추천
안양지역 5월 가족 외식 장소 추천
범계맛집 : 분위기 좋은 투파인드피터 범계역맛집 평촌맛집... 
[경기안양] 조선후기의 대표적인 홍예석교  만안교
[22년03월19일 - 08시]  실시간 검색 순위
생생정보 안양 꽃게탕 꽃게요리 전설의맛 국물맛열전 식당... 
"강릉 2박3일 여행기_1일차:) 동해막국수, 사천해변, 아들바위... "
호계동맛집 남촌칼국수에서 시원하게
[가맹점소식] 2023년 3월 문화누리카드 신규/추천가맹점
&quot; 안양시 평촌동 중앙공원 -&gt; 의왕시 백운호수 - 경기서포터즈... 
[22년04월06일 - 05시]  실시간 검색 순위
경기 &gt; 0830_양평군
경기 &gt; 0827_하남시
경기 &gt; 0822_의정부시
"생생정보 통뼈 소갈비, 차돌박이삼합 파는곳 고수의 부엌 안양... "
안양 해장국 맛집 깔끔시원한 가마솥 국밥이 심쿵 평촌학원가... 
서울근교 가볼만한곳 시원한 계곡 물놀이장
경기 &gt; 0821_의왕시
안양천  안양천벚나무길 고척스카이돔 / 서울여행지추천
[22년03월29일 - 14시]  실시간 검색 순위
경기 &gt; 0817_양주시
COO COFFEE 쿠 커피 :: 안양예술공원 계곡 옆 카페 뷰가... 
특집]시원한 계곡물에 발 담그고 싶다! 서울·경기 여름 계곡 10선
"범계 네일 노브살롱, 2020 여름네일아트 (그라데이션빅스톤)"
경기 &gt; 0824_파주시
[여행지추천]웍앤톡 대치동... 여름휴가 여행지추천_계곡편... 
[22년03월29일 - 16시]  실시간 검색 순위
"[시사조선]자유선진당  1차 지역구 공천신청 마감 결과, 32명... "
경기 &gt; 0818_여주시
"과천시~안양시, 열여덟째날 (8월 25일 목요일)"
"[안양] 카페엣홈 :: 평촌학원가 끝자락 조용한 카페, 융필터... "
여름 여행지 베스트 50 (국내)
[문화누리]2023년 3월 문화누리카드 신규/추천가맹점
[DATA] 울산/세종/경기/강원 산후조리원 현황 #추천산후조리원
"HDC현산, 총 공사비 4174억 규모 관양현대 재건축 수주"
경기 &gt; 0825_평택시
서울 &amp; 경기도 가볼 만한 사찰 — nambaONE &amp; NA1 Story
[22년03월29일 - 13시]  실시간 검색 순위
가볼만한 자전거 여행지 추천! 떠나기 전 알아두어야 할 수칙
국내 가을 여행지 등산코스로 단풍여행 떠나자!
[경기 안양] 야경과 뷰맛집! 서울근교 데이트추천 코스 망해암
명촌바지락칼국수 :: 안양 예술공원 저렴하고 푸짐한 두루치기... 
"제이티 기업정보 (반도체, 레이저 관련주)"
시흥 가볼만한곳 베스트10 추천 경기도 여행지
"무더운 여름의 피서지, 경기도 무료 영화관 소개!"
안양 어디까지 가봤니-호현마을 동동길.
수산물 물가실태조사 수행기관으로 선정됨에
독서의 계절 가을! 다양한 문화행사가 가득한 경기도 도서관
아름다운 길 100 選
범계 맛집은 로렌스308 범계직영점 엄지척입니다^^!
[경기안양] 안양8경
[사회적경제] 5월 2주 사회적경제&amp;정부지원사업 소식
괌에코웨이브 展@롯데갤러리안양점 시즌4
여행장소추천 _만추의 수리산에서 떠나가는 가을을... 
토마호크돈까스맛집 유미카츠 범계점 손으로 들고 뜯는 그 맛
[트래블투데이] '건강한 시민'이 함께하는 '따뜻한 안양'
[가맹점소식] 문화누리카드 11월 신규 가맹점 소식(2022.... 
"안양호텔추천, 안양호텔 이루다에서 거품목욕하며 호캉스!"
안양천 조망을 가진 고급스런 인테리어 안양신축빌라 3룸
서울 근교계곡 물놀이하기 좋은 경기도 계곡추천
"고양시 일산 킨텐스 - 서울에서 가는 방법 총정리, 경기도... "
인덕원양꼬치 못드시는 분 구어봐양꼬치에서 입맛을살릴수... 
[딴지일보 기사 백업]-[국제]홍석동 납치 사건 – 내 아들을... 
5월 여행지추천 5월 축제하는곳 175곳 모음 5월 축제가볼만한곳
서울 근교 나들이 - 안양 여행 추천 코스!
걷기 자료
"(2월가볼만한곳,2월에 가볼만한 여행지,2월 여행지 추천)"
"특별한 송년회특강, 신년회를 위한 이색강연/강의제안"
4월 경기도지역축제 : 2012년... 인천 축제 행사여행지 추천
2018. 4월 여행 가볼만한 곳. 한국관광공사. 전국축제일정
나도 웰빙하게 살아볼까
생생정보마당 서천 철판 쭈꾸미 볶음 집 대박의 기술
"날, 트래블아이가 추천하는 부부가 함께 떠나면 좋은 여행지!"
인덕원맛집 당산오돌 인덕원꼬들살 실크망고목살이 예술인... 
홈런왕 탁린이
'산행' 태그의 글 목록
여행지. 갈만한 곳. 4월 축제. 제주도 여행. 봄 소식. 진달래.... 
생방송오늘저녁 안양 연탄불 막창구이 식당 이름 위치 어디?
"경기 &gt; 0800_경기도(京畿道, Gyeonggi Province)"
4월 국내추천여행지 ::: 4월 경기도 가볼만한 곳
10월
"9월 17~22일 연예인방송, 공연, 대학축제스케쥴"
"안양 맛집 - 유 샹하이, 찹쌀탕수육이 맛있는 추천하고 싶은... "
경기도 재난 기본소득 신청방법 및 경기지역화폐 지역별 링크
"서울,경기"
휴가철 장거리 운전 전 꼭 알아야 할 자동차 점검 TIP
"과천시 블로그 공모전 - 관악산 여행기, 연주대와 과천향교 하산길"
[22년04월07일 - 19시]  실시간 검색 순위
안양예술공원 인근 벽화마을
안양 의왕 과천 2017 벚꽃축제..
"[경기도 캠핑장 추천]여름방학, 아이들과 즐거운 캠핑 꼬고~!!!"
해는 다시 떠오른다
"서울 근교 데이트할만한 곳들, 낭만 가득한 여름날"
국내여행안내사 자격증  면접 시험 후기
반갑다 파란 하늘…둘레길로 떠나는 봄맞이 여행-군포 수리산
설 명절! 안양사랑페이로 세뱃돈 OK
여행장소추천 _아직도 가을이 남아있었던 만추의 관악산... 
"[책한권]반나절이면 충분한 여행지200, 반나절 주말여행... "
펜션 여행지 숙박 콘도 호텔 해수욕장 리조트 래프팅... 
수입 자동차 폭스바겐 아우디 랜드로버 스마트 bmw 도요타... 
안양 데이트코스 추천하는 동편마을카페거리 살롱드안양 축제... 
춘천 육림고개
안양예술제 - 지역예술의 진흥과 예술인들의 창작의욕을... 
[경기도 안양/카페] 라운지 피톤 : 넓은 라운지가 눈에 띄는 범계... 
[2-1] [新택리지] 경기 연천군  +
부부가 함께 떠나면 애정이 솟아나는 여행지!
"제천시의회 이정임 시의원, 신종 코로나바이러스(우한폐렴)... "
[경기도 안양 범계 / 카페] 도시커피 : 범계에 있는 자리 많고... 
경기도 5월축제 (2013년) : 수도권 인기 행사 여행지 추천
[경기도 안양(범계)/ 고기] 삼돌박이 수라육간 (*웨이팅 꿀팁)... 
경기도 테마마을 살롱드안양 카페투어 동편마을 가을여행강추
안양중앙공원 - 가벼운 마음으로 나와 부담없이 휴식을 즐길수... 
경기도 6월축제 : 서울근교 수도권 6월 축제행사여행지 여름에... 
여행지 - 5월 사진촬영지 [촬영지소개/봄사진여행/5월여행지... 
하얀눈 :: 귀인동 「먹거리촌」복판에 있는 &quot;하얀눈&quot;
삼막사명부전 - 삼막사내에 위치한 명부전
경기도 봄축제 2014 : 인기... 근교 봄나들이 봄꽃여행지 추천
생칠장 - 생칠장
[31] 구도심 막걸릿집 하나가 부활신호 - 춘천 육림고개
안양중초사지삼층석탑 - 안양중초사지삼층석탑... 
반나절 주말여행(2020-2021개정판)
샹그릴라 :: 바닷가재 요리가 일품인 &quot;샹그릴라&quot;
[찰칵!] 해는 다시 떠오른다
지역 축제 일정 : 인기 지역 축제 행사 여행지 추천
[구로구 가리봉동 개봉동 오류동 금천구]가구정리 장농폐기... 
수원 굿모닝하우스에서 열리는 &lt;경기를 이야기하다&gt; 토크콘서트... 
6월축제 : 2014 서울 경기도 전국 인기 축제 행사 여행지 추천
여행장소추천 _아름다운 봄날의 한가운데 관악산 암릉산행... 
"경주,김해(2곳),창원,안양 꽈배기(황제) 입점(김해에서 만나요)"
안양 처음 여행 가이드
[정보] ▶K-ways WIDE 1월 정기 업데이트(v1.8.61) 풀버젼... 
신년기획1_우리지역 시민들에게 듣는 2016 새해소망_“소원을... 
관양동 맛집 발견 조군등갈비!
[영등포구 양화동 신길동 대림동 양천구]조형물폐기 각종폐기물
9월축제 : 2015년 전국 수도권 지역 가을 행사 여행지 추천
"[이동식목조주택]여수 싱글2 제작과정 및 설치,시공"
전국 무전 여행
4월의 여행지 벚꽃축제 일정 소개해드릴께요^^
대한민국 완전정복 가이드북
관악산 산림욕장 가는길...
주부 여행 블로거&amp;작가를 꿈꾼다면?
반나절 주말여행지
제주여행공작소 :: 서울근교 가볼만한곳 베스트10 나들이여행
주부 여행 블로거 &amp; 작가를 꿈꾼다면?[일산내일신문 맛집멋집]
삼성산 휴양림 가는길..
해는 다시 떠오른다
영상포토 뉴스-12월 3일 금요일
전원주택 원두막 경상북도 영주군 설치 사례입니다.
한국의 온천(溫泉 SPA) _한국온천협회
"공부도, 휴식도 똑똑하게! 고수 엄마들이 전하는 주말 활용 팁"
자유한국당 엄태영(전 제천시장) 2020 제21대 국회의원선거... 
안양가볼만한곳 당일치기 물놀이 안양중앙공원 아이랑갈만한곳
오늘의 주요이슈 요약 : 내일 새 거리두기 조정안 발표... 
★신디의 포트폴리오_ Portfolio★
광명 가볼만한곳 BEST 5 /    광명 여행(최신)
경기도 놀러갈만한곳 체험 볼거리 안양 데이트 가볼만한곳... 
6월축제 : 수도권 인천 경기도 서울근교 6월 축제 행사 여행지... 
"안성 서일농원 음식점, 솔리의 안성맞춤 청국장정식"
서울 인천 출장사진촬영 출장사진사 스냅촬영 출장사진... 
시니어 정보 &quot;여행&quot; 안내
서울에서 반나절이면 충분한 여행지 200
아이들과 반나절 주말여행 갈 만한 곳
안양 명학공원
앉아서 전국여행을 즐겨보세요
가든프라자 :: 가든 프라자
일백마블 지역감각 : 서울형 모아어린이집 올해 245곳... 
소렌토 :: 소렌토
평촌 중앙공원
kt금호렌터카 Giga Wi-Fi 지점 안내 및 함께 하면 좋은 추천 앱
경기도 인근 박물관 탐방
"한국관광 [경기] -  관광,여행,해외여행,국내여행,전세버스... "
"걷기좋은계절 가을, 단풍과 함께 이 가을을 만끽하기 좋은... "
바로바로 지역감각 배워보기 (221226)
우영우 드라마촬영지 수원/안양느티나무
안양가볼만한곳 서울근교계곡 안양예술공원 안양 물놀이계곡... 
경기연구원 교통카드 자료가 알려주는 대중교통이야기 2019-12
[올빼미족]달밤에 체조한다? 당연하지!
지역전략 올라타기 (221107)
영상포토 뉴스- 3월29일 금요일
바로바로 지역감각 배워보기 (221215)
인덕원참치집 은하수참치 신선하게 즐기는 수 코스
얹혀가는 여행 - 잡음 없는 동행을 위한 꼴불견 vs. 에티켓
함께하는 멋진 여행을 위한 짧은 생각^^-에티켓을 지키자!
델리커리 안양엔터식스점 안양역맛집 내맘대로 올려먹는... 
인천일수 부천일수 전 행운이였어요
수도권 전철 4호선 관광지 및 기관 소개
시흥 맛집 베스트 10 추천! (ft. 경기도 여행)
바로바로 지역감각 배워보기 (221208)
필리핀 마닐라여행/ 3박 4일의 구체적 일정계획 추천
"메타버스 서울, 올해 최고의 발명: 지역전략 올라타기 (221114)"
경기도 시흥시 폐기물처리 전문업체 황소 환경(소사개발)
커트헤어 오늘도 배우고 또 배울려구요
바로바로 지역감각 배워보기 (221206)
인천도시역사관 특별전 놀이터를 부탁해 : 지역전략... 
긴 연휴에 가볼 만한 가족 해외 여행지
"추석 고속도로 통행료 면제&amp;전국 관광지, 4대궁 무료개방!"
바로바로 지역감각 : 예산시 업그레이드 예산사랑상품권... 
웰빙
군포시 가볼만한곳 추천-군포 산본 의왕 아이와 가볼만한곳
서울먹거리창업센터 푸드 스타트업 성장 도우미... 
[경기] 길은 언제나 다른 곳으로 이어진다 : 안양 삼막사
"산어울림등산회 4월 2일, 솽시사 석리벚꽃길"
이건희 삼성그룹회장 별세! 이건희 주요연보! 삼성그룹... 
포천 칼국수 의외의 맛을 보여주는곳
[국내여행] 등린이라면 알아야하는 명산 국내명산 등산코스 추천!
강원도 속초시 영랑호 설화공원 공원 - 달콤한여행
서울 근교 계곡 / 경기도 계곡 갈만한 곳 TOP4(삼막사계곡... 
푸켓직항 선학원입니다.
핵심만 지역정보 (22.03.16)
제주 서귀포시 중문미로파크 테마공원 - 달콤한여행
경기도 남서부지역 지리 및 관광지(택시운전자격시험 경기도... 
"경기도 가족 나들이, 안성 서일농원에서 영화&lt;식객&gt;촬영지... "
"*안양 삼막 애견 공원, 강아지들의 놀이터"
얍(YAP)컴퍼니 주식/ 장외주식 최근소식
안양성남고속도로 이용해보니 정말 빠르네요!
"안양 벚꽃 … 여기, 여기!"
향후 8월 출사 공지사항
"지역정보 올라타기 (22.4.18) : 축제가 돌아온다, 함평나비대축제"
이틀 간의 휴가 - 이상과 현실.
울진군 죽변면 제일반점 중식 - 달콤한여행
50문 50답 (1/2)
반나절 주말여행 목차
한달용 투명 렌즈/ 집시 x 프레쉬콘 콜라보 집시렌즈 후기
[2023년05월02일] 투자관련 핵심뉴스 (9)
"퇴근 후, 책방 여행(이연주)"
가을맞이 10월 국내여행▶ ①DMZ ②안동 ③전주 까지... 
경기도 관광지 추천 제대로
핵심만 지역정보 (22.03.23)
퀄리티가 실력인 장기신차렌트카 차량출고기간
도보여행전문가 손성일 대표 도보 이력(2019년07월)
"경기도 해넘이 , 해돋이 명소 추천"
[관악구 법인설립] 법인설립 등기 대행 법무사 수수료 무료 관악... 
대학로
대전권 좋은캠핑장을 있으면 알려주세요
메인랜선정리&amp;네트워크구축 필요하신 작업만 골라받으세요 :D
"서울 전세버스 나를 위한 지식 쌓기, 경기도 여행 관련 상식"
"하이소닉 기업정보 (스마트폰, 카메라모듈 관련주)"
소득대비 채무과다 이셨던 직장인 고금리 햇살론 새로가입할려는
서울 근교 여름휴가지 추천 안양유원지 계곡
투썸플레이스 베이커리ㆍ가수 송가인 한복ㆍGS25... 
인천공항택시 송파구 잠실에서 출발 속초여행 인천공항 택시비용
2022년 10월 21일 오늘의 HOT100 뉴스(가을단풍)
법인사업자대출 여러분 모두 복받으세요
함께하면 더욱 즐거운 특별한 경기도 겨울 여행 [동탄 이사 동탄... 
"휴메딕스 기업정보 (필러, 화장품, 스푸트니크V 관련주)"
CCTV구입 /건설현장CCTV 중요한 가이드라인은? 확인해보죠★
"우리넷 기업정보 (광통신, OLED, 양자암호 관련주)"
반나절 주말여행
한국의 아름다운 길 100선. 무주 구천동 국도 37호선 드라이브... 
[코로나시대의 걷기여행] / ‘2020 걷기여행 실태조사’결과... 
국도 전국 지도
신 국토기행 62 /경기 이천시/시사일본어학원♥장수현선생의... 
관악산 육봉능선
버스대여 미니버스 관광버스대절요금&amp;대여료
6월 첫째주 뮤직플러그 소식 알려드려요^^!
패럴림픽 개막식  반다비 손잡자!
5월의 두번째 뮤직플러그 소식!
"전국 4,100개소 무료 캠핑장 및 야영장(유료 야영,캠핑장)"
서울 경기 안산 안양 남양주 의정부 고양 일산 인천 의왕 시흥... 
2019하반기 착한사진연구소 기억에 남는 스마트폰사진강의... 
2. 나는 부동산으로 아이 학비 번다 - 이주현(월천대사)
"첫 해외 여행, 인천공항 택시 예약 요금 즐거운 후기 방법"
"2010년 1월  관악산 등산로 - 낙산 스위트 호텔,코엑스맛집... "
경기도 벚꽃축제 : 2013년 서울 근교 인근 수도권 벚꽃축제 일정
나도 했다!! MBTI 50문답!!
다양한 체험행사와 볼거리가 가득한 곳
킨포크 스타일 대림바스 인테리어
대한민국 17개 광역시도 및 229개 시군구 홈페이지 일람
가을 단풍의 계절 해외여행은 인천국제공항 택시 예약 천안... 
리빙쇼당신의여섯시 3/22-3/26
산과 사찰에서 보는 감동의 일출
[경기도 유명 맛집 소개] 부천... 등 경기도 유명 맛집 26곳 소개... 
인천공항 택시 예약 요금 한 번에 원 타임 샷
안양 군포 의왕 생생정보통 각 시의 ‘블로그’를 아시나요?
START UP NATION KOREA~!! KINGSEJONG DNA 2023 [홍세종 vs... 
(전시회) 2016 대한민국 국제 관광박람회(in KINTEX)
[캠핑] 달타냥과 콘스탄스의 2011  캠핑 총 정리-행복은... 
금곡동 당수동 대황교동 서둔동 세류동 오목천동 입북동 장지동... 
제주도에만 있다? 경기도에 위치한 도깨비도로 그것이 알고싶다
인터넷 신문 사이트모음
포천시 소식
2017년 &quot;해돋이 명소 추천&quot;
2016 안녕~ 어서 와 2017! 경기도 해넘이 - 해돋이 명소 추천
신규사업자대출조건 전화 한 통 근육통와서
서울특별시 송파구 한국청과 전문매장/상가 - 달콤한여행
2021.11.02. 주식관련 최신뉴스 (2)
이달의 추천 관광지
월곶~판교선 뚫린다…수혜지역 훈풍 `솔솔`
Eau De Colognew
관악산 사당역 등산코스 (사당역~사당능선~연주대)
자동차의 모든 정보 관련 홈페이지 사이트 모음 4
경기도 산좋고 물좋은 여름휴가추천 계곡.폭포 가~즈아~ 6탄
2020 경찰 1차 시험 국어 문제 시험지 가답안 (경찰 국어 마찰음... 
여행 ⑨군포] 자연은 포근하고 삶은 향기롭고…
국도 둘러보기 고속도로 살펴보기
인천공항 콜택시 방역택시 콜밴 여주 이천 안성 평택 오산 화성... 
"피곤한 깃발여행, 즐거운 테마여행...."
장거리 인천공항택시예약요금 여행 알뜰 정보 팁 점화플러그
봄나들이 떠나요~ &quot;3월 축제 일정&quot;
우리나라 국도 출발지~종착지 정리
2018 혁신 100대
2021.10.15. 주식투자 관련 최신뉴스 1
[2022년4월21일] 주요 투자관련 뉴스 (2)
경기도 안상 유니스의 정원
2017년 12월 3호 &lt;쏘쿨의 수도권 꼬마 아파트&gt;
"[화성시맛집/병점맛집/동태탕,생태찌게]칼칼한국물과... "
"최남단에서 최북단까지, 남북을 연결했던 한반도의... "
안양남부시장(안양가볼만한곳) 명물 호떡-고부간 달달한... 
레드캡투어 2014년 사업내용 렌터카사업 여행사업 주요서비스... 
러브호텔 경매받아 임대사업?
서울과 경기도의 여름 계곡 10선(選)
건강
#서울 #부천 #안양 #광명 #안산 #마포 #성남 #분당 #일산 #고양... 
[푸른솔-spa7981] 베스트 모음 1 - 울릉도여행 1박2일 코스추천... 
안양맛집 &lt;금자 매운탕&gt;
"관광산업, 5일장, 도로여행, 유명사찰"
[축제이벤트/고양시 일산] 무한도전 사진전
골프연습장 사이트 모음
가을에 떠나는 1박 2일 기차여행
'드라이브' 태그의 글 목록 :: CHUNUN.COM
- 도로정보 -
"할리데이비슨, 전국 국도"
서울근교 반나절 여행~
스크린 속 가을 드라이브 코스 Best5
느리게 기록하는 나날
전국국도현황
"봄 여행주간, 특별한 보통날을 만나보세요-2018 봄 여행주간... "
"[악취냄새말끄미,핫 이슈]'한국관광공사 추천 가볼만한 명소... "
한국의 맛집
엔도 슈사쿠의철의 항쇄론 틱장애실손의료
여행갈만한 곳 (국내추천)
태그 목록
"경기도, 5월 황금연휴 맞아 각종 관광․할인행사로 관광객 유혹"
유비코리아타임즈 145호 '몽골소식'
국도정보
"'국내 사건, 사고, 대응.' ◆ '4·19민주묘지를 향해서'"
대한민국 국도
전국의 국도 정보
버스대절 결혼식/워크숍/산악회/동창회/야유회/전세버스대절... 
[데일리뉴스] 호텔 관련 2011-12-30
햇살론 가족회사 사대미가입 100세실비구성
직장인햇살론 1360만원 승인후기 말소이력자 햇살론편... 
부성R 엽 대표 정읍장학재단에 500만원 기탁 상해보장가능
캠핑장정보
자매를 맺은 도시가 있다? 안양시 자매(우호)도시를 알아보자~!
"무제한 경기여행, 경기투어패스로 떠나세요! - 아르지오... "
[범계일식 - 범계숙성회 맛집] 오루카
생생정보마당 6월 16일 가게 정보 l 가성비 짜장면 탕수육
"언니와 함께하는 여행 이야기 , 일곱번째 스토리 ·͜· 안양... "
안양맛집 이맛닭갈비 안양인덕원점 마라닭갈비 후기
안양역 맛집 수버인도식당 커리 탄두리치킨
[안양 맛집] 안양 쌀국수 맛집 타이반쩜 안양 범계점
"안양역 인근 제주 감성 술집 다양한 맥주가 있는, 탐라포차... "
안양의 봄을 여행하다 -2- feat. 안양예술공원에서... 
[안양/관양 맛집] 냉면상회/관양동회냉면맛집/인덕원회냉면
[22년04월06일 - 04시]  실시간 검색 순위
[22년04월07일 - 21시]  실시간 검색 순위
[22년03월29일 - 18시]  실시간 검색 순위
[22년03월29일 - 15시]  실시간 검색 순위
[22년03월19일 - 09시]  실시간 검색 순위
[인덕원맛집] 인덕원에서 만난 작은 홍콩 스팀하우스
빌라 경기도 광주 예쁜 집 서울... 분양 경기 분당 판교 안산... 
분당 경기도 광주 판교 죽전... 시흥 경기 일산 파주 김포 여주... 
2023년 5월 9일 오늘의 부동산 뉴스 기사
"몰탈(미장용, 견출용), 시멘트 납품 (인천 부평구 상정초등학교)"
이벤트 52개
기업부설연구소설립 연구개발계획서 노무사상담 고용 기업컨설팅
구해줘홈즈 경기도 광주 복층 테라스 신축빌라 양평 매물 용인... 
카드단말기용지교체 중대합니다.
[주간/5월 1주] 주간 유명 부동산 블로그 글모음(부동산... 
[월간.5월]유명 부동산 블로그 글모음(부동산&amp;재테크)... 
클럽 사이트 모음
"안양 여행 추천여행지 병목안캠핑장, 병목안시민공원... "
현지인들이 가는 안양 맛집 남도에서본점
닭백숙 먹방 / 우정회관 / 안양 맛집추천 / 당일여행지
신나는 휴가 ep.4 안양 맛집 추천 [ 강남면옥 평촌점 ]
인덕원 맛집 신스 숙성회가 맛있는 이자카야
경기광주에코파워팩설치 경기광주변압기제조업체... 
예비맘 산책 여행지 - 벚꽃놀이 갑시다 1 (경기/인천편)
"관악역 가볼만한곳 카페테로부터 김중업 박물관, 식당까지."
[9월30일] 생생정보 생방송투데이 생방송오늘저녁
안양 네일샵 석수동 네일아트 맛집 오늘은 뷰티에서 해외여행준비
인기 경기도안양시 정보의 프리미엄~정보 다양하게 공개합니다!
동시통역기/여행할 때 없으면 안될 바로바로톡 통역기 필수템
호계동 한방치료 푸른한의원
태국에 여행 온 듯한 느낌을 받을 수 있는 평촌역 근처... 
대한민국 걷기사전 독후감 썼어요
안양회포장 가격이 저렴한 여자수산
평촌맛집 자작나무집 서빙로봇 신기하네요
부산 자갈치시장의 양대창을 안양에서! 안양맛집 &lt;부산양대창... 
카메라등이용촬영죄 혐의 성립될 경우
안양쌀국수 제대로 즐긴 베트남 요리
가학동맛집 여행길에 꼭 들러야하는 둥근상시골집 소개해요!!
언더핀스토리에서 안양 쫄깃한 맛의 서원족발!
생방송오늘저녁 안양 연탄불 막창구이 식당 이름 위치 어디?
[2023-03-27] 오늘의 코스피 뉴스(6)
경기도 지역 맛집리스트
안양 여행 예술공원부터 시장까지 정취를 찾아서
"팔뚝살 리프팅, 벨로디2로 간편하게 해결! [안양맑은누리클리닉]"
"안양동 성형외과, 피부과, 눈성형 성빈센트의원"
4월의 안양예술공원 풍경
3040 여성들의 행복지수 높이기 전략 - 아끼고 아끼지만... 
[경기안양]안양예술공원의 겨울풍경 2
[경기안양]안양에술공원의 겨울풍경 1
행사 담당자 분들에게
"제주특별자치도 관광약자접근성안내센터,여행작가 양성과정... "
"자동차 부품, 매매, 신차, 새차등 자동차의 모든 정보 사이트... "
안산단원의볼거리 안산단원왕갈비가격... 
"광명역 유플래닛데시앙   일직동 아파트 전세 / 45,000만원"
경기도가볼만한곳 가족나들이로 안성맞춤
안산중고차 싸니카~~~!!!에서 보세요
[2022-12-28] 오늘의 코스피 뉴스(2)
여름의 시작을 알리는 경기도 6월 축제를 알려드립니다~!
묻지마 바캉스’에 속지 마세요
발산동신축빌라 럭셔리한 집
안양 지식산업센터 이제는 평촌 에이스하이테크시티로!
싼타페 DM 기대출중고차 추천 날리난다!
전국의 국도중 1번-10번 국도
푸드투데이 [김교흥 국회의원] 뉴스 - [2020 국정감사 우수의원]... 
우리나라 국도 현황
충주시 신차 장기 렌트 두려워 마세요
용산피부관리 더트리니스파에서 피로풀었어요!
자동차 관련 홈페이지 및 사이트 모음 5
이벤트 52개
기업부설연구소설립 연구개발계획서 노무사상담 고용 기업컨설팅
구해줘홈즈 경기도 광주 복층 테라스 신축빌라 양평 매물 용인... 
카드단말기용지교체 중대합니다.
[주간/5월 1주] 주간 유명 부동산 블로그 글모음(부동산... 
[월간.5월]유명 부동산 블로그 글모음(부동산&amp;재테크)... 
클럽 사이트 모음
"안양 여행 추천여행지 병목안캠핑장, 병목안시민공원... "
현지인들이 가는 안양 맛집 남도에서본점
닭백숙 먹방 / 우정회관 / 안양 맛집추천 / 당일여행지
신나는 휴가 ep.4 안양 맛집 추천 [ 강남면옥 평촌점 ]
인덕원 맛집 신스 숙성회가 맛있는 이자카야
경기광주에코파워팩설치 경기광주변압기제조업체... 
예비맘 산책 여행지 - 벚꽃놀이 갑시다 1 (경기/인천편)
"관악역 가볼만한곳 카페테로부터 김중업 박물관, 식당까지."
[9월30일] 생생정보 생방송투데이 생방송오늘저녁
안양 네일샵 석수동 네일아트 맛집 오늘은 뷰티에서 해외여행준비
인기 경기도안양시 정보의 프리미엄~정보 다양하게 공개합니다!
동시통역기/여행할 때 없으면 안될 바로바로톡 통역기 필수템
호계동 한방치료 푸른한의원
태국에 여행 온 듯한 느낌을 받을 수 있는 평촌역 근처... 
대한민국 걷기사전 독후감 썼어요
안양회포장 가격이 저렴한 여자수산
평촌맛집 자작나무집 서빙로봇 신기하네요
부산 자갈치시장의 양대창을 안양에서! 안양맛집 &lt;부산양대창... 
카메라등이용촬영죄 혐의 성립될 경우
안양쌀국수 제대로 즐긴 베트남 요리
가학동맛집 여행길에 꼭 들러야하는 둥근상시골집 소개해요!!
언더핀스토리에서 안양 쫄깃한 맛의 서원족발!
생방송오늘저녁 안양 연탄불 막창구이 식당 이름 위치 어디?
[2023-03-27] 오늘의 코스피 뉴스(6)
경기도 지역 맛집리스트
안양 여행 예술공원부터 시장까지 정취를 찾아서
"팔뚝살 리프팅, 벨로디2로 간편하게 해결! [안양맑은누리클리닉]"
"안양동 성형외과, 피부과, 눈성형 성빈센트의원"
4월의 안양예술공원 풍경
3040 여성들의 행복지수 높이기 전략 - 아끼고 아끼지만... 
[경기안양]안양예술공원의 겨울풍경 2
[경기안양]안양에술공원의 겨울풍경 1
행사 담당자 분들에게
"제주특별자치도 관광약자접근성안내센터,여행작가 양성과정... "
"자동차 부품, 매매, 신차, 새차등 자동차의 모든 정보 사이트... "
안산단원의볼거리 안산단원왕갈비가격... 
"광명역 유플래닛데시앙   일직동 아파트 전세 / 45,000만원"
경기도가볼만한곳 가족나들이로 안성맞춤
안산중고차 싸니카~~~!!!에서 보세요
[2022-12-28] 오늘의 코스피 뉴스(2)
여름의 시작을 알리는 경기도 6월 축제를 알려드립니다~!
묻지마 바캉스’에 속지 마세요
발산동신축빌라 럭셔리한 집
안양 지식산업센터 이제는 평촌 에이스하이테크시티로!
싼타페 DM 기대출중고차 추천 날리난다!
전국의 국도중 1번-10번 국도
푸드투데이 [김교흥 국회의원] 뉴스 - [2020 국정감사 우수의원]... 
우리나라 국도 현황
충주시 신차 장기 렌트 두려워 마세요
용산피부관리 더트리니스파에서 피로풀었어요!
자동차 관련 홈페이지 및 사이트 모음 5
이벤트 52개
기업부설연구소설립 연구개발계획서 노무사상담 고용 기업컨설팅
구해줘홈즈 경기도 광주 복층 테라스 신축빌라 양평 매물 용인... 
카드단말기용지교체 중대합니다.
[주간/5월 1주] 주간 유명 부동산 블로그 글모음(부동산... 
[월간.5월]유명 부동산 블로그 글모음(부동산&amp;재테크)... 
클럽 사이트 모음
"안양 여행 추천여행지 병목안캠핑장, 병목안시민공원... "
현지인들이 가는 안양 맛집 남도에서본점
닭백숙 먹방 / 우정회관 / 안양 맛집추천 / 당일여행지
신나는 휴가 ep.4 안양 맛집 추천 [ 강남면옥 평촌점 ]
인덕원 맛집 신스 숙성회가 맛있는 이자카야
경기광주에코파워팩설치 경기광주변압기제조업체... 
예비맘 산책 여행지 - 벚꽃놀이 갑시다 1 (경기/인천편)
"관악역 가볼만한곳 카페테로부터 김중업 박물관, 식당까지."
[9월30일] 생생정보 생방송투데이 생방송오늘저녁
안양 네일샵 석수동 네일아트 맛집 오늘은 뷰티에서 해외여행준비
인기 경기도안양시 정보의 프리미엄~정보 다양하게 공개합니다!
동시통역기/여행할 때 없으면 안될 바로바로톡 통역기 필수템
호계동 한방치료 푸른한의원
태국에 여행 온 듯한 느낌을 받을 수 있는 평촌역 근처... 
대한민국 걷기사전 독후감 썼어요
안양회포장 가격이 저렴한 여자수산
평촌맛집 자작나무집 서빙로봇 신기하네요
부산 자갈치시장의 양대창을 안양에서! 안양맛집 &lt;부산양대창... 
카메라등이용촬영죄 혐의 성립될 경우
안양쌀국수 제대로 즐긴 베트남 요리
가학동맛집 여행길에 꼭 들러야하는 둥근상시골집 소개해요!!
언더핀스토리에서 안양 쫄깃한 맛의 서원족발!
생방송오늘저녁 안양 연탄불 막창구이 식당 이름 위치 어디?
[2023-03-27] 오늘의 코스피 뉴스(6)
경기도 지역 맛집리스트
안양 여행 예술공원부터 시장까지 정취를 찾아서
"팔뚝살 리프팅, 벨로디2로 간편하게 해결! [안양맑은누리클리닉]"
"안양동 성형외과, 피부과, 눈성형 성빈센트의원"
4월의 안양예술공원 풍경
3040 여성들의 행복지수 높이기 전략 - 아끼고 아끼지만... 
[경기안양]안양예술공원의 겨울풍경 2
[경기안양]안양에술공원의 겨울풍경 1
행사 담당자 분들에게
"제주특별자치도 관광약자접근성안내센터,여행작가 양성과정... "
"자동차 부품, 매매, 신차, 새차등 자동차의 모든 정보 사이트... "
안산단원의볼거리 안산단원왕갈비가격... 
"광명역 유플래닛데시앙   일직동 아파트 전세 / 45,000만원"
경기도가볼만한곳 가족나들이로 안성맞춤
안산중고차 싸니카~~~!!!에서 보세요
[2022-12-28] 오늘의 코스피 뉴스(2)
여름의 시작을 알리는 경기도 6월 축제를 알려드립니다~!
묻지마 바캉스’에 속지 마세요
발산동신축빌라 럭셔리한 집
안양 지식산업센터 이제는 평촌 에이스하이테크시티로!
싼타페 DM 기대출중고차 추천 날리난다!
전국의 국도중 1번-10번 국도
푸드투데이 [김교흥 국회의원] 뉴스 - [2020 국정감사 우수의원]... 
우리나라 국도 현황
충주시 신차 장기 렌트 두려워 마세요
용산피부관리 더트리니스파에서 피로풀었어요!
자동차 관련 홈페이지 및 사이트 모음 5
이벤트 52개
기업부설연구소설립 연구개발계획서 노무사상담 고용 기업컨설팅
구해줘홈즈 경기도 광주 복층 테라스 신축빌라 양평 매물 용인... 
카드단말기용지교체 중대합니다.
[주간/5월 1주] 주간 유명 부동산 블로그 글모음(부동산... 
[월간.5월]유명 부동산 블로그 글모음(부동산&amp;재테크)... 
클럽 사이트 모음
"안양 여행 추천여행지 병목안캠핑장, 병목안시민공원... "
현지인들이 가는 안양 맛집 남도에서본점
닭백숙 먹방 / 우정회관 / 안양 맛집추천 / 당일여행지
신나는 휴가 ep.4 안양 맛집 추천 [ 강남면옥 평촌점 ]
인덕원 맛집 신스 숙성회가 맛있는 이자카야
경기광주에코파워팩설치 경기광주변압기제조업체... 
예비맘 산책 여행지 - 벚꽃놀이 갑시다 1 (경기/인천편)
"관악역 가볼만한곳 카페테로부터 김중업 박물관, 식당까지."
[9월30일] 생생정보 생방송투데이 생방송오늘저녁
안양 네일샵 석수동 네일아트 맛집 오늘은 뷰티에서 해외여행준비
인기 경기도안양시 정보의 프리미엄~정보 다양하게 공개합니다!
동시통역기/여행할 때 없으면 안될 바로바로톡 통역기 필수템
호계동 한방치료 푸른한의원
태국에 여행 온 듯한 느낌을 받을 수 있는 평촌역 근처... 
대한민국 걷기사전 독후감 썼어요
안양회포장 가격이 저렴한 여자수산
평촌맛집 자작나무집 서빙로봇 신기하네요
부산 자갈치시장의 양대창을 안양에서! 안양맛집 &lt;부산양대창... 
카메라등이용촬영죄 혐의 성립될 경우
안양쌀국수 제대로 즐긴 베트남 요리
가학동맛집 여행길에 꼭 들러야하는 둥근상시골집 소개해요!!
언더핀스토리에서 안양 쫄깃한 맛의 서원족발!
생방송오늘저녁 안양 연탄불 막창구이 식당 이름 위치 어디?
[2023-03-27] 오늘의 코스피 뉴스(6)
경기도 지역 맛집리스트
안양 여행 예술공원부터 시장까지 정취를 찾아서
"팔뚝살 리프팅, 벨로디2로 간편하게 해결! [안양맑은누리클리닉]"
"안양동 성형외과, 피부과, 눈성형 성빈센트의원"
4월의 안양예술공원 풍경
3040 여성들의 행복지수 높이기 전략 - 아끼고 아끼지만... 
[경기안양]안양예술공원의 겨울풍경 2
[경기안양]안양에술공원의 겨울풍경 1
행사 담당자 분들에게
"제주특별자치도 관광약자접근성안내센터,여행작가 양성과정... "
"자동차 부품, 매매, 신차, 새차등 자동차의 모든 정보 사이트... "
안산단원의볼거리 안산단원왕갈비가격... 
"광명역 유플래닛데시앙   일직동 아파트 전세 / 45,000만원"
경기도가볼만한곳 가족나들이로 안성맞춤
안산중고차 싸니카~~~!!!에서 보세요
[2022-12-28] 오늘의 코스피 뉴스(2)
여름의 시작을 알리는 경기도 6월 축제를 알려드립니다~!
묻지마 바캉스’에 속지 마세요
발산동신축빌라 럭셔리한 집
안양 지식산업센터 이제는 평촌 에이스하이테크시티로!
싼타페 DM 기대출중고차 추천 날리난다!
전국의 국도중 1번-10번 국도
푸드투데이 [김교흥 국회의원] 뉴스 - [2020 국정감사 우수의원]... 
우리나라 국도 현황
충주시 신차 장기 렌트 두려워 마세요
용산피부관리 더트리니스파에서 피로풀었어요!
자동차 관련 홈페이지 및 사이트 모음 5
