"경남 여행지 의령군 솥바위, 정암루, 정암교 명소 둘러보기"
[경남/의령군] 호국의병의 숲... 국화로 물든 부산 근교 여행지
경남 가을여행 명소 의령군 댑싸리축제
경남 의령군 봉수면 신현리 토지 453평 당 9만원
"경남 의령군, 언택트 힐링 여행지로 철쭉과 도깨비 숲 등... "
경남 가볼만한곳 의령 자굴산 자연휴양림 경남 여행지 추천
경남 여행지 추천 의령 역사문화 테마파크 솥바위 정암루 등
의령 가볼만한곳 여행코스 추천... 의령군 여행지 먹거리 볼거리
"경남 여행지 의령군 추천! 일붕사,탑바위,구름다리,한우산 코스로~"
경남 여행지 추천 우정여행 의령 솥바위 정암루 정암철교
"경남 여행지 추천 의령 정암루,정암철교,솥바위"
경상남도 의령군 / 여행지... 숙박 / 경남황토방 / 황토방... 
[경남/의령군] 정암루 :: 남강의 고즈넉함을 즐기는 힐링 여행... 
의령 댑싸리 축제 경남 10월 여행지 가을 풍경
경남 의령가볼만한곳 일붕사 봉황산일붕사 의령군여행지... 
경남 의령군 여행하기 ~
[경남 가볼 만한 곳] 진주성 + 의령군 한우산
경남 여행지 추천 일몰명소 의령 한우산 도깨비숲 초보자... 
의령 댑싸리 축제 경남 핑크뮬리 10월 여행지 가을 꽃구경
국내 여행지 추천 가족여행 코스로 경남 의령 가볼만한곳
경남 가을꽃 축제 가볼만한곳 9월 10월 가을여행지 베스트6
10월 국내 여행지 추천 경남 의령 가볼만한곳 댑싸리 한우산 코스
경상남도 여행지의 모든 것 by.부산경남여행 전문블로거
6월의 여행지는 힐링 일번지 청정 경남 의령으로~~
여행 가을 여행지 추천 2022 의령 리치리치페스티벌 경남 축제
경남 여행지 추천 가볼만한곳 의령 구름다리 서동리 빗방울 화석
"경남 여행지 추천 의령 솥바위, 정암루, 정암철교를 한 번에 볼... "
경남 의령 여행지 솥바위 부자 바위
의령 호국의병의숲 친수공원 핑크뮬리 경남 여행지 추천
경남 꽃축제 가볼만한곳 가을여행지 의령 댑싸리 포함 5곳
국내 1박 2일 여행지 경남 축제 의령 리치리치페스티벌 (부자... 
"경남 의령 단풍구경 가볼만한곳,기네스북에 오른 동굴법당... "
경남 의령 여행 가볼만한곳 의령구름다리 의병박물관 충익사... 
경남 핑크뮬리 명소 인생샷은... 가을여행지 호국의병의숲친수... 
경남 여행지 추천 사천 케이블카 바다 풍경
가을 여행지 추천 경상도 가볼만한곳 의령 호국의병의숲 댑싸리... 
"경상도 가을 여행꿀팁 : 9월, 10월 경상도 추천여행지... "
경남 의령 아이와 가볼만한곳 곤충생태학습관과 실내식물원까지
10월11월 경남 가을여행과 지역축제 추천 /국내 가을여행지  1탄
경남 의령 가볼만한곳 언택트 여행지 ; 한우산 철쭉 도깨비숲... 
9월 여행지 추천ㅣ가을여행 떠나기 딱 좋은 국내여행지 추천
부산외대 재학생이 추천하는 경남 여행지 올해 여름은 여기로!
"경남 의령 5월,6월 여행지:: 의병박물관"
창녕 우포잠자리나라 볼거리 체험거리 가득한 경남 가족여행지... 
[의령망개떡 / 의령소바 본점] 의령맛집 추천 / 경남여행지 추천... 
경남 의령 가볼만한곳 벽계야영장 실내식물원 곤충생태학습관... 
경남 가볼만한곳 의령 호국의병의 숲 친수공원 핑크뮬리 댑싸리... 
의령군 가볼만 한곳 호암이병철생가를 소개 합니다
경남 가볼만한곳 의령 부자축제 10월 국내 가을축제 즐겨요~
[경남 의령 / 의령 랜선 여행] 경남 의령 풍수지리가 좋은... 
가족여행지로 가볼만한 의령 곽재우장군 문화공원
경남 의령 가볼만한곳 벽계야영장 곤충생태학습관 아이와 여행
의령 가볼만한곳 솥바위 부자의 기운을 받을 수 있는 여행지
"경남 의령 농촌여행지｜청정 자연 속 천하장사 마을, 의령... "
경남 드라이브코스 의령 벽계저수지와 도깨비다리
경남 가을 여행지  추천 아이와 함께 가기좋은 댑싸리축제의령... 
의령 가볼만한곳 경남 축제 의령리치리치 페스티벌 부자축제
경남 핑크뮬리 명소 의령 댑싸리 친수공원 가을축제 가을꽃 구경
경남의령가볼만한곳 홍의장군곽재우장군동상과  정암철교... 
경남 의령 가볼만한곳 국내 1박2일 여행지 추천 best8
2023년경남관광박람회…경남에서 만나는 나만의 여행지.명소... 
경남 의령 친수공원 가을을 알리는 다양한 계절꽃 가족여행지... 
9월 국내가을여행지베스트 10 알려진 BEST 5장소 추천!
가을 바람이 '살랑살랑'…낭만에 흠뻑 빠질 경남 여행지
10월 가을 여행지 추천 경남 의령 가볼만한곳 의령 댑싸리... 
"[함안가볼만한곳] 경남 자연속 힐링 여행지, 함안 무진정"
경남 여행 의령 가볼만한곳 의령곤충생태학습관 아이와 갈만한곳
"5월 황금연휴 경남여행, 5월 여행지 및 할인정보 (1)"
경남 의령가볼만한곳 차타고  한우산 정상까지 드라이브... 
국내 1박2일 여행지 의령 가볼만한곳 한우산 도깨비숲... 
"경남 의령 야경 명소 여행, 아이와 여행 가볼만한곳"
의령 댑싸리축제 친수공원 10월 경남여행지 가볼만한곳... 
"생생정보 의령군 탑바위, 망개떡 택배주문, 봉황대, 솥바위... "
가을 여행지 추천 10월 가을 축제 의령 주말 갈만한곳
경남 의령 한 달 살기 여행지원 3차 모집 정보
경남 단풍 구경 의령 구름다리 지금 가야 할 시기에요
경남 단풍 명소 의령 구름다리 단풍 구경 가을 여행
길어진 추석연휴…경남도가 강추한 여행지 18곳은?
"한국관광공사 추천 가을 여행지 100선, 경남 가볼 만한 곳 7선... "
[경남 의령 가볼만한 곳] 붉은 물결로 가득한 가을 여행지 추천... 
"경남 야경 명소 가볼만한곳, 겨울 여행 밤 드라이브!!"
"[경남/의령여행] 경남 가볼만한곳, 의령 함안 여행, 핑크뮬리... "
합천 가볼만한곳 여행코스 | 합천영상테마파크 | 경남여행지추천
경남 가볼만한곳 :: 경남 여행지 의령 삼성회장 이병철 생가
경남 단풍 명소 형형색색 아름다운 의령 구름다리
"(가을여행지 추천)경남 댑싸리 핑크뮬리 명소 양산, 의령 두곳... "
"[일간 태원준 209, (2021.08.12)] 한우산 설화원, 의령군&quot;"
[가을여행] 가을 여행지 추천 | 대구근교 | 경남
[경남 캠핑 여행지] 코로나로 쌓인 스트레스를 날려 버릴... 
경남 의령 댑싸리 꽃축제 대구근교 핑크뮬리 인생샷 가능한곳
한우산 정상의 마지막 풍경~ [경남여행지]
"[경남여행주간 / 경남봄여행지추천] 5월의 시작, 봄과... "
미리 알아보는 경남 가을 명소5 경남가을여행지 경남가볼만한... 
경남 핑크뮬리 명소 가을 여행지 네곳 추천
‘꽃 피는 도시 의령’ 관광 홍보 꽃이 피었던 의령군 안내 부스~~
경남 여행지 추천 농촌체험 의령 신전권역 마을과 의령 구름다리
"경남 추천여행 3 : 창녕군~의령군 여행지, 1박2일 여행 코스... "
"나 홀로 떠나는 경남 가을 여행 코스 TOP6 / 단풍, 핑크 뮬리... "
"경남 의령 가볼만한곳 한우산 정상, 벽계저수지 드라이브"
경남 관광박람 회장에서 빛났던 의령군~~
의령 겨울여행 아열대식물원은 필수 코스
"가을 추천 여행지 : 경남 의령 코키아(댑싸리), 창녕 여행"
경남 가을여행 가볼만한곳 10월 11월 국내여행지베스트10
함안 7개 여행지 1박 2일입니다! (ft. 경남 여행지)
&quot;경남의령&quot; [코스모스꽃밭... 친수공원 가을여행지 추천해요 ^^
경남여행 ㅣ 국내가을여행지 ㅣ 의령 호국의병의숲친수공원... 
"여행주간에 가면 더 좋은 여행지 추천(부산, 전남, 경남)"
[경남 의령 / 의령 랜선 여행] 일상에서 벗어나 마음의 휴식을... 
경남 의령 볼거리 솥바위 소원을 빌자 리치리치페스티벌 축제
경남 함안 가볼만한곳 베스트10 여행지 추천
경남 의령 가볼만한곳 경남 축제 2022의령리치리치페스티벌... 
경남 의령 가볼만한곳 한우산 설화원 도깨비숲 호랑이 전망대... 
경남 의령 일몰  한우산 차박 명소
산청 가볼만한곳 베스트 10 총정리! (ft. 경남 여행지 추천)
함안 가볼만한곳 베스트 10 총정리! (ft. 경남 여행지 추천)
의령 가볼만한곳 혼자 국내 여행 경남 여행지 추천 ; 의령... 
[경남 의령 / 의령 랜선 여행] 기네스북에 등재된 세계 최대 동굴... 
경남 의령 실내가볼만한곳 의병박물관 I 구름다리 근처
[국내여행] 10월 의령 추천 여행지 : 호국의병의 숲 친수공원... 
좋은 기네스북 등재된 동굴 법당이 있는 경남 의령 일붕사 사찰
추석 연휴에 가볼 만한 경남의 곳곳
9월 10월 국내 여행지 추천 가을꽃축제 거창 감악산 7곳
[경남 의령] 경남 여행지 진주근교 야경이 멋진 의령 구름다리
창녕 가볼만한곳 베스트 10 총정리! (ft. 경남 여행지 추천)
[경남 의령] 가볼만한곳 여행지 베스트 Top10 추천 리스트
경남 10월 꽃축제 의령 호국의병의숲 친수공원에서 다양한... 
내 맘에 쉼표를 찍으 봐!- 경남 비대면 힐링 여행지 18선
진주 근교  경남 단풍 명소 의령 구름다리 가을여행
[감성풍경 지침서] 사진여행지... 봄여행지/3월사진여행지]
의령 벽계저수지 도깨비다리 아름다운 의령 여행지 추천
"[9,10월 가볼 만한 곳]가을 감성을 느낄 수 있는 가을꽃 출사지... "
[경남 창녕 / 창녕 랜선 여행] 경남 비대면 안심 관광지 창녕... 
의령•의령여행•의령맛집•의령가마솥곰탕•경남여행
경남 물놀이터 물놀이장 의령 서동생활공원
"국내 5월 여행지 추천, 곡성 장미축제 포함 가볼만한곳 best 10!"
장마철 여행지_ 비오면 더 좋은 여행지 &amp; 실내놀이터 추천
의령 여행 가볼 만한 곳 아름다운 의령 구름다리
경남 가볼만한곳 추천 국내 봄 여행지 리스트5 (창녕 우포늪... 
의령군 주말에 갈만한곳 봉황대 여행
[경남여행지/걷는여행] 경남 '걷고싶은길 3'
경남 의령 가을여행지::호국의병의 숲 친수공원 기강나루터... 
경남 가볼만한곳 핑크뮬리 등 가을 여행지 명소 10곳
[경남 명소 / 의령 가볼 만한 곳] 의병탑과 충익사에서 가을을... 
경남 아이와 함께 아열대식물원에서 식물원 나들이
부산근교 가볼만한곳 여행지 의령 정암루 솥바위 등 드라이브
경남 10월축제 /부산 울산... 경주 거창  의령 부산근교 여행지
경남 의령 가볼만한곳 의령 댑싸리가 절정인 친수공원
[경남 여름 휴가지/경남 정보화마을/인빌체험] 무더운 여름... 
"[경남여행] 의령9경중 제5경 정암루/솥바위전설,홍의장군 곽재우"
"인물과 역사와 자연이 풍요로운 고장, 부자의 기운이 넘치는... "
경남 주말 나들이 의령부자마을 이병철생가 &amp;의병박물관
경남캠핑 여기어때~ 의령 가족 여행지 벽계야영장 캠핑장
경남 의령 @ 한우산/경남여행/철쭉/억새밭/한우산등산/한우산... 
경남 의령 가볼만한곳 솥바위
"경남 여행, 추석 연휴에 떠나기 좋은 의령 여행 :: 솥바위... "
"경남 의령 부자마을 관광지 '솥바위, 호암 이병철 생가... "
"경남 의령 가볼만한곳 한우산 도깨비숲, 의령구름다리... "
경남 의령여행 (1편) [의병박물관→구름다리→충익사... 
[경남의령가볼만한곳]역사여행지 의령향교서 옛 문화를 배우다!
아열대식물원 곤충생태학습관 겨울에 만나는 여름체험 여행지
경남 가볼만한곳 출렁출렁 아찔한 의령구름다리
[경남의령/대재벌가의생가] 누구나 부자의 꿈은 꾸고 산다... 
의령의 명품 소나무 운암리 상촌마을 자송령
"경상남도 의령군 드라이브 추천코스(한우산 차박, 철쭉도깨비숲... "
경남 의령 가볼만한곳 한우산 드라이브 포함 여행 코스
경남 의령구름다리 전망이 멋진 의령 지역명소 비오는날 운치... 
"3월 경남 봄 축제 일정 (진해군항제, 화개장터 벚꽃축제, 양산... "
[벽계야영장] 경남 캠핑 장소 추천/창원 근교 여행지 추천... 
기네스북에 등재된 세계적인 여행지.. 봉황이 품은 기암절벽
[경남 의령 여행 1탄] 봉황대-일붕사-이병철 생가
18선/한산하게 경관을 즐길 수 있는 언택트 여행지(경남 여행)
의령 호암 이병철회장 생가
함안 1박 2일 여행코스 추천 7곳! (ft. 경남 여행지)
의령 구름다리 경남 단풍 명소 드라이브 코스 볼거리
[경남 / 의령] 경남 가볼 만한 곳 / 의령 가볼 만한 곳... 
[경남 산청 / 산청 랜선 여행] 산청의 또 하나의 축제... 
경남 의령 구름다리 나들이 가기 좋은 관광명소
의령 5월 꽃구경 가볼만한곳 장박마을
부산 근교 나들이 경남 여행 의령 가볼만한곳 의령... 
"가을 축제, 경남 축제, 2023 의령 리치리치 페스티벌, 의령... "
"04 강진 `불금불파', 관광공사 추천 맛있는 골목 여행지... "
[다바뉴스] 300억 들인 천혜의 의령군 자굴산 자연휴양림 준공
"당일치기 경남여행코스 의령 댑싸리, 함안 악양둑방"
세월 품은 노거수에 봄소식 의령 세간리 현고수
[경남여행] 경남 데이트하기 좋은 곳(서부권)
의령전통시장 5월 동행축제 가족 페스티벌
추석연휴&amp;가을여행 어디로갈까?경남가볼만한 추천여행지 23곳
경남 가을 축제 의령 가볼만한곳 리치리치페스티벌 부자축제
경남가볼만한곳:: 함안 의령 핫플레이스 여행코스 추천 모음.Zip
의령 솥바위&amp;구름다리
[맛집] 경남 의령맛집 (Feat. 의령소바 본점)
10월 국내여행지 추천 가을꽃축제 가볼만한곳
경남의령한우산섹소폰드라이브길!... 
아름다운 경남의 가을 추천 여행지
[경남 의령 / 의령 랜선 여행] 함께 부자가 되자! (Let’... 
"경남 드라이브 명소 | 의령 벚꽃길 , 조용하고 한적한 숨겨진... "
"경남도, 1박2일 체류형 힐링 숙박여행지 30곳 추천"
[여행] 경남 의령 아이들과 떠난 겨울여행-2탄 (Feat.... 
[여행] 경남 의령 아이들과 떠난 겨울여행-3탄 (Feat.... 
경남 의령군 호국의병의숲친수공원 공원 - 달콤한여행
경남 캠핑 계곡 물놀이 카라반 캠핑장 의령 1박2일 여행 후기
아이와 봄꽃 나들이 가기 좋은 의령 서동생활공원
아이와 가볼 만한 곳 의병박물관과 의령구름다리
경남 출렁다리 아찔한 높이  의령 구름다리
"[#051] - 경남 - 대한민국의... 5월 추천출사지,추천여행지]"
경남 여행지 추천 [의령 동굴법당 봉황산 일붕사/곽재우 생가]
[경남 의령/ 의령 랜선 여행] 경남 의령 새해 부자 기운 받고... 
경남 의령 댑싸리 꽃구경 여행 가볼 만한 곳 호국 의병의 숲... 
경남의령'한우소고기국밥'전통향토음식고향의맛!홍의장군축제.... 
경남 의령 솥바위 정암루 주말 데이트 핫플
"의령군 한우산 철쭉, MBC경남 '진짜배기'에서 만나다"
"[의령] 가을여행지추천,  댑싸리공원 &quot;호국의병의숲 친수공원&quot;"
[의령 by 혜인] 경남 의령 당일치기 여행지 추천!... 
의령 여행 호국의병의숲 !!!
경남 창녕여행지
감성 의령여행에 한옥뷰 맛을 더하다
"[경남 의령, 의령 댑싸리 축제] 낙동강 합강권역에서... "
"[의령추천여행지] 산책하기 좋은 곳, 의령의 신비, 부자 바위... "
경남 의령 가볼 만한 곳 이병철 생가 호암 생가 다녀온 후기 정보
&lt;경남 가을꽃 여행지&gt; 의령 댑싸리 보고 왔어요 / 호국의병의 숲... 
[국내여행 / 국내여행지추천 / 여행계획짜기] 대한민국... 
가족과 함께 조용히 더위 피하기 좋은 의령 유농 오토캠핑장~~
경남 산청 여행 산청 9경 남사예담촌 한국의 아름다운 마을 1호... 
대한민국경상남도의령군 smi.co.kr 대한민국서울특별시... 
4월 추천 여행지(벚꽃)
"‘아라문의 검’ 삼성궁, 상림공원..경남 18개 시도 대표 여행지"
"의령댑싸리 호국의병의숲 핑크뮬리, 아스타국화"
의령 여행 가볼만한곳 : 경상도 단풍 정암루 솥바위
경남 의령 가볼만한 곳... 있어요 &amp; 경남 의령 언택트 여행 &amp; 경남... 
의령 대표 향토음식 - 소고기국밥 먹다
쫀득쫀득 맛있는 의령 부자망개떡 후기와 보관방법까지
한우산 철쭉 설화원 도깨비들과의 조우
"15 수세식 화장실, 음수대, 개수대 모두OK 1박2일 차박여행지"
"의령 여행지 추천:: 댑싸리 호국의병의 숲, 친수공원"
의령군팸투어-경상남도 의령 구석구석을 돌아보기 (1)./소바... 
[의령 가볼만한 곳] 국내여행지 추천! 경상남도 의령군 대표... 
대한민국 관광사진 공모전 2019 안내 (및 2018 수상작)
"경남 의령 정암 바늘꽃 실시간 개화상황,주차정보,포토존"
여름휴가 경남 계곡 여행지 20가지
늦가을 단풍이 예쁜 고요한 호수 &quot;의령 벽계저수지&quot;
"경남드라이브, 의령 구름다리 뷰가 완전 예뻐!"
의령 현지인맛집 신반닭칼국수
2023 찾아가는 도립미술관 의령 의병박물관 전시 후기
경남 가을 여행은 의령 댑싸리가 이쁜 호국의병의 숲... 
의령 여행지 총정리_16선
경남 의령 댑싸리 - 의령 호국의병의 숲 친수공원 코키아 만나러... 
경남 의령 댑싸리(코키아) 의령호국의병의숲 이색적 풍경에... 
경남의령 솥바위 대박 부자되기 가볼만한곳 드라이브 혼자서... 
[정보] 태안 '故 채광석 시인 추모 시낭송 대회' 성료
미리보는 댑싸리(코키아) 추천 여행지 알아보기!
2020.09.19 의령 남산~둘레길도 걷고 가볍게 산행도 하고
경남 의령 여행지 추천(친수공원 핑크뮬리와 댑싸리(코키아)... 
의령여행 &quot;의령구름다리&quot;
아침마당 이만기 동네한바퀴의 새 얼굴 첫 여행지 부산... 
함안과 의령의 경계에서 만나는 쉼터(feat.군북 월촌마을)
[9월 국내 여행지 추천] 사진 찍기 좋은 9월 포인트 총 10곳 추천
"가을에도 예쁜 경남, 알록달록한 경남으로 랜선 가을여행... "
가볼만항 여행지
국내가볼만한곳  철쭉여행 추천지
의령소바맛집 화정소바
의령여행 의령가볼만한곳 부자되세요 호암이병철생가다녀왔어요
"의령여행, 의령버스터미널부터 시작하다"
[경남 의령 / 의령 랜선 여행] 벽화가 있는 의령 대곡마을에서... 
"[경남/의령] 호암 이병철생가, 그린프로그 카페 가을여행... "
경남 가볼만한곳 의령 한우산 스토리가 있는 도깨비숲... 
"의령 한우산 철쭉, 산이 고운 봄의 색으로 옷을 갈아입었다"
"경상남도, 체류형 힐링여행지 추천"
의령 가볼만한곳 : 한우산 철쭉 설화원 도깨비숲 주차장
경남 의령 가볼만한곳 의령 성황리 소나무 ...
[TV속 정보] 22년 12월 6일 (화) 2TV생생정보... 
"*..경남+부산+울산 추천 여행지, 제주도, 봄 여행지 까지"
의령 가볼만한곳 성황리 소나무 드라마 악귀 나무
경남의령 (댑싸리) 인스타그램핫플 ~!! 가을나들이 장소... 
가족과 함께 봄맞이하기 좋은 의령 유농 오토캠핑장~~
(경남 의령 캠핑장) 가족과 가을 낭만 즐기기 좋은 의령... 
조용한 산책 의령 압곡 마을 전통 한옥 고택 나들이
경남 의령여행/정암철교에서 바라본 의령 정암루 솥바위 :)
의령여행(2) - 의령관문/ 정암루/ 정암 솥바위/ 정암철교/ 해질녘... 
경남 의령 유곡천 변의 맑은 물에 물놀이하며 여름 나기 좋은... 
핑크빛 댑싸리 (코키아)의 수줍은 고백 · 경남 의령 가을... 
"경남 가을 가볼만한 곳, 가우라꽃 가득한 의령 호국의병의 숲"
의령여행 - 의령천을 꽁꽁 얼려버린 추위 속에서 추억의... 
경남 의령 가볼만한곳 가을 데이트 하기 좋은곳 댑싸리... 
[경남 의령] 이병철.구인회.조홍제 생가_관광코스로 조성
[경남 의령 / 의령 랜선 여행] 시원한 산 바람을 마주하며 더위를... 
"의령 추천 여행지, 시원한 전망에 스트레스는 싸악! 한우산... "
경남 의령 계곡 물놀이하기 좋은 벽계 야영장~~
[의령] 부자 기운 가득 받을 수 있는 의령 여행지 (솥바위... 
(허만길) 조선 전기 허원보의 의령군 가례 이주에 따른 지명 형성
[경남 산청 / 산청 랜선 여행] 옛 것을 품으며 오늘을 바라보는... 
6시내고향 망개떡 소고기국밥 발길따라 고향기행 경남 의령... 
[#217] 한국 - 경남 - 합천 : 봄... [봄여행지 / 5월여행지... 
경남 의령 가볼만한곳 국내 당일치기 여행 의령 구름다리
여행 맛집 이야기
대자연의 품 속_국내 캠핑장 Top10
[경남 의령] 은은한 매력이 넘치는 문화의 도시 의령
드라이브하기좋은곳!~ 봄철여행지
의령 전통 시장 먹거리 화정소바 주차장 장날 정보
"경남관광박람회, 3일간 성공적 마무리"
"의령여행 - 의령곤충생태학습관/ 가깝고, 볼거리많고, 저렴한... "
가을바람 따라 떠나는 가을꽃 명소 5선
여행 맛집 이야기
[경남 의령 / 의령 랜선 여행] 댑싸리 익어가는 계절에 찾아본... 
의령 기강나루 댑싸리! 분홍빛 가을이 있는 곳! (의령 명소/의령... 
[경남 의령 / 의령 랜선 여행] 기백이 넘치는 의령... 
가을에 꼭 봐야하는 예쁜 꽃들 부산근교 가을 꽃놀이 명소 추천
경남 의령 관문 정암 충익사 의령천 흔들 다리 피서여행
삼성창업주 이병철회장의 흔적을 찾아 의령여행 - 호암 생가 방문
"경상남도 의령 가볼 만한 곳 - 곽재우 생가, 의령 옥녀봉... "
의령여행 - 현지인과 관광객 모두 좋아하는 의령맛집 &quot;화정소바&quot;
"부산여행지 - 백산기념관, 대한민국 임시정부 27년史"
10월 | 경상도 보라빛 가을꽃놀이(문경 봉천사 일출과 개미취... 
경남 의령 가볼만한곳 추천 - 의령 한우산 도깨비숲 / 의령소바... 
[경남 의령 / 의령 랜선 여행] 봄을 미리 느껴볼 수 있는... 
[의령]의령전통시장 입구 백년가게 모밀면 맛집 화정소바
조용히 물멍하며 쉬어가기 좋은 의령 남천수변공원
대구출발 가을버스여행 의령 댑싸리 핑크뮬리 축제 이병철생가... 
[경남 창녕 / 창녕 랜선 여행] 자연과 함께 어우러진 창녕 우포... 
‘500살 천연기념물’ 감나무서 감 50개 열렸다... 
가볼만한곳 여행코스 인기여행지 BEST 10 관광명소 추천 (+경남)
국토이야기: 곽재우 장군
의령여행 - 솥바위와 정암철교 그리고 정암루(feat.홍의장군... 
경상남도
의령 가볼만한곳 홍의장군축제 이호섭가요제 경남 의령... 
[나여기] 의령 호국의병의숲 친수공원에 댑싸리 보러 가자
[경상남도/의령군] 의령 댑싸리 / 의령 코키아 / 경상남도 여행... 
"경남 의령, 합천 당일치기 데이트 백리벚꽃길 드라이브... "
의령 댑싸리 핑크뮬리 메밀밭이 모여있는 가을 여행지 &amp; 영산... 
2. 하동 코스모스 메밀꽃
[경남맛집기행/경남가볼만한곳]의령여행 맛. 맛. 맛.(3味)여행
"우한폐렴 창궐, 아찔한 의령 여행..."
의령 댑싸리 친수공원 호국의병의숲 핑크뮬리와 가을꽃 만발
"대구 봄바람 여행, 앞산 케이블카의 아름다운 전망"
아싸 신나는 여행 의령 가볼만한곳 여행지 추천 정암루... 
사천대관람차 여름휴가 여행지추천 아이와함께가볼만한곳
"추억을 함께 하세요! 이 가을, 14일간의 경남여행"
"경상남도 의령 여행지 - 정암루(솥바위), 정암철교, 의령관문공원"
"의령 1DAY 여행 코스(feat. 의령맛집, 의령 관광지등 의령에서... "
"경남 의령, 부자의 기운이 느껴지는 명당! 가족과 함께하는... "
깊어가는 가을 낭만 여행지 의령 설뫼 충효 테마파크~~
짠테크 필수템 알뜰교통카드 2023년엔 혜택이 더 좋아진다고?
"[경남 의령 / 의령 랜선 여행] 항일독립운동의 중심, 백산 안희제... "
"봄 여행지 추천, 여행 컨셉 [부자여행] 솥바위 전설따라"
역사적 가치가 높은 국가등록문화재 의령 정암철교
tvN오컬트드라마'악귀'3화4화촬영지배경장소?... 
의령군 궁류면 벽계(찰비)계곡 계곡 - 달콤한여행
국내 당일치기 여행 장소 후회 없었던 5곳 추천!
"부산 근교 여행지 의령 가볼만한곳 - 정암철교, 솥바위, 정암루"
경남 의령 가볼만한곳 인싸들의 사진명소 초록빛 댑싸리... 
경상남도 9월 가을 여행지 추천~* 추석연휴 가볼만한 곳!
황금연휴 임박! 눈으로 떠나기 좋은 드라이브 스루 여행지 13곳
믿음직한 재료로 향토의 맛을 살린 '전국 농가맛집'
창원 근교 물놀이장 물놀이터 의령 서동생활공원
가을 꼭 가봐야 하는 단풍구경 3곳
부산 근교 의령 나들이 :: 수정식당 소고기국밥 맛집 (1탄)
10월 11월 국내 여행 가볼만한곳 막가을 즐기기 좋은 놀거리... 
경남 의령 한우산 철쭉축제와 함께하는 등산코스로의 산행... 
"전국 전통 재래시장, 3일, 8일 오일장날"
[주간조선] 이야기가 있는 소읍(小邑) 기행 3 / 충남 홍성·경남... 
[주간조선] 이야기가 있는 소읍(小邑) 기행 3 / 충남 홍성·경남... 
의령 가을 여행 댑싸리 보러 호국의병의 숲 친수공원
국내 경상도 1박 2일 여행지 추천 가볼 만한 곳 가을 여행
5월 축제 일정표 5월 국내여행지 추천 145곳 모음
경남지역의 봄 축제
의령 구름바위농원 해드니전골
경상남도 봄여행지 2014 : 경남지역 봄꽃축제 봄축제 벚꽃축제... 
울창한 숲길을 산책하며 둘러보기 좋은 의령 수월사
513평(경남땅매매 싼땅 합천땅 의령농지 부동산신사... 
의령 여행 경남 야경 명소 의령구름다리
그 외에 가볼 만한 캠핑여행지
김해허씨 허원보(許元輔) 할아버지
의령 가볼만한 곳 장날 외 볼거리 5곳
[충청신문 주말여행] 부산·경남 가볼만한 곳은? 부산 자갈치... 
당일치기 여행 추천 서울근교 가깝게 갈만한곳 5곳 추천
한여름에도 시원한 의령 한우산에서 별구경하기 (은하수... 
[경남 의령] 은은한 매력이 넘치는 문화의 도시 의령
올해여름 경남가볼만한계곡  해수욕장
의령 가볼 만한 곳 BEST 6
양귀비꽃이 활짝핀 기분좋은 악양 뚝방길 산책 2016 05_경남... 
의령 가볼만한 곳 정암루와 솥바위
[미디어팜] '의령군 자굴산 자연휴양림' 25일 준공
경남 단풍 명소 의령 구름다리 가을 단풍 구경 여행 가볼 만한 곳
(경남여행/의령여행)정암 솥바위에서 의령 남산 산행 이어 타기.... 
"소바, 소머리국밥), 그 맛이 궁금하다!_경남 의령상설시장(3, 8일)"
경남 의령 한우산 철쭉 도깨비숲과 백패킹 후기
"6시내고향 박애리와 떠나는 경남의령 망개떡, 소고기국밥... "
의령절 일붕사 세계최대 동굴법당
커플여행 경남남해계곡여행지 베스트 3탄!!... 
의령댑싸리 주소와 주차장확인하세요
“‘천고’ 두드리며 수능대박 기원하세요”
여행 맛집 이야기
1월 경남여행 : 의령 가볼만한곳 : 의령 구름다리
경남 합천 2022 제1회 황매산 억새축제 (2부)【22년10월15... 
타박타박 걸어서 둘러보기 딱 좋은 의령 백암정
경남 가볼만한곳 5월 꽃구경 합천 핫들생태공원부터 의령 함안... 
경상도 9월 가을여행 장소 추천
아이와 엄마의 힐링 체험농장 의령 구름바위농원~ 시원한... 
'의령여행 한우산' 도깨비숲이 있는 일출명소
전국 8경 및 명승고적 그리고 가볼만한 추천 여행지...
의령전통시장으로 봄나들이 시장투어
창원복사기임대겸경남여행가볼만한곳추천(의령구름다리)... 
경남 의령 10월 가볼만한곳:: 친수공원 호국의병의 숲... 
선녀들이 놀다가는 서암저수지 - 경남 의령
도깨비가 살고 있는 의령 한우산 철쭉도깨비숲 이야기
"의령 가볼만한 곳, 기강 댑싸리 축제 호국의병의 숲 친수공원... "
의령 문화재를 찾아서~ 의령 덕곡서원
의령 전통시장 38장땡 11월 토요장터 날짜 프리마켓 버스킹... 
경남 합천 2022 제1회 황매산 억새축제 (2부)【22년10월15... 
"어디로가볼까?-합천,고령,창녕,의령,함안,창원"
"의령 리치리치 페스티벌 의령 부자축제 일정, 주차장, 체험... "
의령 댑싸리 가득한 호국의병의 숲 친수공원 (with. 의령맛집... 
의령 망개떡 말랑쫜득하게 한입에 순삭 (feat. 남산떡방앗간)
2021 GNTF(경남관광박람회)8기 선발&amp;발대식 후기
경북 의령 맛집- 화정소바; 의령여행에 빠지면 안될 소바맛집
여름 휴가 계획 2 - 부산+울산+경남+제주 (링크)
의령가볼만한곳-의령곤충생태학습관;다양한 놀거리로 알찬... 
대한민국 숙박세일 페스타 2023 숙박대전 여기어때 야놀자... 
바람의 오블리가토를 들으며...신소양공원
[여행 Tip6] 자연휴양림을 아시나요?
가을 단풍 제대로 즐기기 좋은 의령 벽계 야영장~~
여행 맛집 이야기
전경련이 추천한 올 여름 테마여행지 10선 ~ 기업 창업주... 
"드럼세탁기분해청소업체(진주,사천,경남)"
[합천/의령 여행] 신소양체육공원/ 강변식당/ 호국의병의 숲... 
휴가철 가볼만한 국토종주 자전거길 20코스 안내
경상남도 5월축제 2013년 : 경남지역 5월 가족 행사 여행지 추천
경남 비오는날 실내 아이와가볼만한곳 의령 아열대식물원... 
"제46회 의병제전 맞이, 의병박물관의 다채로운 행사 안내"
경상남도 의령 국내 여행지로 추천 명소 가족 여행 추천 코스
가을 몇 개
"[캠핑장 추천] 오토캠핑장(전라도&amp;경상도), 따스한 지역에... "
전국차박여행지1
경남 사천 케이블카 삼천포 사천 바다 케이블카 통합권 (+가격... 
"[내돈내산] 의령여행, 음료 주문하고 보드게임 무료로 즐기자"
의령망개떡 남산떡방앗간 맛있어요(Feat.의령 한우산여행)
"행사정보/하는곳, 5월 봄축제/봄꽃축제/봄여행지추천!"
경남 의령여행#2 원시성과 문화적 가치를 동시에 (유네스코... 
경남 산림휴양 100만명시대 ! 자굴산 자연휴양림과 한우산... 
안 알려진 가족 캠핑여행지 best 19
경남 창녕군으로 떠나는 겨울여행
가을 단풍 즐기기 좋은 의령 벽계 야영장~~
"경남 의령구름다리(주차장, 의병박물관, 의병탑, 충익사) 의령... "
호암 이병철 선생 생가
경상도축제 : 인기 경남 경북 지역 행사 여행지 갈만한곳 추천
여행 맛집 이야기
청춘시대 길몽 칼국수 장수양만 삼대장어 보양식
충남 예산군 네번째로 길다는 예당호 출렁다리
[경남 의령]의령의 새로운 발견 ... 1박 2일 여행기(2)
(의령 가볼 만한 곳) 의령의 역사를 이야기를 살펴볼 수 있는... 
문학의 향기가 배어있는 겨울 여행지 추천
의령 충익사 모과나무와 구골나무목서꽃
[GNTF2022] 창원 경남관광박람회 참석 후기
여행 일지 (1) / 다시 가게 될 거야 &lt;경남 의령&gt;
의령가볼만한곳_이병철 생가
"의령 망개떡 // 딸기, 견과 망개떡 너무 맛있네요 (w.... "
경남 하동 최참판댁 일원에 한옥호텔 조성
여행 맛집 이야기
[의령맛집] 의령 부자망개떡 4번째 내돈내산 후기
"의령맛집, 의령소바 본점 줄 서서 먹는 이유가 있었다"
(의령 가볼 만한 곳) 흐르는 계곡물소리 감상하며 드라이브하기... 
굿모닝대한민국라이브 맛있는인생 의령 소고기국밥 식당 위치... 
봄 여행지 정보 ① 합천편 - 황매산철쭉제/해인사/대장경테마파크
무더위 피해 시원한 계곡 찾으시나요? 의령 찰비 계곡 어떠세요?
경남 의령 한우산 정상 전망대 가을억세의 추억 : 국내여행 #444
전국 은행나무 단풍 명소
국토 내 먹부림 여행지역 알아봐요
의령 가볼만한 곳 / 호암 이병철선생 생가 다녀 왔어용~
"럭셔리 요트 타고, 사찰서 힐링하고… 경남, 1박2일 ‘5색 관광’"
"완전 먹잘알 도시! 소고기국밥부터 가례불고기까지, 의령... "
어린이들이 시원한 물놀이하기 좋은 의령 설뫼 충효 테마파크~~
"김해, 창원, 함안, 의령을 탐방하다."
사천바다케이블카 : 바닥이 투명한 크리스탈 케빈 강추 | 흐린... 
[의령여행/의령가볼만한곳]의령 구름다리-스릴과 낭만이있는... 
의령의 문화와 역사를 한눈에 볼 수 있는 곳 의령 &quot;의병 박물관&quot;
의령 부자바위 정암루 솥바위(경상남도 의령군 의령읍 정암리)..
(의령 물놀이장) 의령 어린이와 함께 물놀이하기 좋은 유농... 
"따시델레 티베트, 나마스테 인도 / 최금평"
토요애 의령농특산물축제  일붕사  정암루  호암이병철생가
가을 국내여행 추천 그 때 그시절 여행 (feat: 한국관광공사)
"주말 의령 여행, 메밀소바 먹고 댑싸리 보고 왔어요"
목도수목원의 봄풍경
"《휠체어 여행》 ‘가을 여행주간’, 어떤 국민에겐 그림의 떡... "
[의령여행] 기암괴석 절벽 아래 은은한 불경소리 남강변 절벽... 
"5th BP - 한우산, 자굴산, 산성산"
의령 &quot;볼거리 먹거리 한 바퀴&quot;
"경남 의령구름다리(주차, 의병박물관, 의병탑, 충익사) 의령... "
2017 가을 여행주간 야간 테마여행 추천코스
의령 가볼만한곳 BEST 7 /  의령 여행(최신)
경남가볼만한곳  창녕 낙동강 남지수변공원과 개비리길 도보여행
의령 가볼만한곳 가을여행 단풍놀이 가기 좋은 일붕사
"창원 근교에서 즐길 수 있는 가을명소 댑싸리와 억새, 핑크뮬리... "
(경남)가볍게 산책하기 좋은 흔들흔들 의령 구름다리공원
경상도 9월 가을여행 장소 추천
[자전거 여행] 아름다운 자전거길 20선!! 여름휴가 때 가 볼... 
안 알려진 가족 캠핑여행지
죽기전에 꼭 가봐야되는 국내여행 명소
[의령여행] 가을단풍이 아름답게 물든 일붕사
하얀 벚꽃 풍경 즐기기 좋은 의령 벽계 야영장~~
[총정리 - 통플러스] 여행·맛집 / 시리즈
[10월가을여행추천] 의령 충익사 의병박물관
[공유] 한우산 철쭉설화원 도깨비숲에서 만난 도깨비
‘2021 경남관광박람회’ 세코에서 개최 5.20.(목)~22.(토)... 
핑크뮬리 댑싸리 마지막 올해 가을 꽃 이야기 Best16 추천... 
"전국 오지캠핑 지도, 애견과 함께 오지캠핑 지도, 알빙, Rving."
&lt;의령여행&gt;일붕 서경보 큰스님의 업적이 가을 고운 단풍으로... 
[경남 함안 여행기-12] 호국의병의숲 친수공원... 
"경남제약 기업정보 (의약품, 건강기능식품 관련주)"
의령 댑싸리 인스타 핫플 의령 호국의병의숲 친수공원
안 알려진 가족 캠핑여행지 best 19
[경남 의령 여행기-3] 충익사 &amp; 의령구름다리
[충익사] 경남/의령
소원 빌며 가족과 함께 둘러보기 좋은 의령 탑바위~~
블챌 주간 10월 넷째 주 일기 (ft. 경상도 1박 2일 여행)
보랏빛 화원 의령 한우산 활공장 진달래 군락
[용용이의 여행 상품 소개] '여행박사'와 함께하는 따듯한 세상... 
[경상남도 비대면 안심 관광지 추천 18선] &quot;올 여름은 경남이다!... 
[의령 가볼만한곳/의령여행] 부자 기운 샘솟는 솥바위!
"별 보기 좋은 곳, 야외 별 명소 추천, 별구경, 별 여행지, 야경... "
"(레저) 도깨비 같은 매력, 의령"
사진찍기 좋은 명소 - 문화체육관광부 추천
"▶의병제전/경남 가볼만한곳 의령소싸움, 달빛낙화놀이... "
"코로나19에도 안전한 여행! │ 여행지 추천, 드라이브 코스 추천"
의령 가볼만한 곳 | 의령 제3경 봉황대 기암괴석의 절경과 일붕사
"거제도 추천 여행지, 장승포항 &amp; 지세포항 :) 포토 S10 5G By... "
의령 천연기념물 중 한 곳인 현고수와 의병 공원~~
"[트래블투데이] 인생 직업을 찾다, 지역 주재기자!"
전국 캠핑장 리스트 (기타 시도)
"[경남여행/의령 의병길]충렬의 고장 의령, 하모니 원정대와 함께... "
"6시내고향 의령 망개떡 택배주문, 소고기국밥 식당, 약초 문의... "
합천 지도를 보면서 합천 여행 계획 알차게 준비해 보세요
의령가볼만한곳 오운마을 옛담장 너머 멈춘시간 운곡재
창녕 아이들과 가볼만한곳 &lt;총 3곳&gt;
경남 충익사(의령) 을 알아보자!!
경남 드라이브 스루 여행코스 13선
의령군 의령읍 의령 청미래체험휴양마을 농.산.어촌 체험... 
트위터와 페이스북을 활용한 군정 홍보(소통)활동 제안
가을 데이트 코스 추천! 아름다운 우리강 탐방로 100선
[출발! 강변 여행] 함안 합강정 은행나무 단풍
"신징비록(新懲毖錄)25, 빛나는구나,경상우도 의병의 충의이여!"
4월 축제 일정  확인하고 축제 즐기자!
정암루 - 도도히 흐르는 남강에 마음을 띄우고...
충익사 - 곽재우 장군의 숨결이 느껴지는 충익사
[2019 GNTF 서포터즈 6기] 의령을 소개합니다!     -2탄-
의령군 의령읍 의령 리치리치 페스티벌(의령 부자축제)... 
여행 맛집 이야기
경남 산청 여행-문익점 목화씨의 목면시배유지 (아이들과... 
조씨고가 - 曺氏(조씨) 총가집 가옥
탑바위 - 곽재우 장군의 전승지로 유명
여행홈페이지 제작도 김해 악수하는 사람들 ! 구석 구석... 
성황리 삼층석탑 - 성황리 삼층석탑
"10.19(목) 세상의 모든 정보, 오늘의 똑똑한 뉴스"
곽망우당유물 - 곽망우당유물
현고수 - 북을 매단 나무...의병을 모아 조련
"경상남도, ‘경남의 걷고싶은 길’"
의령예술촌 전통문화체험시설 의령여행
"자연학습의 천국,  의령 곤충 생태 학습관"
보천사지 삼층석탑 - 기단부의 구성에 특수한 수법을 고안한 탑
5월 여행지추천 5월 축제하는곳 175곳 모음 5월 축제가볼만한곳
[경남마이스루키2기_천현경] Rookie의 여행 3탄 - 함안... 
5월 꽃축제장 전국서 오픈 : 함양 의령 서울 등
[수상스포츠] 01.전국 계곡 주소록_228건 (전국 계곡 정보/여름... 
[1박2일 여행지 추천]1박2일 여행지-200여 곳 모음
[2박3일여행지추천]2박3일여행지 추천-100여 곳 모음
의령성황리의소나무 - 해방을 희망하던 의령성황리의 소나무
경남보호수 / 합천 묘산면 소나무/ 야로면 느티나무/ 의령... 
"[의령여행] 기네스북 등재, 의령 일붕사"
전원주택 원두막 경상북도 영주군 설치 사례입니다.
.물소리·새소리에 힐링이 절로 … 신선놀음 따로 없네
우리나라 휴가지 전체
의령팸투어 -경남 의령 구석구석 돌아보기 (3)/의령3대인물탐방... 
평촌리에서
4월축제 고양국제꽃박람회 남이섬벚꽃축제
물소리·새소리에 힐링이 절로 … 신선놀음 따로 없네
의령 아열대식물원- 유리온실에 아열대식물 280종
여름 휴가 여행길
뒤늦게 떠나는 여름휴가~  나를 위한 여행지
"찬란한 여름, 초록 자연 속에서 캠핑!"
함안 반려견 동반 산책 / 악양생태공원 / 핑크뮬리
함안 악양 둑방길(경남 함안군)
경남지역 여름 휴가 ‘힐링 숙박여행 명소 30선’
늦가을 정취 즐기며 둘러보기 좋은 의령 고산재~~
호미산성 - 호미산성
경남 의창구 CJ헬로비전 인터넷가입하면 사은품이 현금으로!
"여행박사, “클릭 한 번으로 해외여행을 선물하세요” 이벤트"
서울서 2시간 이내…천연동굴 앞에 가면 '오싹'
부부가 함께하는 맛있는 여행
자굴산휴게소매점 :: 고속도로휴게소
소바로 유명한 경남 의령 맛집 세 곳 비교체험기
"부가 흐른 땅, 경남 의령"
관광공사가 추천하는 8월의 계곡 나들이
[여행 전 조사] 사천 바다 케이블카/ 아라마루아쿠아리움... 
전국 철죽축제 : 인기 철죽꽃 축제 명산 추천
[경상남도 사천시/산청군] 경상남도이외에도 어디에서든... 
대구 / 경북
&lt;블로그에 글 쓰기&gt;
"의령 자유여행 가볼만한곳 :: 의령구름다리, 한우산, 수암55... "
"추억을 함께 하세요! 이 가을, 14일간의 경남여행"
(전북여행/정읍 전주 익산 여행)1박2일 전북 정읍 전주 익산... 
"가을여행, 의령관광, 의령여행, 의령명소, 의령 가볼만 한 곳... "
인천/부자축제 /나훈아콘서트/일본/영화/축구/인간극장 등
의령 가볼만한곳 의병광장 시대의 과객 붉은도포 천강 홍의... 
무럭무럭 :: 5월 축제 가볼만한 곳
EverMoon Story :: 5월 축제 가볼만한 곳
[2020년 영남권 최고의 여행지 13選 | 경상남도]
경상
남파랑길 부산 3코스(영도대교 버스정류장~감천 사거리)
철쭉축제 : 인기 철쭉꽃 축제 명산 추천
"의령 가볼만한곳,역사속으로~충익사와 의병박물관"
[밀양④] 밀양 가볼 만한 곳 베스트5
캠핑장 오토 캠핑장 추천 야영장 1244곳 전국모음
경상도 철쭉축제 2014 : 부산 울산 대구 경남 경북 철쭉제... 
더위 탈출 계곡 피서지 10선
가을여행 코스 의령댑싸리 핑크뮬리 가볼만한 곳
5월2일(월)헤드라인뉴스 HeadlineNews
[가볼 만한 곳] 흐르는 물에 시름도 저 멀리 흘러가라
때묻지 않은 자연을 품은 의령에서 맞이한 가을
"알빙, 알빙캠핑, RVing."
"[이동식목조주택]여수 싱글2 제작과정 및 설치,시공"
[이슈+] 더위 탈출 계곡 피서지 10선
석오 이동녕 선생에게 길을 묻다 토크 콘서트... 
경상북도 구미시 금오저수지 (금오산저수지) 자연생태관광지... 
[ GNTF ] 2021 여행 트렌드 B.E.T.W.E.E.N !
[경남을 가다] 작가와 떠나는 경남 산책
대전비디오테이프변환  /정직한  합법적으로  비디오테이프변환
"아이들과 의령 한우산, 도깨비공원, 의령맛집까지"
장애인/노인을 위한 돌봄여행 서비스-경남지역
더위 탈출 계곡 피서지 10선 여행
아름다운 자전거실 100선 (행자부)
2009년 7월 30일 오전 6시 48분에 저장한 글입니다.
마산피부관리실/창원시마산합포구해운동경남대앞피부관리의명... 
"전국 4,100개소 무료 캠핑장 및 야영장(유료 야영,캠핑장)"
의령 댑싸리 일몰까지 완벽해 매력적이야(부산근교10월여행)
[이야기가 있는 소읍(小邑) 기행] 홍성·의령 - 주간조선
창녕 인문.자연.우포늪 람사르국제협약 첫 습지도시 등극... 
[의령맛집] 종로식당 의령소바 망개떡
골목길 숨어있는 매력적인 골목길 #전국편
150만원 안으로갈수있는여행지 보상만족도를
산청곶감축제 산청가볼만한곳 산청9경
"창녕만년교, 우리시대 핫플 만년동안 영원한 백성들의 바램... "
포천 칼국수 의외의 맛을 보여주는곳
[당일 여행]당일 여행코스-200여 곳 모음
김두규 교수의 &quot;우리 문화 우리 풍수&quot;
2018 항노화산업박람회 :  개최후기/기록 2018AAGE summary
경상남도야영장
함안 뚝방길 양귀비꽃 때늦은 꽃길...(2017.05.27)
"봄 여행주간, 특별한 보통날을 만나보세요-2018 봄 여행주간... "
"전경련, 휴가철 '국내 테마여행 10선' 추천"
"경상남도 한국 드라마, 영화 촬영장소"
대한민국 17개 광역시도 및 229개 시군구 홈페이지 일람
드론 신문이여!~ ( 의령 옥수수 소개 / 섬마을 드론배송... 
[라디오 재구성] (4) 2016년 9월 둘째 주
(전시회) 2016 대한민국 국제 관광박람회(in KINTEX)
남파랑길 부산3구간
"함안군, 대산면 장포마을"
경상남도 어린이날 행사 갈만한곳 축제 추천 (2013년)
의령가볼만한곳..#벽화산수암사#의령구름다리... 
이 계절에 딱! 자전거로 하는 농촌 여행!
주말에 어디 갈까(6)남강 따라 가는 그룹 창업주 생가
"[의령여행] 기네스북 등재, 의령 일붕사"
메리츠더알뜰한건강보험 인기폭발 매월납부금액이
길위에 서다
"봄 여행주간, 다채로운 지역 행사 속으로 ‘탁’ 떠나세요... "
"4. 나의 가족, 은퇴후 이야기, 감사하는 마음"
生氣는 땅 속에 흐른다
[오마이뉴스 - 좋은것들 / 시리즈모음] 오래된 마을 옛담을... 
대한민국 봄 속으로 ‘탁’ 떠나세요- 봄 여행주간 4. 29.∼5.... 
가을에 떠나는 1박 2일 기차여행
전국 무료 차박지 캠핑지 추천
아이나비641 Ver 06.09.01 - 지도데이터 (2006-09-20)
스크린 속 가을 드라이브 코스 Best5
사천시 사천읍 사천읍성 성 - 달콤한여행
부산광역시 중구 부산명물횟집 한식 - 달콤한여행
익산시 금마면 서동공원 공원 - 달콤한여행
근데 공사비가 150만원이라는데 공사비용 저희가 다 내... 
임금근로자 절반 월급 200만원 아래 참고하시면
정품 정품 가죽 레더숄더백150만원짜리 정말 저렴하게드림... 
200만원으로도 펀드가능한가요 어뭉들실비
200만원대 5부다반지 가격 만나보기 가격비교좀
150만원짜리 usb 상급병실료의료실비
[동해]천곡동 2곳 가스공급 최대 150만원씩 지원 좋은가요아니면
사람이 좋다 민 과거 무명 시절 언급 아내 친구에게 150만원... 
폭행 논란 배우 정운택 대리기사에 150만원 배상 건강진단하면
버스대절 결혼식/워크숍/산악회/동창회/야유회/전세버스대절... 
침대 2인용 구입가 200만원짜리 침대 저렴하게 판매합니다... 
[완료]레조 01년식 150만원 개인직거래 의료비용도
40대주자리로 한달에200만원 벌고있어요 예비부모들의
차 판매명장 포상금 300만원 기부 훈훈 문의의료실비비교추천
맞춤정장맞춤예복 과 캐시미어100 맞춤코트 세트 150만원... 
포터2 2004년식 300만원 온라인상담시
차 차량 리모델링 참가자 모집150만원 상당 중복되는건
2만원짜리 짝퉁 부품 200만원에 납품간 큰 군수업자 구속 기소... 
[월세] 괴정동 케빌아파트 투룸 월세요 보증금 500만원... 
영상포토 뉴스-3월16일 수요일
사회초년생 월급 150만원 재태크 어떻게해야 할까요... 
200만원선 중고차 준비해야될
다음달 15일까지 고용산재보험 보수총액 신고해야과태료... 
서울 송파구 시장 음식점에서 불재산피해 300만원 특약구성시
몸값150만원 불포함제도개선
신상품 3인기준 150만원 리클라이너 레스티 출시 가입절차가
500만원으로 중고차를 구매 하고자 합니다 성형술이런건
막말 이메일 논란 성 전 이사장 벌금 150만원 약식기소... 
평창올림픽 입장권 가격 확정 개회식 A등급 좌석 150만원... 
2007년식 A6 32 콰트로 F 이유있는... 
캠핑장정보
월급150만원 관리 질문합니다 보장강화형
강남원룸전세강남 원룸전세 1억 또는... 
300만원대 중고차 뉴쎄라토 생명운전자실비
뉴 중고차 시세 200만원대중고차 부담보설정에
집에서 할수있는 알바 안정적인 월200만원 수익 거짓말임돠
지엠 새해 새출발 캠페인 최대 200만원 할인 가족운전한정특약
고흥 폐암 환자 의료비 최대 200만원 확대 지원... 
여유자금7000만원 굴리기월150만원투자하기 플러스행복제테
300만원대 로드자전거 메리츠농협이
[분당정자동상가임대]정자역상가임대40평1억500만원 ci종신과
본오동 부동산에 오시면 됩니다실입주금2500만원... 
서울중앙지법 2015고정3623 음주측정 불응 벌금 500만원... 
피자 건강보험진단 결과분석1996 1996 건설용기계
영양 남씨의 연원
우리 고장의 장군을 모신 국내 여행지 :: 청도 금호서원
인심 좋은 부자마을에서 촌캉스와 감성 캠핑 즐겨볼까? 의령... 
신안커피자판기렌탈 동구전자걸로 빨리 설치해 주세요
"2023년 3월 전국 축제 일정 (동백꽃 주꾸미축제, 진해군항제... "
남강 따라 달리는 길에서 만나는 즐거움...의령 나루마을
골프장 사이트 모음
고향 경남 의령 의령쌀빵집... 수암55 의령군 여행지코스... 
"의령군, 경남관광박람회‘의령칼라점빵’우수상 수상"
"의령군, 경남관광박람회서 우수상 수상"
"의령시장, 이병철 생가 [ 의령여행, 경남 의령군, 의령 맛집... "
의령 신포숲의 꽃무릇 개화 ..  [경남 의령여행]
"의령군 여행, 한국의 역사와 자연을 만나다"
생생정보 이만기의고향 경남... 스타의고향추천 여행지맛집
5개의 의령가볼만한곳 국내여행지
300억 들인 천혜의 '의령군 자굴산 자연휴양림' 준공
"충의의 고장 의령 여행의 시작점, 솥바위 정암철교  _ 경남 의령"
[국내여행] 가을에 가장아름답게 피어나는 댑싸리 여행지... 
경남 의령 함께 가볼만한곳 여행 좋은 관광지
전국 여행지
진주여행 경남 진주공원 진양호 호반 전망대 최단 주차장 팁
의령 한우산 철쭉과 도깨비숲 의령 가볼만한곳
"한우산 철쭉, MBC경남 &lt;진짜배기&gt;에서 만나다."
[의령 가 볼 만한 곳] 댑싸리 명소 의령 호국의병의숲 친수공원
국산 먹부림 국내여행지 알아봐요
국지 내 먹부림 여행 경유지 알아봐요
국내산 먹부림 국내관광지 알아봐요
국내 소재 먹부림 관광 명소 알아봐요
내지방 먹부림 관광 도시 알아봐요
경남 관광박람회 &quot;의령점빵으로 의령9경 오세요&quot;
50만대출 관악 급한 불 끄세요
국내산 먹부림 휴양지 알아봐요
[의령 명소] 의령 가볼 만한 곳! 댑싸리+핑크뮬리+갈대밭... 
경남 의령의 아름다운 숨은 힐링명소 추천 봉황사 절벽에... 
소바의 성지 원조의령소바 너무 유명해서 먹을 수 밖에 없었어요~
[국내여행] 별이 빛나는 밤: 은하수 명소 추천!
6시 내고향 의령 소고기국밥 맛집 중동식당 짚풀공예 체험... 
창녕 가볼만한곳 낙동강 비경 따라 걷는 길 창녕 남지... 
제주사랑방/깡촌흑돼지위미점
제주도펜션 힐링하기 좋은 기린리조트 서산에서 제주까지
2023~2024 '의령 방문의 해'...방문객 800만 목표
국내 지방 먹부림 국내관광지 알아봐요
경남 창녕 가볼만한곳/ 여름 억새와 코스모스 꽃길 남지수변... 
내수 먹부림 여행 명소 알아봐요
"[경남] 의령 맛집, 종로식당 : 60년 전통 현지인 소고기국밥... "
국내 지리 먹부림 관광명소지 알아봐요
"[의령여행] 산책하기 좋은 곳, 의령의 신비, 부자 바위 '솥바위'"
계곡에 `풍덩`...으메 좋은거
경남 통영 CJ헬로비전 인터넷가입 인터넷전화 tv 현금사은품... 
중국 간쑤성 단 +설악산 설경+한라산 백록담 +서울의 여름... 
[경남] &quot;2012 제 16회 합천 황매산 철쭉제&quot;
내면 먹부림 관광지 알아봐요
우리나라 모든 산 높이 (랭킹 순)
의령 여행 가볼만한 곳 가을 빛에 물든 홍의장군 충익사와... 
[여행] 천의 얼굴 ‘우포늪’의 고장 경남 창녕군
경남의령 부귀의 땅
"here, UR 여기, 의령에서 한 달 여행하기 참가자 ‘호응’"
【영상컬럼】오늘의 포토뉴스[08/04/28]
부산광역시 영도구 LG헬로비전 인터넷설치 사은품 빵빵
[여행]고즈넉한 풍경과 소박함이 어우러진 '좁은 내‘…경남 합천
7-392c. 氣가 팍팍  氣가 산다  氣찬 여행
"경상남도 양산, (삽량),"
밀양여행코스 밀양여행코스
@두 번째 미션 &lt;너와 나의 경상남도! 어디까지 알고 있니?... 
타오바오구매대행 전문 판다차이나 업체 이용하세요!
여름 체험학습여행
막말 이메일 논란 성 전 이사장 벌금 150만원 약식기소... 
평창올림픽 입장권 가격 확정 개회식 A등급 좌석 150만원... 
2007년식 A6 32 콰트로 F 이유있는... 
캠핑장정보
월급150만원 관리 질문합니다 보장강화형
강남원룸전세강남 원룸전세 1억 또는... 
300만원대 중고차 뉴쎄라토 생명운전자실비
뉴 중고차 시세 200만원대중고차 부담보설정에
집에서 할수있는 알바 안정적인 월200만원 수익 거짓말임돠
지엠 새해 새출발 캠페인 최대 200만원 할인 가족운전한정특약
고흥 폐암 환자 의료비 최대 200만원 확대 지원... 
여유자금7000만원 굴리기월150만원투자하기 플러스행복제테
300만원대 로드자전거 메리츠농협이
[분당정자동상가임대]정자역상가임대40평1억500만원 ci종신과
본오동 부동산에 오시면 됩니다실입주금2500만원... 
서울중앙지법 2015고정3623 음주측정 불응 벌금 500만원... 
피자 건강보험진단 결과분석1996 1996 건설용기계
영양 남씨의 연원
우리 고장의 장군을 모신 국내 여행지 :: 청도 금호서원
인심 좋은 부자마을에서 촌캉스와 감성 캠핑 즐겨볼까? 의령... 
신안커피자판기렌탈 동구전자걸로 빨리 설치해 주세요
"2023년 3월 전국 축제 일정 (동백꽃 주꾸미축제, 진해군항제... "
남강 따라 달리는 길에서 만나는 즐거움...의령 나루마을
골프장 사이트 모음
고향 경남 의령 의령쌀빵집... 수암55 의령군 여행지코스... 
"의령군, 경남관광박람회‘의령칼라점빵’우수상 수상"
"의령군, 경남관광박람회서 우수상 수상"
"의령시장, 이병철 생가 [ 의령여행, 경남 의령군, 의령 맛집... "
의령 신포숲의 꽃무릇 개화 ..  [경남 의령여행]
"의령군 여행, 한국의 역사와 자연을 만나다"
생생정보 이만기의고향 경남... 스타의고향추천 여행지맛집
5개의 의령가볼만한곳 국내여행지
300억 들인 천혜의 '의령군 자굴산 자연휴양림' 준공
"충의의 고장 의령 여행의 시작점, 솥바위 정암철교  _ 경남 의령"
[국내여행] 가을에 가장아름답게 피어나는 댑싸리 여행지... 
경남 의령 함께 가볼만한곳 여행 좋은 관광지
전국 여행지
진주여행 경남 진주공원 진양호 호반 전망대 최단 주차장 팁
의령 한우산 철쭉과 도깨비숲 의령 가볼만한곳
"한우산 철쭉, MBC경남 &lt;진짜배기&gt;에서 만나다."
[의령 가 볼 만한 곳] 댑싸리 명소 의령 호국의병의숲 친수공원
국산 먹부림 국내여행지 알아봐요
국지 내 먹부림 여행 경유지 알아봐요
국내산 먹부림 국내관광지 알아봐요
국내 소재 먹부림 관광 명소 알아봐요
내지방 먹부림 관광 도시 알아봐요
경남 관광박람회 &quot;의령점빵으로 의령9경 오세요&quot;
50만대출 관악 급한 불 끄세요
국내산 먹부림 휴양지 알아봐요
[의령 명소] 의령 가볼 만한 곳! 댑싸리+핑크뮬리+갈대밭... 
경남 의령의 아름다운 숨은 힐링명소 추천 봉황사 절벽에... 
소바의 성지 원조의령소바 너무 유명해서 먹을 수 밖에 없었어요~
[국내여행] 별이 빛나는 밤: 은하수 명소 추천!
6시 내고향 의령 소고기국밥 맛집 중동식당 짚풀공예 체험... 
창녕 가볼만한곳 낙동강 비경 따라 걷는 길 창녕 남지... 
제주사랑방/깡촌흑돼지위미점
제주도펜션 힐링하기 좋은 기린리조트 서산에서 제주까지
2023~2024 '의령 방문의 해'...방문객 800만 목표
국내 지방 먹부림 국내관광지 알아봐요
경남 창녕 가볼만한곳/ 여름 억새와 코스모스 꽃길 남지수변... 
내수 먹부림 여행 명소 알아봐요
"[경남] 의령 맛집, 종로식당 : 60년 전통 현지인 소고기국밥... "
국내 지리 먹부림 관광명소지 알아봐요
"[의령여행] 산책하기 좋은 곳, 의령의 신비, 부자 바위 '솥바위'"
계곡에 `풍덩`...으메 좋은거
경남 통영 CJ헬로비전 인터넷가입 인터넷전화 tv 현금사은품... 
중국 간쑤성 단 +설악산 설경+한라산 백록담 +서울의 여름... 
[경남] &quot;2012 제 16회 합천 황매산 철쭉제&quot;
내면 먹부림 관광지 알아봐요
우리나라 모든 산 높이 (랭킹 순)
의령 여행 가볼만한 곳 가을 빛에 물든 홍의장군 충익사와... 
[여행] 천의 얼굴 ‘우포늪’의 고장 경남 창녕군
경남의령 부귀의 땅
"here, UR 여기, 의령에서 한 달 여행하기 참가자 ‘호응’"
【영상컬럼】오늘의 포토뉴스[08/04/28]
부산광역시 영도구 LG헬로비전 인터넷설치 사은품 빵빵
[여행]고즈넉한 풍경과 소박함이 어우러진 '좁은 내‘…경남 합천
7-392c. 氣가 팍팍  氣가 산다  氣찬 여행
"경상남도 양산, (삽량),"
밀양여행코스 밀양여행코스
@두 번째 미션 &lt;너와 나의 경상남도! 어디까지 알고 있니?... 
타오바오구매대행 전문 판다차이나 업체 이용하세요!
여름 체험학습여행
막말 이메일 논란 성 전 이사장 벌금 150만원 약식기소... 
평창올림픽 입장권 가격 확정 개회식 A등급 좌석 150만원... 
2007년식 A6 32 콰트로 F 이유있는... 
캠핑장정보
월급150만원 관리 질문합니다 보장강화형
강남원룸전세강남 원룸전세 1억 또는... 
300만원대 중고차 뉴쎄라토 생명운전자실비
뉴 중고차 시세 200만원대중고차 부담보설정에
집에서 할수있는 알바 안정적인 월200만원 수익 거짓말임돠
지엠 새해 새출발 캠페인 최대 200만원 할인 가족운전한정특약
고흥 폐암 환자 의료비 최대 200만원 확대 지원... 
여유자금7000만원 굴리기월150만원투자하기 플러스행복제테
300만원대 로드자전거 메리츠농협이
[분당정자동상가임대]정자역상가임대40평1억500만원 ci종신과
본오동 부동산에 오시면 됩니다실입주금2500만원... 
서울중앙지법 2015고정3623 음주측정 불응 벌금 500만원... 
피자 건강보험진단 결과분석1996 1996 건설용기계
영양 남씨의 연원
우리 고장의 장군을 모신 국내 여행지 :: 청도 금호서원
인심 좋은 부자마을에서 촌캉스와 감성 캠핑 즐겨볼까? 의령... 
신안커피자판기렌탈 동구전자걸로 빨리 설치해 주세요
"2023년 3월 전국 축제 일정 (동백꽃 주꾸미축제, 진해군항제... "
남강 따라 달리는 길에서 만나는 즐거움...의령 나루마을
골프장 사이트 모음
고향 경남 의령 의령쌀빵집... 수암55 의령군 여행지코스... 
"의령군, 경남관광박람회‘의령칼라점빵’우수상 수상"
"의령군, 경남관광박람회서 우수상 수상"
"의령시장, 이병철 생가 [ 의령여행, 경남 의령군, 의령 맛집... "
의령 신포숲의 꽃무릇 개화 ..  [경남 의령여행]
"의령군 여행, 한국의 역사와 자연을 만나다"
생생정보 이만기의고향 경남... 스타의고향추천 여행지맛집
5개의 의령가볼만한곳 국내여행지
300억 들인 천혜의 '의령군 자굴산 자연휴양림' 준공
"충의의 고장 의령 여행의 시작점, 솥바위 정암철교  _ 경남 의령"
[국내여행] 가을에 가장아름답게 피어나는 댑싸리 여행지... 
경남 의령 함께 가볼만한곳 여행 좋은 관광지
전국 여행지
진주여행 경남 진주공원 진양호 호반 전망대 최단 주차장 팁
의령 한우산 철쭉과 도깨비숲 의령 가볼만한곳
"한우산 철쭉, MBC경남 &lt;진짜배기&gt;에서 만나다."
[의령 가 볼 만한 곳] 댑싸리 명소 의령 호국의병의숲 친수공원
국산 먹부림 국내여행지 알아봐요
국지 내 먹부림 여행 경유지 알아봐요
국내산 먹부림 국내관광지 알아봐요
국내 소재 먹부림 관광 명소 알아봐요
내지방 먹부림 관광 도시 알아봐요
경남 관광박람회 &quot;의령점빵으로 의령9경 오세요&quot;
50만대출 관악 급한 불 끄세요
국내산 먹부림 휴양지 알아봐요
[의령 명소] 의령 가볼 만한 곳! 댑싸리+핑크뮬리+갈대밭... 
경남 의령의 아름다운 숨은 힐링명소 추천 봉황사 절벽에... 
소바의 성지 원조의령소바 너무 유명해서 먹을 수 밖에 없었어요~
[국내여행] 별이 빛나는 밤: 은하수 명소 추천!
6시 내고향 의령 소고기국밥 맛집 중동식당 짚풀공예 체험... 
창녕 가볼만한곳 낙동강 비경 따라 걷는 길 창녕 남지... 
제주사랑방/깡촌흑돼지위미점
제주도펜션 힐링하기 좋은 기린리조트 서산에서 제주까지
2023~2024 '의령 방문의 해'...방문객 800만 목표
국내 지방 먹부림 국내관광지 알아봐요
경남 창녕 가볼만한곳/ 여름 억새와 코스모스 꽃길 남지수변... 
내수 먹부림 여행 명소 알아봐요
"[경남] 의령 맛집, 종로식당 : 60년 전통 현지인 소고기국밥... "
국내 지리 먹부림 관광명소지 알아봐요
"[의령여행] 산책하기 좋은 곳, 의령의 신비, 부자 바위 '솥바위'"
계곡에 `풍덩`...으메 좋은거
경남 통영 CJ헬로비전 인터넷가입 인터넷전화 tv 현금사은품... 
중국 간쑤성 단 +설악산 설경+한라산 백록담 +서울의 여름... 
[경남] &quot;2012 제 16회 합천 황매산 철쭉제&quot;
내면 먹부림 관광지 알아봐요
우리나라 모든 산 높이 (랭킹 순)
의령 여행 가볼만한 곳 가을 빛에 물든 홍의장군 충익사와... 
[여행] 천의 얼굴 ‘우포늪’의 고장 경남 창녕군
경남의령 부귀의 땅
"here, UR 여기, 의령에서 한 달 여행하기 참가자 ‘호응’"
【영상컬럼】오늘의 포토뉴스[08/04/28]
부산광역시 영도구 LG헬로비전 인터넷설치 사은품 빵빵
[여행]고즈넉한 풍경과 소박함이 어우러진 '좁은 내‘…경남 합천
7-392c. 氣가 팍팍  氣가 산다  氣찬 여행
"경상남도 양산, (삽량),"
밀양여행코스 밀양여행코스
@두 번째 미션 &lt;너와 나의 경상남도! 어디까지 알고 있니?... 
타오바오구매대행 전문 판다차이나 업체 이용하세요!
여름 체험학습여행
