"가볼만한 경남 여행지.... 진주시, 밀양시, 양산시, 창녕군편)"
"[경남 밀양 / 밀양 랜선 여행]... 인증 밀양시, 맑은공기체험교육... "
[경남 밀양시] 트윈 터널 / 아기와 가기 좋은 실내 여행지 추천!
[경남/밀양시] 에버미라클호텔 :: 얼음골 노천탕이 있는 자쿠지... 
경남 밀양시 가볼만한곳 일몰명소 밀양8경 영남루
밀양시] 해천항일운동테마거리 / 경남밀양여행 / 밀양여행지... 
경남 밀양시 삼문동 밀양강조망 근생시설3층건물
경남 밀양시 전국에서 가장 아름다운 저수지 위양지
경남 밀양시 여행 신남강댐 방문
"밀양 만어사 TV 속 그 장소, 경남 여행지 추천"
▶[경남]밀양시 여행지&amp;보성볼거리
"국내 1박 2일 봄여행지, 두근두근 경남 밀양 가볼만한곳"
[경남 밀양 / 밀양 랜선 여행] 경남 밀양시의 아름다운... 
"경남 밀양 여행, 힐링... 좋은 밀양 가볼 만한 추천 여행지 5!"
[경남/밀양시] 표충사 :: 당일치기 여행 코스로 추천하는 단풍... 
경남 여행 밀양시 산책하기좋은곳 자연의 선물
경남 밀양시 가볼만한곳 밀양시내가 한눈에 보이는 아름다운... 
여행이좋다 :: 밀양 여행지 맛집 추천... 경상남도 밀양시... 
경남 여행 밀양 가볼만한곳 3월 국내 여행지 추천 영남루
밀양 강가오토캠핑장-경남 밀양시
"경남 밀양시 (참샘허브나라 불빛축제, 허브축제)"
경남 가을 여행지 밀양 위양지에도 가을이 왔어요.
경남여행지추천 밀양참샘허브나라 불빛축제 &amp; 영남루
경남여행지 추천 나누고 즐기는 밀양아리랑대축제
[밀양시 여행갈때] 밀양시 공식 관광홈페이지&amp;경남관광기념품점... 
[경남/밀양시] 산외꽃담뜰 :: 부산 근교 당일치기 가을꽃... 
"경남 밀양시 (영남루, 아랑각, 작곡가 박시춘생가, 무봉사)"
[경남/밀양시] 삼문 송림길 :: 부산 근교 가을꽃 구절초 구경... 
[경남/밀양시] 아리랑 대공원 :: 부산 근교 가을꽃 구절초와... 
경남 밀양 여행 가볼만한곳 월연정 은행나무 주말 국내 여행지... 
11월 가볼만한 경남 ‘만추’ 여행지 6곳
경남 밀양 가볼만 한곳... 주차장 부산근교 대구근교 여행지
여행 드라이브 코스 경남 나들이 사진찍기 좋은곳 가을 여행지
이팝나무 꽃 활짝 핀 5월 여행지 경남 가볼 만한 '밀양 위양지'
경상남도 여행지의 모든 것 by.부산경남여행 전문블로거
[경남 밀양 / 밀양 랜선 여행] 삼랑진 작원관지 주변 노을
경남 밀양 위양지 위양못... 부산 대구 근교 가을 여행지
경남 가을여행 가볼만한곳 10월 11월 국내여행지베스트10
비 오는 날 가기 좋은 부산 울산 경남 여행지 추천
"경남 밀양 가볼 만한 곳... 위양지, 겨울 체험학습 여행지 추천"
밀양 영남루 주차 부산근교여행지 경남드라이브 코스
[경남 밀양] 허브 향 따라가다... 만나는 파라다이스 같은 여행지
"대구 근교 여행지 경남 밀양 가볼만한곳 위양지, 금시당... "
"경남 밀양 여행 가볼만한곳 위양지, 밀양아리랑천문대... "
해바라기 꽃단지 '산외꽃담뜰' 꽃구경하기 좋은 경남 가을여행지
밀양여행 밀양관아 무료 한복체험 및 위양지 포토존 경남... 
[경남 밀양/ 밀양 랜선 여행]... 겨울여행지 밀양 새로운 명소... 
"경남 밀양, 산책하기 좋은 밀양여행지 위양지&amp;완재정(宛在亭)"
2023 밀양 방문의 해 국내 1박2일 여행지 경남 가볼만한곳
경남 밀양 가을에 가볼만한곳... 대구 근교 11월 단풍 여행지
"경남 밀양 이색 여행지, 빛과 소금의 땅 밀양 명례성지"
경남 가볼만한곳 봄 여행지 추천 밀양 위양지 이팝나무
밀양 가을 여행지 천년고찰 표충사의 가을을 만나보세요!
[경남 밀양 / 밀양 랜선 여행] 경남 가을철 가볼만한 곳으로... 
"국내 가을여행지 경북 경남 댑싸리, 핑크뮬리, 단풍 명소"
[경남 밀양 / 밀양 랜선 여행] 밀양 삼문동 송림공원 맥문동... 
여름 국내 여행지 추천 경남 밀양 가볼만한곳 얼음골 호박소... 
도심 속 여행지 경남밀양관아 노을에 물들다
밀양 만어사 두드리면 종소리나는 돌. 경남 여행지 추천
국내 여행지 추천 경남 밀양 가볼만한곳 영남루와 아리랑... 
[홍보단 소식] 내가 가본 최고의 경남 여행지 - 얼음골... 
은행나무 명소 절정 시기 경남 가볼만한곳 가을 여행지 주차팁
밀양 표충사 경남 가을 여행지 추천 가볼만한 곳
"부산 근교 3월 여행지, 경남 매화 명소 밀양 향교 실시간... "
[밀양여행] 경남여행 밀양여행 5월 여행지추천“위양지”
경남 여행지 추천 주말 여행 체험 공방 데이트 코스 미리미동국
밀양 표충사  부산 근교 힐링 여행지 유명 사찰 당일치기 경남... 
"밀양 , 기억에 남는 여행지(당일치기 여행코스)"
"경남 어린이와 함께 여름 여행지, 밀양트윈터널"
밀양가볼만한곳 얼음골 계곡 결빙지 가마불폭포 경남여름여행지
여행이좋다 :: 밀양 여행지 추천 이번에 다녀온 경남... 
경남 여행지 당일치기 가볼만한곳 5곳 추천해요
[경남 밀양 / 밀양 랜선 여행] 한적하고 조용한 힐링 여행지... 
국내여행지 2023년 밀양방문의해 밀양 향교 선비풍류 공연관람
밀양 위양지 주차장 포토존 경남 여행 가볼만한곳
밀양 작원관지 에서 낙동강을 한눈에 담다 경남여행지 추천
[경남 여행지 / 안심여행지] 경남 워케이션하기 좋은 곳
밀양 물놀이 금시당 유원지 부산 대구 근교 휴가철 밀양여행지... 
[경남 밀양 / 밀양 랜선 여행] '토종작물 테마전시포' 개방행사... 
경남 계곡 추천 국내여행지베스트10 여름 가볼만한곳
부산근교 밀양 여름 여행지 경남 가볼만한곳 추천 리스트
경남 밀양 영남루 맛집 만두맛집 솔밭만두/내돈내산
"[경남 밀양 / 밀양 랜선 여행]... 가을 여행지, 밀양 재약산... "
밀양 가을 여행지 추천 금시당 유원지 백곡재
한국관광공사추천! 11월 추천여행지 경남 밀양 아리랑답사
"경남 가을여행지 추천, 사진 찍기 좋은 곳 - 밀양 노을이... "
밀양 사계절 낭만 여행지 초동 꽃새미마을 봄 풍경~~
"경남 여행지, 영남알프스를 걷다 2탄! 가지산으로 떠나요~"
밀양얼음골사과 알려진 밀양 가볼만한곳 ( 경남 여행지 )
"경남여행지 가볼만한곳 밀양관아지, 김종직선생 생가"
밀양여행-1박2일 밀양 가볼만한 여행지[경남밀양]
가을엔 경남이제~ 나만 알고픈 안심여행지 TOP10
《경남 밀양시 여행 명소》 만어사
싱그러운 봄의 마지막을 느끼기 위한 '경남 생태여행지' 7선
[경남 캠핑 여행지] 코로나로 쌓인 스트레스를 날려 버릴... 
경남 단풍여행지 밀양 표충사 가을 단풍으로 물들었어요.
밀양 가볼만한곳 밀양8경 (경남 밀양여행지 추천)
"[경남여행주간 / 경남봄여행지추천] 5월의 시작, 봄과... "
미리 알아보는 경남 가을 명소5 경남가을여행지 경남가볼만한... 
"경남 가볼만한곳으로 밀양시 위양지, 합천 대장경 테마파크... "
[경남 밀양 / 밀양 랜선 여행] 밀양 공기좋고 산책하기 좋은... 
경남여행지 - 밀양3대신비 종소리 만어사
2023년경남관광박람회…경남에서 만나는 나만의 여행지.명소... 
2016년 아름다운 숲 공존상(우수상) 경남 밀양시 위양못... 
[밀양시] 강아지와 함께 산책하기 좋은 곳! 밀양 위양지
"밀양시 문화 관광 홈, 이달의 아주 핫한 여행지에 밀양... "
4월5월 경남 전북여행지 봄꽂명소 창원부산근교 고창 아이랑... 
[경남/밀양] 트윈터널 2
밀양 금시당 백곡재 은행나무 명소 가을여행지 가볼만한곳
경남 밀양 여행지 추천 밀양의 상징적인 사찰 표충사
경남 여행지 추천 밀양 강변 남포리 유채꽃과 닮은 갓꽃 밭
부산 근교 경남 크리스마스 포토존 가득한 여행지 추천(feat.... 
경남 가볼만한곳 밀양 여행 1박2일 여행지 밀양 야경 명소... 
경남 여행지 밀양 케이블카와 밀양 위양지
밀양 돼지국밥 맛집 밀양시장안 단골집
&lt;밀양&gt; 경남 비오는날 가볼만한곳 5월 여행지 추천 드라이브... 
"밀양시, 가을 여행지 홍보 SNS 이벤트 실시"
&lt;밀양&gt; 국내 갈만한곳 경남 5월여행지 추천 드라이브 코스... 
경남 밀양 가볼만한 곳 - 문화재 명소 영남루 풍경이 멋져요... 
밀양시 초동면 백일홍 꽃 효행이 깃든 '모선정'
포토존 아이와 가을여행 경남가을여행지 추천11월 15일 은행나무
&lt;밀양&gt;국내 가볼만한곳 경남 5월여행지 추천 드라이브 코스... 
창녕 우포잠자리나라 볼거리 체험거리 가득한 경남 가족여행지... 
"경남여행,  경남여행지추천, 경남배롱나무명소... "
밀양 가볼만한곳 만어사 밀양 3대 신비 경남 여행지 추천!
부산 근교 경남 밀양 단풍 명소 가지산 등산코스 호박소
가을 단풍 명소 경남 밀양 가볼만한곳 5곳 - 위양지부터... 
"밀양 위양지, 경남가볼만한곳, 경남 여행지추천, 밀양가볼만한곳"
경남여행-흰쌀밥이 된 하얀꽃잎/위양지/신록과 반영/5월여행지... 
&lt;밀양&gt;국내 가볼만한곳 경남 힐링여행지 추천 드라이브 코스... 
"[경남 밀양] 밀양 가볼만한 곳 '영남루' / 주차장, 밀양여행지추... "
경남 봄꽃 여행지 톱15
2019 밀양시 기자단 활동 후기｜취재하며 가 본 '밀양 추천맛집'
추석 연휴! 사랑하는 연인과 함께 [경남 밀양시 자연&amp;힐링여행] ②
밀양 삼랑진 체험 볼거리 가득한 트윈터널
"밀양향교 매화, 경남 봄꽃구경 가볼만한곳 부산근교 여행지 추천"
"경남 여행하기 좋은곳 밀양 추천 여행지 6곳(위양지, 용평터널... "
"경남 5월의 여행지, 봄 여행지/밀양 위양지 봄꽃여행, 밀양... "
화려한 빛으로 반짝이는 겨울여행지 밀양 트윈터널
[경남 밀양/ 밀양 랜선 여행] 밀양 의열체험관 역사를 배우고... 
[#218] 한국 - 경남 - 누대를... 5월사진여행지 / 밀양 이팝나무]
경남 밀양 위양지 이팝나무 만개한 저수지 둘레길 여행
밀양 초동연가길 꽃양귀비 축제 5월 봄꽃 경남 여행지 부산근교
&lt;밀양&gt; 국내 가볼만한곳 경남 뚜벅이여행지 추천 나들이-진장마을
경남여행지-밀양 영남루
고생하신 부모님과 함께 힐링하고 오기 좋은 [경남 밀양시 자연... 
경남 밀양 가볼만한 곳 : 가을 여행지_표충사 단풍구경 (11월... 
[홍보단 소식] 떠나고 싶은 경남 여름 여행지
밀양 산외면 해바라기 - 축제도 열리는 경남 가을여행지
국내여행지 경남여행코스 1박2일여행 창원 밀양 가볼만한곳 ^^
경남 밀양 영남루 부산 근교 당일치기 여행지 가볼만한곳
밀양 금시당 은행나무 명소/주차 11월 경남여행지 창원부산근교
밀양 금시당 백곡재 은행나무 실시간 및 주차정보 / 솔직 후기!
"경남 5월에 가볼만한곳! 밀양 위양지 이팝나무, 카페 위양 448"
[포이의 여행] 아이와 겨울 가족여행지 추천지 4곳
"위양지의 핑크핑크한 무인선물가게, 이팝상점"
[가을여행] 가을 여행지 추천 | 대구근교 | 경남
경남 밀양 가볼만한곳 여행지추천 | 밀양트윈터널 | 밀양드라이브
사진찍기좋은곳/경남여행/밀양볼거리/밀양구절초/가을여행지... 
"경남 밀양여행 3대 신비 만어사의 가을 수려한 경관, 소원돌"
「밀양 가족여행지 추천」 밀양 트윈터널과 함께하는 따뜻한... 
&lt;밀양&gt; 경남 가볼만한곳 절 5월 여행지 추천 전국 유명 사찰... 
&lt;밀양&gt;경남 가볼만한곳 봄여행지 추천 드라이브 데이트 코스... 
&lt;밀양&gt; 국내 아이와 가볼만한곳 추천 경남 가족여행지-의열체험관
&lt;밀양&gt;국내 가족여행지 추천 경남 아이와 가볼만한곳 명소... 
&lt;밀양&gt; 국내 뚜벅이여행지 추천 경남 가볼만한곳 나들이... 
"가을경남여행 밀양 은행나무, 금시당 백곡재 (2)"
"[경남 밀양시: 밀양 글램핑, 밀양 로그펜션, 밀양 펜션, 밀양... "
"경남 밀양 매화 여행, 밀양향교 단 한 그루의 매화나무가 너무... "
가볼만한곳 한옥스테이 | 문화객가 사랑채 | 경남 1박2일 여행지
"경남 12월 가볼만한곳, 영남루! 밀양 여행지 1위로 유명한... "
&lt;밀양&gt; 국내 아이와 가볼만한곳 추천 경남 가족여행지-의열기념관
&lt;밀양&gt; 국내 뚜벅이여행지 추천 경남 가볼만한곳 명소... 
밀양 여름 여행 때 가볼 만한 곳 ; TOP 3 소소한 여행지
경남 여행 밀양 얼음골 케이블카 호박소 계곡 경남 여름휴가 추천
&lt;밀양&gt; 경남 나들이 가볼만한곳 추천 여행지... 
매화향기 따라 3월 국내 여행지 추천
[경남 밀양 / 밀양 랜선 여행] 의열기념관에서 생각하고... 
&lt;밀양&gt; 경남 가볼만한곳 절 5월 여행지 추천 전국 유명 사찰... 
[간월재 운해]-경남 여행... 언덕-6월추천사진여행지/간월재... 
경남 밀양 가볼만한곳 밀양8경 한적한 여행지 위양못 이팝나무
부산 근교 여행지 추천/ 밀양 만어사 방문 후기/ 소원 들어주는... 
경남 봄 가을여행지추천 밀양 은행나무 애견동반 당일치기여행... 
다녀오기 쉬운 월별 국내 여행지 추천 장소 TOP 5!
[경남밀양여행]당숲/구기마을/경남가을여행지... 
"[밀양/여행] 경남 여행지 밀양 가볼 만한 곳, 색다른 곳 - 만어사"
밀양 여행지 풍광이 멋진 영남루
"나 홀로 떠나는 경남 가을 여행 코스 TOP6 / 단풍, 핑크 뮬리... "
"경남밀양 가을여행지 금시당 백곡재 단풍,은행나무맛집 (주차장... "
경북 가을여행지 추천 문경새재 도립공원 코스따라 단풍명소 여행
[밀양 여행] 여자 혼자 여행/뚜벅이 여행/경남 여행지 추천/밀양... 
밀양 한옥 카페 | 퇴로정 경남 드라이브 추천(강아지 동반 가능)
&lt;밀양&gt; 국내 봄 여행지 추천 경남 힐링 드라이브 데이트 코스... 
함안연꽃테마파크 경남가볼만한곳 여름여행지 추억... 
국내 여행지 추천 경상도 밀양 사찰 표충사 절 당일치기 물놀이... 
경남가볼만한곳:: 봄피크닉 떠나기 좋은 밀양핫플 봄꽃여행지... 
인생샷명소경남추천여행지만어사위양지장미꽃길영남루클래식... 
"경남 밀양시, 밀양아리랑 오토캠핑장 등 자연 중심형 관광지... "
[경남 밀양 / 밀양 랜선 여행] 경남 밀양 항일 운동 거리에서... 
[밀양 트윈터널] 여름 실내여행지
부산에서 밀양 당일치기 뚜벅이 여행지 추천
경남 표충사 우리아이마음숲놀이터 아이랑 밀양여행지로 딱!
밀양 여행지 추천 경남 밀양 가볼만한곳 관광지 연꽃단지 금시당
밀양 여름 휴가 갈만한곳 경남 여행지 나들이 명소 10 :: 로띠스마
경남 매화명소 여행 가볼만한곳 5곳!! (양산 순매원... 
밀양 표충사계곡 우리 아이 마음숲 놀이터 가족여행지 추천
층간소음 고통에서 벗어나요! 경남 비대면 여름 여행지 소개
여행 코스 추천 5곳! 부산 근교 가볼 만한 곳/경남 여행지 추천
길어진 추석연휴…경남도가 강추한 여행지 18곳은?
경남 여행지 밀양 8경 호박소 &amp; 위양못
가볼만한곳 삼랑진생태문화공원 밀양 트윈터널 주말여행지 추천
아름다운 경남의 가을 추천 여행지
청도 가볼만한곳 대구 근교 드라이브 코스 1박2일 가을 여행지
"국내 가을여행지 추천, 대구 경북 근교 포함 추석여행... "
"밀양시 초동, 옛선조들의 생활속 지혜가 담긴 미리벌민속박물관... "
경남 여행지 추천 밀양 연꽃단지
&lt;밀양&gt; 경남 축제 가볼만한곳 가족여행지 추천 봄나들이... 
"경남의 가을 여행지, 여(행이) 기(쁜) 이(유) 소(중함)!"
"밀양 겨울 낭만 여행지, 초동 꽃새미마을의 눈썰매장~~"
[경남 밀양 / 밀양 랜선 여행] 벚꽃에 취하다! 호수에 반하다!... 
"만어사, 부은암, 작원관지등 삼랑진여행지는 다 가봤는데... "
"9월 국내 여행지, 축제와 페스티벌이 있는 여기 어때?"
&lt;밀양&gt; 국내 힐링여행지 추천 경남 절 가볼만한곳 사찰 - 만어사
[ 경남 밀양시 ] 밀양 여행지 추천! - 밀양 계곡 호박소 계곡을... 
경남 밀양 단풍 명소 반나절 여행지 추천
[밀양 여행]이팝나무와 연못이 예쁜 경남 밀양 가볼만한 곳... 
"경남 여행지, 밀양 가볼 만한 곳, 밀양 여행코스 &lt;표충사&gt; 추천"
밀양 위양지 경남 인생샷 명소
경상도 여행지 추천 밀양 바로 여기야!
"[경남 밀양 / 밀양 환타지아 한복패션쇼] ‘날 좀 보소, 한복 좀... "
밀양 아이와 가볼 만한 곳 맑은공기체험교육센터 개관했어요
경남 밀양 가을여행지 추천 산책하기 좋은 영남 알프스/영남루... 
[경남/밀양] 만어사 :: 신비한 비밀이 가득한 사찰로 가을 단풍... 
밀양 가볼만한곳 베스트10 추천 경남 여행지
경남 밀양 연꽃 단지 ; 2022년 7월 연꽃 개화시기
밀양 /밀양 가볼만 한곳/ 영남루 야경/밀양 8경/경남 여행지 추전
[경남 밀양/ 밀양 랜선 여행] 경남 아이와 가볼 만한 곳 밀양... 
11월 부산근교 밀양여행지 추천 / 위양지 금시당백곡재... 
봄 시즌 경남추천 여행지
★[경남밀양가을여행지... 주말농원체험][밀양시초동면봉황리1... 
부산근교 밀양 트윈터널 가족나들이로 가볼만한 곳
[경남 밀양 / 밀양 랜선 여행] 경남의 4번째 유적 건조물 국보가... 
경남 밀양 가볼만한곳 만어사 밀양 절 딸기 체험
"경남 밀양 숙소 - 사이사이풀빌라 101호, 수영장 바베큐 독채... "
10월 국내여행지 가볼만한곳 가을에 취하는 BEST 7
관광단지/ 연꽃타워 놀이터/ 아이들과 가볼만한 여행지
산과 나무가 많아서 그렇죠? 예쁜 나무가 있는 국내 여행지
[홍보단 소식] 추석맞이 가족들과 함께 가기 좋은 여행지... 
"여행주간에 가면 더 좋은 여행지 추천(부산, 전남, 경남)"
[경남 밀양/ 밀양 랜선 여행] 밀양 겨울 여행지 추천 / 신비로운... 
경남 밀양 주말여행지로 떠나본 무봉사와 아랑각
[경남 밀양 / 밀양 랜선 여행] 밀양의 숨은 명소 밀양댐 그리고... 
[밀양] 영남루 아랑사 무봉사 : 밀양 여행지 추천
(밀양 가볼 만한 곳) 가볍게 산책하며 깊어 가는 가을 즐기기... 
아이와 밀양 가볼만한곳 아리랑대공원 놀이터
나 홀로 여행_경남 밀양시-②
경상도 여행지 추천 밀양 금시당 유원지 캠핑장
밀양 위양지 | 이팝나무 만개 | 산책하기 좋은 곳 | 밀양여행지
[밀양여행] 숨겨진 은행나무 명소 밀양 ‘암새들’ 노랑노랑... 
[여름 여행지 추천 / 경남 수국 / 경남 연꽃] 더위를 뚫고 피는... 
나 홀로 여행_경남 밀양시-①
연휴 기분전환 힐링 여행지 추천 전국 100선 모음 가을 여행지
밀양 달빛쌈지공원 숨은 여행지 추천
"숨은 보석 같은 국내 여행지, 밀양에서 가 볼 만한 곳 BEST 3!"
"피아노 섬 자은도 10월 여행지 '섬, 대한민국 문화다양성의 보고'"
"백곡재, 밀양 은행나무, 경남 가볼만한 곳, 부산 근교 여행지"
밀양 드라이브 코스 일몰 명소 삼랑진 가볼 만한 곳 낙동강... 
밀양 물놀이터 숲속 마을 경남 밀양 아이와 가볼 만한 곳
밀양 여행지 / 영남루
[문화추천] KTX 타고 떠나기 좋은 황금빛 가을 여행지 추천!
[경남 밀양 / 밀양 랜선 여행] 밀양의 밤이 깊어질수록 문화의... 
경남 밀양시
밀양 가볼 만한 곳 가을 코스모스 산외면 꽃담뜰 with 해바라기
경남 밀양 독채 키즈 풀빌라 까사아미고 수영장 바비큐
도보여행// 경남 양산시 물금읍 ~ 밀양시 삼랑진.... 
밀양 트원터널 주차장 당일치기 여행 국내 커플 여행지 추천
휴가철 경남 여행지 추천
경남 밀양 가볼만한 곳. 용평터널[2021. 5/22]
[월간웰촌] 여름 감성 담기 좋은 농촌여행지 7선
경남 밀양 여름 피서지 트윈터널
부산 울산 경남 인생샷 남길 수 있는 인생사진 명소 추천
"국내여행지베스트10, 코로나 여행지 인생샷 명소들"
경남밀양여행지 천황사 석조비로자나불좌상 소원 빌기
밀양시 주말 여행 가볼만한곳 만어사
경남 여행지 추천 밀양 삼랑진 트윈터널
"경남 언택트 여행지 걷기 좋은 길 추천! 시례호박소, 위양못"
"밀양 위양지(위양못) 11월 단풍 여행지, 봄 이팝나무, 가을단풍... "
경남 밀양 드라이브코스 인생샷 즐겨요
밀양 위양지 카페 브런치와 뷰가 좋은 위양448
경남 야경명소 밀양 트윈터널  실내데이트
코로나19에도 안전한 언택트 경남 여행지 추천 BEST⑥
&lt;밀양&gt; 경남 여행지 추천 밀양 계곡 단풍명소 - 재악산 구룡폭포
밀양 가볼만한곳 베스트 10 (ft. 경남 여행지 추천)
경남 밀양 야외 여행지 코로나가 안정되면 가볼만한곳은?
밀양 5월 여행지 위양지 이팝나무 핀 풍경 (2021년 5월1일 풍경)
담아보는 국내 가을 여행지 밀양 위양지 - 경남 가볼만한곳
밀양여행 - 참샘허브나라/ 고드름 얼음나라/ 경남... 
[밀양호박소 / 경남계곡산림욕 / 시원한여행지] 백운산 자락... 
추천 여행지] 동심의 세계로 다이브! 어린이 동반 여행지 추천
경남 가을여행지 가볼만한곳 만어사 예림서원
용암정 전망대 창원부산근교 드라이브경남 여행지 가볼만한곳
국내 봄 여행지 추천 2019 봄꽃축제 70곳 전국 모음
&lt;밀양&gt; 경남 여행지 추천 밀양 계곡 등산여행 - 재악산 흑룡폭포
밀양 밥집 표충사 여행 가기전 고가식당 다슬비탕에 반한곳
경남 밀양 단풍여행 단풍명소 금시당 백곡제 주차장
[경남 밀양 / 밀양 랜선 여행] 밀양아리나(舊 밀양연극촌)에... 
"[경남 밀양 / 밀양 랜선 여행] 밀양아리랑아트센터, 문화만발... "
밀양 아이와 가볼만한 트윈터널 경남여행지로 추천해요
"부산 밀양 당일치기 여행 : 부산 근교 여행지, 밀양 여행코스... "
창녕 가볼만한곳 베스트 10 총정리! (ft. 경남 여행지 추천)
&lt;밀양&gt; 경남 여행지 추천 밀양 계곡 등산여행 - 재악산 층층폭포
(밀양 가볼 만한 곳) 전국 사진 공모전에서 아름다운 밀양의... 
내 맘에 쉼표를 찍으 봐!- 경남 비대면 힐링 여행지 18선
"경남 밀양 소온정/독채 한옥 숙소, 야외수영장, 자쿠지, 바베큐... "
"대구 근교 여행지 추천 │ 밀양 (행랑채, 단장면 커피로스터스)"
국내 여름휴가 여행지 계곡 물놀이와 캠핑을 함께
인골산장 밀양 오리고기 철판 구이 (feat. 밀양여행 시골뷰... 
[경남 밀양 / 밀양 랜선 여행] 밀양 꽃새미마을 참샘허브나라... 
힐링하러 떠나는 부산 근교 여행지 밀양표충사
비오는날 데이트 실내 가볼만한곳으로 추천하는 여행지
밀양  위양지 이팝나무 카페 저수지 경남 드라이브
경남밀양여행 국밥맛집 : 설봉돼지국밥
2019년 3월 축제 국내 여행지 전국 축제 일정 49곳 인기순
힐링하기 좋은 제30회 경남 사진 대전 입상 작품 전시회 열려~~
비빔냉면 경남 밀양시 가곡동 청원분식 40년 2대 전통 밀양... 
밀양여행 아이들을 위한 여행지 '한천테마파크'
밀양 가볼만한곳 경남 코스모스 밀양강 둔치 구절초군락지
추석연휴 아이와 경남 밀양 가볼만한곳 사명대사유적지... 
[경남/밀양] 부산근교 가볼만한 여행지 &quot;참샘허브나라&quot;
"5월 밀양 아리랑 대축제 정보, 함께 가볼만한 밀양 여행지 모음"
"밀양시, 힐링 꽃길 ‘관광안내소’ 운영"
여행지 - 5월 사진촬영지 [촬영지소개/봄사진여행/5월여행지... 
아이와 밀양 꼭 가봐야 할 여행지 추천 코스 밀양 독채 키즈... 
경남 밀양 트윈터널 9개월 아기랑 실내 가볼만한 곳
경남 밀양시 영남알프스 둘레길(밀양 강변길)을 걷다
밀양 여름여행지추천/ 빛의 스토리 트윈터널
"밀양기상과학관  / 밀양 7월 가볼만한곳, 밀양 실내 여행지... "
"밀양 여행지 추천, 밀양가볼만한곳 모음(용평터널, 표충사... "
밀양 여행지 체험존과 다양한 테마 포토존이 있는 '트윈 터널'
"끝도 없이 이어지는 장미 꽃길, 봄 드라이브 여행지로 추천해요."
얼음과 눈을 볼 수 있는 국내 겨울여행지 추천 16곳
"밀양 7월 가볼만한곳, 밀양 실내 여행지, 밀양 나들이"
광복절을 맞아 경남의 가볼 만한 곳
영남루 밀양 갈만한곳 풍경이 멋진 여행지
여행둥 | 경남 밀양 호박소 계곡
"경남 밀양 가볼만한곳 얼음골 과 호박소 계곡, 여름여행 최적지"
[밀양여행]당일치기 가능한 경남근교여행지. 핫플만 골라서... 
여름휴가 경남 계곡 여행지 20가지
경남 펜션 밀양 수영장 펜션 계곡은 뽀나스~그림풍경 펜션
"밀양시 전원주택, 펜션, 카페하기 좋은 토지 매매합니다."
[경남 밀양] 고즈넉한 낭만의 도시 밀양 여행기 2탄
밀양 1919봄 (feat. 밀양가볼만한곳 디저트 한옥카페 )
꼭 바다만 고집해? 온도 습도 불쾌지수 내려주는 시원한 여행지 11
밀양 갈만한곳 트윈터널 빛나는 겨울 실내여행지
6월 경남여행지 표충비 밀양3대신비
경남여행지 추천 1박2일여행코스 7곳 마산 돝섬~ 밀양 표충사... 
[6월 밀양 여행지] 새하얀 메밀꽃밭 밀양 명례생태공원
"밀양 역사여행지, 밀양 관아지"
10월 국내여행지추천 :: 표충사와 밀양대추축제♥
[경남 밀양 / 밀양 랜선 여행] 밀양 향교 선비 풍류
밀양 영남루 아랑규수 / 명품십리길 / 밀양읍성 / 경남여행추천
사명대사의 사적지 소개/밀양추천여행지  #페이지
"밀양 가족여행지, 한천테마파크(1) 한천박물관과 한천체험관"
[가을 추천여행지] 맛돌이가 추천하는 9월에 가볼만한 여행지
경남 여행지 추천 밀양 영남알프스 얼음골 케이블카 타고... 
[경남 밀양 / 밀양 랜선 여행] 여름을 삼켜버린 삼랑진 트윈 터널... 
[경남 밀양 / 밀양 랜선 여행] 아이와 함께 떠나는 우주여행... 
밀양 데이트 밀양여행지 추천 위양지 주차꿀팁 2023년 근황
"계곡(경남 1급수 계곡여행... 가는 계곡, 여름여행 추천여행지)"
경남 여름 여행지 단연 밀양 얼음골 추천
"경남 밀양 독채 신상 펜션, 대가족과 함께 방문하기 좋은... "
밀양 참샘허브나라 무제한 눈썰매장 동화속 겨울여행지
밀양 위양못  부산근교 가족 봄나들이 여행지
"[경남여행/경남계곡] 더위를 식혀줄 여행지, 경남계곡으로 떠나자~"
어린이 동반 여행지 추천
"2023년 가을에 꼭 가야할 전국 단풍 명산, 명소 추천"
경남 밀양 가볼만한곳 인기순 5위 밀양 여행지 32곳 모음
"[경남 밀양 / 밀양 랜선 여행] 밀양 가지산 구룡소폭포, 나만... "
경남 밀양 금시당 백곡재 11월 은행나무 단풍 명소 가볼만한 곳
밀양 위양지 가을 단풍 명소 경남 밀양 가볼만한곳
[국내여행] 코로나 사람없는 여행지- 밀양여행코스 2박3일중... 
경남 아이와 가볼만한곳 우리나라 여행지 밀양 영남루 여행지도
가을 여행지 추천｜은빛 가득한 가을 산책 울산 울주군신불산... 
대한민국 구석구석 숨은관광지 경남 밀양편
경남 밀양 ‘트윈터널’신비로운 빛의 터널에 빠지다.... 
[경상남도/밀양시]... 밀양전망대 / 밀양가볼만한곳 / 경남밀양여행
밀양 애견동반가능 여행지 표충사
경상도 여행지 창원 근교 드라이브 top 7
밀양 여행지 밀양 트윈터널 가볼만한곳
[경남/밀양]2023 밀양 아리랑대축제 기본정보 및 프로그램
[경남 밀양] 나들이하기 좋은 밀양 여행지 1편(새목쉼터)... 
6월 밀양여행지 밀양내촌마을 수국동산
"[경남 밀양 / 밀양 랜선 여행] 비대면 여행지, 밀양 구절초 꽃길... "
부산 근교 여행지 추천 밀양 카라반 캠핑장 좋은카라반 이용 후기
[국내여행] 코로나 사람없는 여행지- 밀양여행코스 2박3일중... 
밀양 예림서원 선비풍류공연 밀양가족여행코스추천
캠페인 방역 우수 관광지 178선 중 경상도 소재 여행지 목록
"11월 꼭 가야 할 여행지, 밀양 은행나무 명소"
경남 가볼만한곳 밀양여행 1박2일 여행지 (밀양케이블카... 
밀양 가볼만한곳 만어사 트윈터널 영남루 미리미동국 위양지... 
"추천 여행지, 밀양 핫플레이스 데이트, 경남 단풍 둘레길 산책로"
밀양 단장면 표충사 와 울주군 파래소폭포(feat.5월 주말여행지)
밀양 1박2일 여름여행지 더 늦기전에 가보자
밀양여행 밀양 가볼 만한 곳 사명대사유적지관광단지
[경남가을명소 / 밀양구절초] 가을의 정취를 느낄 수 있는 밀양... 
가을 밀양 영남루 ~ 명품 십리길 트레킹 코스 소개
[밀양 위양못-이팝나무]위양지/5월 추천여행지/밀양 가볼만한 곳
"[경남 밀양][자연] 재약산, 표충사"
황금연휴 임박! 눈으로 떠나기 좋은 드라이브 스루 여행지 13곳
경남 가볼만한곳 밀양 금시당 유원지 금시당 백곡재 금시교... 
경남 밀양  영남알프스 얼음골 밀양 케이블카 가족여행
"경남 이팝나무 명소, 밀양 위양지 완재정 재방문기... "
경남 밀양 독채 감성숙소 한가한가 : 자쿠지있고 불멍도 가능한... 
[밀양 영남루]-경남여행... 곳-밀양가볼만한곳/5월추천가족 여행지
"단풍명소 오연정 은행나무 대구 근교 여행지, 국내 여행 갈만한곳"
10월 가을 여행지 울산 간월재 억새 축제 실시간 영남알프스... 
내나라여행박람회 _ 마이너하지만 매력적인 여행지 2탄
밀양 월연정의 숨겨진 아름다움: 배롱나무와 고요한 정취
[밀양] 1박 2일 경남 밀양 여행지 추천 2탄! 밀양 가볼만한 곳... 
"경남 가볼만한곳, 밀양 명례생태공원 메밀꽃 만개... "
경남 밀양 가볼만한곳 여행지 추천 영남루
직장인 힐링여행지 | 밀양과 양산으로 천혜의 자연 여행 떠나요... 
영남루(嶺南樓)-경남 밀양
밀양 여름 가볼만한곳 베스트 10 추천! (ft. 경남 휴가 여행지)
겨울 여행지 추천 /영남 알프스 밀양 얼음골 케이블카 천왕산... 
[경남 밀양 / 밀양대 문화캠핑] 밀양 기억이 미래다! 잊혀진 도심... 
"경남 밀양 여행 가볼만한곳 : 시례 호박소, 호박소 계곡"
추석맞이 #가족들과 가볼만한 밀양 추천여행지 3
[밀양]아이들이 좋아할 여름여행지_트윈터널
"밀양 가족여행지, 한천테마파크 (2) 한천 판매장과 레스토랑... "
[경남 고성 / 고성 랜선 여행] 경남 6호 그레이스정원에서 9월을... 
[경남 가볼만한곳]밀양 여행지 추천 밀양 연꽃단지
9월 축제와 함께 즐기기좋은 밀양 가볼만한곳 여행코스 ( 경남... 
밀양 배롱나무 명소 전통의 멋이 살아 숨 쉬는 혜산서원
국내 가을 여행지 추천 밀양 케이블카 외 리스트 3곳
경남 가볼만한곳 밀양 여행 코스 7곳 소개해요
(密陽 嶺南樓)와 밀양3대신비로운곳  여행지 입니다
[경남 여행] 경남 밀양 가볼만한곳 위양지
밀양 트윈터널 겨울여행지 추천 비대면 실내놀이터
경남 겨울 여행지 베스트 50 -참샘허브나라 불빛축제 + 얼음축제
[밀양] 1박 2일 경남 밀양 여행지 추천 1탄! {미리미동국... 
"운문사 여행, 대웅보전, 부처님오신날, 걷기 좋은 곳, 가족여행지"
배낭 하나 달랑 메고 산골 오지의 암자에서 그리고 머나먼... 
밀양아리랑우주천문대 우주인과 만나는 놀거리 가득 여행지
[경남/밀양]보보경심려 촬영지 &amp; 이팝나무 명소 / 5월 가볼 만한... 
2023-2024 한국관광 100선에 선정된 울산 여행지
경남에서 추억의 하룻밤... 체류형 힐링 숙박여행지 30선
부산근교 겨울여행 - 경남 부산근교 겨울여행지 추천
3월 4월 경남 가볼만한곳 부산 근교 산책하기 좋은 여행지
밀양 여행지 추천 위양지 근처 소품샵 : 이팝상점
"밀양트윈터널, 경남 시원한 여름여행지 추천"
명소 꽃피기 전에 다녀온 후기(축제정보 포함) 5월 경남여행 추천
경북 밀양 여행지 추천 | 밀양댐 용암정 전망대 포토존 (주소정보)
"밀양 가볼만한곳, 고즈넉한 표충사 부산 근교 여행지 추천(ft.... "
밀양 여행 가볼만한곳 국내여행지 추천 코스 1박 2일
[밀양전원주택]밀양시 단장면 감물리 전원주택 201평 매매
경남 가볼만한곳 밀양 당일치기 여행 밀양 위양지 달빛쌈지공원... 
18선/한산하게 경관을 즐길 수 있는 언택트 여행지(경남 여행)
겨울에 가볼만한여행지 - 경남 겨울에 가볼만여행지
[밀양]아이와 가볼만한 여행지코스 |영화 똥개 촬영지... 
밀양키즈펜션 부산 근교 겨울여행 캠핑 감성숙소 마추피추펭글루
경남 밀양 초동연가길 2023 꽃양귀비 축제 【23년5월28일】
+ 아기랑 겨울에도 가기 좋은 경남 밀양 여행지 : 트윈터널
"친구와 단 둘이 떠난 고즈넉한 여행지, 밀양 표충사 [경남여행... "
가볼만한곳 밀양 여행 추천  밀양관아 퇴로마을  경남 아이들 체험
"밀양여행지 추천::밀양 월연정,월연터널"
경남 은행나무 명소 밀양 오연정 11월 여행지 창원부산근교
지금 가볼만한 5대 국내 여행지
경남 밀양 만어사 경남절 사찰 밀양8경  드라이브 코스
밀양 여행지 아이와 가볼만한곳 밀양 1박2일 베스트 5곳
"더위 피할 수 있는 여름 여행지 추천 :: 부산&amp; 부산 근교 동굴, 터널"
3대 신비고장 밀양여행지] 바위에서 종소리가 울린다는 만어산... 
[여행] 밀양 영남알프스 천황산 등산/ 경남여행지추천... 
[경남 밀양 / 밀양 랜선 여행] 가을 향기 가득한 삼문 송림... 
부산근교 5월 여행지 추천! 영남루와 함께 들르기 좋은 밀양... 
#.5 아기와 함께 떠나는 내 돈 내산 경남 밀양 여름휴가 여행!!!... 
혼자 여행하기 좋은곳 대구 근교 여행지 청도 가볼만한곳
겨울 1박2일 여행지추천 - 경남 1박2일 여행지 추천
국내 여름여행지 추천 - 계곡 흐르고 배롱나무꽃 아름다운 밀양... 
부처님 오신 날 맞이 역사가 깃든 경남 지역 사찰 5
"[여행/경남 밀양] 밀양팔경... 밀양여행지, 미륵불 만어석... "
"밀양 7월 가볼만한곳, 밀양 데이트, 밀양 여름 실내 여행지"
"[월간웰촌] 농촌에서 즐기는 테마파크, 이색 테마 여행지 5곳"
경남 밀양 여름방학 아이들과 실내 가볼만한 곳 의열기념관
주말 여행지 추천 금시당유원지 백곡재 은행나무 지금 경남... 
[경남 밀양 / 밀양 랜선 여행] 아름다운 코스모스 가을길이 있는... 
아이와 함께 하기 좋은 밀양아리랑대공원 어린이놀이터... 
경남 가볼만한곳 밀양 만어사 위양지 영남루 야경 여행 코스
밀양 위양지 이팝나무 실시간 개화 상황 / 포토존 위치 / 주차 정보
힐링 여행지 밀양 단체펜션
"경남여행지 추천,밀양참샘허브나라,봄여행,밀양허브나라... "
밀양 겨울여행 밀양 교동마을 밀양 여행지 추천
밀양 가볼만한곳 밀양 위양지 이팝나무 경남 5월 가볼만한곳
5월 국내여행 경남 밀양 당일여행  위양지 이팝나무꽃
한국관광공사 추천 - 국내여행지 100선(계절별)
[경남 밀양] 가볼만한곳 여행지 베스트 Top14 추천 리스트
국내 여행지 추천: 가을 경치를 즐기자
"밀양1박2일여행(1), 영남루, 월연정, 용평터널... "
밀양 가볼만한곳 영남루 조선시대 3대 누각
양산 1박 2일 여행코스 추천 7곳! (ft. 경남 여행지)
경남] 아이와 놀기 좋고 포토존 가득한 &lt;밀양 트윈 터널&gt;
밀양 방문의해 위양지 이팝나무 경남축제 마실가세!
촌캉스 / 키즈펜션/ 키즈카페/ 여행지 리스트(계속 업데이트중)
"밀양 가볼만한곳, 위양지 (밀양여행 필수코스... "
"[경남도민뉴스] 밀양시, 에코힐링 요가 트레킹 1189 천상의... "
경남 밀양여행 농촌체험 거족마을 밀양딸기체험하고 왔어요
경남 밀양 영남루 9월 축제 장소
밀양 기차여행 시원한 곳 찾아 떠난 밀양 가볼만한곳 4
대구 근교 물놀이장 밀양 숲속마을 물놀이터 아이와 당일치기... 
월연정 밀양 단풍명소 고즈넉한 분위기가 매력
조용하게 사색하기 좋은 풍경이 아름다운 숨은 여행지 '밀양... 
[경남여행지/데이트코스/경남밀양] 밀양 트윈 터널
경남 아이와 밀양 가볼만한곳 베스트 3
경남 밀양 사찰 표충사 만어사 삼봉사 여여정사 영산정사 밀양... 
[밀양가볼만한곳]경남밀양단풍명소 금시당 백곡재... 
표충사 근처 고가식당 밀양 밥집
"경남도, 1박2일 체류형 힐링 숙박여행지 30곳 추천"
[5월에 꼭 가볼 만할 경남 여행지] 신지식인 섬장오용환... 
밀양 애견동반 펜션 쿠쿠숲펜션 부산 근교 겨울 여행지
[경남 밀양] 밀양향교 매화한그루
밀양축제 : 경남 밀양시 인기 행사 일정 여행지 추천
추석연휴&amp;가을여행 어디로갈까?경남가볼만한 추천여행지 23곳
밀양 카페 위양지 근처에 있는 위양루 가까워서 좋다
ㅅㅅㅇ 밀양 테마파크 초성퀴즈 이벤트
국내여행 코스 및 여행지 정리
"밀양 가을여행지, 사진 찍기 좋은 명소 암새들 은행나무숲"
&lt;밀양&gt; 경남 5월 여행 비오는날 가볼만한곳 드라이브 코스... 
"[펜션매매-밀양] 경남 밀양 펜션 매매합니다-매가18억,객실수19... "
경상도 여행 - 자연과 함께 어우러진 도시 밀양 여행지
동네한바퀴 밀양 돼지국밥 택배 주문 2대째 24시간 영업 토렴... 
밀양 맛집 르네상스 중식당 불향 가득! 정통 직화 짬뽕 전문점
밀양여행•밀양맛집•밀양동래밀면•밀양•경남여행
밀양시 블로그에 소개된 진장 문화 예술의 거리와 미리미동국
"경남 밀양 당일 여행 코스 위양지, 용평터널 포토존 위치 &amp; 꿀팁"
여름여행 경남남해주변계곡여행지 베스트 2탄!!... 
경남 밀양 계곡 애견동반펜션 ‘별아래펜션’ 하늘별 내돈후기
겨울 경남 아이와 가볼만한곳 밀양 여행 트원터널 입장권 할인... 
경상남도 밀양 여행지 밀양향교 매화나무 명소 봄 여행지 추천... 
[경남 밀양 위양지] 주차장 아이와 부산 근교 가볼만한곳 밀양... 
운문산 깊은 계곡에 자리 잡은 여름 여행지 '석골사와 석골 계곡'
경남 가볼만한곳 베스트10 추천해요
경남 밀양 - 벚꽃 봄나들이 명소 1; 삼랑진 안태 공원_ 벚꽃... 
만어사...밀양여행지 추천
&lt;밀양&gt; 경남 가볼만한곳 놀이터 드라이브 데이트 코스... 
[전문가 여행 후기] 자연속에서 즐기는 경남밀양여행
[경상남도/밀양시] 밀양 벚꽃 구경 / 밀양여행 / 경남여행 / 밀양... 
경남 밀양 오토캠핑장에서 단풍놀이 했어요
경남 밀양 얼음골  밀양계곡 여름휴양명소 &quot;시래호박소&quot;
밀양 가볼만한곳 표충사 가을 단풍 명소 여행지 추천
밀양 가볼 만한 곳 추천지 남포동 유채꽃 닮은 갓꽃 밭
&lt;밀양&gt;경남 5월여행 비오는날 갈만한곳 야경명소... 
경남밀양아리랑대축제밀양강오딧세이페스티벌원조밀양돼지국... 
[밀양여행] 위양지(위양못)와 완재정;데이트코스 산책하기좋은곳
[경남 창녕 / 창녕 랜선 여행] 유네스코 세계유산 등재를... 
[밀양] 한 시간 산책코스로 좋았던 밀양 여행지 위양못
[경남 밀양 / 경남통일딸기 페스티벌] 경남에서 통일의 희망을... 
"[밀양] 밀양 여행 중 가장 좋았던 곳, 밀양 여행지 추천 시례호박소"
떠날 때나 여행지에서 꼭 봐야 할 『대한민국 정원여행지도』
"연꽃마을(밀양) - 경남 밀양 가볼만한 여행지, 2만 3천여평에... "
경남 밀양 가볼만한 곳. 월연정[2021. 5/22]
[여행] 반짝반짝 빛나는 콘셉트별 가족 여행지
밀양 오연정 은행나무 명소 실시간 상태 여행 가볼만한곳
[경남 밀양 / 밀양 랜선 여행] 밀양 영남루 강변에서 가을의... 
이팝나무]-경남여행-5월의... 봄-위량지/5월 가보고 싶은 여행지
"밀양 여행지, 위양지와 호박소"
KBS 1박 2일이 촬영된 여행지 소개
[밀양여행]밀양 8경 ‘위양못’(위양지) 산책 후기_ 달의 연인... 
전문가추천 여행지
(경남) 밀양 가볼만한곳/ 위양못 이팝나무숲/아름다운숲/위양지... 
밀양 위양지 가을풍경 부산근교 주말여행지 추천
이팝나무 꽃 활짝 핀 5월 여행지 '밀양 위양지'
달의연인촬영지 / 부산근교여행지 / 경남 가볼만한 곳
"5월, 떠나기 좋은 테마별 주말 가족여행지 (1)"
밀양 여행지 추천 : 만어사의 소원돌와 쇠소리나는 종석
"[경남/밀양] 향토음식 밀양돼지국밥, 설봉돼지국밥 너무 푸짐해"
"더위를 식혀줄 여행지, 경남계곡으로 떠나자~ &lt;3탄&gt;"
밀양 카페: 단장면커피로스터스 밀양 여행지 코스로 방문하기... 
밀양 분위기 좋은 맛집 한옥 식당  :  뜰마당
"밀양 3월,4월 국내여행지::밀양 영남루 주차장및 주차방법"
"9월 가족, 연인과 가기 좋은 꽃과 함께 하는 여행지"
"경남 밀양 사찰, 밀양 삼봉사 절 드라이브 전국 유명 사찰 여행"
(밀양 물놀이하기 좋은 곳) 울창한 나무숲 그늘 아래 가족과... 
[ 밀양여행 여름물놀이 밀양여행지 추천 ] 안녕하세요... 
&lt;밀양&gt; 국내 가볼만한곳 경남 5월 꽃구경 관광명소 힐링여행... 
경남 밀양 가볼만한곳 사계절 여행지 밀양 영남루
만어사 』/만어사 삼층석탑/ 만어사 경석/경남 밀양 추천 여행지
"냉기로 가득한 밀양 얼음골 계곡, 경남 여름 가볼만한곳"
경남 밀양 가볼만한곳 여행 경남나들이 아이랑갈만한곳... 
밀양 은행나무 단풍 명소 밀양 암새들 은행나무 아직 사진찍기... 
[경남 밀양] 일상에서 스트레스 받는 현대인에게 추천하는... 
정보의 바다 :: 밀양 가볼만한곳 베스트10 밀양 여행지 열곳
[밀양] 고즈넉한 구옥의 멋이 가득한 맛집 행랑채
경남 밀양 가볼만한곳 추천 밀양 겨울 여행 5곳 모음
[서울] 2023 내나라여행박람회
[경상남도 밀양 / 밀양 가볼만한곳] 한폭의 수채화로 느껴지는... 
밀양 가볼만한곳 영남루 밀양아리랑 대공원 어린이놀이터... 
&lt;밀양&gt; 경남 야경 가볼만한곳 드라이브 야간 밤 데이트 코스... 
[밀양카페] 열매가푸른날;피크닉대여 블루베리수확체험... 
&lt;밀양&gt; 국내 주말여행지도 추천 경남 가볼만한곳 관광명소... 
겨울은 모든 나무가 앙상하지만 그 분위기는 여전한 밀양 위양지
[경남/밀양] 애견동반 글램핑장 밀양_가온빌리지
밀양향교 나만 알고 싶은 부산근교매화 작은도서관까지 아이와... 
[경남 밀양 / 밀양 랜선 여행] 가을 단풍도 보고 소원도 비는... 
경남 가볼만한 곳 밀양 위양지 밀양 여행추천지(feat.포토존)
한옥분위기 여행지 추천' 한국의 미가 물씬 느껴지는 감성여행지
밀양 여행지 추천 / 꼭 가봐야하는곳 밀양 영남루
[대한민국 구석구석 / 밀양 가볼만한곳] 스치듯 짧은 봄... 
&lt;밀양&gt; 국내 뚜벅이 여행지도 추천 경남 가볼만한곳 나들이... 
"밀양 여행 영남루 및 월연정, 경남 단풍 구경"
"2022년 전국 봄꽃 개화지도, 봄꽃 명소 추천 :: 봄꽃개화시기... "
&lt;밀양&gt; 2023 밀양 방문의 해 경남 가볼만한곳 절 사찰여행-무봉사
[경남] 밀양 반려견동반 가을 여행 (금시당 백곡재 용평터널... 
'2023년 밀양방문의 해'…설연휴 가볼만한 밀양 여행지 5곳
밀양 가볼 만한 곳 국내 여름여행지 추천 빠지고 싶은 밀양... 
밀양 가볼만한곳 밀양 위양지 주차장 이팝나무 보보경심려
"경남 실내 가기좋은 시원하게 데이트 장소, 밀양 트윈터널"
금계국 꽃밭이 절정인 경남 노을맛집 밀양 명례강변공원
깊어 가는 가을 속에 진한 향기 풍기며 피기 시작한 '삼문동... 
"밀양한달살기 힐링여행코스 - 명례성지, 수산제역사공원... "
# 경남 가볼만한 곳 : 밀양 꽃새미마을 참샘허브나라 / 농부의... 
[경상남도 밀양 / 밀양 가볼만한곳] 밀양강이 흐르는 가을을... 
경남 밀양 초동연가길 2023 꽃양귀비 축제 【23년5월28일】
[밀양여행/경남여행] 경남 밀양 야경과 인생샷을 찾는다면?... 
"아름다운 밀양의 8경, 우리나라 3대 명루(名樓)밀양강전망의... "
대구인근여행지 밀양 산외면 해바라기 꽃단지
경남 밀양 여행 가볼만한곳 숨겨진 사진명소 용평터널
밀양 돼지국밥 맛집 수육이 매력적인 설봉돼지국밥
경남 봄나들이 가볼만한 곳 15곳
경남 밀양 가을여행 코스 밀양 명소 8곳
[밀양] 위양지 산책로 주차장 나무포토존 폐쇄  | 경남 가볼만한곳
"가을 추천 여행지 밀양 : 구절초, 위양지, 카페 1919봄"
"[국내여행/밀양여행] 밀양 산책하기 좋은 여행코스, 영남루... "
밀양강 전망이 아름다운 고택에서 사진 한 장 &quot;금시당과 백곡재&quot;
"밀양 이색카페 지엘, 앵무새, 수족관, 모래놀이 등 아이와... "
[밀양여행] 밀양시장추천 “밀양아리랑시장”
"호국보훈 여행지 밀양 해천길, 의열기념관 둘러보세요."
밀양여행 밀양댐 포토존 위치 용암정 전망대
[국내여행 / 국내여행지추천 / 여행계획짜기] 대한민국... 
&quot;과거 버려졌던 터널의 놀라운 변신&quot;... 국내 여행으로 가볼만한... 
밀양 겨울여행지 우리아이마음숲놀이터
부산 근교 여행지 : 밀양 여행 추천 코스 ( 밀양댐 바위 찾는 법)
[경상남도/밀양시] 밀양향교 / 밀양여행 / 밀양가볼만한곳 / 경남... 
20위 축제가볼만한곳 축제행사정보 축제행사 여름 여행지
밀양 단풍 은행나무 명소 여행 위양지와 뷰 좋은 카페 위양루... 
"‘아라문의 검’ 삼성궁, 상림공원..경남 18개 시도 대표 여행지"
경남 밀양 아이와 가볼만한곳 시원한 트윈터널 입장료 할인받는... 
"[경남여행/경남계곡] 더위를 식혀줄 여행지, 경남계곡으로... "
"좋은 곳, SNS 핫플레이스 경남 가을 단풍 예쁜 곳  '밀양 위양지'"
경남 가볼만한곳 밀양 만어사 경치좋은곳
[경남밀양여행]홍제사/밀양단풍나들이/경남단풍나들이... 
밀양 단풍여행 절정 영남루 주차장
밀양 유명 사찰 절 표충사 입장료 놀이터 계곡 사자평 밀양... 
2021~2022 '한국관광 100선' 선정된 울산 여행지 BEST5
[KR 기자단] 가정의 달을 맞아 밀양으로 떠나요~
11월 놓치면 안되는 경남 단풍 명소 추천 5 (+경상남도 수목원... 
가평 가볼만한곳 여행코스 여행지 58곳 가평펜션 589곳 모음
"밀양 관광 안내 부스, 경남 관광박람회장 관람자들로부터 눈길... "
"9월 국내 여행지 추천 :: 여름아, 잠시 안녕"
4월 중순에 가볼만한 곳:: 경남 나만 알고 싶은 숨은 겹벚꽃핫플... 
&lt;밀양&gt; 경남 가볼만한곳 밀양 여행지추천 로망스투어
밀양여행지 / 경남여행지 - 아이와 함께한 밀양 트윈터널 방문기
경남 밀양 부북 위양못 맛집 누구나 최애 맛집이 될 밀양봉쥬르... 
경남 밀양 가볼만한 곳 :: 영남루 &amp; 무봉사
밀양 2023 초동연가길 코스모스 축제 인생샷 남기기 좋은 명소
8월에 가면 좋은 산 여름 추천 산 BEST4
밀양 가볼만한곳 산외면 해바라기꽃단지 개화시기 주차정보
(부산근교 여행지 추천)미나리 축제 기간: 2월 11일 ~4월 30일
2023 단풍시기 무조건 가야하는 경상도 가을여행 단풍명소 5곳
밀양 맛집 발견 《고가식당》
[경남 밀양 / 밀양 랜선 여행] 밀양 여름꽃이 아름다운... 
"청도여행, 대구근교여행, 트레킹코스 :: 감 익는 계절 청도의... "
밀양위양지 가을여행지 운치있는 반영이 예술이었다
(밀양 가볼 만한 곳) 배롱나무꽃과 단장천의 맑은 물이 어우러진... 
"한적한 소도시, 밀양으로 떠나는 촌캉스한적한 소도시, #경남... "
밀양 1박 2일 여행 얼음골 결빙지 사과밭 풍경
한국기행 배낭에 하룻밤을 담아 여행의 발견 굴업도 구름 위로... 
아이들과 가기 좋은 여행지) 경상남도 밀양 트윈터널 (유모차... 
"[밀양 여행] 밀양 표충사, 노랗게 물든 낙엽 '단풍 명소... "
"멋진 뷰에서 맛난 도토리묵과 파전을, 밀양여행 얼음골 부산집"
국립밀양기상과학관 밀양 아이랑 실내 가볼 만한 곳
아이와 나들이장소 경남 밀양 트윈터널 예뻐요!
밀양갈만한곳 위양지 포토존 스팟 주차 꿀팁
밀양 볼거리 아이랑 가볼만한곳 위주의 여행지
전국 사진 공모전에서 밀양의 아름다움을 재발견하다~~
밀양 단풍여행 명소 은행나무가 아름다운 오연정과 용평터널... 
부산 근교 당일치기 밀양 가볼만한곳 국내 혼자 여행 영남루... 
"한국 속 알프스 여행, 대관령 양떼목장, 영남알프스, 청옥산... "
(경남 밀양 산행)장쾌한 능선과 밀양 숨은 조망 맛집 산행... 
밀양 가볼만한곳 부산근처 여행지 트윈터널 색다른 관광지... 
자연과 낭만이 있는 습지 여행 추천
"밀양 초동연가길, 양귀비꽃 만개한 밀양 여행지 꽃양귀비 축제"
[경남 밀양 / 밀양 랜선 여행] 위험해 보이지만 안전을 향해 더... 
경남 밀양얼음골케이블카 영남알프스로 가는 길 밀양 가볼만한 곳
"밀양 가볼만한곳 당일치기 여행 코스 추천 (밀양댐, 표충사... "
"경남 데이트 장소 추천 - 위양지, 주남저수지, 소쿠리섬"
밀양계곡 단장숲 유원지 촌캉스 민박 펜션 가족 단체 숙소 추천
"밀양 맛집｜뜨끈하고 얼큰한 민물매운탕, 삼랑진 송원메기참게탕"
[경남 여행 / 경남 한 달 살이] 딱 한 달만 산 좋고 물 좋은 데... 
밀양여행 | 사명대사유적지관광단지 연꽃놀이터... 
국내여름휴가 추천! 비대면 관광지 25곳 소개 (코로나국내여행)
"밀양 사찰 만어사, 경남 유명한 절, 밀양 가볼만한 곳"
여행코스/내일로 여행지추천/경남 밀양 여행지/경상남도... 
밀양 카페 / 강변 뷰가 멋진 영남루 근처 밀리미터 밀리미터
경남 밀양 표충사  :: 천왕산 재약산등산로1코스 | 밀양가볼만한곳
"[전국 겹벚꽃 명소] 서울, 충청, 전라, 경상도, 겹벚꽃 여행지"
웨딩/ 갤러리/ 레스토랑/ 호프를 즐길 수 있는 밀양 최고의 명당... 
날 좀 보소~ 시원한 밀양 여행을 떠나요 by 지금은로컬시대
[경남 밀양 / 밀양 랜선 여행] 아시아 공연예술의 중심... 
&lt;경남 밀양관광지&gt;밀양여행지  관아지를 가다..
영남루' 밀양 여행지 밀양8경 그 아름다움에 반하다
"밀양 `새암산장펜션` [ 경남맛집, 밀양맛집, 밀양여행, 경남여행 ]"
밀양 경치좋은곳  고즈넉하고 아름다운 산책 경남힐링여행
밀양여행추천코스 위양지 도자기체험
밀양 가볼만한곳 연꽃타워놀이터 경남 신상대형놀이터 밀양... 
"[밀양] 밀양 8경, 부산근교가기 좋은곳, 월연정 주차 ::: 월연정 :::"
6월 여행가는달 아이와 가볼만한곳 국내여행 농어촌 여행
밀양체험 경남 어린이체험 밀양관아 아이랑 한복체험
전국 5대 억새 명소 밀양 재약산 사자평 억새 군락지
밀양 겨울에 떠나기 좋은 여행 명소 4
오늘은 어린이날! 천진난만한 웃음이 쏟아지는 어린이 놀이터... 
경남 언택트관광지 밀양 얼음골 여름에 특히 가고싶은곳
[밀양여행] 밀양글램핑장 추천 “우니메이카 밀양점” 솔직후기... 
"[경남 밀양 / 밀양 랜선 여행] 벚꽃 터널 따라 드라이브, 밀양... "
"경남밀양 용평터널,용호정(배롱나무) 사진찍기좋은곳"
경상남도 언택트 힐링관광 18선 중 하나 밀양 위양못.
[경남 창원 / 창원 랜선 여행] 사계절 꽃 피는 테마공원 창원... 
"밀양 여행, 가볼만한 곳, 위양지, 저수지 산책"
&lt;밀양&gt; 경남 가볼만한곳 2023 밀양 방문의 해 여행명소... 
밀양가볼만한곳 추천 1박 2일 ‘ 연꽃단지 ’ 와 ‘ 위양지 ’
이팝나무가 핀 밀양 위양지/위양지의 물속풍경/밀양 5월에... 
낭만 가득한 밀양 위양지 위양못 완재정의 이팝나무 개화
추석 여행 가볼만한곳 특별한 체험이 가득한 장소 5
모던 프라이빗 펜션 - 경남 밀양 스위스 펜션 (수영장 펜션)
밀양 8경의 가을이 시작되는 3경 '표충사의 사계 속으로'
비대면 방방곡곡 국내 여행지
"경남밀양여행 &quot;백송터널,영원사지&quot; (2016.03.20)"
카페범도리 경남밀양단장면 감성카페 표충사근처 예스키즈존... 
의열단 창단 100주년 호국보훈여행지 밀양 의열기념관 해천길
#한달 중 하루여행_ 9월:)) 울산&amp;밀양&amp;김해_2023.9.9
밀양 당일치기 가볼 만한 곳 밀양아리랑 대공원 내 출향인의 숲... 
밀양 산외면 맛집｜옛날 손짜장과 탕수육이 맛있는 '자금성'
(부산 근교 여행지) 허브에서 영남루까지~ 가을힐링
"경남 밀양 벚꽃명소, 유채꽃과 벚꽃풍경 지금 절정! 실시간상황"
경남 밀양 가볼만한곳 표충사 밀양여행 부산근교여행
"[밀양계곡] 밀양 자연 물놀이 계곡 3곳(표충사 계곡, 얼음골... "
"[밀양 가볼 만한 곳] 바람쐬기 좋은 밀양의 숨은 여행지, 어변당"
"부산 근교 여행지, 가을국내여행지 추천- 밀양 표충사"
부산근교여행지 참샘허브나라 방문후기 이어라
[경남 밀양] 단장숲유원지 무료 물놀이장 아이들과 가기 좋은... 
엄선해서 뽑아본 경남 가볼만한곳
"밀양 여행지, 국립밀양기상과학관 체험 가득한 아이와 가볼만한곳"
(밀양 가볼 만한 곳)겨울 끝자락을 밟고 선 미전천 생태공원에서... 
부산 근교 가볍게 떠나는 당일치기 시골여행 베스트
국내여행지 추천 사이트... SNS 봄꽃 여행지 편하게 검색하세요!
[얼음골] 경남 지역 여행지 답사 후기
부산근교단체숙소 밀양감성펜션 DG481
여름에 시원한 여행지~밀양 트윈터널
밀양 카페 추천 베스트 5 (ft. 경남 분위기 좋은 카페)
"가을에도 따뜻한 기후로 많은 이들이 찾는 여행지, 경남... "
밀양시립박물관 어린이박물관 특별기획전 등 많은 볼거리
밀양 아이와 가볼만한곳 삼랑진 트윈터널!
[밀양강]밀양여행기/밀양시여... 가곡동맛집/밀양시내맛집... 
(밀양 가볼 만한 곳) 밀양 부북 청운리 안씨고가에서 만난 봄
나만 알고 싶은 여름휴가 계곡 물놀이 명소 추천 6
[밀양여행] 트윈터널;아이와가볼만한곳 실내관광지추천
[밀양] 밀양에서 꼭 들러야 하는 여행지... 
[밀양 만어사] 밀양 가볼 만한 곳 밀양 만어사 소원돌 밀양 사찰
[경남 밀양 / 밀양 랜선 여행] 경남 아이와 가볼만한곳 밀양 농촌... 
밀양 수산제 농경문화축제 국농소 들놀이 주말 가족여행 추천
2022 경남관광박람회 '밀양시청 부스' 다양한 볼거리와... 
등린이도 가능한 가을 금빛 억새산행지 추천 (왕복3시간 이하)
"봄,여름,가을,겨울 4계절 방문하기좋은 밀양독채펜션... "
밀양펜션 풀빌라 경남펜션 가볼만한곳 암새들171... 
[밀양카페] 1919봄;한옥카페 쑥떡와플맛집
밀양가볼만한곳 추천 1박 2일 ‘ 달빛쌈지공원 / 영남루... 
표충사 밀양 여행지 빠질 수 없는 장소
밀양호텔 부산근교여행지로 딱이였던 에버미라클호텔
[밀양 가볼 만한 곳] 두 개의 터널이 하나로 황홀한 빛의... 
"밀양 위양지 이팝상점, 서울댁이 운영하는 아기자기한 소품... "
"2010년 10월 강원도 여행지 추천 - 고성 천학정 , 건봉사"
&lt;밀양&gt; 경남 아이와 가볼만한곳 나들이 데이트 여행코스-트윈터널
국내 1박 2일 여행지로 추천하는 밀양 가볼만한곳 BEST7... 
경남 밀양 전통분위기맛집 행랑채
경남가볼만한곳! 밀양한천테마파크(레스토랑 마중)-위양지... 
"경남 밀양 추천 여행지(감물다랑이전망대, 밀양호전망대... "
밀양 맛집 추천 베스트 7 (ft. 경남 여행)
밀양 위양지 이팝나무 저수지 외 카페 밀양 가볼만한곳
"#경남밀양가볼만한곳, 겨울여행지는 설경이 아름다운... "
[경남 밀양 / 밀양 랜선 여행] 천년의 역사를 잇다! 밀양향교... 
"[경남여행] 밀양 위양지 - 밀양 여행, 경남 단풍명소, 경남... "
[경남 밀양 / 밀양 겨울 여행 / 농촌 전통 테마 마을] 얼음꽃도... 
한옥 돌담 힐링로드 밀양 퇴로고가 체험마을
"밀양 가볼만한 여행지, 위양지 위양못"
밀양가볼만한곳 내촌마을 수국동산 자연생태공원 오픈
&lt;한국기행&gt; 배낭에 하룻밤을 담아
밀양 가볼만한곳 얼음골케이블카 타고 영남루까지
[경남 밀양 / 밀양 랜선 여행] 밀양 낙동강이 흐르는 천주교... 
[밀양] 오연정 은행나무 실시간 주차 포토존 :: 경남 밀양 여행
"밀양가볼만한곳, 밀양여행지추천"
경상도 힐링여행지 아름다운 밀양 위양못 &amp; 퇴로마을
"터널 안 작은 빛축제! 터널이색여행지, 밀양트윈터널"
밀양 펜션 추천 베스트 5 (ft. 경남 여행 숙소)
한여름의 태양보다 더 빛나는 밀양 표충사의 배롱나무꽃~~
전국 2023년 5월 축제 10 정리 국내여행 가볼만한곳
진장 문화 예술의 시작! 미리미동국 개관식
밀양 아이와 가볼 만한 곳 체험 중심 관광지 가을 단풍여행... 
경남 밀양 절 만어사 가을여행지로 가볼만한곳 (종소리나는 돌)
국내 1박2일 여행 밀양 가볼만한곳 2022 밀양문화재야행
(밀양 맛집/밀양의 향토 음식) 뽀오얀 국물에 건더기 가득한... 
경남의 가을 여행지 여행이 기쁜   이유 소중함!
6월 국내여름여행지 휴가지 추천 - 기차타고 떠나는 밀양 당일... 
울산 글램핑장 추천 BEST 8곳
밀양 삼랑진'트윈터널' 아이와 함께 가볼 만한 겨울 여행지 추천
[밀양전원주택]밀양시 단장면 감물리 전원주택 201평 매매
[경남 밀양 / 밀양 랜선 여행] 경남 복합문화공간... 
"[경남 산청, 밀양 / 구형왕릉 덕양전, 이궁대] 가야 구형왕의... "
[경남 밀양] 산 속의 평온함을 느끼기 좋은... 
밀양 위양지(위양못)
양산 펜션 추천 베스트 6 (ft. 경남 여행 숙소/배내골)
밀양 한우 맛집 소고기 경민식육식당
[경남여름계곡] / 밀양 계곡 여행/경남 계곡 명소/ 밀양물놀이... 
[밀양한천 / 한천박물관 / 한천레스토랑] 국내유일 백년전통... 
밀양 숙소 추천 베스트 5 (ft. 경남 여행 숙박)
산외꽃담뜰 밀양 산외면 해바라기 꽃단지 현재 근황
"전일빌딩245, 한국관광공사 추천 가을시즌 ‘숨은관광지’ 선정"
밀양 가볼만한곳 트윈터널 경남 데이트코스
[경남|여행] 창녕&amp;밀양 1박2일 부산 근교 여행 후기 (펜션바오... 
경남 아이와 가볼만한곳 밀양 여행 진장 문화예술 플랫폼... 
[경남 밀양 / 밀양 랜선 여행] 은빛 억새 가득한 가을 힐링... 
밀양 얼음골 케이블카 예약 영남알프스 천왕산 가족여행지 추천
밀양아리랑 오토캠핑장 메밀꽃 만개 ...
밀양 아이와 밀양가볼만한곳 밀양시립박물관 대한민국... 
밀양 삼랑진 대형카페 밀양강 리버뷰 뷰맛집 디저트 카페
[경남크리스마스 축제/경남밀양가볼만한곳] #크리스마스여행지... 
"5월, 6월에 꼭 가야하는 국내 여행지 베스트 5"
[경남 창녕 / 창녕 랜선 여행] 낙동강이 흐르는 봄이 아름다운... 
[밀양/금시당 백곡제] 밀양 가볼만한곳/은행나무
밀양 가볼만한곳 탑10 밀양 여행지 35곳모음
[밀양 사찰 / 밀양 여행 / 부처님 오신 날] 신라 천년 고찰에서... 
밀양 여행 가볼만한곳 단장면 카페 리멤버223
"경남 밀양 가볼만한곳, BEST 명소 모음"
밀양 여행 밀양 위양지 위양못 이팝나무 밀양댐
참샘허브나라 :: 겨울에 아이들 데리고 여행가기 추천 여행지
경남밀양발길닿다 밀양구만굴 가기전 행랑채에서 점심밥챙겨먹기
2023년 밀양 금시당 백곡재 은행나무 단풍상황 주차장 안내
밀양 아이와 가볼만한곳 밀양 트윈터널 주차장 입장료 달고나... 
"밀양농산물, 백가지 향과 맛이 나는 아열대 작물 백향과"
"봄에는 이팝나무, 가을에는 단풍이 아름다운 여행지 밀양 위양지"
[경남 밀양 / 밀양 랜선 여행] 밀양 가볼만한곳 진장... 
[대구근교 / 경북&amp;경남] 여름 여행지 추천 BEST 10순위
밀양 위양지 이팝나무 풍경
"밀양 꽃새미마을 참샘허브나라, 꽃향기 따라 동화 같은 풍경... "
"밀양가볼만한곳, 밀양 벽화마을, 멍에실 문화마을"
경남지역 여행코스? 가스공사 관리소만 따라와!
[경남 밀양/ 밀양 랜선 여행] 노을이 아름다운 낙동강변의 밀양... 
밀양시립박물관 주말 경남 아기랑 여행 할만한곳
"'꽃향기로 설레는 봄'..밀양시, &quot;만개한 꽃보러 밀양으로 오세요&quot;"
밀양 가볼만한곳 트윈터널 빛축제 여행떠나보자
밀양여행 : 한옥펜션 토담한옥 + 청도한재미나리... 
경남 밀양 가볼만한곳 베스트 10
밀양가볼만한곳 밀양 혜산서원에서 펼쳐진 공연 그리고... 
"경상남도, 체류형 힐링여행지 추천"
[홍보단 소식] 무더운 여름 떠나고 싶은 시원한 밀양 실내... 
경남 밀양 아이와 실내가볼만한곳  밀양아리랑 우주천문대
[밀양]밀양관아지 :  밀양여행지 &amp; 밀양 스탬프투어 이벤트 후기
부산 근교 산책하기 좋은 밀양 영남루 배롱나무 및 야경
밀양 금시당 백곡재 유원지 가을여행 은행나무 단풍 11월... 
(경남밀양산행)영남알프스 전망대 북암산~문바위 산행에서... 
밀양 가볼만한 여행지 영남루 우리나라 3대 누각
[밀양 언택트 여행] 머리가 맑아지는 오감만족 향기로운... 
"밀양 야경, 감성 가득한 시원시원한 도시뷰 밀양 달빛쌈지공원... "
밀양여행 명소 위양지 이팝나무절정 5월 추천여행지
밀양여행지 밀양 아리랑 전수관 &amp; 전시관에서 전통을 만나다
부산 근교 경남 밀양 트윈터널 겨울방학 실내 가볼 만한 곳
경상도 2월축제 : 인기 부산 대구 울산 경남 경북 2월 행사 여행지
경남가볼만한곳 밀양 영산정사 주말여행지로 추천해용!
"밀양 여행지, 가볼만한곳 추천!"
"밀양 가볼만한 곳, 역사와 놀이가 있는 밀양 사명대사 유적지... "
"[경남 밀양 / 밀양 랜선 여행] ‘아리랑의 선율, 희망의 울림’... "
"[경남 밀양 가볼만한 곳] 만어서, 순교자 김범우기념... "
[가을 여행지] 밀양아리랑 오토캠핑장의 억새숲
"3. 석가탄신일 사찰여행지_전라도,경상도"
사명대사 유적지와 생가지[밀양여행]
"밀양 여행 - 해바라기, 구절초, 표충사, 영남루"
(밀양 가볼 만한 곳)(밀양 사진 찍기 좋은 곳) 금계국 꽃 향연... 
5월 밀양 창포꽃 사진 찍기 좋은 곳 밀양 혜산서원과 밀양 위양지
밀양여행 가볼만한 곳 밀양 얼음골 밀양계곡추천 공영주차장
"경남 밀양여행 더위 피서지 얼음골, 밀양댐"
밀양 가볼만한곳 위양지
밀양가볼만한곳 시례 호박소 계곡 밀양여름계곡
삼랑진 트윈터널 밀양가볼만곳
"경남 여름 여행지 추천 밀양 얼음골, 전국 인기순 50곳"
밀양 가볼만한곳 영남알프스 얼음골 케이블카 가족여행 추천
새롭게 단장한 밀양 사명대사 기념관과 생가지~~
"위양지(위양못) @밀양 여행 / 국내 가볼만한 곳, 국내 여행지 추천"
[밀양 가을 여행지] 밀양 최대의 꽃무릇 군락지가 있는 천태산... 
(경남밀양여행)100년이 넘은 우리나라 근대수리시설의 효시인... 
안심 관광지 25선? 아직도 안 가본 국내 여행지가 많네요~
"밀양 여행 고풍스러웠던 영남루 , 달빛쌈지공원 부산근교... "
경남 밀양 - 여물통한우
자연의 호흡을 맘껏 끌어안은 석골계곡으로 go go go ~~~
충주호선착장   손품팔아찾던곳이여기
숨은 관광지 7곳 추천
밀양 만두 맛집 진만두가 밀양아리랑점
경남 여행 밀양 표충사 쌀쌀한 저녁 사찰
밀양 남명리의 얼음골
겨울 ‘밀양’의 멋과 맛을 따라서 밀양 당일치기 추천여행지
"이팝나무,경남밀양추천여행,5월가볼만한곳,사진출사추천여행지]"
"경남 밀양 언택트 당일치기 여행지, 해바라기, 댑싸리, 백일홍... "
데이트하쟈. 경남 드라이브코스!
삼랑진 트윈 터널 밀양 아이와 함께 가볼 만한 곳 8월 여행지 추천
밀양 금시당 백곡재 은행나무 만개.. @가을여행 브이로그
농촌진흥청 봄 여행지로 적합한 아름다운 농촌마을 선정
"경남 5월 가볼만한곳 부산근교 꽃놀이 장소!(밀양 위양지,울산... "
밀양 꼭 가볼만한 곳 베스트(TOP 5) 추천여행지(호박소계곡... 
"경남 4월 가볼만한곳 벚꽃 명소 여기! (거제 서항마을,밀양... "
한여름밤의 꿈! 같은곳!
"[경남 밀양 / 밀양 랜선 여행] 바스락 밟아보는, 밀양 고답마을... "
경남 가볼만한 곳 : 울산... 주말나들이. 국내여행지. 등산지도코스
"부산 인근 밀양 당일치기 여행지 추천 3곳 ! (위양지,꽃새미마을... "
촌캉스
[오늘의 여행 소식] 23.11.18 [김순덕의 도발]여자 혼자 여행하기... 
[밀양여행] 숙소 &amp; 맛집 추천 : 밀양관광호텔 / 명가옥... 
산멍.물멍. 밀양 삼랑진 카페추천《바래미바네사》
(밀양 겨울에 가볼 만한 곳) 랜선으로 즐기는 밀양 초동... 
밀양 위양지 이팝나무를 볼 수 있는 위양못 저수지(+개화상황... 
[경남 밀양/밀양 랜선 여행] 밀양 수산제역사공원 역사가 깃든... 
[경남 여행 / 스탬프 투어] 코로나19 시국에 알맞은 경남 모바일... 
밀양 위양지 # 밀양 가볼만한곳
"[경남 밀양 / 랜선 기차 여행] 물길과 철길이 만나는 곳, 밀양... "
밀양 비대면 여행지 추천 코스! 배롱나무꽃 명소 5곳 (밀양향교... 
밀양 트윈터널 부산에서 40분! 부산 근교 가볼만한곳 추천해요
경남 밀양 가볼만한 곳 : 실내 데이트로 추천 트윈터널
경남 밀양 가볼 만한 곳 트윈터널 | 부산 근교 가족 여행 추천... 
[ 한국관광공사 경남지사 가봄3기 ] 경상남도 가을 소풍 여행지
경남 은행나무 명소 밀양 가볼만한곳 그림같은 금시당
[경남 밀양 / 밀양 랜선 여행] 밀양 금시당 백곡재 선비의... 
"꼭꼭 숨겨둔 비밀의 화원, 참샘 허브나라"
국내 여행지 추천 밀양 1박2일 여행 가을단풍명소 밀양 아이와... 
부산 근교 단풍 명소: 경남 밀양 금시당 백곡재 은행나무
밀양 예림서원 선비풍류 여행추천코스
[경남 밀양 / 밀양 랜선 여행] 토종 작물의 가치와 우수성을... 
근대가옥을 볼 수 있는 경남 밀양교동
[시네마로드 ②] 길따라 영화따라…12월 여행길 5
[경남 밀양 / 밀양 랜선 여행 / 밀양 노을 명소] 밀양아리랑... 
경남에 드라이브가기 좋은 마지막 가을여행지 밀양 초동연가길
밀양 겹벚꽃 숨은 명소 안태공원에 대한 모든 것
표충사-부처님오신날 되기전 미리 다녀온 밀양추천여행지
"밀양 가볼만한곳 위양지 이팝나무 , 분위기좋았던 카페... "
밀양 천문대 야간 행성 관측 밀양아리랑우주천문대
"밀양뷰맛집 M.Y커피윌 오후의정원 후기, 밀양산외면카페추천"
밀양 트윈터널 근처 맛집 '시골밥상' (Feat.내돈내산)
[밀양가볼만한곳]밀양 위양지
밀양 스탬프투어 밀양관광이벤트 밀양여행지추천... 
부산 근교 경남 단풍 여행 밀양 표충사 11월 여행지 추천
오늘(6월 2일)의 추천 여행지(365) - 밀양 만어사 종석 - 밀양의... 
케이블카 타고 영남알프스 가볼까…설 연휴 밀양 여행지 5선
제30회 경남 사진 대전 입상 작품 전시회 열려~~
밀양 새로운 랜드마크 호텔 아리나
"밀양 IC 근처 아이와 가볼 만한 곳, 아이들이 좋아하는 &quot;밀양... "
[밀양 여행] 밀양 가볼만한 곳 / 경남 가을 여행지 추천 : 금시당... 
우시장돼지국밥 ( 밀양시 / 상남면 )
[경남 밀양 / 밀양 랜선 여행] 2000년 전설이 어려있는 사찰... 
"[밀양 얼음골폭포관광농원, 여름 피서지 추천] 은어 잡이 체험... "
"[경남 밀양 카페 추천] 단장면커피 로스터스(DCR), 재방문율 200%"
[경남 밀양/ 밀양 랜선 여행] 예쁜 사계절 이야기가 있는 밀양... 
밀양) 밀양 가볼만한 곳 만어사
[경남 밀양 / 밀양 랜선 여행] 밀양강과 어우러짐이 아름다운... 
밀양  핫한곳 위양지       이팝나무
월간 자전거 생활의 국내 자전거여행지 베스트 30(하)
손꼽아 기다리던 밀양 아리랑 오토캠핑장 재개장
밀양 가볼만한곳 얼음골케이블카 월연정 영남루 트윈터널
"[밀양] 밀양 주말 가볼 만한 곳, 실내 데이트 &quot;트윈터널&quot;"
[경남 밀양] 밀양나들이
밀양여행 영남루 야경 밀양공연예술축제
[경남 밀양 / 밀양 랜선 산책] 가족나들이로 추천해요 밀양... 
6월 추천 가볼만한곳! 햇살과 즐기는 호숫가 산책 :: 예산... 
가을 여행지 추천_ 은빛 가득한 가을 산책 울산 울주군 신불산... 
아싸 신나는 여행 밀양 가볼만한곳 여행지 추천 어변당과 적룡지
"밀양 종남산 진달래, 밀양 4월 추천 여행지, 밀양 팔경 종남산에... "
(경남맛집/밀양맛집)밀양설봉돼지국밥. 돼지국밥 원조 밀양의... 
[경남 밀양 / 밀양 랜선 여행] 사계절 아름다운 밀양 표충사
밀양 계곡 펜션으로 유명한 밀양알프스산장에 다녀왔어요
"5월 추천, 밀양 드라이브 길, 밀양 이팝꽃 드라이브 길 2선... "
(경남밀양여행)영화 똥개 촬영으로 똥개터널로 더 알려한 밀양... 
경남 밀양 가볼만한곳 영남알프스 얼음골 케이블카 천황산... 
가을여행 국내여행 추석 가족여행 가기 좋은 여행지추천
(경남밀양여행) 2020년 4월30일 밀양 위양지 이팝나무 꽃 상황... 
"밀양트윈터널 입장료, 밀양 금시당, 용평터널, 달빛 쌈지공원... "
밀양 위양못(위양지) 이팝나무 대구근교여행지 밀양 여행지추천
한국관광공사 2019년 8월 추천 가볼 만한 곳
영성의 여행지 밀양 명례성지
"비오는 날 주말여행 2 - 밀양 위양지, 삼량진 트윈터널"
[밀양]산책하기 너무 좋은 위양지 |울산 근교 아이와 가볼만한 곳
[밀양여행] 밀양펜션 ‘해바라기펜션’ 시원한 계곡이 앞에... 
밀양 위양지 위양못 겨울 풍경 여행
밀양 단체펜션으로 유명한 밀양알프스산장에서 즐거운... 
트윈터널 밀양가볼만한곳 아이들이 더 좋아한 여행지
아이와 가볼만한 여행지 추천' 어른들도 즐거운 가족여행지들
날에 떠나고 싶은 사찰여행지/만어산과 만어사/밀양 가볼만한 곳
