무진의 볕 &quot;( 武珍之陽 ) 무양서원~광주 광산구 여행지 추천
광주광역시 광산구 여행지/관광지/명소 추천
광주 광산구 빵집 소촌동 앰블베이커리 빵지순례
광주 광산구 쌍암동 맛집 금순이 쭈구미는 절대 못잊어
"광주 여행지, 광산구 첨단지구와 쌍암공원의 밤"
광주광산구맛집 마우이보일링크랩 해변에서 즐기던 그맛
LET'S PLAY WITH JOY! 광주 여행지 TOP5
광주시외택시 광산구에서 여수 세계박람회 운행
광산구 감성여행지 추천 동곡미술관
[광주 광산구-여행지] 원당산공원
국밥 하나 시켰는데 찬이 몇 개가 나오는 거야 - 광주 광산구... 
광주/광산구  송정역 주변 솥밥과 함께 건강한 식사 가능한 밥집... 
추천 제주바다글리터 광산구네일 &quot;포쉬네일 광주광산점&quot;
[광주 놀거리] 광산구 송산목장에서 멋진 말타기
방방곡곡 여행지 속 우체통 (여수/곡성/완도/광주/순천 편)
광주 가을여행지 회사원 추천코스 어디가 좋아?
전남 광주 수국길 비채카페 파란수국명소 / 6월여행지추천
"광주 광산구의 밤은 아름답다, 별이 빛나는 밤에만 문을 여는... "
[광주 광산구]수완지구 냉면 ‘진주냉면’
광주광역시 광산구 여행지 추천드려요!
SRT를 타고 가는 광주 인근 여행지 Top4
[ 광주 광산구 - 여행지 / 도시근린공원 ] 보라매축구공원
광주방문미술/광주북구미술/광주광산구미술/광주 아동미술... 
살펴보자 - 광주 광산구 광주송정역 앞 1913송정역시장... 
소촌아트팩토리 광주 실내여행지 데이트하기좋은곳 수국명소... 
광주여행  [광주 광산구 선암동 황룡친수공원 ] 봄봄봄이왔어용... 
"[광주여행] 광주 동리단길, 광주 동명동, 광주여행지"
"원당산공원 광주의 자연을 느끼고 싶다면, 광주 광산구!"
광주그룹피티 gx다이어트반... 산타축제기간안내/광산구... 
광산구 언택트여행지 무양공원 풍경
전국방방곡곡여행지 :: 광주 광산구 장어구이 가족외식장소... 
[광주 송정역 술집] 광산구 오뎅바 철길부산집 송정역 신상술집
광주 광산구 1913 송정역시장 맛집과 하루코스! 맛의 도시!
[ 광주 광산구 - 여행지 / 자연관광 ] 경암근린공원
광주문화재야행과 함께 6월 국내 여행지로 송산유원지와... 
지난 5월 광주 광산구로 떠난 &lt;꿈틀버스1호&gt; 참가자들의 생생한... 
[내돈내먹]광주광산구임곡동맛집'낙원정'(오리고기맛집)
광주 광산구에서 가볼만한 관광지 &amp; 맛집은 어디? | 광주 8기... 
광주 조용한 공원 추천 광산구 신창가족공원 소개 및 방문 후기
"광주 광산구 용아생가, 박용철시인 인문학여행"
광주 광산구에 넓은 공용주차장이?
(전라도여행지추천) 광주지방합동청사 자연체험학습장
"광주여행지, 광주송정역 [광주광역시 광산구] - 17.01.21"
여행이좋다 :: 광주여행 마지막 여행지 광주8경 월봉서원 빙월당
광주 광산구 푸라닭 메뉴추천 과연 명품이고나
[ 광주 광산구 - 여행지 / 자연관광 ] 역사문화공원
머물고 싶고 걷기 좋은 가을여행지! 광주 가볼만 한 단풍 명소∼
광주광산구카페 유스 월곡동 피자 맛집
국토 대장정 5일째 [환호] (신북면 =&gt; 나주 =&gt; 광주 광산구)
광주 광산구 극락강역으로 겨울여행 떠나보자.
선정한 가을 비대면 관광지] 여유롭고 안전한 광주 여행지
광주 광산구 하남공단 무료 주차장 하남저수지공원 소개
"광주 광산구 여행 코스, 광주 광산구 가볼만한 곳 추천!"
광주 광산구 &lt; 가족 어린이공원 &gt;
[ 광주 광산구 - 여행지 ] 원당산공원 전망타워
광주 볼거리 KTX 광주송정역 근처 1913 송정역시장
광주 캠핑장 낭만 글램핑 도심속 힐링했던 이용후기
광주 실내 가볼만한곳 소촌아트팩토리 큐브미술관 이색데이트
"[가을여행] 광주, 담양 1박 2일 Day1- 쌍교숯불갈비 광주송정점... "
"광주 여행 가볼만한곳: 소하염전카페, 미도인 첨단점"
"봄 전라남도 여행지 추천/벚꽃여행, 산유수, 매화 꽃사냥꾼"
광주 조개구이 조개전골 (조개구이) 맛집 - 오아시스
들썩이는 광주 황룡친수공원! 가족들과 놀러오세요 : 2023... 
증도 여행 바다전망 숙소 신안 엘도라도리조트 전남여행지 추천
[광주 광산구] 쌍암공원
"아이와함께 체험하고 학습하는 광주 가볼만한곳, 광주 여행지 추천"
[광주 광산구] 어린이교통공원
광산구 아이들이 좋아하는 곳 물놀이장
광주여행 가볼만한곳 1913송정역시장 전라도 야시장 데이트
[광주 광산구] 송산유원지
"전라도 대표관광지 100선 소개/광주, 전북, 전남 대표 여행지... "
[광주컬쳐투어 서포터즈] 스크래치 아트맵과 함께 둘러본 1913... 
[광주 광산구] 용아생가
광주 호텔 추천과 전라도 광주 가볼만한곳 여행코스 정리
광주수완맛집 제주도 느낌의 서귀포로맨스 광주수완점... 
사진마다 화보가 되는 전남 4성급 리조트 광주 근교 가족여행지
[광주 첨단 네일] 광주 첨단 토탈뷰티샵 라엘뷰티 네일아트후기
네이버 블로그 만들기 광주도시철도공사 인재개발원에서 교육
광주공항택시 군산공항까지 영유아 동반 탑승 예약
"[광주여행 | 1박2일] 국립아시아문화전당, 정글북카페... "
광산구 독서하기 좋은곳 이야기꽃도서관
광산구 동곡 조각공원 시원한 나들이
현지인 추천 광주 여행지 1913 송정역 시장 직접 가봤다!... 
"전북 정읍 구절초축제 :: 10월 가볼만한 곳, 가을 여행지 추천"
전라도 광주 가볼만한곳 1913 송정역시장 송정떡갈비 1호점
전라도 펜션 추천 / 전라도 여행지 / 영광펜션 / 광주가까운 여행지
광주 첨단 맛집 라운지oic 발리시즌 데이트 코스로 추천
전라도 광주 가볼만한곳 광주호호수생태원 무등산국립공원... 
광주 가볼만한곳 1박2일 여행지 추천 광주 여행
대장정 6일째 [끔찍한 기억. 광주 참사] (광주 광산구 =&gt; 장성읍)
[광주 광산구] 돈도리뱅뱅
[광주 광산구] 칠레포크
국내 여행지 전라도 광주 여행지 가볼만한곳 추천 베스트 10
1년을 돌아보는 광산구 서포터즈 활동 기억 속으로...
광산구 선비정신 배워보는 무양서원
광주렌트카 송정역 공항 어디든지 고고
"월간시장 7월호 | 광주 1913송정역시장 탐방, 광주 가볼만한곳... "
[광주 광산구] 마이다스관광호텔
광주매트리스청소 광산구매트리스청소  도산동매트리스청소... 
광주 광산구 신창동데이트맛집 '디엠' 분위기 좋아요
광산의 이야기를 담은 전시 : 어반스케쳐스 광주 단체전 &lt;광산을... 
광주근교산책 장성 황룡강생태공원 나들이
황룡강 주차장 백양사 장성호 출렁다리 6월추천여행지
"[무장애 여행지, 휠체어 접근 가능 여행지-광주광역시]광주 五景... "
광주 국어학원 광산구 수완동 영어학원 수학 교과 관리도... 
송정르네상스 1913 송정역시장 광주 빵지순례 또아식빵... 
"광주아크릴화, 광주수채화, 광주광산구화실, 성인화실오아우"
1913 송정역시장에서 만난 추억의 문방구
체험관 광주여행지추천 광주체험프로그램 광주아이랑
광주 첨단 가성비까지 챙긴 쌀국수 맛집 흐엉 비엣 후기
첨단 술집 비아브루어리 광주 수제맥주
광주광역시 광산구 &lt; 장고분 &gt;
광주여행지장소 추천 광주가볼만한곳 디자인 이쁜곳
광주에서 강원랜드까지 광주장거리택시 예약
국내여행 광주광역시 토박이가 추천하는 가볼만한 여행지
여름방학 기간 광주대학교와 함께하는 광주여행 1탄. 휴양... 
"광주 첨단지구 맛집 추천, 바다수퍼해물천하조개구이 광주첨단점"
첨단맛집 광산구 쌍암동 신촌한우마을
[광주여행]친구랑 1박2일 광주여행 1 광주송정역 떡갈비 맛집... 
쑥's 초코파이_9가지 맛보기! 광주 광산구 송정로8번길 27
[가을 여행지] 가을 여행지가 고민이라면? 국내 가을 여행지 추천
[전국일주 1일차] 국립광주박물관 : 백제권 박물관 투어
광주 송정역 KTX 근처 가볼만한곳 데이트코스 브런치카페... 
광주송정역맛집 전남광주여행 광산나주곰탕
광주 송정 떡갈비
전라도 광주 가볼만한곳 :: 청춘발산마을 및 여행코스
전라도 광주 가볼만한곳 이색데이트 광주 볼거리 놀거리 코스
[광주맛집] 바다수퍼해물천하조개구이 운남점 [운남동 조개구이... 
"나주갈만한곳,나주여행지,나주의 랜드마크 &quot;디-벨라리움&quot;"
담양/광주1박2일 여행
[광주 볼거리] 광주 도심 속 사립학교였던 &quot;무양 서원&quot;
광주 지평동 양떼목장 | 송산목장 | 도심 속 동물... 
광주광역시 제1전투비행단 공군부대 여행지’를 소개합니다.
"광주 전통시장 투어 비아5일시장(장날 1일, 6일)"
한번은 아쉬워...여름 막바지 인기 재방문 여행지는 어디?
광주 수완지구 맛집  생면파스타 레스토랑 트라토리아펠리체
광주 수완지구 카페 분위기 좋은 줄리브 카페에서
광주 가볼만한곳 송정역시장 야시장 뉴트로낭만 송정축제... 
"우산동네일,선운지구네일 포쉬네일 광주광산점에 가보자"
광주 핫플 산책 수완호수공원 산책로 광주 빵집 동명제과... 
전라도 광주 떡갈비 골목 이조송정떡갈비 찐임! 뼈국 감동임
"[광주 월계동] 첨단 맛집 제줏간 광주첨단점 / 특삼겹살, 특목살... "
광주 펭귄마을 산책 &amp; 광주 야시장 송정역 1913 전라도 광주시장
광주 핫플 첨단 보이저 차차룸 후기
"[광주, 디저트] 수제초코파이_쑥's 초코파이_광주 광산구... "
[광주컬쳐투어 스크래처 아트맵] 1913송정역시장
광주의 여행지 &lt; 송산유원지 &gt;
벚꽃 광주 어린이대공원... 구례 장성 겹벚꽃 외 전남 봄 여행지
K채널 / “시끌 ‘Book(북)’적한 9월” 광산구 독서의 달... 
광산구 신촌생활근린공원 산책로
장성 해바라기 보러 황룡강생태공원 나들이/광주 근교 드라이브... 
전남 광주 굴비 떡갈비 맛집 - 가성비갑 한정식 송정골
광주 물회 맛집 포항물회 테이블링 필수입니다
광주 전남 전북 10월 축제 일정표. 전라도 가을축제와 여행지
[광주 근교 야경] 장성 황룡강 생태공원 산책
"광주 , 전남 계절별 봄꽃 여행지"
전라도 광주관광지 가볼만한곳 여행지는 어딜까
"광주 송정역 가볼만한 곳, 송정역시장 맛집 불꼬챙이... "
브라운 컴퍼니 &amp; 광주광역시 광산구 컨소시엄 사업단 [2편]
광주 국밥 맛집 시장국밥 본점
국내 맞아? 외국에 놀러 온듯한 9월 국내 여행지 추천!
"(제142호) 코로나19, 광산구는 이렇게 대응하고 있습니다"
[10월 국내 여행지 추천] 광주 1박 2일 알짜배기 무장애... 
"[광주/흑석동] cafe 마카리조, 생과일모찌 맛집"
[광주/광주 맛집] 광주에서 연어 제일 맛있게 하는 &quot;연어하다... 
"[광주/서구,광산구] 광주 잠깐 반짝 여행 ( •̀ω•́ )✧"
서울에선 상상 못할 너무나도 푸짐한 통닭 - 광주 수일통닭... 
담양 내일로 여행 가볼만한곳 여행지 여행코스 죽녹원... 
"광산구맛집 천자문 짜장면, 짬뽕, 탕수육:-0 우산동맛집으로... "
전라도 광주 가볼만한곳 베스트10 정리
올여름은 광주에서! 2023 여름 핫캉스 지도
광주장거리택시 화순 사평면 배차
[광주 여행]남도관광센터 '오매나 광주' - 전일빌딩 245 2층엔... 
[전라도 광주맛집]꼭 가봐야할 광주 현지맛집 list(보리굴비... 
(광주광역시) 다소 부족했던 K-공간 유노윤호 작은 도서관 HUG
광주패밀리랜드 눈썰매장 체험과 함께 광주 라마다호텔과... 
광주 가볼만한 교육여행지 추천: 과거와 현재가 공존하는... 
광주 콜택시 강진 옴천면 시외 예약 운행
[국내 여행지 안내] 대한민국 대표 볼맛거리 소개 &quot;방방곡곡... 
여행기획자 : 광주 여행지 조사하기
광주
광주썬팅 이제는 기포와 헤어질 때.
"45+ 모임 앱 오이의 서울, 경기, 대전, 광주, 부산, 울산... "
6시내고향 광주삼시세끼 떡갈비 나물한정식 상추튀김 임대호... 
광주산정동공방/월곡동대덕7차아파트정문/광산구공방/광주공방
"(제143호) 코로나19, 광산구는 이렇게 대응하고 있습니다"
"광주 송정역 떡갈비 맛집, 부모님과 가기 좋은 화정떡갈비"
[가을여행추천][광주근교여행][장성여행]장성 황룡강... 
전국방방곡곡여행지 :: 광주 운남동 직장회식장소 가족외식장소... 
광주 가볼만한곳 베스트10 좋아요
"(제144호) 코로나19, 광산구는 이렇게 대응하고 있습니다"
광주 리얼 현지 쌀국수맛집 첨단 하노이어이
여름여행지/아이와함께하는 수영장여행/민스위트떡앤베이킹
[광주] 커피도 맛있는데 물멍까지 가능한 온어브레이크(ON... 
"광주가볼만한곳 1913송정역시장 주차꿀팁, 화장실 이용 정보"
[제14회 광주비엔날레] 예매 꿀팁! 아트패스 후기!
광주 남구 봉선동에서 전남 순천시 상사면까지... 
"곳 | 광주 송정역시장, 양림동... 넘치는 레트로 공간, 광주맛집"
광주 첨단 라운지oic 발리시즌 여권 없이 떠나는 여행
[광주 볼거리] 광주 문화재 사진촬영 전문 &quot;광주 장덕동... 
광주 송정리향토떡갈비거리에서 육즙가득 맛있는 떡갈비 맛보기
대한민국 최대 핫플 ‘더현대 서울’에서 광주 알린다
전라도 광주송정역 KTX 주차장 주차요금 식당 카페 알아보기
광주떡갈비 먹으려면 바로 송정리 빛고을떡갈비! KBS에도 나온... 
광주 하남 카페 인스타감성 카페쿠지
광주 첨단핫플 고급지고 가성비좋은 라운지OIC 술집에서... 
광주 송정시장1913 갱소년 / 고로케삼촌
광주장거리택시 보성 대원사 왕복예약
보성여행 보성역 등 국내 기차여행 추천
도심 속에서 만나는 국내 숲길 여행지 베스트 5
광주 송산유원지 드라이브코스로 좋아!
제주도한달살기 추천 순위 TOP 7 후기 리뷰 가격 비교 장점... 
전라도 광주 가볼만한곳 임팩트 명품백화점부터 펭귄마을까지... 
광주 맛집 광주 여행할 때 가야 하는 곳 장소 리스트입니다.
떠날 때나 여행지에서 꼭 봐야 할 『대한민국 정원여행지도』
"사계절이 푸른 국내 힐링 시골 여행, 광주 명곡마을"
광주장거리택시 전라남도 무안 운행
&quot;긴 연휴 명절 스트레스 없이 떠나요&quot; 무안·광주공항 북새통
[ 광주 북구 - 여행지 / 자연관광 ] 풍암정 단풍길
광주콜택시 광주에서 완도 장거리택시 운행
"광주전남 대형견 동반 캠핑, 노지캠핑, 차박캠핑 장소 추천"
"전라도 광주 가볼만한 곳, 황룡친수공원"
전라도 광주 가볼만한곳 펭귄마을 포함 광주 놀거리 볼거리... 
KOGAS 가족들을 위한 전국 여행지 [3탄] 전라 경상 편
국내 4월 여행지 추천 / 강진 전라병영성 축제 하멜기념관까지
"전라도 가볼만한곳, 담양 죽녹원 포함 여행지 추천 다섯곳"
여름에 빛나는 숨겨진 레젌레이션 스팟! 코로나19에도 안전한... 
[ 주간 소식 - 2021.8월 셋째 주(8.16~8.22) ] 광산구... 
광주 네일 :: 첨단 네일그녀와 7월 이벤트 &amp; 이달의 아트
영광쉼 투어 물무산 행복숲 황톳길 매간당 불갑사 버스여행으로... 
광주 가볼만한곳 베스트10 명소
@광주/월곡동 맛집 :: 알천소곱창[광주 여행 2박 3일 여행 맛집... 
남도여행 녹양관 간장게장 순천의계절 카페 광주 영명국밥 혼자... 
"불태웠던 2박3일 광주여행! (무등산 맛집, 동리단길 카페... "
광주 가볼만한곳 BEST 5 /    광주 여행(최신)
[광주 카페] 광주 대형카페 세컨드원! 광주 데이트코스 추천!... 
광주광역시 상가 피아노 방음부스 템바보드 인테리어
국내여행코스 추천 이색적인 분위기가 가득한 TOP5
광주 1913송정역시장 맛집 영명국밥
"전남 광주 노블스테이 호텔, 곡성 담양 숙소 추천! 내돈내산 후기"
광주에서 광양 중마동 버스터미널 심야 콜택시
[광주맛집] 허영만의 백반기행에 나온 광주가면 꼭 먹어야하는... 
광주 뚜벅이여행... 라운지oic/송극떡갈비) 광주맛집추천
빛고을 광주 가볼만한곳 자연 친화적 명소 14선... 
"광주송정역 KTX 편의시설, 광주송정역에서 광주역 셔틀열차"
"광주볼거리, 광주데이트, 송정공원, 광주송정공우너"
광주 맛기행 나물밥상 송정떡갈비 상추튀김 임대호 광주삼시세... 
금년 여름휴가 여행지 전국  맛집 100선 안내 여행지에서... 
[광주맛집] 광주현지인이 추천한 떡갈비와 육회가 맛있는... 
[광주] 1913 송정역시장
"여행지까진 고속철로 빠르게, 여행지에선 롯데렌터카로... "
광주 수완지구 키즈카페 베베엔젤 베이비카페 다녀왔어요... 
"‘2019 광주세계수영선수권대회’ 보고, 광주 여행도 하고~"
[광주]너브실에서 만나는 고봉기대승
수완동왕버들나무. 광주데이트. 광주볼거리
광주 1박2일 뚜벅이 여행... 518자유공원 광주 향교
퍼펙트스터디카페 학습분위기 최상의 운남동 독서실 추천
광주여행 동곡미술관 세상을 놀이의 눈으로 바라보라
"전라남도 광주 가볼만한곳, 광주 당일치기 여행 13"
"광주1913송정역시장 영명국밥 국물이 깔끔하네,"
"[광주수도누수],광주세면대수리,광주광산구수도관수리교체... "
독일간식 커리부어스트(Currywurst)를 아시나요?
[광주 드라이브] SRT - 그린카... 패키지로 떠나는 광주 당일치기!
광주광역시 첨단지구 편백찜 맛집 도토리 편백집 추천
나훈 광주시야구협회장 25일 광주 광산구 광산장학회에... 
광주호남대렌트카 학교 앞 어디든지 차량이 배달온다??
추천. 광주 갈만 한 곳 7가지
"광주 재개발 답사기1(풍향, 광천동)"
광주신창동맛집 쭈꾸미&amp;삼겹살 그 환상의 궁합
광주주월동맛집 &lt;주월동 수일통닭&gt; 치맥하기 좋은곳~!
"광주롯데아울렛 수완점, 주차장 주차요금 (feat.수완호수공원)"
"5월 전라도 축제 (목포도자기축제, 곡성 세계장미축제... "
광주 첨단 베트남 현지느낌 쌀국수 맛집 흐엉비엣
[전북/군산/카페] 빈타이(BEAN TIE) :: 광주 근교... 
광주 첨단 헬스장 올라운드 구경하고왔어요!
광주 공원 벚꽃 산책로 야경 데이트 코스 전라도 광주 여행... 
강남대역 파산 법무소 개인 신용 대출조건안내
광주광역시 시외택시 천안아산역 운행
[무안출발나트랑] 나트랑12월날씨 선선해서 좋아요~
졸업여행지 자동차텐트
광주송정역택시 담양 죽녹원 예약 운행
"[광주의 역사] 용아생가, 마한유적체험관, 무양서원를 만나다."
광주편백 수제가구공방 수완 신창 첨단 상무 운암 광산구... 
"4월 전남축제, 전라병영성축제. 국내 4월 여행지로 추천해요."
"광주미용실,첨단지구미용실,여자중단발,여자중단발머리펌... "
광역시여행_[광주#06-현대 시문학의 개척자 용아... 
"[수완지구]세컨드원, 3200평의 초대형 광주 카페&amp;복합 문화 공간"
광주 근교 드라이브 2 ::: 전라남도 나주 당일치기 여행... 
"당일치기&amp;1박 2일로 5월에 가볼 만한 곳, 광주 광산으로 떠나요"
"광산구한방병원 덥고 습한 여름철, 식중독 물리치는 5가지원칙"
광주 첨단 포플레이 시리단길 맛집 제주고기 전문 명지회관... 
[전라도/광주] 크리스마스 1913송정역 시장 여행
광주이사혼수 하이마트 광산점 연초세일로 저렴하게
광주 드라이브 및 트래킹 코스 추천 왕동저수지 고향길 소개
송정동 맛집 실패없는 야식 깐깐한 족발
[광주관광재단 뉴스레터 9월호] 광주 ESG 예술 덕후 도네이션... 
박물관활동지 유아활동지 유아교구 광주마한유적체험관 체험키트
광산구의 요리왕은 바로 나!
"[휴가특집] 맛이면 맛, 멋이면 멋! 안심하고 가는 전라도편"
[광주] 광주맛집가볼만한곳: 913송정역시장
50년 전통 국수집 자연 건조 국수 방앗간 위치 광주시장 :: 리폿안
[광주맛집] 가성비 좋고 맛있는 분식과 술을 파는 광주송정역시... 
광주 회포장 : 수완지구 횟집 대한수산에서 제철 회 포장!
[한식투어리포터/담양] 담양죽녹원의 멋진대나무와  맛있는... 
"영산포등대, 광주 브론즈힐507, 탑클라우드호텔 광주&gt;"
[하나투어전세기] 무안출발 삿뽀로 특가정보입니다~
"전라도 광주 1박2일 여행, 팸투어 with 광주5미"
광주 벚꽃 명소 광주여행 봄 피크닉은 쌍암공원에서 +광주숙소
오늘 밤 미식배송 로컬식탁 05화 - 맛의고장 : 광주
광주의 공원 &lt; 아름공원 &gt;
광주 정신건강 문화행사 2023 이제 마음의 건강까지 챙기세요
국내가족여행추천 서울 호캉스 수영장 국내여름여행지 추천
"장흥의 삼합, 광주의 떡갈비_ 굿굿굿!"
막바지 여름 휴가를 위한 국내 여행지 추천
광주 1913송정역시장가면 꼭 먹어야 할 음식모음
생생정보tv우와한식당광주송정칠합세트어등회관?... 
무양서원 : 광주 한복판에 서원이 다 있네
전라도물놀이장 총정리/ 계곡추천/ 취사가능계곡/ 전남여행지추천
광주공항 제주도 하루에 13대 운항중
굿모닝 대한민국 라이브 떡갈비 뼈국 육회비빔밥 맛집 광주... 
광주여행 1913송정역시장 꼭 가야하는 이유? 먹거리와 볼거리
[나눔방송] 역사마을 1번지 ‘광주고려인마을’ 광산구보... 
[광주맛집] 스테이크도 울고갈 돈까스 맛집 '호천당 광주신창점... 
광주의 공원 &lt; 가온어린이공원 &gt;
광주의 시장 &lt; 월곡시장 &gt;
여름철 식중독 예방 및 광주광역시 보건소
전남광주 어린이 농촌체험 : 시골농장 통이복이 방울토마토 따기
전라남도 광주의 흥미로운 실내 명소 탐험하기
64살 광주언니의 여행일기 : 1913 송정역시장
대한민국 테마여행 10선 남도맛기행 둘째 날 광주여행 광주가... 
수완지구맛집 고기&amp;사이드가 맛있고 컨셉확실한 종착역 후기️
"진짜문어로만든 광주 타코야끼 맛집 &quot; 타코하루 &quot;청양마요, 치즈... "
광주 담양 1박2일 여행 :: 2일차 소쇄원 / 1913 송정역시장... 
"광주 사직공원 타워카페 , 이런곳에 이런카페가 ...광주가... "
굴국밥 맛집 추천
"야간여행 광산구, 송정역 투자선도지역 지정으로 앞날이 더... "
함평 뉴타운 몰디브 오션 스트라우스 리조트(광주 전남 투자)
광주 데이트코스 송정역시장 구경하고 떡갈비도 뜯고~
"광주공항 주차요금은 얼마? 1일, 2일주차시 요금 확인해보기"
[2박3일 광주여행] 구례도가고 광주구경도하고 논노난나 후기
"광주 송정역 맛집 추천:: 영명국밥 (수요미식회 방영, 송정시장)"
혼자만 알고 싶은 국내 여행지 15
광주광역시 광산구 연경 중식 - 달콤한여행
광주여행사 &amp; 광주이색카페 바람여행사 다녀왔어요
내가 가본 전국 여행지
광주문화관광해설사와 함께라면 모르는 것이 없는 광주 여행... 
[TV속 정보]22년 6월 20일 (월) 2TV생생정보... 
"나에게 꼭 맞는 작은 책방, 전국 독립서점 10곳!"
[인스나인유치원] 인스둥이들과 함께 하는 신나는 세계 여행... 
광주 밀키트 포장 소촌옥 돼지갈비들고 캠핑 가고 싶다~
순천스마일라식  광주 소촌동 아트팩토리 다녀오다
"한지 거실장, 편백 원형 4인 소파 배송 후기 - 광주편백가구 편백지"
수완지구 맛집 에머이 바로여기야!
캠핑푸드 캠핑고기 추천! 통큰오리착한삼겹 수제양념돼지갈비
"[여행임장기] 1. 광주 (첨단, 수완지구)"
광주관광지 지도 스크래치맵 DNA디자인스튜디오
광주송정역 계란밥 1913송정역시장 맛집
광주다문화가족지원센터 위치
20190810(토) ~ 0811(일) 신안군 증도 라이딩
광주송정역 맛집 깨소송정... 세트가 대박인곳(광주 송정리 맛집)
"가을여행 핑크뮬리, 코스모스, 여행지, 가을휴양, 명소"
[놀토앱 신규유적지 특집] 광주 빙월당
광주 데이트코스로 첨단 피자 맛집!OIC(오아이씨) 방문후기!
가을하늘 구경하실래요 광주 황룡강 습지공원 풍경
광주공항↔제주공항 비행기 항공 시간표 스케줄 비행기표... 
광주데이트. 수완호수공원. 광주여행. 광주이색여행
[ 주간 소식 - 2021.7월 다섯째 주(7.26~8.1) ] kbc 광주방송... 
중국 어디까지 가봤니!!!!(쑤저우편)[광주중국어][수완중국어]
[오늘의 전기차 소식] 23.10.09 전기차 시장의 둔화?…“미래는... 
굿모닝대한민국라이브 대한민국 라이뷰 광주 송정리 향토... 
"광주깨끗한게스트하우스, 다솜채 위생청결 마음에 쏙!"
전라도 야시장 가볼만한곳 1913송정역시장 먹거리
광주 마라탕 수완지구 백두산 후기
7월 국내여행지 추천 국내 호캉스호텔 호텔예약사이트순위
[비긴위드] 광주 송정역 감성 카페 '르네브'
광주광역시 근교 봄철 맛집 추천 다솜보호토퍼 맛집
광주송정역한옥게하 여행하기좋은 위치인 다솜채!
"광주 호남대학교 대학탐방 : 경산에 영남, 아산에 호서, 광주... "
광주 더홍만의 여행 사진 잘 찍는 법
‘광산의 별’ 송정작은미술관 [광주송정역 가볼만한곳]
광주 심야 택시 고흥 녹동 운행
생고기 연포탕 택시맛객 맛집 추천 2tv 저녁 광주 가게 위치 어디
광주 호텔 추천 베스트 5 (ft. 광주광역시 여행 호캉스)
광주 마사지샵 첨단 더KJ타이 체형교정원 25년 경력자가... 
광주 티라미수 진한 맛 그대로 맛보는 하남 피크닉 몰 티라미뚜
"전라남도 광주 펜션, 호텔 추천"
소풍 신가점 광주 신가동에서의 잊지 못할 여행: 신가동 맛집 여행
맛있는녀석들 222회 광주골목특집 오리탕골목 떡갈비골목
광주아이폰사설수리는 광주아이폰수리전문점 애플아이 광주점
광주 하남 카페 공차 오픈기념 보틀 겟
광주선글라스 꿀득템한 수완지구 안경더하기
전통문화 체험공간으로 거듭난 나주목사내아
2022 벚꽃 개화시기와 전국 벚꽃명소 알아보기
광주=?  / 손창민
4월 국내여행지 추천은 전라병영성축제
"광주/송정동/송정역)맛집, 떡갈비 맛집_빛고을떡갈비 : 광주... "
(메뉴얼커튼)장착! 믿을 수 있는 순정의 퀄리티. 광주노블시트
중국요리 광주 2500원 짜장면 4천원 짬뽕 4000원 아싸1% 6월16일... 
광주 송정역 근처 둘러볼만한곳 ::: 1913송정역시장... 
황룡강 뷰 대형카페 온 어 브레이크 ON A BREAK
광주 1913 송정역시장
수완동에스프레소바 티피티 로스터스에서 코스음료를 마셔보자
첨단 샤브샤브 맛집 규슈 첨단 시리단길점 제대로 즐기는 방법
5월 여행지추천 5월 축제하는곳 175곳 모음 5월 축제가볼만한곳
광주 카페 추천 베스트 6 (ft. 광주광역시 분위기 좋은 카페)
광주 전연령렌트카 와이앤에서 완전 반해버렸어!
수완지구 꽃집 신가동 헤이플라워 기념일 선물 플라워박스
' Colors of Arirang' 의 역사 여행지
광주 전연령렌트카 와이앤으로 힐링여행!레츠기릿!
"모아이석상 :: 광주근교 군산 드라이브 가볼만한 곳,여행코스"
장덕동햄버거 프랭크버거 방문
전남 함평 가볼만한곳 베스트10 여행지 추천
"광주 북구 여행자 라운지, 남도향토음식박물관 북구 맛있는... "
"2021, 여름, 광산구 SNS이벤트 “광산의 미소를 찾아주세요”... "
"청년들이 만드는 새로운 광주여행, 출발!"
광주렌트카 추천
첨단 베이커리 카페 ‘ 도담 베이커리 ‘ 첨단 빵 맛집
광명역에서 KTX를 타고 광주송정역까지 한시간 40분이면... 
포항 여행지 가볼만한곳 호미곶 카페등 펜션 발리오레 후기 +대게
광주송정역 카페 리브드 구경했음
[뚜벅이 기자단 9월기사] 다시 태어난 여행지로 떠나다... 
"광주 카페 , 까로치아 신가점"
"12월 대만여행, 이 글 하나로 3시간 아껴드립니다"
전라도 광주 가볼만한곳 국립아시아문화전당 비비런 공연 여행... 
광주송정역 기차시간표(열차시간표) KTX.SRT.무궁화(광주역... 
선운지구렌트카/선운지구/광주호남대/광주렌트카추천.!
"전국 10대 김밥 맛집을 메티즌에서 소개 드립니다. 소풍, 캠핑... "
광주 핫플 카페 아우어베이커리 광주첨단점
광주도시철도 1호선(남광주역~광주송정역)에는 전시관이 있다.
"전남 광주 담양 1박2일 여행코스 1일차(떡갈비, 숙소)"
쌍촌동렌트카/광주렌트카/렌트카추천/광주렌트카싼곳
철원 가볼만한곳 베스트10 좋아요
천변 - 남광주 - 푸른 길&gt; 걷기/ 광주여행/ 미용학원 추천 여행지
"[전국맛집멋집소개] 논산 선샤인랜드방문, 충남여행지 추천... "
광주장거리택시 보성녹차밭 관광 투어
광주공항 콜택시 신라스테이 여수 운행
"인생샷을 건지는 최고의 핫플레이스, 감성 카페 거리를 누비다"
광주관광 안내 충장로 남도관광센터 전일빌딩 2층
"도심 속 맛집 탐방, 숨겨진 명소들의 세계"
광주 소품샵 플라잉타이거 코펜하겐
[하나투어다낭상품] 무안출발추석연휴 다낭여행추천~
송산유원지 카페 온어브레이크 여유로운 공간
"광주애견동반카페, 실내, 실외 애견동반가능 [첨단비카페574]"
수완지구 강경아 네일샵 :) 봄네일 봄나들이 봄여행지추천
"[山] 2023, 笠岩山 … 2. 입암산성"
동하리 4기 10월 기획기사 :: 가을에 가볼 만한 여행지
"청년들이 만드는 새로운 광주여행, 출발!"
신창동 &quot;담아담아&amp;장봐주는 언니&quot;
소소하고 확실한 행복이 최고야
"무드따라, 취향따라 고르는 침대 선택 가이드 with 일룸 광주... "
[광주] 첨단 핫플 '오아이씨(Lounge OIC)' 에 다녀왔어요.... 
“유모차·임부복·여행가방…우리도 공유할래요”
살기 좋은 곳은 취하기도 좋은 곳
"“방심하지 마세요, 꼼꼼하게 살피세요”"
광주 근교 가볼만한곳 모음 맛집과 카페도 추천
"수완지구카페알뤼르,신상카페,이국적인느낌의 카페... "
부산 여행!! - 볼거리 가득한 1등 국내여행지 [산정동무덕관]
[광주근교글램핑]요즘 날씨에 딱 좋은 불태산 돔 글램핑
6시내고향 발길따라 고향기행 광주의 삼시세끼 나물정식... 
"광주, 카페멜란지에서 맛있는 바스크치즈케이크 먹어보자"
월계동 맛집 &quot;Obpc 광주점&quot;
광주 첨단 보이저 맛집 시리단길 주차장 트립투재팬
"수완지구쌀국수 맛집, 나나방콕 수완점"
광주결혼준비 아름다운웨딩쇼에서 완벽한 결혼준비 시작하세요!
광주맛집 수완지구맛집 돈가스와 라멘이 맛있는 아리가또맘마
전라도광주맛집 여행가서도  돈까스클럽서 먹방
"광주 지금 여기! 아름다운 광산 5월 풍경, 선운지구 황룡... "
"전국 전통 재래시장, 3일, 8일 오일장날"
장성스테이황룡 사랑채1 전남감성숙소 오롯한 쉼을 원한다면
광주 하남 맛집 제줏간 후기
광주 첨단지구 건강하고 단백하게! 샤브샤브와 편백찜이 맛있는... 
광주아이폰5배터리수리&amp;아이폰수리
첨단 종착역  : 광주 첨단 오픈런했던 삼겹살 맛집
[광주 북구] 애견동반 가능한 무료야영장&amp;캠핑장 차박 추천
태국 전문 음식점 콘타이 보이저 첨단점 방문
전라도 광주 가볼만한곳 광주송정역 국창 임방울선생 전시관
광주광역시 맛집 베스트 10 현지인 추천 유명한 곳! (ft. 광주... 
광주여행사 추천 무안출발 해외여행 알아봤어요
"[무안 전세기] 2023년 4,5,6월에 여행 계획 있는 분들 주목!... "
내가 가본 전국 여행지
광주의 예쁜 공원 &lt; 안청공원 &gt;
광주의 공원 &lt; 발산제 공원 &gt;
"열린관광지 변산해수욕장, 가기전 이걸 꼭 챙겨가세요!"
광주의 가을 맛집 &lt; 신창역사공원 &gt;
"광주 수완지구 곱창 돌곱 1991, 줄서서 먹는 맛집"
광주의 공원 &lt; 쌍암공원 &gt;
광주의 공원 &lt; 영산강대상공원 &gt;
광주 여행 코스 야간개장 패밀리랜드 외 6곳
광주의 산책하기 좋은 공원 &lt; 하남공원 &gt;
광주 공원에 이벤트 &lt; 원당산 공원 &gt;
남도여행 (축제) 꽃길ㆍ물길따라 은륜에 몸 싣고 봄마실 가세~
가을캠핑 휠체어로 바다여행 할 수 있을까?
첨단 보이저 이탈리아 젤라또 낼름 첨단 시리단길점
광주 신창동 지석묘
광주의 롤러장 &lt; 첨단인라인스케이트장 &gt;
광주의 공원 &lt; 비아어린이공원 &gt;
광주 야경 맛집 &lt; 신창 저수지 &gt;
"[롤리트롤리 여행 정보] 광주, 반려동물 동반 가능 장소"
광주 어린이공원 &lt;솔솔어린이공원&gt;
광주의 산책 &lt; 수문초 공원 &gt;
광주의 산책 좋은 곳 &lt; 솟대 어린이공원 &gt;
광주의 공원 &lt; 고래실공원 &gt;
광주의 자작나무 &lt;자작나무숲길&gt;
광주 신창동주민센터의 자랑거리!!
광주 신창동 어린이 생태공원
광주의 공원 &lt;풍영정 근린공원&gt;
2022 광주공동체한마당 마음여행
"대통령상 수상한 관광 사진 작품, 어디서 찍었을까?"
광주의 산책하기 좋은 공원 &lt; 수문공원 &gt;
광주의 숨은 산책로
광주 신창동 &lt;역사근린공원&gt;
대구 출발 버스 여행 너무 좋았던 퍼플섬+송정역시장... 
2022년 전국 벚꽃 개화시기 알아보자
제주도 휠체어 여행? 이 글 하나로 끝내드립니다
광주 하남2지구 맛집 피앤타 !
광주송정역에서 송정떡갈비 골목으로  먹거리 여행 1편
광주 돼지갈비 소촌옥 포장해서 펜션놀러가기 !
광주 송정리 순대국 1913송정역시장 영명국밥. 수요미식회... 
1인여행사창업에 대한 모든것! [알지오투어]에서 알아봅시다!
광주선글라스 아이데코 신가점에서 인생샷을 위한 선글라스... 
광주 여행와서 들려보면 좋을 빵집 라라브레드
수완지구 횟집 천가상회 넘 맛있어요
광주 중고차 매입 선택지 많아서 좋았어요!
"전남 광주, 광주여행 숙소_ 가성비 좋고 깔끔한 첨단호텔... "
"[무안 전세기]2023년 4,5,6월에 여행 계획 있는 분들 주목!... "
"2020년을 정리하며, 특별한 사람들과 함께 했던 남프랑스... "
흑석동 술집 추천 : 이디엇 - 분위기좋은 위스키바 칵테일바
‘K가마솥’의 난감함을 생각하다
광주 타로 늘봄 후기; 디테일하면서도 친한언니처럼 따뜻한... 
"광주송정역 앞, 시간을 추억하는 광산거리"
"우린 백패킹 말고, 북패킹 간다! - 광주편③ 함께 걷고, 읽다"
가을여행을 광주 어등골프장 송산유원지 와 가을산 어등산에서... 
광주 가볼만한곳 1913  송정역시장
광주여행 :) 광주가볼만한곳 1913 송정역시장
떠오르는 전라도 핫플 광주 맛집 첨단 보이저 초이다이닝... 
광주안경점 [안경공장 아이데코] 갓성비 대박 안경가게
신안둔장어촌체험마을 근처 가볼만한 곳 TOP5
"[전남맛집멋집소개]남도여행지추천,순천여행지추천,순천선암사... "
[기록] 광주 대표 전통시장 1913 송정역시장
"제주도 단체여행, 이거 모르고 가면 무조건 손해입니다"
광주 수완지구 미용실 더세라 아베크점 : 탈색 없이 애쉬브라운... 
"광주공항 주차요금은 얼마? 1일, 2일주차시 요금 확인해보기"
전라남도 관광? 카드 대신 남도패스만 있으면 만사 OK!
"비행기 타고, 기차 타고, 버스 타고, 지하철 타고 AJ렌터카로... "
광주 수완지구 수완동 맛집 '제주도그릴' 흑돼지 고기 잔뜩 먹음!
‘매떠여’ 주우재와 장기용 뜨자 ‘광주’가 심쿵
"'2TV생생정보통맛집' 서후리 숲 '방탄(BTS)숲', 용문칼국수... "
전남 가볼만한 곳 : 광주... 여행지. 등산지도코스. 관광지도
전남 한정식 첨단 보향미 상다리 부러지는 한상
광주깔끔한게스트하우스 다솜채 굿굿!!
광주송정역게하추천 꼼꼼하게 따져보세요.
광주 골드런 승마랜드에서 승마체험 하고옴
[ 전라도 광주여행 / 1박2일 ] 광주극장 . 서울곱창 . 송정역시장... 
"광주가성비좋은숙박, 한옥게스트하우스 어때요?"
대만여행? 떠나기전 반드시 알고가야할 4가지
"전남 장성 가볼만한곳 여행지, 장성호수변공원과 출렁다리"
"광주저렴한숙소, 한옥게스트하우스 다솜채 만족!"
[광주여행] 광주 1913 송정역시장 - 볼거리 &amp; 먹거리가 있는... 
익산 이동식주택/농막 6평형 시공중
광주게스트하우스로 유명한 다솜채한옥게스트하우스로 오세요
곳에 있는 뷰티&amp;카페 ; 제주도 우아당 / 광주 30days / 목포 2017
2015 광주 하계 유니버시아드 정보
"맛있는 곱창전골, 광주 첨단맛집 나도국밥! [ 국내여행 / 광주... "
남평 양우내안애 친구 신혼집 한샘 수완대형점 여기서 초이스!
여행주간 먹깨비유랑과 함께 1박2일 광주 맛집 투어
아이들과 가볼만한 여행지 ② 나주 영산나루마을
"광주숙박추천, 다솜채한옥게스트하우스 인정!"
광주공항 비행기타고 강원도 양양까지 1시간 티웨이 탑승후기
맛있는 녀석들 &lt;222회&gt; - 광주떡갈비 &amp; 오리탕
꿈꾸는 여행자 운영 60세 이상 시니어 대상 교육비 전액 무료... 
SRT(수서고속철도)로 떠나는 금호고속 남도한바퀴... 
[예술여행학교] 기획자 과정 심화교육 - 지역관광의 기대와... 
"광주가성비좋은숙박, 다솜채한옥게스트하우스"
첨단 곱창 비주얼부터 장난 아니네!! 동서네낙지
광주쌀국수 하노이어이 첨단맛집 분짜 인정
선운지구렌트카/선운지구렌트/광주호남대렌트카/광주렌트카싼... 
[광주/첨단] 평상시
"광주저렴한숙소, 아직도 결정못했다면 다솜채로~"
"광주저렴한숙박, 게스트하우스 다솜채"
&quot;[첫 포스팅] / 첨단 탐라 숯 돈 !&quot;
올해 전남 해남미남(味南)축제가 온라인과 오프라인을 결합한... 
광주송정역숙소추천 최고급 침구가 있는 다솜채
장성가볼만한곳 장성8경 장성여행 1박2일여행지 백양관광호텔
2022년 행복영향평가·행복기본계획 본격 시행 : 지방정부... 
광주 게스트하우스 둘러 보기 by 광주디자인회사 씽크라이브
(미션)2022트레킹in 광산고갯길 원정대(2차)
광주 상무지구 꼰날
[연말특집] 탐나는 잠자리 총정리-1박2일 연말‘잠자리’플랜... 
보육원 출신 남학생 비극 6일 만에 또…또래 여학생 극단적 선택
"코레일과 함께 하는 기차 여행, 광주로 가다"
"랜선 퀴즈 풀고 선물 받고, 광산가옥 퀴즈투어 후기"
제주 항공권
&lt;광주여행&gt;1913송정역시장♥
광주 수완지구 밥집 아뜨뜨 솥밥전문점
"광주전남자동차유리교환{뉴SM5앞유리깨짐},전남화순픽업... "
장성 여행지 추천 꼭봐야할 장성 8경 고고씽~
광주가족사진 심플한 멋! 아침햇살스튜디오 아니겠어~
광주전연령렌트싼곳 와이앤렌트카 광주수완점에서 이용하시면... 
바로바로 지역감각 배워보기 (221206)
광주 가볼만한 곳 1박2일 추천코스
"한여름밤의 꿀, 아름다운 별을 볼 수 있는 전국 천문대 지도"
20220820 일기_광주역~극락강역~고려인마을
"전남 해남 드라이브 여행 (서해랑길 목포구등대, 오시아노... "
나주 카페 추천 가족끼리 갈만한 곳 3917마중
광주 놀곳 광주여행 광주 갈만한곳 광주 갈곳 ((++계속 추가중))
도시들
광주송정역 KTX예매방법 KTX할인 예매하기
"[광주 첨단 맛집] 에머이 첨단점, 베트남행 비행기에 몸을 싣다"
[생활 이야기] 우리나라 한국 국내 신종코로나(우한폐렴)... 
광주 송정역시장 코코블루에서 샤케라또와 패프에이드 드세요~
광주 송정시장1913 갱소년 / 고로케삼촌
가까운 해외여행지 무안출발 - 대만 얼리버드 특가항공권... 
［레져정보］디자인 리더 40인이 추천하는 광주의 맛과 멋
수완지구맛집 생어거스틴 연말모임장소 뿌팟퐁커리 강추강추
광주 게스트하우스 다솜채 한옥
"광주 북구 여행자 라운지, 북구 맛있는 예술여행센터를... "
광주에서 2시간 30분거리에 위치한 밤바다가 멋진 여수... 
제4회 혼불의 메아리 수상자 발표
광주광역시 시청 여권발급 비용과 신청방법
[가맹점소식] 2023년 3월 문화누리카드 신규/추천가맹점
안전하게 즐기는 가을 비대면 관광지 100선/가을 정취 가득한... 
"일본여행 대신, 국내 테마여행으로 가족과 떠나자"
뿌뿌의 일상다반사 :: [ 쌈족/ 신창동 족발 맛집 ] 매콤한 불족... 
[우산동 필라테스] 기구 필라테스로 다이어트 하기
수완점심맛집:: 생어거스틴에서 팟타이 즐기기 ^^
거제도낚시체험 카텐트 폴리곤캠핑
꿈의대화캠핑장 차량용난방텐트
거제도낚시터 차량용 커튼 구매방법
&quot;아직도 이러냐&quot; 손가락으로 경찰 조롱하며 질주한 광복절 심야... 
특색있는 전라남도 광주 맛집
광주송정역 주변 가볼만한 곳 :1913송정역시장부터... 
속초배낙시 자동차텐트 낚시하기
산소 묘지 벌초대행 전국 477곳 모음
수완동카페 분위기 끝판왕
"퇴사도 모자라 이사까지, 출사 중독 사진여행 블로거!"
해남 미남축제가 11월 2~7일 스마트 축제로 개최 되요
아직 못다 한 문화재 이야기 &quot;너의 최고의 문화재는 어디니?&quot;
- 광주에어컨청소케어탑이 추천하는 센스있는 어버이날 선물... 
유시민 작가님의 문화초대석 강연 후기
대한민국 테마여행 10선 미각을 깨우는 남도맛 기행(1) 광주
익스피디아 3월 할인코드 :: 4월 전라도 봄 여행 가자!
남해상주민박 캠핑텐트 구입하기
광주렌트카 와이앤렌트카 광주본사
"O-Train과 V-Train을 잇는 S-Train, 남도해양관광열차와... "
근처가볼만한곳 자동차텐트 낚시하기
광주 영명국밥 :: 광주여행 시작은 순대국밥 맛집 꼬꼬부터... 
강원도캠핑추천 차량용난방텐트
태안펜션 추천
신창 유탑 유블레스 리버시티 분양공급 안내
무안공항 국제선 오사카 교토 2박 3일 동행투어 해외여행... 
전주맛집 갈비탕전문 효자문
알지오투어에서 광주 남부대학교 평생교육원에... 
사랑스런 반려견과 함께 가는 광주애견카페!
전주음식 먹거리 막걸리집 천년누리 봄
바다찌낚시세트 엄청난 낚시텐트
전라도 2박3일 여행코스 한국관광100선 따라잡기 여행
［수완지구 맛집 ］- 눈꽃치즈돈까스가 맛있는 아리가또맘마
"goodwillday&amp;carryme 2020-44 주간brief, 광주전남... "
[문화누리]2023년 3월 문화누리카드 신규/추천가맹점
무안 공항 출발 다낭여행 다낭패키지 계약했어요
프리리그웜 카텐트 폴리곤캠핑
[여행/전라도담양] 차 없이 담양&amp;광주여행 다녀오기 5 - 광주... 
무궁화호 #.1442 열차로 즐긴 서부경전선-호남선 눈꽃... 
[선운지구카페/송산유원지카페] 황룡강이 보이는 갈대밭 뷰... 
블루리본 서베이 (전국의 레스토랑 2006-07)
갈치낚시가격 자동차텐트 낚시하기
강진 다산 정약용과 순환 셔틀버스 타고 하멜권역 감성여행
[가맹점소식] 문화누리카드 11월 신규 가맹점 소식(2022.... 
통영가족낚시 차텐트 활용하기
전라도 카라반 담양 선인장호스텔 카라반 에어스트림 2~3인용... 
"[시사조선]광주시,3월부터... 진출, 광주마케팅 계기 마련... "
광주렌트카 1위업체 비타렌트카。
사이판 리조트 추천 사이판호텔예약 4박5일 사이판 숙소
강화도 펜션 추천 인천호텔예약 강화도 실내수영장펜션
호텔스컴바인 8월 내주변모텔 무인모텔가격 부산모텔 입실시간
정읍강아지분양 구름이 데려왔어요
한 상 푸짐한 수완지구 맛집
&lt;여행자의 방 2. 머물고 싶은 그 곳&gt; (한국관광공사 지음... 
[신문스크랩] &quot;쇠퇴한 게 광주 모습 같다&quot; 어쩌다 이런 말까지
"한국에 감사할뿐 무슨 말을, 이십일년 팔월 이십육일 목요일."
가는거야~ 1000문 1000답
나주 복암리 고분 전시관 - 타임머신을 타고 마한의 소국... 
이색호텔 실내수영장호텔 목동호텔 9월호텔패키지 추천
전라남도 나주 여행 가볼만한곳 추천해요!
연안부두바다낚시 텐트 커튼 치고 하기
광주웨딩컨설팅을 알아보신다면 아름다운웨딩쇼로!
[국내가을휴가추천] 올해는 가까운 여행지에서 여행안전수칙... 
"[나눔방송] 광주고려인마을 기자학교, 참여자의 뜨거운 관심 속... "
#다낭가족여행 - 나의 다낭 가족여행기
남부대학교 평생교육원 강의&quot;알지 오투어&quot;에서 만나보세요.
"광주맛집,원조동곡식당(50년 전통,7000원으로 맛볼수 있는... "
광주렌트카 삼촌렌트카입니다.
비비고 비비고 전주 비빔밥
☆상무지구 육전 한옥☆
장거리 운전 부담 없이 떠나자! 롯데렌터카 KTX / SRT 지점과... 
보성군 보성읍 우산리 279 아파트 건설사업 (지하1... 
"옥션 &amp; 지마켓여행, G&amp;A 글로벌 SNS 서포터즈 지원해요"
광주 영산강 자전거길 북구 구간에서 외발자전거 타기
"[속보] 부스터샷, 오미크론에 뚫렸다...확진자 4명 3차... "
여행사창업교육! 알지오투어에서~
"부부가 함께 즐기는 스쿠버 다이빙, 광주 남부대학교... "
첫 영외면회(면회외출)는 벚꽃과 함께~ 벚꽃 명소 &amp; 영외면회 꿀팁
아직 떠나지 못한 당신을 위한 최적의 휴가지는?
수완지구 매운족발~ 통족에 다녀왔어요!
(16.6.8-18.6.7) 내 블로그에 방문횟수(관심도)가 많은 산행지... 
제주도 호텔 추천 제주 신라호텔 리젠트 마린더블루 예약 가격... 
미국감성 가득한 수완지구 수제버거 맛집 '더티버거'
4-1. 삼남길 / 광주 송정유원지에서 장성역
"주간일기 17주차,"
전국노래자랑 녹화/남해섬/여주/캐나다 로키/축구
대한민국 농촌마을대상을 수상한 장성 농촌체험마을 웰촌... 
장성스카이라이프 저렴한 요금에 약 180개 채널시청가능
전남 영광 백제불교 최초 도래지에 방문했어요~
수완지구 다이소  크리스마스 소품 예쁜 곳
[무안출발해외여행] 요즘 핫한 나트랑~ 무안공항에서 편하게... 
부산서구포장이사 고객우선 이삿짐센터
시래기불고기전골·애호박찌개 맛집은?…양평 서후리 숲... 
백문백답
대중교통여행가/광화문/부산맥주/축구/배구개막/인간극장
함평 맛집 추천 베스트 7 (ft. 전남 여행)
사진찍기 좋은 명소 - 문화체육관광부 추천
웹사이트외주  확실하게 사로잡는법!
여유롭고 안전하게 즐기는 가을 비대면 관광지 100선
[장흥문인]문학의 화두를 삶의 지표로 삼아 정진하는 시인... 
광주 쌍촌동 한우촌! 광주렌트카는? 광주팡팡렌트카~~
휴가철 장거리 운전 전 꼭 알아야 할 자동차 점검 TIP
"㈜시너지타워, 세 번째 상업시설 ‘보이저(Voyager)’오픈... "
소대장과 중대장의 37년만의 만남 그리고 제주도 여행
강원도 강릉펜션 추천 정동진 썬크루즈호텔 탑스텐... 
(22.2.15) 재건축·재개발 단지 청약인기 여전 / 다가오는 월세... 
"#전라도여행  알고 가야할 식당,소문난 맛집,대박집"
무안출발 기타큐슈 2박4일 11월 한정특가
오늘의 소식은?!....20220330_뉴스 정리
"지갑 열게하는 고깃집, 고기창고 선운지구 맛집이네요!"
함평 맛집 추천 7곳
국내여행추천 2019 올해의 관광도시 강진 제22회... 
[신문스크랩] '호캉스' 발길 뜨고 '마이스' 발 붙일 곳 없는 광주
『나는 특허한약 접골탕(接骨湯)으로 이런 골절(+골다공증)... 
[수완지구 수학학원] /수완지구 수학/ 원탑수학전문학원... 
인천/부자축제 /나훈아콘서트/일본/영화/축구/인간극장 등
실시간펜션예약사이트 제주도 풀빌라 추천 강원도풀빌라펜션
2019.5 #강진 여행 역사 정원 산책 첫번째  #전라병영성ㆍ#하멜... 
광양 백운산 둘레길 트레킹
간만에 힐링 여행
"2018남도배낭여행 #9 담양, 광주"
＂나도 집 살래＂ 전세난에 집값 오름세
닷새마다 열리는 축제
서당골 추어탕 시골집 서울특별시 강북구 수련원 시골집
"1인여행사 창업이 가능한, 여행사창업교육 주도한    알지오투어!"
남해 다랭이 마을에서 '소와 쟁기'가 되어주는 관리기... 
[2018년 3월 23일]주요일정_광주... 전남지방경찰청/광주지방경... 
5월의 놀러갈만한 장소! &lt; 황룡친수공원 &gt;
중국 산동성 여행 동영상(파위디렉터 제작)
"수완지구 맛집, 스시앤그릴 초밥 솔직후기"
스타리아 7인승  3열 리클라이닝시공!
남도한바퀴 8월 여행노선 정보 참고하세요!
전라
"취병조형유허비 - 취병 연구, 지방사연구와 금석학 등 관련... "
전남 가을여행  꽃축제  장성군 황룡강 노란꽃잔치  핑크뮬리... 
kt금호렌터카가 추천하는 구정 연휴 렌터카
무안 출발 방콕/파타야 착한 가격으로 여행객들의 오감을... 
남해 펜션 추천 남해 아난티 라피스호텔 인누드펜션 예약 가격... 
"[ 쌈족/ 신창동 족발 맛집 ] 매콤한 불족,냉채족발, 간장족발 이... "
여행좋아하는사람 주목! 세계여행전문가과정 도전하기... 
한국관광공사 추천! 2015년 5월 가볼만 한곳
번개장터 노래방기기 SD-501 블루투스 앰프 새상품-
이벤트 41개
첨단 월계동 맛집 하노이어이 * 베트남 현지인들이 가득한... 
시티투어
광주/전남의 관광사이트 안내
무양서원 - 탐진 최씨문중이 전국 유림(儒林)의 호응을 얻어... 
주말캠핑 카텐트
전남식당 :: 색상과 모양이 맛깔스럽고 품위있게 보이는 음식들
올란도 자동차모기장
신용리오층석탑 - 고려시대 전기의 단아한 자태
대한민국 대표 맛집
가볼만한 곳들
[부산공항픽업] 대한민국 공항에 공항은 몇 개나 있을까?... 
부산 호텔 예약 해운대 신라스테이 부산특급호텔 부산모텔추천
당신이 오늘 꼭 봐야 할 15가지 뉴스 2020.2.5..자＜펌＞
[공유] 초대형 10.2인치 모니터 휴대용 노래방... 
"4월 가볼만한 곳, 국내 봄 여행 야시장투어 어때?"
번개장터 -Meirende 노래방앰프 MP3 라디오 K12-5 캐리어형... 
노래방앰프 블루투스 MP3 라디오 녹음기능 CMIK MK-B22 새제품
노래방앰프 블루투스 MP3 라디오 녹음기능 CMIK MK-B23 새제품
노래방앰프 블루투스 MP3 라디오 녹음기능 CMIK MK-B90 새제품
CNN도 인정한 한국 최고 '뷰 맛집' 실제로 가봤더니...
초대형 노래방 블루투스 앰프 B100 MP3/라디오/마이크 충전식... 
"서암기계공업 기업정보 (철도, 풍력발전, 자동차 관련주)"
장성 황룡강 생태공원 꽃잔치 곳곳이 다 포토존이야!
장성호 문화예술공원 임권택시네마테크 장성 여행
노래방앰프 블루투스 MP3 라디오 녹음기능 CMIK MK-B23 새제품
"무안출발 일본, 중국여행 바람여행사에서"
2019 여름 축제
진도 가볼만한 곳 추천 1박 2일 여행 코스 소개 (feat.... 
오사카여행 일본 호텔예약 사이트 추천 난바역호텔
수완동 마사지  ♥   킹타이마사지샵에서 !!
노래방 앰프 블루투스 MP3 라디오 CMIK MK-B26 새제품
찬바람 불 땐 국밥 한 그릇
#아시안타임즈_포스트 코로나 시대와 지속가능한 다문화 사회... 
휴대용 노래방기기LED 블루투스 K6 앰프 새상품
초대형 노래방 블루투스 앰프 B100 MP3/라디오/마이크 충전식... 
번개장터 -노래방 포터블 블루투스 스피커 앰프 K50 MP3... 
휴대용 노래방기기 블루투스 K6 앰프 새상품
(16. 6월8일～17. 8월31일) 내 블로그에서 방문객이 많은... 
초대형 노래방 블루투스 앰프 B100 MP3/라디오/마이크 충전식... 
[2017년 3월 15일] 주요일정_전라남도/광주광역시/여수시청 및... 
[무등일보] 김옥의 新 남도기행 (1-46)  +  무등산 자락... 
누워가는 프리미엄 고속버스와 남도한바퀴 버스타고... 
7인치 영상 노래방기기 앰프 강의 교육  MP3 라디오 K-690... 
"[무주펜션,무주펜션추천]지난 토요일 2팀의 VIP"
#남부대학교 평생교육원에서 1인 여행사 창업하기~
나비드라텍스사용 솔직 후기^~^
"[운남동카페,여행사추천]바람여행사/WIND TOUR... "
"[6월 1주차] 고속도로 뉴스 브리핑, 목감휴게소, 통행료 인상... "
전국 7월 축제 일정표 2019
국내 여자 혼자여행 BEST 5
무안공항 무안출발해외여행 일본 대만 전세기 소식!
"위니아딤채 기업정보 (폭염, 여름, 미세먼지 관련주)"
한스 캠핑장 밤낚시 텐트
"보육원 출신 대학생, 기숙사 주변서 숨진 채 발견… 이유가?"
"광주게하, 정겨운 한옥게스트하우스 어때요?"
노래방기기 앰프 강의 교육  MP3 라디오 녹음기능 CMIK MK-B10
노래방앰프 블루투스 MP3 라디오 녹음기능 CMIK MK-B23 새제품
노래방앰프 블루투스 MP3 라디오 녹음기능 CMIK MK-B23 새제품
노래방앰프 블루투스 MP3 라디오 녹음기능 CMIK MK-B22 새제품
"컹선이네, 집밥스타그램, 코튼스토리, 화정동 대궁, happy... "
노래방앰프 블루투스 MP3 라디오 녹음기능 CMIK MK-B90 새제품
노래방 앰프 블루투스 MP3 라디오 녹음기능 CMIK MK-B26... 
노래방앰프 블루투스 MP3 라디오 녹음기능 CMIK MK-B23 새제품
노래방 앰프 블루투스 MP3 라디오 녹음기능 CMIK MK-B26... 
생생정보 소떡갈비? 의정부 솔가원! :: manyfactory
"빅데이터, NOSQL, Hadoop, R 강의 자료"
"황룡친수공원, 유채꽃의 매력에 빠지다"
전국 지역별 민박 펜션 검색 사이트 정보 안내
노래방기기 앰프 블루투스 MP3 라디오 녹음 CMIK MK-B28... 
휴가철 추천 선글라스 하면 소다몬 TO330 이에요
"문화와 추억 가득한 1913송정역시장 : 계란밥, 상추튀김과 함께"
"살,건강,라인,탄력,체력,면역력,자신감,스트레스,우울,어떤... "
초대형 노래방 블루투스 앰프 B100 MP3/라디오/마이크 충전식... 
[여름특집] 편리한 시티투어 여행
초대형 노래방 블루투스 앰프 B100 MP3/라디오/마이크 충전식... 
코로나바이러스감염증-19 국내 발생 현황 (2021-01-16... 
[공유] 노래방기기 앰프 강의 교육  MP3 라디오 녹음기능... 
"금호에이치티 기업정보 (자동차, 바이오 관련주)"
노래방기기 앰프 강의 교육  MP3 라디오 녹음기능 CMIK MK-B10
[공유] 노래방기기 앰프 강의 교육  MP3 라디오 녹음기능... 
[지자체 이모저모]_코로나 의료진에 ‘특산물 밥차’로... 
휴대용 노래방기기 블루투스 K6 앰프 새상품
블랙킬러비 차텐트 활용하기
블루스카이 :: 블루스카이
휴대용 노래방기기 블루투스 K6 앰프 새상품
수완대라수 어썸테라스 타운하우스 입지가 대박이네요
휴대용 노래방기기 블루투스 K6 앰프 새상품
"꽃피는 춘삼월, 그곳에는.."
[광주 여행] 흑백사진 같은 일상을 색칠해 줄 광주 감성 골목 투어
"성공하는 지역축제, 사람이 답이다②담양 세계대나무박람회"
0508-0514 일상이야기 _ 네가 덜 힘들었음 좋겠어
[공유] LED노래방 앰프 블루투스 MP3 라디오 녹음기능 EL... 
[공유] 노래방앰프 블루투스 MP3 라디오 녹음기능 CMIK MK... 
[공유] 노래방앰프 블루투스 MP3 라디오 녹음기능 CMIK MK... 
[공유] 노래방앰프 블루투스 MP3 라디오 녹음기능 CMIK MK... 
봄바람 살랑이는 신지 명사십리!
[2014-09-20] 네이버 키워드 뉴스 - 광주생고기한정식
7인치 영상 노래방기기 앰프 강의 교육  MP3 라디오 K-690... 
7인치 영상 노래방기기 앰프 강의 교육  MP3 라디오 K-690... 
7인치 영상 노래방기기 앰프 강의 교육  MP3 라디오 K-690... 
2020년 석도훼리 산동성여행 집중모객 상품안내/한별투어
[공유] 휴대용 노래방기기 블루투스 K6 앰프 새상품
수완지구 샐러드 맛집 포케 전문점 보울레시피
[공유] 초대형 노래방 블루투스 앰프 B100 MP3/라디오/마이크... 
[공유] 초대형 노래방 블루투스 앰프 B100 MP3/라디오/마이크... 
[공유] 휴대용 노래방기기 블루투스 K6 앰프 새상품
[공유] 초대형 노래방 블루투스 앰프 B100 MP3/라디오/마이크... 
[공유] 초대형 노래방 블루투스 앰프 B100 MP3/라디오/마이크... 
전통시장 여행&amp;재래시장
"순박한 돼식가의 일상&amp;먹부림(스타벅스, 양인제과, 홈트일상... "
"[시사조선]광주시,투자자문관에 KOTRA 양인천씨 위촉/&lt;포토&gt;광주... "
금호타이어 가격표 비교하고 교체하기
노래방앰프 블루투스 MP3 라디오 녹음기능 CMIK MK-B100... 
노래방앰프 블루투스 MP3 라디오 녹음기능 CMIK MK-B100... 
노래방앰프 블루투스 MP3 라디오 녹음기능 CMIK MK-B100... 
전남장성가볼만한곳 명소들을 소개합니다! ^^
[막걸리 기행] 살기 좋은 곳은 취하기도 좋은 곳
#여행떠나기전알고가면좋은전국맛집밥집회집고기집
[공유] 7인치 영상 노래방기기 앰프 강의 교육  MP3 라디오 K... 
초대형 9인치 모니터 휴대용노래방 멀티플레이어 MK 1500... 
[공유] 7인치 영상 노래방기기 앰프 강의 교육  MP3 라디오 K... 
초대형 10.2인치 모니터 휴대용 노래방 멀티플레이어 MK1506... 
[공유] 7인치 영상 노래방기기 앰프 강의 교육  MP3 라디오 K... 
"[로컬노믹스][한국]지역활성화의 새로운 대안, 젊어지는 전통시장"
노래방앰프 블루투스 MP3 라디오 녹음기능 CMIK MK-B23 새제품
노래방 앰프 블루투스 MP3 라디오 녹음기능 CMIK MK-B26... 
노래방 앰프 블루투스 MP3 라디오 녹음기능 CMIK MK-B26... 
무주군 적상면 하얀섬금강민물 한식 - 달콤한여행
[공유] 노래방 앰프 블루투스 MP3 라디오 녹음기능 CMIK MK... 
[자치발전 4]대중국 스토리텔링
좋았던 신사역 카페
7인치 영상 노래방기기 앰프 강의 교육  MP3 라디오 K-690... 
7인치 영상 노래방기기 앰프 강의 교육  MP3 라디오 K-690... 
제29회 용아 박용철 전국 백일장 작품 모집 공고
제주시 구좌읍 카페477플러스 카페/전통찻집 - 달콤한여행
"[막걸리 기행] 왕의 귀환…벨벳 감촉 막걸리, 이화주"
초대형 9인치 모니터 휴대용노래방 멀티플레이어 MK 1500... 
초대형 10.2인치 모니터 휴대용 노래방 멀티플레이어 MK1506... 
노래방 앰프 블루투스 MP3 라디오 녹음기능 CMIK MK-B80... 
[지역별 축제] 6월축제행사
노래방 앰프 블루투스 MP3 라디오 녹음기능 CMIK MK-B80... 
전라남도/ 장성/ 꼭 가봐야 할 8경
담양 뉴타운 &quot;리버트리 테라하우스! 타운하우스OK!&quot;
7月 15日 릴레스트롬  VS  스톰스고드셋 확실한 경기일정 분석
전국의 공항이야기
[공유] 노래방기기 앰프 강의 교육  MP3 라디오 녹음기능... 
'다시보는 임진왜란'을 읽고
[공유] 노래방기기 앰프 강의 교육  MP3 라디오 녹음기능... 
[공유] LED노래방 앰프 블루투스 MP3 라디오 녹음기능 EL... 
[공유] 노래방앰프 블루투스 MP3 라디오 녹음기능 CMIK MK... 
"태국여행 16번 환자, 1주일 병원 다녔는데 의심환자 분류 안... "
제주특별자치도 제주시 태양상회 이색음식점 - 달콤한여행
[공유] 노래방앰프 블루투스 MP3 라디오 녹음기능 CMIK MK... 
이벤트 46개
[공유] 노래방앰프 블루투스 MP3 라디오 녹음기능 CMIK MK... 
노래방앰프 블루투스 MP3 라디오 녹음기능 CMIK MK-B23 새제품
담양 뉴타운&quot;리버트리 테라하우스! 타운하우스OK!&quot;
[공유] 노래방앰프 블루투스 MP3 라디오 녹음기능 CMIK MK... 
전국방방곡곡 7월 축제 모음
[공유] 노래방앰프 블루투스 MP3 라디오 녹음기능 CMIK MK... 
[공유] 노래방 앰프 블루투스 MP3 라디오 녹음기능 CMIK MK... 
[공유] 노래방 앰프 블루투스 MP3 라디오 녹음기능 CMIK MK... 
[공유] 노래방기기 앰프 블루투스 MP3 라디오 녹음 CMIK MK... 
[공유] 노래방앰프 블루투스 MP3 라디오 녹음기능 CMIK MK... 
[공유] 노래방기기 앰프 블루투스 MP3 라디오 녹음 CMIK MK... 
[공유] 노래방앰프 블루투스 MP3 라디오 녹음기능 CMIK MK... 
전국맛집
[공유] 노래방앰프 블루투스 MP3 라디오 녹음기능 CMIK MK... 
봄철 사라진 '입맛' 살릴 별미 관광지는①
"소개된다/제4기“광주맛집”신청 접수/광주시,찾아가는... "
[공유] 노래방기기 앰프 블루투스 MP3 라디오 녹음 CMIK MK... 
[공유] 노래방기기 앰프 블루투스 MP3 라디오 녹음 CMIK MK... 
[공유] 노래방앰프 블루투스 MP3 라디오 녹음기능 CMIK MK... 
12월 잘 보내는 12가지방법
데이터스토어 제공 파일 리스트
[레옹안경 전대점]타테오시안 커프스 TATEOSSIAN- Cuffs
주정차단속 문자 알림서비스 정보공유
노래방 앰프 블루투스 MP3 라디오 녹음기능 CMIK MK-B80... 
오늘의 포토뉴스[07/10/17](1)수요일[화보]
노래방 앰프 블루투스 MP3 라디오 녹음기능 CMIK MK-B80... 
[공유] 노래방앰프 블루투스 MP3 라디오 녹음기능 CMIK MK... 
[공유] 노래방앰프 블루투스 MP3 라디오 녹음기능 CMIK MK... 
노래방 앰프 블루투스 MP3 라디오 녹음기능 CMIK MK-B80... 
노래방 앰프 블루투스 MP3 라디오 녹음기능 CMIK MK-B80... 
[공유] 휴대용 노래방기기 블루투스 K6 앰프 새상품
[공유] 초대형 노래방 블루투스 앰프 B100 MP3/라디오/마이크... 
[공유] 휴대용 노래방기기 블루투스 K6 앰프 새상품
[공유] 휴대용 노래방기기 블루투스 K6 앰프 새상품
[공유] 초대형 10.2인치 모니터 휴대용 노래방... 
[공유] 7인치 영상 노래방기기 앰프 강의 교육  MP3 라디오 K... 
와수리팬션 차텐트
[공유] 초대형 10.2인치 모니터 휴대용 노래방... 
"나주곰탕 하얀집, 남도 미식여행 필수코스"
[공유] 초대형 9인치 모니터 휴대용노래방 멀티플레이어 MK... 
초대형 9인치 모니터 휴대용노래방 멀티플레이어 MK 1500... 
[공유] 초대형 9인치 모니터 휴대용노래방 멀티플레이어 MK... 
초대형 10.2인치 모니터 휴대용 노래방 멀티플레이어 MK1506... 
[공유] 초대형 9인치 모니터 휴대용노래방 멀티플레이어 MK... 
[공유] 7인치 영상 노래방기기 앰프 강의 교육  MP3 라디오 K... 
동계 내일로 여행코스 - 코레일 2018 겨울여행 추천
[공유] 7인치 영상 노래방기기 앰프 강의 교육  MP3 라디오 K... 
[공유] 7인치 영상 노래방기기 앰프 강의 교육  MP3 라디오 K... 
그런느낌 신가동카페 수완지구카페 사진예쁘게 나온카페
COLON 노래방기기 앰프 강의 교육 가이드 MP3 라디오 충전식... 
[공유] 노래방 앰프 블루투스 MP3 라디오 녹음기능 CMIK MK... 
노래방 앰프 블루투스 MP3 라디오 녹음기능 CMIK MK-B80... 
[공유] 노래방 앰프 블루투스 MP3 라디오 녹음기능 CMIK MK... 
한글을 보급한 위인에 감사를 표합니다
주요일정-광주광역시... 읍면동/광양시/전남지방경찰청/광주지... 
[공유] 노래방 앰프 블루투스 MP3 라디오 녹음기능 CMIK MK... 
[공유] 노래방 앰프 블루투스 MP3 라디오 녹음기능 CMIK MK... 
[공유] 7인치 영상 노래방기기 앰프 강의 교육  MP3 라디오 K... 
[공유] 7인치 영상 노래방기기 앰프 강의 교육  MP3 라디오 K... 
전국 맛집 정보
"길따라, 맛따라 도시 맛집 찾아가는 별미 여행"
[무주리조트펜션]2월셋째주 무주펜션 손님들
초대형 9인치 모니터 휴대용노래방 멀티플레이어 MK 1500... 
상주해수욕장민박 카텐트 폴리곤캠핑
초대형 10.2인치 모니터 휴대용 노래방 멀티플레이어 MK1506... 
아부가르시아크로스필드 차박용품 폴리곤캠핑
초대형 9인치 모니터 휴대용노래방 멀티플레이어 MK 1500... 
초대형 9인치 모니터 휴대용노래방 멀티플레이어 MK 1500... 
초대형 9인치 모니터 휴대용노래방 멀티플레이어 MK 1500... 
초대형 10.2인치 모니터 휴대용 노래방 멀티플레이어 MK1506... 
서해안낚시포인트 차량용 텐트 커튼 구매하자
초대형 10.2인치 모니터 휴대용 노래방 멀티플레이어 MK1506... 
초대형 10.2인치 모니터 휴대용 노래방 멀티플레이어 MK1506... 
힐스 광주 광천/ 카시아 속초/ 삼척 두산/ 여수 웅천/ 사천 KCC... 
자동차회사 자동차할부승계명의에 관해서 상담부터 시작해요
[공유] 노래방앰프 블루투스 MP3 라디오 녹음기능 CMIK MK... 
영상 노래방기기 7인치 앰프/MP3/라디오/녹음기능 K666P 새상품
영상 노래방기기 7인치 앰프/MP3/라디오/녹음기능 K666P 새상품
가능한 중고차전액할부 200512월식 169219M 200만원... 
