대구 서구 여행지 ; 인생샷 남기러 이현공원 데이지 꽃 보러 출발
대구 서구 이현공원 데이지 핫플 직접 가보니 현실은
5월 여행지 대구 유채꽃부터 울산 장미축제까지 (ft. 꽃구경... 
5월 꽃구경 날씨 대구장미여행 서구 그린웨이 장미원 대구... 
대구 서구 가볼만한곳 데이트코스로 산책하기 좋은 이현공원
대구 서구에서만 즐길 수 있는 매력적인 당일치기 여행
100선] 친구와 함께 떠나기 좋은 부산·대구·울산 여행지 7곳
대구 서구 그린웨이 장미원 실시간 개화상태 포토존 주차장 정보
대구 서구 유튜브 시청 인증 댓글 이벤트 '어디로 서구 여행... 
대구 서구 평리동카페 _ 바닐라빌리지 (vanilla.village_cafe)
7월 여름철 실내여행코스 – 대구 서구 편
대구서구평리동/ 무인아동복매장 공장 1188
"대구 서구 가볼만한곳, 개관기념 전시회중인... "
대구 서구의 달성토성마을 협동조합에 방문하다.
대구 나들이 데이트 코스... 샤스타 데이지 5월 국내 여행지 추천
"대구 가볼만한곳 추천, 의외로 안 가본 곳 많은 대구여행지... "
[230520 / 대구 서구] 새로운 여행을 위해 서대구역으로!
대구 장미축제 가볼만한 곳 이곡장미공원 서구 그린웨이... 
대구서구카페 장식이 너무 예쁜 바닐라빌리지 다녀왔어요.
"대구서구인테리어업체, 다온건축디자인"
"대구 이현공원 데이지, 장미, 백합까지 꽃구경 여행지"
"언택트 여행지 대구서구 명소 달성토성마을, 무료 온라인 강좌... "
대구 서구 평리동카페 / 크리스마스에 진심인 카페... 
대구 서구에 가볼만한 장미핫플레이스 서구 그린웨이... 
"대구 장미꽃 명소 서구 그린웨이장미원 장미꽃 만발, 그린웨이... "
[모집] 대구 길잡이투어 - 서구로 떠나자!
[가을여행] 가을 여행지 추천 | 대구근교 | 경남
"5월의 대구장미여행, 서구 그린웨이 장미원"
부산 대구 울산 꼭 방문해야 할 여행지 소개
대구 향토역사관 달성토성마을... 하늘열차와 걷기좋은 여행지
힐링별밤수목원캠핑장 아이와가볼만한곳 대구서구맘앤파파
"대구서구인테리어, 카페 인테리어 시공"
대구 실내 가볼만한곳 아이와 같이 추억여행 대구 여행지... 
"대구자연관광지 여행지, 대구... 대구근교등산코스 - 달서구... "
대구 서구 이현동카페 / 대구브런치카페 / 대구츄로스맛집... 
부산 경상도 꽃 여행지 추천 리스트
챗GPT와 함께 하는 대구 동구 여행지 숏폼(릴스)영상 콘텐츠... 
"대구 호텔 추천&lt;호텔 수성... 수영장 있음, 대구 수성못, 대구호텔"
"[대구] 이현공원 샤스타데이지 명소, 포토존 위치 및 실시간... "
국내 11월 축제 여행지 추천 10 가볼만한곳 기본정보... 
"대구 서구 전시회 / 선선한 바람이 부는 가을, 대구 서구... "
"반려견동반 가을여행지추천 5곳, 문광 저수지, 대전... "
9월 추천여행지 &quot;꽃무릇 붉은 상사화&quot; 개화시기 선운사... 
아라타워(전망대)-인천서구여행지
대구 서문시장 야시장 주차장 정보 총정리
대구 워터파크 :: 국내 여름 여행지로 좋은 대구 수영장 소개... 
"동구 관광명소·체험 2탄 | 대구 여행지 추천, 설 연휴 가볼 만한 곳"
[떠나는 행복] 행복주택의 4월 여행지 추천 : 대구광역시 여행
[대구] 힐링의 숲 서구의 &quot;이현공원&quot;
[웨딩D-100일]대구 예식장 &amp; 허니문 여행지 선정
보도블록 소개/에버랜드/대구그린웨이/5월꽃구경/데이트장소
[대구영통사은겸보살] - 마음의 고민을 푸는 특별한 곳
"국내 봄여행지, 전국 진달래명산, 진달래명소, 진달래군락지... "
"능소화[대구에 가볼만한곳,남평문씨세거지,대구여행지]"
대구서구 가볼만한곳 한폭의 하루!
대구서구 여행코스로 떠나보세요~
대구 서구 호텔 여기어때 후기아님 동네 주민
대구 서구 중리동 퀸스로드 퀸스휘트니스 부산여행
대구축제/대구5월행사/대구체육대회/장애인편의시설/대구여행지
"관광지, 여행지 추천, 대구 동구 가볼만한 곳, 힐링, 주말... "
경상도 9월 꽃축제 국내여행지 추천 | 가을맞이 꽃구경
"강릉 가족여행지 추천 연곡해변 솔향기 캠핑장, 바다와 소나무... "
대구 장미 명소: 이곡장미공원 / 그린웨이장미원
대구 그린웨이 공원
[Mt.HikingKorea] 국내여행 두 바퀴로 대구 한 바퀴... 
대구 아이와 가볼 만한 곳 : 동구 벽화마을 구룡산 해맞이마을
대구 서구 공부방) 아소비 중리롯데캐슬점 7월 학사일정과... 
"겨울에 떠나는 태국여행, 이보다 완벽한 여행지가 있을까요??... "
"감성 여행지, 아나바다, 대구 동구 가볼만한 곳, 지역 주민 행사"
대구 서구 원대동1가 맛집 손님만족 강추
[대구] 오면 꼭 들려야하는 구공탄막창 : 인생막창 킹정!!... 
KBS 이만기 동네한바퀴 대구광역시촬영지 상세정보
11월 '추천여행지' 5곳
대구 실내데이트 예술발전소 파노라마 3경 미디어아트
이곡장미공원 성서 대구장미축제 주차 ㅣ행사내용... 
"대구웨딩컨설팅 웨딩하람 웨딩플래닝 비교해보기,"
대구여행: 가을의 아름다움과 문화 여행 명소
대구)이팝나무명소 '해맞이공원'포토존
[부산/서구] 암남동 로컬 찐 맛집 &quot;송원식당&quot;
대구 침산공원의 낮과 밤... (침산공원 야경/침산정/대구야경... 
대구의 숨은 매력을 느낄 수 있는 여행지를 찾아(2)동화사... 
"/대구 동구청, 동구 가볼만한 곳, 대구 여행, 대구여행지... "
가을 단풍여행지 l 미리 만나는 단풍 명소 콕콕! 전국 단풍놀이... 
국내 11월 여행지 추천 : 서울에서 제주까지!
2022년 대구여행 모바일 챌린지 투어 &lt;대구 여행도감 챌린지&gt;
‘무릉도원이 어디더냐’ 발걸음 닿는 가사따라 가는 여행지
대구 가볼만한곳 야경 명소 침산공원 침산정
"[대구광역시 여행지] 비슬산군립공원, 옥연지송해공원... "
어깨동무멘토링 (대구 서구협의회 이동윤·공영옥·최은섭... 
대구웨딩정보박람회 허니문·혼수 일정엄청난 혜택이 찾아옵니다!
"달고나 라떼 마시고 싶을 땐, 대구 서구 카페 &lt;몰타&gt;"
[ 대구/서구 ] 이현공원 데이지 대구가볼만한곳... 
여행이좋다 :: 대구 대표음식 반고개 무침회 맛집 의성무침회
농업농촌학습여행 거창팸투어_대구 서구청
"2018년 6월 :: 경북 대구 ① - 김광석 거리, 수성못... "
[대구공항렌트카/동대구역렌트카/1577-3087] 지티렌트카... 
대구서구전어회. 삼익뉴타운주변 전어맛집. 전어구이.... 
대구 근교 당일치기 여행지_달성 하목정에서 배롱나무와... 
대구설비*대구하수구[미진건축설비] &lt;대구-서재... 
[대구공항렌트카/대구공항렌트] 대구공항렌트카 지티렌트카!
가평 가볼만한곳 여행코스 여행지 58곳 가평펜션 589곳 모음
"(대구본리동 일등복권편의점, 평리동 세진전자통신 고고...)"
"대구북부시외버스터미널 시간표, 요금 / 대구에서 강원도 가는... "
* 대구 서구 호텔 추천 !!! 호텔대구 *
대구 북구청 맛집 진미식육식당 대창 불고기 전골 캠핑... 
나 홀로 떠나기 좋은 여행지
대구에 대한 추억
22.03.27 대구 수성못 벚꽃 개화 상황 (feat.드라이브)
"[대구 동구청] 지금 여행 가기 좋은 곳, 푸른 전경이 멋진 대구... "
대구 원대동카페 / 북구청역카페 _ 노프릴스피플... 
대구 이현공원
뉴진스 디토 뮤비 촬영지 대구 계성중학교 이색 명소(주차장... 
"[신용보증기금] 신보가 알려드리는 생활 꿀팁, 국내 여행지... "
2022년 전국 가을풍경 모습을 보세요. 가을여행지로 좋겠네요.
대구여행맛집.여기 꼭 가보세요
서대구역 KTX SRT 시간표 대전 여행과 인천국제공항 빠르게... 
대구 가볼만한곳 베스트10 알아봐요
연휴 기분전환 힐링 여행지 추천 전국 100선 모음 가을 여행지
여행지 근처 스쿨푸드 어디에 있을까?
[팔달시장맛집] 대구부대찌개 : 아부찌부대찌개 팔달시장점
[국내여행]5월엔 꼭 가봐야하는 대구 이현공원(대구샤스타데이... 
[대구관광 도감30선] 대구 여행도감 챌린지 이벤트
[대구서구전어회] 알아두셔야 해요! 제주도 여행
응답하라 시리즈가 생각나는 대구 근교 여행 아이와 가볼만한곳... 
수분맛집) 대구 구공탄막창
[대구여행] 대구 배롱나무(백일홍나무) &quot;이현공원&quot;
부산여행 부산 근교 여행지 인기순 50위 모음 당일치기 부산... 
대구웨딩박람회일정 후기 좋은 곳 호텔 인터불고 엑스코 참석해요
대구 스드메 가격 대구 결혼식장 비용 2023... 
추석연휴 대구 공연 · 전시... 즐거운 추석 보내기 / 추석여행지
아이와 함께 가기 좋은 대구 여름 물놀이장 BEST 3 !
대구뷔페맛집 백종원의3대천왕 대성한식뷔페
부산추천여행지 #대구출장네일 #대구행사네일 #대구네일출장
이국적인 국내여행지 5곳 추천
"부산 1박2일 여행코스, 명물 맛집 + 여행지 8곳☆"
대구시 가볼만한곳 이월드 83타워
대구 송현동 도시락케이크 / 주문제작케이크 / 대구레터... 
철길따라 임장여행 _경부선편_[6]대구광역시
"대구 팔공산,이월드 벚꽃소식"
[KR 기자단] 대구의 옛 정취와 봄 향기에 취해보다!
대구주문제작케이크 / 대구케이크 / 고성동주문제작케이크... 
"백패킹박지) 대구 와룡산 상리봉 전망대 데크 (노을, 야경, 일출... "
2018년 8월 축제 일정 전국 200곳 모음 8월 국내 여행지 추천
여행지 l 휴가철 직전 스트레스를 털자! 스트레스 해소 여행지
대구근교 청도 글램핑 하비 럭셔리 카라반 캠핑장
언택트 관광지 100선! 올 여름 주목해야할 여행지!
[강릉플러스 7월] 여름바다가 주는 낭만의 끝판왕 '연곡해변... 
"새로운 교통의 요지, 서대구역에서 시작하다! (서대구역... "
반고개무침회골목  대구 무침회 맛집 호남원조식당 입맛 따악~
3대문화권으로 떠나는 삼삼한 여행 &quot;대구 근대의 역사를... 
대구 이현공원 : 배롱나무 데롱데롱 달렸네
대구에서 꼭 먹어야 할 음식 추천 :: 식탁 위 따듯한 밥
두근두근 도라에몽전을 가고싶었던.. 므즈의 대구 여행 코스 추천!
다시 불기 시작한 여행 바람 지금 당장 떠나고 싶은 여행지 5
[인생맛집]대구 구공탄막창 #대구막창 #인생막창 #미쳤다
[대구여행] 대구 아이와 함께 가기 좋은 곳 퀸스로드공원 분홍... 
대구 팔달철교(팔달대교) 야경 : 대구도시철도 3호선... 
대구 숏폼 콘테스트에서 장려상 받았어요!
"10.14(목)~17(일) 대구, 광주, 목포 여행지 코스 짜기"
대구암장 대구클라이밍 대구 볼더링 볼더라운지 플립 실내암벽
대구 단풍 명소 '추억의 가을길'을 소개합니다! - 2018년... 
5월을 대표하는 장미 '전국 지역별 장미꽃 명소 소개' 및 '대구... 
[대구여행/경상도여행] 대구 장미꽃 명소 신서 중앙공원
대구 맛집 추천 베스트 10 (ft. 대구 여행)
대구 평리동 카페 퀸즈크라운베이커리카페 서구청 대형카페
국내 여행지 추천 BEST 5
가볼만한곳:: 봄꽃플레이스 BEST 9 여행지 추천 모음.Zip
대구 주말 나들이 :: 소확행! 산책하며 힐링하기 - 남산100년... 
아듀 2019~! 특별한 새해 맞이를 위한 국내 여행지 5곳
여름 휴가철 훌쩍 떠나는 대전 언택트 여행지 추천
"대구 이야기(신라식당, 이월드, 구공탄막창, 서문시장, 칸다소바)"
대구노트북매입 LG전자 울트라PC 그램 15Z950-GT5BK 중고... 
[호텔할인예약/대구 서구] 대구호텔 할인예약 숙박 정보
다이어리 알고계세요 대구홀대구예식장비용서구예식장광장
국내 여름여행지 여름휴가 &amp; 여름축제 10문10답 여행작가 박은하
서대구로 평리동 맛집 팬더짬뽕 먹고 두류공원 산책
"1박 2일 대구여행) 단골식당, 김광석다시그리기길, 수성못... "
[대구 맛집] 찬앤찬막창 - 찐 현지인 막창 맛집 내돈내산 후기... 
2018년 10월 축제 전국 278곳 모음 국내 10월 여행지추천
내가 가본 전국 여행지
아이가 잘 노는 전국 여행지 200 서울 경기 부산 충남 충북... 
[광역시 일주]대구광역시 순환일주 Ver2
대구 평리동 이월드 근처 감성모텔 - [기키모텔 (geeky motel)]
굿모닝대한민국라이브 대구 수타 형제 짜장면 중국집 위치... 
대구 근대  골목1박2일 여행 꿀팁(근대路의 여행  숙박 맛집)
대구 여행도감챌린지 둔산동 옻골마을
대구 이색 데이트 코스 범어동 건강식 맛집 짐키친 범어점
"[대구정보] 대구 돌 전후 아기랑, 아이랑 갈 만한 곳 목록모음 1"
대구 야경명소 / 수성구 핫스팟 #1수성못 - 2017 수성구... 
진천이팝나무길 대전 들의공원 5월 추천여행지
"대구 가볼만한곳 수성못,김광석거리,방천시장 외 대구 데이트... "
[대구 내당동 맛집] 대하닭갈비
"혼자 떠난 경북 여행 DAY 1 - 대구 : 야끼우동, 근대路의 여행"
[펌] 아이들과 가볼만한 여행지 200
[대구 맛집]포장으로 즐기는 대구 맛집 리스트&quot;태산만두... 
"대구 가볼만한 곳, 대구 여행코스 추천 : 달성토성마을&amp;달성공원"
공자의 도는 동방으로 흐른다. 대구 달성군 구지면 도동서원
"대구에서 강릉 가는 방법 (feat, 대구 북부정류장)"
대구 당일 여행 3호선 타고 다니며: 서문시장 야시장 포함코스~
8월1주 KB부동산 주간시장동향 주간시계열
화원미술학원/대구옥포미술학원/달성군미술학원/달서구미술학... 
부산서구포장이사 고객우선 이삿짐센터
[대구여행/대구맛집/대구술집] 평리동 불난배꼽 삼겹 막창
대구 동구 불로동 고분군
대구 만촌동 다담뜰
"경상북도 대구 가볼만한곳, 맛집, 숙소, 여행 코스 추천"
갈대 억새 명소 | 10월 단풍보다 먼저 즐기는 국내 가을 여행지
올해 꼭 가야할 전국 단풍&amp;은행나무 여행지 Best10
"봄 여행지 추천 - 3월, 4월 봄꽃(산수유, 매화, 벚꽃 등) 축제모음"
대구의료원병원장례식장 근조화환 전문점
아이와 가볼만한 여행지 200곳
[청도 개울가 펜션]▶연휴1박2일 경상도 여행지 추천/먹고... 
[국내 여행지 추천] 한국 관광 100선 - 부산 2편
"헷지 추천 대구 4월 봄꽃 명소 13곳 총정리 (겹벚꽃, 유채꽃... "
제20회 박람회 후기 몰디브신혼여행비용신혼여행지추천
대구한복대여 요즘의 트렌드에 맞게!
"함안여행 악양생태공원 만개한 데이지, 양귀비, 금개국"
"생생정보 대구 무침회, 납작만두 택배주문 김민경 고향 추천... "
대구
대구 가볼만한곳 : 뭐 먹지 고민된다면 오미가미거리로
청도와인터널 청도여행지추천 청도가볼만한곳 대구근교명소추천
"대구 칠순 팔순상차림 후기 믿고 대여, 대성공 했어요![전국택배]"
"사계절 좋은 전국 케이블카 명소 모음 | 설악, 팔공산, 청풍호반... "
[대전 서구] 둔산동맛집 - 미즈컨테이너
나 홀로 대구 여행 뉴진스 디토 (DITTO) 뮤비 촬영지... 
핫한 여행지 5선: 이번 휴가 어디로 갈까?
엄마와의 여행/대구광역시 서구 비산동/커플신발/뜻밖의 선물... 
(대구)호남무침회골목소개합니다
"2020 벚꽃 개화시기, 대구 벚꽃 여행 가볼만한곳"
"대구 근교 당일 여행, 왜관 가실성당 한티가는길 스탬프 투어"
[대구여행] 1일차 김광석길 그리고 근대골목 거닐기
"2021 실로 짠 그림 조선의 카펫, 모담- 국립대구박물관(대구)"
[대구]간판없는 비산동 기찻길삼겹살!!!
대구근교가볼만한곳 가산수피아 어린이날 무료입장
"대전 언택트 관광지 추천, 서구 한밭수목원"
[모집] 대구 길잡이투어 - 북구로 떠나자!
"임영웅 팬클럽, 대구 어르신들 위해 ‘사랑의 빵나눔’... "
대구 내당동카페 / 두류동카페 _ 하프커피바 (HALF COFFEE... 
"전국 4월 축제 정보, 부모님,아이와 함께 가기 좋은 여행지 추천"
강릉 여행지 - 헌화로 &amp; 바다 부채길
"대구카페순례, 눈과 입이 즐거운 중리동 엘아르카(ELARCA)... "
대구 천장 LED등 교습소 학원 식당 사무실 창고 공장
8월 대구 전시 미리보기
아이가 잘 노는 여행지 200
대한민국 숙박세일 페스타 2023 숙박대전 여기어때 야놀자... 
"산책_대구의 조용한 여행지, 묘지 투어, 김영하 여행 공동묘지... "
가족여행지 소개-대전 장태산 자연휴양림-메타쉐콰이어허브길
자동차 전국일주 여행지 베스트 20 with 쉐보레 트레일블레이저
대구 근대골목투어 국채보상운동의 주역 서상돈 고택
유아아이와 함께하면 좋을 여행지 200곳!!
"대구 동성로 술집, 종로 2가 이자카야 '준 스시바'"
대구 서문시장근교 달성공원 청라언덕 골목투어 포니2픽업
대구결혼박람회 2023 대구 결혼식장 스드메 계약 기회!
2023년 버전) 전국 아이랑 주말여행지 / 나들이 추천★
[대구 웨딩 준비 3] 신혼여행 여행사 계약 후기
2023년 가을맞이 단풍절정 시기 여행지 추천 ! (단풍지도 포함)
대구전시/대구가볼만한곳 [한국업사이클센터] 플리마켓행사!
대구 능소화 명소 남평문씨본리세거지 【22년6월22일】
설 연휴에 가볼 만한 여행지 추천! 서울에서 부산까지 구석구석... 
국내여행 대구광역시 / 관광지 BEST 2
대구중구여행 :: '반지길' 의미있는 대구근대골목투어 계산성당
[겨울여행지추천] 겨울 스포츠 즐길 수 있는 가족 여행지
대구 호랑이 코끼리 사슴 곰 원숭이 무료관람 달성공원 가족여행
아이와 놀러가기 좋은 여행지 200
[대구데이트코스]▶리조트스파밸리 워터파크 영상첨부/대구여행
대구시내 봄나들이-  중구 근대골목 탐방
가을 소풍 : 대구 근교 도동서원 도심 속 과거 여행 잠자리 천국... 
대구 가볼만한 꽃무릇명소 여름꽃 꽃무릇  중리체육공원 애견동반
[대구국민지원금사용처... : 대구동구원타이어]SM5... 
무침회 대구 맛집&lt;대교회식당&gt; 뭉티기 생고기&lt;녹양&gt; 한민관 지금... 
[대구가볼만한곳] 한국업사이클센터 5월25일 플리마켓... 
"부산-밀양  당일치기 초간단 여행기,  얼음골 케이블카, 천황산... "
"아니한家展’, 대구 ‘SLOW SCAPE展’ 등 9월 스페이스K 전시... "
2023년 가보아야할 여행지 한국관광명소 100선
[6월의 추천여행지] 미리보는 광복 70주년
아이가 잘 노는 여행지 200
대구 이색데이트 실내체험으로 반지만들자
아이가잘노는여행지200
100문 100답
대구골목해설사선생님과 함께하는 대구시티투어 대구골목투어... 
"2023년 진달래, 개나리 개화시기, 명산, 봄꽃 명소/여행지, 꽃말"
대구캠핑장 경북캠핑장 꿈바우농장 평상대여 피크닉여행
가족을 위한 베스트 여행지
코오롱그룹 공식 블로그 :: [스페이스K] 대구 ‘크기의... 
아이가 잘노는 국내 여행지
"대전 여행지 아이와 1박2일, 주말 대전 여행 코스"
대구 이색 데이트 감성 돋는 대구 김광석 거리 산책로 주차... 
"손맛에 웃고 함께 사는, 출장 부페 미소나리"
대구에 가면 꼭 먹고 와야 하는 음식 TOP 5
&lt;핫뉴스*좋은 뉴스 골라읽기&gt;     □2022.09.13일□
11월 소식지(명소-카드뉴스) - #내기어린이집 #포승어린이집... 
"1운동 100주년, 역사 공원, 산책로, 대구 동구가 볼만한 곳"
대전에서 대구로 ! 대구에서 허브힐즈 놀러갔지요 허브힐즈... 
여자의 변신은 무죄...  대경붙임머리 대구붙임머리
'열한번 째' 여행지 [계명대학교]
#부산여행지 #깡통시장... 부산명물 #대구출장네일... 
내가 가본 전국 여행지
대구 가볼만한곳 대구 동구 카페 보스턴커피
아이가 잘 노는 여행지 200
[대구여행]400년이 넘은 보호수 배롱나무와 개망초가 예쁜... 
"코로나 시대 비대면 여행의 최적 장소, 한국관광공사 선정... "
[펌] 아이가 잘 노는 여행지 200선
"대구 평일 이월드 및 83타워 / 놀이기구 후기, 포토스팟"
구미 김천 대구 칠곡 전지역 가전가구 무상수거 유상수거... 
[중앙대학교 편집위원회] 대구 여행 코스 추천!!
제57회 도서관주간 행사 뚝딱뚝딱 마이북 만들기 비대면체험... 
"안동 당일치기 코스, 안동 하회마을 월영교 가을 단풍 구경"
부산 송도 광안리 여행/ 부산 하루만에 가볼만한 추천 여행지... 
추석 연휴 여행 축제 56곳 전국 모음 가볼만한곳 국내여행
대구 수성빛예술제 수성못 데이트코스 운동 산책 카페 술집에서... 
한국관광공사 선정 발표 지역관광공사 등 추천 전국 여행지
[대구웨딩스토리/유의사항]신혼여행 선물계획
대구 동구 여행 중 만나는 이색카페 금강역 레일카페
대구 근대골목투어 김원일의 마당깊은집
비용대구촬영가격대구사진대구플래너 예식장예약하러
09 부산 박람회 추천 2014박람회대구
11월 축제일정 행사정보 180곳 모음 11월에 가볼만한여행지
"※ 대구시의회 이재화 의원, 군위군 편입을 대구관광 쇄신의... "
아이와 함께 갈 여행지 200 국내 체험 펜션
Best 3 - 부산감천문화마을/통영동피랑마을/대구방천시장
이국적인 국내여행지 64
아이기 잘 노는 여행지
대구 근대로의 여행 1코스-1 [경상감영공원]
"아이가 잘 노는 여행지,아이가 좋아하는 여행지 : 200선"
국내여행(여행후기)대구 북구 함지산에 가다!
대구 - ‘골목여행의 성지’  / 김선식
"대구이벤트, 대구 챌린지 투어 참가하고 치킨 쿠폰받기"
아이가 잘 노는 여행지 200
부산벚꽃명소 벚꽃개화를 만끽할 수 있는 부산 여행지
[대구/남구/앞산] 앞산케이블카... 앞산 단풍 / 대구가볼만한곳
아이가 잘 노는 여행지 200
‘겨울 여행지 20선’!] / 지자체별 겨울 인기 여행지’ T맵 및... 
아이와가볼만한곳 장소 정리 (잘노는여행지) 놀러가자!
‘전국 추석 축제 및 혜택 총정리’…황금연휴에 국내... 
한식조리사자격증 김천직지사 한정식집 대구맛집 김천맛집... 
대구 근교 숙소 리조트 스파밸리 호텔드포레 1박2일여행
박람회 실속 만점 신랑 무료 이벤트 진행 대구예식장추천대구홀... 
전국 인기여행지 추천. 가볼만한 곳. 첫사랑 꽃잎
"[DAEGU] 대구 문화를 즐기는 하루 - 역사 전시회 &lt;선비의 멋, 갓&gt;"
[가봄 4기] 걷기 좋은 '친환경' 이현공원에 온 걸 환영해!... 
여행지 200
"아이가 잘 노는 여행지 ,키즈펜션 ,체험지"
[여행지 및 맛집 소개 특집]... 통계 (국내 여행지 방문자 순위)
전라도 광주 우치동물원 현완단겸상추튀김 당일치기 여행지... 
[강원도/강릉/정동진 여행] 시원한 바다 산책을 원한다면... 
언 택트 여행지 부산 추천 10곳
언 택트 여행지 부산 추천 10곳
[대구 봄꽃여행-23] 아양기찻길 &amp; 불로동고분군
2019년 여름 혼자 떠나는 3박4일 배낭여행 ⑤ 대구
예스 키즈존 전국 여행지 300 온라인 서점에서 구매가능^^
아이가 잘 노는 여행지 200
"달빛어린이병원 야간진료 휴일 일요일 소아과, 달빛병원리스트"
아이가 잘 노는 여행지 200
대구 동구 안경점 대구 선글라스 여행떠나기전 다녀온 아이젠트리
대구혁신맛집 '오감짬뽕' 대구동구중국집
여행지에서 나의취향찾기(like and wish list)
[이 길통하니?] 너의 미소는 봄 햇살 가득 피크닉 명소
계절별 여행지 기록지
[ESC] ‘골목여행의 성지’ 대구에서 자연과 맛을 만나다... 
대구 어느 밤거리 찻집을 걸으면서 사진 Vlog
[강원도 여행] 정동 심곡 바다 부채길 총정리 &amp; 꿀팁을 모아모아... 
대구여행]데이트하기 좋은 사문진나루터 맛있는 외식
[드림파크 야생화공원] 인천여행 / 인천 검암역 근처 가볼만한곳... 
대구 근대로의 여행 1코스-5 [희움 일본군 위안부 역사관... 
보도자료 확인을 통한 임장 여행지 정하기(청주 청원구 가자!)
폴리텍대학교포켓스톱/대구평리동포켓스톱/평리동포켓스톱... 
Merry2n 여행지 기록지
대구 근대골목길 탐방 오세요”…20세기 역사 품은 대구 도심
대구여행 ]달성습지생태학습관 낙동강생태탐방로 가족여행... 
대구 능소화가 아름다운 남평문씨본리세거지 1일차... 
경북 여행 대구 와룡산 일출 영산홍의 아름다움
강릉 정동진 가볼만한곳 정동심곡 바다부채길 추천 방문후기
서대구역에서 찾아갈 수 있는 여행 명소들!
트원터널 입장권 할인 구매 불빛축제 대구 근교 나들이 드라이브
왕거미식당
[광주 상무지구 맛집] 대광식당 - since 1983 즉석에서... 
대구지역 전통시장 현장방문
대구 용한점집 꽃선녀 여행에 관한 꿈해몽
"인동촌 폐,공가를 활용한 공유 스마트팜  인동촌 백년마을을... "
바다 속초해수욕장 / 속초아이 대관람차 / 아이가 잘노는 여행지
"경북 영주 여행 코스 가족여행지 도심권(후생시장, 관사마을... "
대구부산고속도로 청도새마을휴게소 부산방향 먹거리 간식... 
"2021년 벚꽃 개화시기, 전국 벚꽃 여행지 소개"
[대전여행] 대전 가볼만한 곳 &quot;장태산 자연휴양림&quot; 여유로운... 
"전시회 &lt;엄마 아빠의 어린이날, 1987.5.5&gt; / 아이가 잘노는 여행지"
대구 동구 골목  안일사거리골목 즐거웠던 대구골목 상권 여행
2023-2024 한국 여행 100선
물 좋은 대구산악회/여행 모임/트래킹 하는 사람들 추천
대구 이색데이트 동성로 체험카페를 만나다
대구 여행 가볼만한곳 빌리웍스 포함 폐건물을 활용한 베스트 5
제주벚꽃명소 전농로 왕벚꽃길 따라 걸어보아요(+전국 벚꽃... 
"언택트 관광지 100선, 지금 가기 딱 좋은 여행지들 공개!"
[정보]퍼옴)아이가 잘 노는 여행지 200
대구 :) 1박2일 우정여행 - 평화시장/김광석거리/청라언덕... 
대전 관저동 맛집 / 오가네대구왕뽈떼기 : 대구뽈찜
대구여행코스 대구근대골목 이국적인 청라언덕 계산성당
비산2·3동 도시재생 뉴딜사업
대창불고기전골 그맛이 궁금하다면 진미식육식당
대구 근대골목 투어_ 건강을 지키는 약령시 &amp; 한의약 박물관
대전 성심당 롯데백화점 대전점 주차정보와 빵지순례 후기
[국내여행]  부산 벚꽃 명소 : 닥밭골 벽화마을  | 포토존 위치... 
포항여행
국내 인기 수목원 가볼만한곳 BEST 06 제주 경기 태안 대전 포함
"[송중기,송중기우정여행,송중기대구방문,대구앞산공원... "
벚꽃이 활짝 피었네요. 벚꽃명소는?
아이가 잘 노는 여행지 추천... 기준으로 직접 다녀온 여행지
"12월 천안 웨딩박람회 일정 다른 지역별로 (수원, 화성, 안양)"
대구 근대로의 여행 1코스-3 [향촌문화관/대구문학관]
아이가 잘 노는 여행지 200선_펌.
대구 근대골목투어 2코스 :: 대구 계산성당 * 청라언덕 동산... 
5월국내여행지추천 할인받아 떠나는 5월 여행지
"대구 근교 아이동반 여행, 사진명소  사계절내내 아름다운... "
대구 능소화가 아름다운 남평문씨본리세거지 1일차... 
[대전여행 D+1] 우당탕탕 그자체였던 대전여행... 
국내 여행지 추천
부산여행 부산 근교 여행지 인기순 50위 모음 당일치기 부산... 
남도맛기행 8권역 &quot;2023 남도 따라가는 가을 여행&quot; 미션투어... 
국내 기독교 성지순례 #28 대구 남산동벨트
대구 구공탄막창에서 대구막창 먹고 감탄
당일치기 가족여행지 추천 『아이가 잘 노는 여행지 200』
한국관광공사가 선정한 국내 언택트 여행지 100 곳... 
대전서구 코로나19 확진자  발생현황 7월7일
[대구 동구청] 동구의... 2019 대구 동구 관광 UCC 공모전 | 3.... 
생방송투데이 민어 한 상 만선횟집 영광맛집 위치 전남영광
(10월 7~31일) 올가을 치유 여행으로 몸과 마음 회복하세요... 
2020년 7~8월 국내 여름 여행지 축제 Best5
‘수채화’…춘색 머금은 금호강 명소 따라 ‘예쁜 대구’ 여행
[대구인테리어디자이너] 인테리어디자이너 레전드 박재봉
아이가 잘 노는 여행지 200
"국내 여름 휴가지 관광지 순위, 해수욕장 순위 추천 여행지"
대구근교  성주 한개마을 전통민속마을 유래 인물 문화재
아이가 잘 노는 여행지 200
아이가 잘 노는 여행지 200
평리동 브런치카페 외국st 피아자 piazza 엄마랑 데이트 추천!
"'더 글로리' 촬영지 따라 1박2일 강릉여행(캠핑, 해변 +벚꽃축제)"
#서대구영무예다음ㅡ301동 고층타워형 영구조망권ㅡ월세... 
아이가 잘 노는 여행지 200
모닝와이드 알짜배기 새활용 마대자루 가방 제품 구입처 김현정... 
아이가 잘 노는 여행지 200(퍼온 유익한 글)
"대구 가볼만한 곳, 대구 근대골목투어: 청라언덕, 3.1운동계단... "
안전하게 즐기는 가을 비대면 관광지 100선/가을 정취 가득한... 
피할 한국관광공사에서 뽑은 비대면 언택트 여행지 100선
알토란 394회 닭한마리 해신탕 오징어 냉채샐러드 청와대... 
낙동강 구포나루축제 2021 행사와 함께 만나본 부산 여행지
여행 찾을 때 &lt;예스키즈존 전국여행지 300&gt; 유용한 책 강추!
피크닉/ 오월드/ 식장산 야경:: 대전 당일치기 여행지 추천
호텔대구 :: 호텔대구
"강릉 정동진 가볼 만한 곳, 정동심곡 바다부채길"
"베트남의 알프스, 판시판! 사파 트래킹 #세계테마기행 #알프스... "
부산 가볼만한곳 베스트 10 (추천 여행지)
떠날지 아직 고민이라면? 이번에는 '대구'로 떠나봐도 '대구'!
가을 여행지 부산 울산 3박 4일 여행코스 추천
[대구_중구] 달성공원
"부산여행 필수코스 추천 [해운대블루라인파크, 부산타워... "
[가맹점소식] 2023년 3월 문화누리카드 신규/추천가맹점
대전카페추천 베이커리가 맛있는 대형카페 델 빠네
[대구 벤츠 도장] E300 칠 벗겨진 범퍼 중고품으로 복원 작업
강릉 정동진 가볼만한곳 심곡항 정동심곡 바다부채길(부분개장)
광주 서구 전통시장 양동시장 김장철이 다가왔어요~
깽깽이 풀 찾아 떠났던 하루...
부산 송도 맛집 푸짐해요!
대구 꽃놀이 / 목련꽃 포토존[청라언덕 근대 골목투어]
아이가 잘 노는 여행지 200선(공유)
카인과 아벨 드라마 촬영장소) / 아이가 잘노는 여행지  200
"[로컬기획 키워드③] 하루만 살아도 우리지역사람, 관계인구는... "
꿈배감성 라이프지식 (231129)
월별 국내여행 가기좋은 시기/9월은 경주 입니다
[웹진] 예술담론 웹진 '대문' 기획특집 - '거리'를 찾아 헤매는... 
모바일용 웨일 스크롤 캡처 화면 을 통한 권역별 여행지 어디?... 
새해 첫주말은 첫계약부터 중개업자로 성공하기ㅡ우리랑
강원도의 매력에 퐁당 빠질 수 있는 여행지들~ '◡'✿
대구시내 도심 속 산책로 ; 국채보상기념운동공원
"피디의 신대동맛지도 - 경상북도 포항, 택시맛객 - 대구광역시"
"[대구 중구] 맛과 역사를 따라, 한 여름의 대구 여행 2편 (2/3)"
대프리카 여름나기 대구 달서구 市신청사예정지 물놀이장
[벨빙여행정보] 대구시티투어 - 도심순환형코스
아이와 가기좋은 여행지
대구근교 여행 구미 새마을운동테마공원
"여행코스 대전천연기념물센터~한밭수목원,스케이트장 겨울여행지"
아이가잘노는여행지 구매링크에요
한국관광공사 5월 가정의달 추천 가볼만한 곳
오색빛 단풍 물드는 '대구 추억의 가을길' 26선
대구 주말 나들이 산책하며 힐링하기 - 남산100년 향수길
Talk to us : 6월호 독자의견 및 퀴즈 당첨자
대구 울산 신년 해맞이 명소 : 인기 해돋이 축제 행사 추천 일정표
누가 대전 노잼 도시래??? 예스잼 도시 대전! 뚜벅이여행
"만원에 소주2병, 따뜻한 국물까지 먹을 수 있는 곳, 부산 서구... "
정동심곡 바다부채길-정동진에서 심곡항까지 이어지는... 
2017-2018 한국인이 꼭 가봐야할 한국관광 100선
[문화누리]2023년 3월 문화누리카드 신규/추천가맹점
10분 독서:원칙은 행동의 기초가 되는 근본적인 진리이다... 
[경상도 대구여행] 대구 밤도깨비 1박2일 여행일정 ♥
"여름휴가지, ‘네티즌 선정 베스트 그곳’ 어떠세요?"
지역별 여행지 티어 + 지역 정보 모음
"대구 근대골목투어, 마당깊은집, 동화사에서 소원빌기... "
대전 크리스마스트리카페 거꾸로 트리 둔산동 리셉션... 
산소 묘지 벌초대행 전국 477곳 모음
봄 여행지 추천 봄꽃축제 모음 23곳
대구 명소 시내 볼만했던 계산성당
여행어플 추천 * 대한민국 여행지 앱로 찾아본 대전 여행지들 :)
"퇴사도 모자라 이사까지, 출사 중독 사진여행 블로거!"
나라에서 선정한 언택트 관광지 100곳 어디?
한국관광 100선 가봐야 할 여행지
원불교 익산성지(등록문화재 제179호)
대구 숙소 / 대한민국
전국 7대 광역시 대한민국 랜드마크 알아보기
대구교동시장 개미분식 대구역맛집 분식 개미분식맛집
전북 진안 가볼만한 곳. 진안 모래재 사진 찍기 좋은 곳에서... 
강릉 여행코스/ 정동심곡 바다부채길 꼭 가세요!
괌 여행-한국과의 관계 및 한국여행 역사(해외 여행)
골목정원에서 향기에 취하다
[#대구가볼만한곳] 대구 여행기 - 2일차 이월드 뿌시기 210812... 
[행만독21과제] 규제지역 해제 도시 빅데이터 체크. 여수·순천... 
청라 카페 읍천리 382 l 6단지 한양수자인 근처 l 딜리버리... 
비산동 (추탄집 )/비산동 돼지갈비 맛집.북부정류장 맛집
"부산여행지추천,가덕도와 신항만"
철길따라 임장여행 _경부선편_[7]대전광역시
정동심곡 바다부채길 심곡항 코스 강릉 근처 가볼만한 곳
관광지 BEST10 / 사회적거리두기 여행지 / 언택트여행지 추천
전 지구적 위기를 불러오는 불평등과 기후 위기를 해결할 수... 
[여행지] 아이와 놀러가면 좋은 아이가 잘 노는 여행지 200
요즘 100문 100답이 핫하다매?
오랜만에 족발 야식
주말에 가족 홈파티 준비는 대구바닷가재에서 즐기기
[제주도 흑돼지 맛집]▶비자향의 음식맛은 진짜/케이위드뷰티랩
"2021년 여름, 경주여행의 기록"
"빌베리루테인, 돼지고기입니다."
[부산 이색 여행] 부산에는 대한민국 임시정부가 있었다.&quot;부산... 
[부산광역시] 죽기전에 꼭 가봐야하는 여행지 자갈치시장
[모로코 여행 #11] 시타델에서 바라본 에사우이라 항구
■ 우원호  代表의 산문(散文) 【4】 자랑스런 나의 사위... 
핫플레이스 따라 달구벌 한 바퀴
5월 여행지추천 5월 축제하는곳 175곳 모음 5월 축제가볼만한곳
대전 서구 복국 관저동 맛집 남도찜(구 남도복국)
대전 핑크뮬리 신탄진 지금이 절정! 3대명소는 어디?
신경주 더 퍼스트 데시앙 분양정보 및 모델하우스 안내
하늘공원 안성팜랜드 청산수목원 등 &lt;핑크뮬리 팜파스 군락지... 
국내 벽화마을 여행지 추천~~
전국 언택트여행지 아시나요?
비대면(언텍트)여행지
국내여행 한국관광100선 feat.한국관광공사 문화체육관광부
부산 송도 용궁구름다리 인기네요~
제주도서귀포시모텔호텔매매 중문단지 대포항 오션뷰 잘... 
가고싶은 한국 여행지
대구 3대 커피 맛집 “롤러커피” 카페라떼 강추! 분위기도... 
부산여행코스추천 부산 가볼만한곳 7 기장 루지 외
인기여행지 추천 베스트 가볼만한 곳. 부산알림이 심쿵
대구 동구 맛집 : 막창이 생각나는 날엔 호야막창소갈비살
대구 회식장소 : 밤에 가기 딱 좋은 먹자골목!
한국관광공사 선정 코로나 언택트여행지 100선
코사무 견적문의드려용 대구플래너추천영천예식장예약영천예... 
여행용 밴드 베개커버 시리즈
성남전당포 뉴추천 여행지 100선 태아전용담보와
"[대전] 노잼의 도시? 대전 여행 코스(ft. K리그, 실내 위주 여행)"
울산 여행지 추천 꽃반지 봄날을 즐기며 대전점 방문기
대전 언택트 관광지 추천 대전 유성구 수통골
"택시맛객 인천 대구볼살해장국, 대구볼찜, 대구볼테기전골... "
휴가철 맞이 &quot;올 여름 꼭 가봐야할 전통시장 50선&quot; 대공개!
인천 가볼만한곳 정서진로 매화동산
대구광역시 중구 대구 근대골목(근대로의 여행) 이색거리... 
"경상남도 가을 여행지, 밀양 표충사"
가을꽃 축제 가을 여행지 추천 11곳 가을 꽃 구경 가을 여행... 
[부산시서구맛집]부산맛집/부산시맛집/부산서구맛집... 
정동진 바다부채길 : 다시 오픈한 정동 심곡 강릉여행 코스
7~8월 여행지 추천 : 7~8월에 가볼만한 축제
추천] 부산에 가면 여긴 꼭 가야 한다! 부산 주말여행지 추천!
8월 청소년 프로그램 안내
부산 송도해수욕장 해상산책로 스카이워크 찾아
대구 근대골목투어 1코스 그리고 스마트투어가이드.
K-드라마 영화촬영지여행 sns한국핫플추천명소100
‘23 부산 | Day1 (부산역 • 이재모피자 • 자갈치시장... 
대구맛집 추어탕집 청도역 추어탕거리
[가맹점소식] 문화누리카드 11월 신규 가맹점 소식(2022.... 
[대구맛집] 안지랑곱창스트릿!
&lt;우리나라/여행정보/전국&gt;전국 핑크뮬리 스팟 리스트 및 지도
[6월 여행지 추천]호국의 달... 추천하는 6월 여행지
1월 가볼만한 여행지. 일몰일출명소. 겨울 눈산행지. 가볼만한... 
대한민국상상나라국가연합 &lt;양평쉬쉬놀놀공화국&gt;| 2014... 
"◇활빈단,'동해안방문국민운동'나서.. ◇최악의 산불로 동해안... "
국도 전국 지도
가볼만한 곳. 추천 여름휴가 국내여행지. 전국 인기계곡. 해수욕장
부산 송도 밥집 엄마 손맛인 송미 생아구찜
"['18 내일로 여행] 09# 대구 여행 起 : 약령시, 대구근대역사관... "
여행자도 잠시 쉬게하는 커피가 유독 맛있는집 카페이랑..
"77번국도 여행, 77번국도 노선과 지도"
[베트남 2박 3일 여행 일정 추천] 다낭 / 호이안 / 후에 (feat.... 
대구 가볼 만한 곳 무료 동물원 &quot;달성 공원&quot;
뉴스 7 .17
오랜만에 뿌링클!!
(문체부) 선정 『가족과 함께 놀러갈만한 여행지』
대전 주말 나들이 유림공원~
부동산 비규제/비조정지역 한눈에 보기 : 투기과열지역... 
[대전 서구 둔산동] 욜로 (YOLO You Only Live Once) 의자가... 
"강릉 당일치기 정동심곡 바다부채길, 모래시계공원, 정동진... "
소상공인연합신문 영남뉴스
[230610] 가고 싶어요 여행을
불타는 청춘 여행지
황제 고종 - 덕수궁 석조전 대한제국역사관 특별전 @덕수궁
이번주는 주말 내내 등산 하고 자전거 타며 보람 되는 하루를... 
마리아띠 뷰티 쿨그린 샴푸브러쉬 st-205 탈모예방 두피 걱정... 
존재감 &amp; 잠재력이 커지고 있는 “Sub-culture” 시장... 
대구맛집 뚜레박어탕국수~
[비대면 가을 여행지 16선]
벨리라잇 1차 공구 이벤트있어요
대구쪽방상담소-대구은행 DGB 봉사단의 행복상자
신천지 감염자 많은 이유 있다… “신천지 무관하면 코로나... 
"2019 문체부 추천, 봄 여행주간 지역 행사 및 축제 목록 ①"
여행지별 만 15세 이상 전국민 1인 평균 숙박여행 일수... 
추천. 여름휴가 국내여행지. 전국 인기계곡. 해수욕장
2017 '한국관광 100선' 어디를 가볼까??
울산 간절곶
올봄 꽃구경 어디로 갈까?
[인천서구미용학원] 인천서구미용학원 월수금반 LTC플랜
부산 가볼만한곳 부산 기장루지 포함 6곳
11월에 가볼만한여행지 모음 11월 축제일정 행사정보 180곳
휴가철 장거리 운전 전 꼭 알아야 할 자동차 점검 TIP
도시들
부산 가볼만한곳으로 감천문화마을을 가다!
"우리 가족이 가장 예쁜 순간, 대구가족사진, 대구리마인드웨딩... "
황열 Q&amp;A
샤먼의 대표 관광지 '구랑위(鼓浪屿)' 섬에 다녀오다
영원한 유산  이건희 컬렉션  경남도립미술관 특별전
(부산여행/서구여행)칠보사 목조관음보살좌상. 부산 최고의... 
"호국 안보 여행의 숨은 명소, 부산"
바람따라~~ 국내여행지 한국관광 100선
피해 상대적으로 여유롭고 안전하게 갈 수 있는 국내 여행지
언택트 관광지 100선 :: 한국관광공사 선정 가을 비대면... 
대전지역 언택트 관광지 10선 중 네 번째 ~ 대덕구 대청호... 
일본인도 찾아다닌다는 일본 졸업여행 필수코스 BEST 5!
[2020 국민의 선택] 슬기로운 여행생활을 위한 투표 가이드... 
가을여행 추천지 이제 계획해 보세요
미술관 여행
강원도/정동진.KTX 뚜벅이 여행:정동진 가볼만한 곳/정동심곡... 
&lt;칠곡 가볼만한곳&gt; 아빠가 추천하는 대구근교 칠곡 여행- 가실성당
오사카3일‼️‼️‼️⭐️유니버셜스튜디오 포함상품... 
lakepurity: 이념전쟁에 순진한 국민들 무참히희생되는 악순환... 
[윤기자의 콕 찍어주는 그곳] 나는 정말 외롭습니다... SOS... 
강릉 놀거리_ 심곡항 부채길 &amp; 강릉중앙시장먹거리 탐방
코요태 2020년 10월 행사 &amp; 방송 스케쥴 정리 [신지 김종민 빽가]
"2박 3일 상하이 여행 준비, 내일투어 금까기와 함께"
tvN월화드라마 반짝이는워터멜론촬영지 메타세콰이어길 마을... 
대전지역 언택트 관광지 10선중 첫 번째 ~ 동구 상소동 산림욕장
로또 989회 예상번호 77%이상의 확률로 당첨되는법
2014 코엑스 내나라 여행박람회 다녀왔어요~~^^
동산병원 데이트 코스 제일교회둘러보기 청라언덕 제일교회... 
[이화여대/이화여자대학교] 2016 벚꽃놀이 데이트 명소 추천!
"[구제역/여행지]전국 구제역 비상!! 동물원, 제주 올레길, 구제역... "
파주필라테스 알게 된다면
[오월걸음- 광주 여행일기] 1일차 23.11.03
2014 꿈다락 토요문화학교 주말 문화여행 프로그램 참여안내
주간일기 챌린지 6월 셋째주(여행블로그는 처음이라)
대구 / 경북
08.01~31 :: 알찬 8월 일기
삼성 라이온즈 투수 백정현 프로필 연봉 계약금 결혼 성적
결혼준비 잘한것들 정리해봤어요 발품자료정리 문의스드메
결혼 준비 순서 결혼준비기간 답례품포장결혼준비
광주광역시 터미널 광주시 대구광역시 지도
[D193]결혼준비 진행상황 이제 드레스일정까지 끝... 
[알릴라울루와뚜빌라] 발리 신혼여행 견적문의... 
대구 근대골목투어여행 제2코스 선교사 역사의 길
2022 벚꽃 개화시기와 전국 벚꽃명소 알아보기
아이XX박람회 울산결혼박람회네번째인증샷
부산 주말여행지 추천!
창원결혼준비 창원 드레스 일에 어울리는 네일아트 남양주예식장
수입차 바꿔주는 사고대차 대구동구렌트카
"[가맹점을 부탁해] 힐링 그 자체, 캠핑장&amp;쉐어링카 가맹점 안내"
프리미엄허니문박람회 무료 참가신청하세요... 
예식장예약을 했는데 시간때문에 ㅠㅠ 결혼준비해야
"‘K-관광, 여기 어때?’…한국 전통시장 10선"
"해외 여행 준비물, 제대로 준비하기"
테마별 주제별 아이와 함께 갈 만한 곳 정리
대전지역 언택트 관광지 10선 중 두 번째 ~ 유성구 국립... 
상상하는여행자 - 대구 근대골목 여행
[조각보] 환갑 칠순 팔순 구순 상차림 대여 (전국택배발송... 
청산도에 여행가다 &amp; 여행갔을떄 듣기 좋은 노래
"가야허허 마고여신 자궁웅곰의대천제국 여류 작가 책, 만화... "
한국인이 꼭 가봐야 할 한국관광 100선 2021-2022
"역사&amp;문화여행, 대구로 오라이~!"
"[자연휴양림] 수목원,국립자연휴양림,경기도 휴양림... "
아이가 잘노는 여행지 200
전국유명 여행지 100선
"대전 언택트 관광지 추천지, 장태산휴양림"
신간&lt;두근두근 주말여행&gt;
"20190207 대구 근대골목투어(청라언덕, 선교사주택... "
올여름 한적한 여행지는 어디? '언택트관광지 100선'
부산 영도 바다 보며 힐링 산책 흰여울문화마을 주차장 정보
[부산 충무동 맛집]양지식당 - 해장술 들어가는 아구탕집
잊지 못할 그 여름의 여행지! 제주도 여행!
[부산여행지/체험여행] 부스럭 길따라 스토리텔링만들기-1
금오산 가면서 찍은 사진들 &amp; 좋은 노래 추천
대구이야기
4월 충청도 대전 꽃구경 세종 근교 드라이브 대전 벚꽃명소... 
겨울이 되기전 꽃 사진(여행다니면서)
"봄꽃축제, 봄여행지 [지역별봄축제정보 / 봄꽃축제 / 봄사진여행지]"
어떤오후의 어떤사전 - 뉴스야 놀자
대구 카페콤마 레터링케이크 / 승진 근속 케이크 List.
4월축제 2011년 축제 4월축제하는곳 4월 여행 벚꽃축제... 
컬러풀대구 웨딩박람회
남해 지심도에 가다!(여행후기)
[시사조선]박 전남지사“봉사한다는 자세로 민원인 응대”... 
[여행 계획 꿀팁] 산청살아보기 시작! 스탬프투어 앱 활용하기... 
중국여행- 여행객 버스에 10시간 감금당해
경주스탬프투어 :: 감은사지
청산도 여행을 가다 2편! &amp; 노래추천
☕️
"아산지중해마을,장태산자연휴양림"
다시보다 : 한국 근현대미술전
"행사정보/하는곳, 5월 봄축제/봄꽃축제/봄여행지추천!"
[창작공작소 8월호] 여름 휴가로 여행가서 스탬프투어하고... 
"대전 언택트 관광지 추천, 동구 만인산 자연휴양림"
"[ 강원 ] 2019, 가을자취 … 7. 정동진 바다부채길"
구미여행사/구미허니문/대구여행사/대구허니문/구미하나투어
오늘의 여행은 월출산!(여행후기) &amp; 산 올라갈때 들으면 좋은노래
상주 국립낙동강생물자원관
[대만] 청주공항 신규취항 타이페이 예류 야류 지우펀 스펀... 
아이랑 갈 만한 곳 ~~
사무실 창고 빌라 맨션 연립 창원 거제시 용원 울산 대구 거창 함양
주간일기 5주차 스탬프투어로 남해여행 즐기기
"대전 언택트 관광지 추천, 대덕구 계족산 황톳길"
설명절 황금연휴 최장 9일까지 가능
[속초/강릉] 강원도여행 정동진 관광지추천... 
"가을여행지 추천, 단풍 처음과 단풍 절정시기 지역별 단풍명소... "
[서울도보해설관광]북촌한옥마을
나pd 새예능 서진이네~인턴 뷔도 함께 멕시코로 떠나볼까요?
쉬가이아토너패드 쉬가이아 바다포도 점보패드... 
"'세상을 보는 눈, 아침을 여는 중앙일간 #신아일보' 5월16일자... "
반짝이는 순간들 Shining Moments :: Various (2016. 12.... 
맛집 _ 꽃잔디식당 (아구찜)
1년 365일중에서 200일을 떠나는 대중교통 여행전문가... 
대구여행1/남평문씨본리세거지&amp;능소화 꽃이 아름다운... 
[부산 가볼만한곳] 피란수도 부산! 1023일의 기억 속으로... 
강릉 드라이브코스 정동심곡 바다부채길 정동진역... 
쉬가이아 클렌징밤 공구 9.4~9.6
"2010'1~2' 도시의 심리학, 에이번리의 앤, 인더풀... "
여행 / 광천동 / 유스퀘어 데이트 / 고기해물뷔페 / 여행지 추천 ]
대전지역 언택트 관광지 10선 중 세 번째 ~ 동구 식장산 문화공원
월드컵 거리응원장소
국내여행)가볼만한 곳(관광지) 리스트 /전국지역별/여행형태... 
광주콜택시 광주에서 영암 삼호 운행
"특별한 웨딩, 하와이♥/허니문/실론투어/허니문장소"
우리나라 여행지
"아이슬란드 여행정보(상식, 여행팁, 여행지 추천, 경비, 여행코스)"
국도 둘러보기 고속도로 살펴보기
"(월) 모닝와이드 - 매실농장, 지금 알고싶은 넘버3 연휴 여행지"
김태촌 생명 위독… 전국 조직폭력배 총집결하나..
경주무인모텔매매 천년고도 365일 찾는 관광지 꾸준한 매출로... 
이웃님 소식 모음.. (글을 클릭하시면 잼난 내용 있어요^^)
제니의 남자들(카이/지드레곤/뷔)/제니열애설 총정리... 
부산 여행 송도 해수욕장 송도 오션파크 야경
조웅래 맥키스 대표...방송작가가 뽑은 최고의 괴짜
블루리본 서베이 (전국의 레스토랑 2006-07)
더멀팩 공구 콜라겐팩7.10~7.12
"[열네번째 인터뷰] 울산에서 온 친구들, 안소연-이영수님"
[광주장거리콜택시] 광주에서 장성 상무대 이동
[여행지 추천] 광복의 숨결이 흐르는 곳… 전국의 10選
골프연습장 사이트 모음
강릉 가볼만한곳 정동진 바다부채길 일출 여행코스
구름을 보면서 오늘 있었던 일 생각하기
전원주택 원두막 경상북도 영주군 설치 사례입니다.
국내여행
6월 부산 가볼 만한 곳 부산 여행지
달성토성마을 답사 후기
[경산욕실리모델링] 현명하게 알아보는 욕실인테리어 지식
"프랑스 자유여행 7일째 에트르타 옹플뢰르,몽생미셸, 화이트 에펠"
우리나라 국도 출발지~종착지 정리
강릉 가 볼만한 곳! 겨울바다를 보며 여유롭게 정동심곡... 
"친구들과 다같이 하노이, 하롱베이 여행? 이렇게 준비해보세요.... "
아이랑 가볼 만한 곳 리스트
광주 유스퀘어 시간표:: 광주 광천터미널 종합버스터미널
대전 괴정동 맛집 한민시장 막창 한민원조막창
"울산 여행..고래문화마을, 중국 요양시 백탑공원"
2022년 12월 마무리_일상 일기 / 2023년아 와랏!!!!
2011년 봄 꽃 개화시기. 여의도 벚꽃축제 및 전국 봄꽃 전시 일정
[부산 여행/ 부산 벽화마을/ 부산 여행지 추천/ 부산 남포동... 
[정보] ▶K-ways WIDE 1월 정기 업데이트(v1.8.61) 풀버젼... 
[체리쉬스토리] 할인 혜택부터 특별한 이벤트까지! 체리쉬... 
올 최고의 여행지 5선
울산고래축제 울산 명소
한국의 온천(溫泉 SPA) _한국온천협회
일상의 사건사고
① 프랑스  서유럽(프랑스/스위스/이탈리아) 패키지 가족여행... 
있었어요.나는입술을 전자제품세일
"[여행임장기] 1. 광주 (첨단, 수완지구)"
"주말여행추천, 주말데이트"
베트남 다낭/호이안 여행기
국내 입장객이 많이 찾은 관광지 TOP 50 (2021년기준)
신혼여행지에서 유용한 간단회화로 더욱 즐거워지는 해외여행
[여행지] 전국 자연휴양림 90곳 검색
"익산 가볼만한곳, 김대건 신부의 나바위성당"
"자동차 안전거리확보, 기준과 방법에 대하여 알아보자!"
[부산여행코스]
[항공뉴스 21.06.21]  부채는 많고 국제선 재개는 멀고... 
[박경일기자의 여행] 이참이 안내하는 ‘아름다운 여행지’ 4選
9月의 추천 여행 코스
전국 해맞이 명소 &amp; 지역흥밋거리 [e뉴스55호
대한민국지도 행잉우드프레임 액자 - 우리나라지도 전국지도
청풍장 소화장 부산 남포동 적산가옥 건어물 매매 점포와... 
[문화체육관광부 K-관광마켓 한국전통시장] 울산 남구... 
오랜만에 비빔밥+청국장으로 맛있는 점심식사~~!! 「팔당 직화... 
파리의 뒷골목
[웨딩드레스] 반짝반짝빛나는 정원이 김현주 드레스
✿ 2023년 11월13일 (월요일) 간추린 아침세상소식
2022년 전국 벚꽃 개화시기 알아보자
화가 나혜석의 작품 &lt;녹동풍경&gt;        그리고  화가 천경자를... 
2019년 5월 전국 축제 및 행사일정
"제주도 차량 탁송 업체, 제주도 차량 탁송 비용 정리"
국내 전통시장 10선 알아보기 !
"청년 예술가들의 버스킹 공연, 6월 청춘마이크 전국 일정... "
[2박 4일] 짬 내어 떠난 베트남 하노이 여행
부산에서 꼭 해야할 일???  비디오테이프 변환은 여기서 하이소~
한국관광공사 언택트 관광지 100선
전국 46군데 눈썰매장 정보
조선총독부 철도국 관광홍보
대구 당일 일수나 월변 가능한곳 비교할만한곳
소마미술관 &lt;다시보다 한국 근현대사미술전&gt; ~8/27
가족을 위한 베스트 여행지!
[호텔할인예약/부산 서구] 부산비치관광호텔 할인예약 숙박 정보
이상국__뼛속에 꿈틀대는 풍경
- 도로정보 -
| 컬쳐 | 서울 근교의 가기 좋은 미술관 소개! / 그림/ 작품 / 미술관
"할리데이비슨, 전국 국도"
성유스티노신학교 - 대구의 천주교사를 담고 있는 역사적 건물...
삶의 여유를 주는 또 다른 여행지인 낭만 커피숍과 노래방... 
대구지역 일수명함 날리는 방법 전수해 주실분... 
고양시 일산서구 탄현동 아파트  고양시 덕양구 원흥동... 
웃다가 배꼽 떨어져 나가서 다시 주워 끼웠던 8월 일상
부동산서적(따라 하면 무조건 돈 버는 부동산 1인 법인 투자의... 
브라질 PUC Minas 교환학생 준비 - 중남미 여행 필수 예방접종... 
화성밸브 기업정보 (가스관 관련주)
(출처 더쿠) 우리나라에서 유일하게 인구 증가 중인 광역시... 
"중국 산서성 일대 답사기1-이화원, 왕부정 거리-"
[문화탐방 대전] 봄(春)영감 가득한 여행 : 이번 주말 대전으로... 
한국관광100선 국내 여행 관광 지도 따라 가볼만한곳
[서평후기]30개 도시로 읽는 한국사/다산북스
전국국도현황
부산 당일치기여행 코스 자갈치시장 꼼장어구이 맛집 외... 
"대덕구 덕암동 아파트(APT) 전세,월세, 매매 부동산 매물정보... "
평창 동계올림픽의 맨얼굴
시니어 정보 &quot;여행&quot; 안내
2015.8.29~2015.9.4 쭈니준의 태국 방콕여행기 1편
광주장거리택시 전라남도 장흥 왕복 운행
대전여행 보라매공원
서울근교 파주여행. 임진각 관광지 평화누리 / 동마기업... 
광주광역시 택시 전라남도 보성 운행
22년 4월 일상
남파랑길 부산 3코스(영도대교 버스정류장~감천 사거리)
2018 창녕 '비사벌문화제' 개막공연 등 첫 날의 현장 영상
랍스타 버터구이로 즐기는 펜션음식
여행계획이 막막하다면 :: 스탬프투어
인천광역시 서구 금강산추어탕 한식 - 달콤한여행
강릉 정동 심곡 바다부채길_ 맑은 물결 출렁이는 비경 속을... 
저 오늘 떠나요 대전으로 : 대전에 여행에서 생긴 이야기
소마미술관 특별기획전 &lt;다시보다 : 한국근현대미술전&gt; 관람 후기
전국 맛집 여행기 - 바람따라 길따라 팔도유람 By 하늘소 맛집
[8월 다섯째주 주간전망] '8월 조정' 막바지…잭슨홀 회의 이후... 
"기업의 워케이션 도입, ESG에 어떻게 기여할까"
"안전여행, 언택트 관광지 전국 100선 추천"
광주 뚜벅이여행 -(코코로나인/후토루/국제연탄/라운지oic... 
"[겨울, 홋카이도여행] '간장의 나라' 일본 슈퍼마켓 탐방"
"내가 만일 책을 쓴다면... 어른노릇, 사람노릇 / 다정소감"
대한민국 테마여행 10선_인천 강화도(평화 역사 이야기)
한국관광공사 2021~2022 한국 관광 100선 지도
대전 맛집 베스트 10 추천! (ft. 충남 여행)
"메타버스 서울, 올해 최고의 발명: 지역전략 올라타기 (221114)"
바로바로 지역감각 : 예산시 업그레이드 예산사랑상품권... 
"2박 3일 부산 여행에서 무얼 먹었나 (내호냉면, 해성막창, 대구... "
[리뷰] 부동산 트렌드 2023 : 대폭락을 기회로 전환하는 법
차소장의 대전 오월드 대전 임장
아이랑 갈만한곳 국내여행 200 선
★대한민국 산하 아름다운 물돌이 풍경★
#이불 #랑잠 #불면증예방 이렇게 해보는건 어때요?
부산광역시 서구 부산 송도해상케이블카 이색체험 - 달콤한여행
제4차 국가철도망 구축계획 신규사업
우리나라 꼭지점 여행(동쪽)-두일포마을・독도・정동진... 
가족을 위한 베스트 여행지!
우리나라 유명 현대서예가(한문부문) 10인 탐색
한국관광 100선 목록//한국인이 꼭 가봐야 할 관광명소... 
바로바로 지역감각 배워보기 (221206)
"1114-1120, 글 속에는 너무 많은 것들이 있죠"
[아이와 함께하는 국내여행 200선] 한국 어린이 동물체험 및... 
국내여행 / 당일치기 / 부산여행 / 국내무박여행 / 충주에서... 
"강릉 가볼만한곳, 천혜의 비경을 간직한 정동심곡 바다부채길"
『나는 특허한약 접골탕(接骨湯)으로 이런 골절(+골다공증)... 
일백마블 지역감각 : 서울형 모아어린이집 올해 245곳... 
[국내 여행] 2021 전국 벚꽃 개화 시기와 지역별 명소
2023-05 한달한전 #12 (한국근현대미술전)
광주장거리콜택시 부산 기장 정관읍 운행
[여행 Tip6] 자연휴양림을 아시나요?
가을 첫단풍 예상시기와 단풍절정 예상시기 알려드려요. 벌써... 
샘쏘나이트 캐리어가방 및 내셔널지오그래픽 캐리어가방 바퀴... 
부산 근교 경남 봄나들이 가볼만한곳 모음 부산 경남 축제
300만원으로 갈만한여행지 교보가족사랑
[광주콜택시] 광주에서 남평 운행
"남도 맛기행... 광주대표음식, 육전 &quot;대광&quot; 식당/전라도 맛집"
서울먹거리창업센터 푸드 스타트업 성장 도우미... 
[부산 2박3일 여행코스] 9코스로 총정리♬
"[스페이스K] 광주 ‘좋지 아니한家展’, 대구 ‘SLOW... "
사진찍기 좋은 명소 - 문화체육관광부 추천
가족을 위한 베스트 여행지
[서대구맛챌린지] 서대구로맛집 부림복어 &amp; 달성토성마을... 
국도정보
혼수결혼 박람회에 초대합니다 결혼준비체크리스트
남양주 #의정부 #김포 #시흥 #의왕 #광주 #목포 #부산 #대구 #전주
결혼결혼준비 여행사
"류재하, 임창민의 미디어아트 은유- 시간"
"[일본생활]일본에서 살면서 좋은점-미세먼지, 혼밥족, 화장실..."
바로바로 지역감각 배워보기 (221215)
"2020년 세계여행 총정리 | 태국, 몰디브, 말레이시아, 베트남... "
'한국 치유관광 페스타' 개최
국내 이색데이트 장소 축구경기장 추천모음.Zip
1월 여행. 가볼만한 곳. 소나무숲. 비대면 관광지 100선
[강릉_9/24-26] 행복은 멀리 있다 강릉에.
흑토끼 기묘년은 셔니의 해
지역전략 올라타기 (221107)
"(01) 창원 경남도립미술관, 이건희 컬렉션 (작품,도슨트,관람료)"
바로바로 지역감각 배워보기 (221226)
"(부산 여행) 송도해수욕장: 케이블카도 타고, 해변도 즐기고~"
강릉 정동진 바다부채길 요금 할인 및 소요시간
세계의 가족 : 현대 일본가족의 가치관 변화
대전에서 알차게 결혼준비할수있는 박람회추천좀 호텔결혼
상생 소비 재난지원금 카드 캐시백 금액 국민혜택 대상 사용처... 
지역전략 올라타기 : 보복여행객 잡아라… 봇물 터진 지역... 
꿈이 현실로! KTX 타고 강원도 강릉여행 떠나요(관광지26... 
대한민국 국도
"국내 여행 - 강원도 정동・심곡 바다부채길 소요시간, 입장료... "
인천도시역사관 특별전 놀이터를 부탁해 : 지역전략... 
추현호의 귀로 듣는 세계 여행 - 나고야
23회 박람회 후기 결혼체크리스다이어리결혼준비
《부산 기본상식》반드시 알아야 할 기초편!  ‘한국의 맛... 
"지방자치TV, '2016지방자치행정대상' 시상식 성료"
스드메등급표 스드메 비용 줄여 알뜰결혼준비하기... 
부산 촬영지 (펌)
보증금 500만원매월40만원 대전 서구 복수동 부탁드려요30대
https://max090909.tistory.com/37
셋째날-프라하 이야기
광주 포르테 실리프팅 추천병원은 더블린클리닉으로 궈궈
2015 혼수박람회 신청자 100 사은품 전원증정... 
신개념 박람회 페어 혼수바람회
강릉 정동진 여행  : 정동심곡바다부채길
영등포동사다리차 여의도동사다리차 신중해야합니다
전국의 국도 정보
오늘의 인물과 역사 - 10/11
전국 지역별 민박 펜션 검색 사이트 정보 안내
소식봄결혼준비폐백음식 시식회 결혼준비결혼식부터
프랑스서 동성커플 위한 첫 박람회 성황 학비결혼비용은
강릉 당일치기 맛집 여행
촬영 견적문의드립니다 총결혼비용1500만원
대한민국 17개 광역시도 및 229개 시군구 홈페이지 일람
2018.11.17~18[강릉 1박2일 우정여행 1-3편][강릉 가볼만한곳... 
[부산까페] 카페 해인 - 야경이 끝내주는 찻집? 까페? 커피숍??... 
[특집]안방에서 인터넷으로 톡톡 결혼준비 끝 결혼준비하려는데여
신부수첩스드메패키지 토탈 스드메견적받기
탕정역/ 대구 ‘동성로 레몬’/ 대구 중앙로 푸르지오/ 부산... 
12월1일2일 부산컨추천 부산결혼박람회... 
"강원도바닷길트래킹, 정동심곡 바다부채길 강릉정동진여행"
장거리택시 그랜드 하얏트에서 대전 둔산동 청솔아파트까지... 
결혼비용 혼수부분만 정리 알고싶어요야외결혼식
소식 7] 결혼준비체크리스트 가지고 결혼준비 더 꼼꼼하게... 
2022 벚꽃 개화시기 전국 벚꽃 명소 알아보기!
100년 이상 된 등대여행
부산 여행시 금정산과 자갈치시장(2016.02.28)
인천 박람회 어서 신청하세요 결혼준떻게하세요
[부동산] 부산行 - 부산여행 그리고 부산  부동산(아파트)... 
[22년04월06일 - 03시]  실시간 검색 순위
"전라도 광주 1박2일 여행, 팸투어 with 광주5미"
[22년04월06일 - 02시]  실시간 검색 순위
전시미리보기
이벤트 42개
남자 여자 결혼예물비용부담 줄이기 노하우 총정리... 
"스웨덴 기자 아손, 100년전 한국을 걷다"
박람회 조언좀해주세요 강추박람회
5월가볼만한곳 다양한재미!
인창동 반려견분양 신뢰할 수 있는 요미독 말티푸 비숑프리제
광주출장/자유부인 김선생 광주에 가다/호모앤더드림/광주는... 
전통시장 여행&amp;재래시장
"상하목장, 슈퍼매치입니다."
[10월 가볼만한곳] 한국관광공사 추천! 10월 가볼만한 올레길
얼렁뚱땅 별거없는 부산여행기
"해외 여행 관련 질병, 예방 접종 일반 상식과 등 예방접종... "
가을~~아이들과 체험놀이 재미있게 놀수 있는곳~ 지인이 보내줌
제1회 카드 혼수 박람회 결혼비용분담표평균결혼비
은밀한 여름휴가 언택트관광지 100선(feat.대한민국구석구석)
살던 곳에서 돌봄 받자!
[부산맛집] [부산여행] 총정리 수요미식회 3대천왕... 
2019년 8월 축제 일정표 알려드려요
&quot;아직도 이러냐&quot; 손가락으로 경찰 조롱하며 질주한 광복절 심야... 
뉴스5 31
"KTX타고 평창동계올림픽 보고, 강릉시티투어버스까지 몽땅... "
부산렌트카대여 5만원 아끼자
01 - COVID19 / 대한민국(2020년 1월  ~ 6월)
가깝고도 먼 인천
"대전 장태산 자연휴양림, 메타세콰이어 단풍 절정이야!"
부산특성화고대학진학 부산한양학원이 제시하는 특성화고... 
한국스포츠피싱협회 차텐트 활용하기
전국 비대면 관광지 100선
[여성경제신문] 코로나19 피하는 국내 여름 휴가지 100선
[경기도미술관] 사계 - 이건희 컬렉션 한국 근현대미술 특별전
수도권 전철 경의중앙선 관광지 및 기관 소개
시티투어
핵심만 지역정보 (22.03.16)
