"대전 유성구 명소, 튤립이 가득한 대전 봄꽃 여행지! '유림공원'"
대전 유성구 나들이코스 사진여행하기 좋은 여행지... 
대전광역시 유성구 여행지 추천
2023 가을국화 찐 여행지 대전유성구 유림공원... 
대전 유성구 아름다운 벚꽃 여행지 소개!!
대전 유성구 호텔 리뷰 (방문해본 후 업로드).
대전 유성구 숙박 이번에 방문해본 후에 느낀 부분들.
대전 유성구 교통사고한의원 입원실에서 휴식과 치료를
대전보일러 교체 설치 (유성구 어은동 원룸)
[대전 유성구 뚜벅이 여행] 엑스포의 추억이 기든 엑스포... 
대전 유성구 호텔 찾는 분들께 도움이 될만한 정보와 후기
"대전 유성구 명소, 유성구 가볼만한 여행지 '한빛탑 물빛광장과... "
대전 유성구 숙박 후기 (실제로 방문해본 후 업로드).
대전 유성구 아름다운 봄 여행지 벚꽃명소 카이스트
대전 유성구 맛집 먹거리 정보 3선 (신세계 주변 추천)
대전 유성구 죽동 태국음식 맛집 잇마이타이 충남대 인근 맛집... 
[2022.03.14~17] 3박 4일 대전 유성구 뚜벅이 여행 1일차! 대전... 
대전 가볼만한곳 겨울 여행지 추천 대전 크리스마스트리 핫플... 
대전에서 꼭 방문해야 하는 여행지
(대전 유성구 여행지) 엑스포 갑천 황하코스모스 대전 꽃구경... 
"대전 한옥 여행지, 선비도시 대전의 한옥 여행 길라잡이"
"대전 유성구 명소, 유성 가을 가볼 만한 풍경 여행지 두 곳 '국립... "
있는 대전 애견동반 여행지: 중촌시민공원 / 대전반려동물공원... 
"전시실,주관측실,보조관측실(대전천문대,유성구여행지)... "
대전 유성구 무료물놀이장 동화울수변공원
대전 겨울 축제 가볼 만한 곳 여행지 2023 유성 온천... 
대전효문화뿌리축제 2023... 수 있는 국내 10월 여행지 추천 축제
[ 대전유성구봉명동 오늘은요가 ] 가을 단풍여행지 BEST / 가을... 
1박2일 여행지 대전 유성구 관광~ 천연온천부터 첨단과학까지~~
유성구맛집 [대전] 봉명동 - 마이램 봉명점
대전 언택트 관광지 추천 대전 유성구 수통골
"대전 유성구 명소, 유성 역사 여행지 진잠향교와 전통마을숲"
대전 아이와 함께 가볼만한 곳 지질박물관 실내 여행지로도 제격
유성구호텔 신축 대전라마다호텔에서 호캉스 제대로
지식과 휴식을 즐길 수 있는 대전 유성구의 명소
대전 가볼 만한 곳 유성구 명소 갑천 황하코스모스
유림공원과 더불어 9월 국내 여행지 가볼만한곳으로 대전시립... 
"[대전 유성구] 관평동맛집, 관평동치킨 - 교촌치킨 관평점"
"대전 유성구 여행, 가을 여행지 추천! 현충원 둘레길 '현충지'"
"대전 유성구 야경 명소, 유성구 야경 명소 2곳 추천!"
대전 유성구 예쁜 일몰과 아름다운 야경을 볼수있는 나들이... 
"대전 유성구 가볼 만한 곳, 해바라기의 노란빛으로 물든... "
"대전 유성구 국립대전숲체원, 누구나 자유롭게 숲 체험이... "
[대전 유성구] 대전죽동맛집 - 오한순손수제비
대전 유성구 아이들과 가볼 만한 곳 체험거리가 가득한... 
"대전 유성구 실내 가볼 만한 곳, 화폐의 주인공이 되어 보는... "
"대전 유성구 산책, 걷기 좋은 코스 유성 반석천 꽃향기길"
"대전 유성구 산책 코스, 한가로운 마음으로 대전을 둘러봐요!... "
대전 유성구 아이들과 가볼만한곳 실내 놀이터가 있는 솔로몬파크
대전유성구카페 [대전] 송강동 - 자아도취카페
"대전 유성구 여행, Know잼 도시! 대전을 알리는 '대전 종합... "
"대전 유성구 행사, 어린이날에 가볼만한 행사 추천!... "
대전 유성구 아이들과 가볼만한곳 국립중앙과학관 어린이과학관
"대전 유성구 명소, 대전시민이라면 꼭 한번 들려 봤으면 하는... "
"대전 유성구 박물관, 아이와 함께 즐거운 박물관 나들이!... "
"대전 유성구 명소, 유성 벽화거리 새동네 마을에서 산책해요!"
"대전 유성구 가볼만한곳, 아름다운 유성의 야간 관광지 '온유성길'"
"대전 유성구 명소, 반도지 연꽃과 여름 정경을 구경할 수 있는... "
"대전 유성구 근교, 귀여운 유성이 캐릭터 인형과 공주... "
"대전 유성구 맛집, 수통골 봄풍경 즐기고 가면 좋은 카페, '공간... "
"대전 유성구 명소, 과학과 자연경관을 같이 즐겨보는 도보코스... "
"대전 유성구 명소, 선선한 바람을 느끼며 산책하기 좋은 '수통골'"
"대전 유성구 가볼만한곳, 철쭉과 영산홍이 생기를 불어넣고... "
"대전 유성구 봄 명소, 봄이 오나 봄! 유성 봄 나들이 명소를... "
"대전 유성구 명소, 조용히 걷기 좋은 언택트 여행지, 벽화가... "
"대전 유성구 가볼만한곳, 더위타파~ 안전한 언택트 여행지... "
"대전 유성구 명소, 날씨가 추워질수록 생각나는 족욕체험장... "
대전 유림공원 튤립 실시간 개화 봄꽃 여행지 추천
동춘당 현충원 매화 개화현황3월추천여행지 대전가볼만한곳
대전 유성구 도룡동 안주 맛집 ‘노이’ 체크인! &amp; 짧은 일기... 
대전 유성구 노은동 근처 속눈썹 연장 잘하는 곳 추천해요
대전 호텔 스탕달 유성온천 근처 아이와 숙박 후기
"대전 유성구 명소, 수통골 탐방길"
"대전 유성구 산책로, 언택트 산책 성북동 산림욕장"
"대전 유성구 카페, 카페 속 정원에서 식물을 감상하며 커피를... "
"대전 유성구 가볼만한곳, 사진 찍기 좋은 녹색명소 세동마을... "
"대전 유성구 산책로, 탑립동-전민동에서 만나는 갑천! 슬슬... "
"대전 유성구 소식, 2021 유성구 기자단 _ 블로그 기자... "
"대전 유성구 명소, 일제강점기 시절 세운 조선시대 건축물... "
"대전 유성구 가볼만한곳, 도심 속 숲 유성구 언택트공원... "
"대전 유성구 산책길, 유성족욕체험장길"
"대전 유성구 행사, 대전 사회적 경제 한빛탑장터 현장을 가다"
"대전 유성구 가볼만한곳, 가을 가을 한 코스모스 가득!... "
"대전 유성구 명소, 도심 속 조용한 명상의 공간, 대전 수은교... "
"대전 유성구 명소, 푸른빛 여행 코스가 있는 거북이 투어존... "
"대전 유성구 문화재, 백제시대 구성동산성"
"대전 유성구 벚꽃명소, 국립 대전 현충원의 봄꽃향연"
"대전 유성구 명소, 여름밤 저녁 산책하기 좋은 유림공원"
"대전 유성구 행사, 가을밤 산책하기 좋은 유성 국화축제"
"대전 유성구 아이와 가볼만한곳, 동심으로 잠시 리턴 로봇공원"
"대전 유성구 명소, 버스타고 가본 계룡산국립공원 수통골"
대전 유성구여행 수통골 지질박물관 유성구 가볼만한곳 유성온천
"대전 유성구 명소, 즐길거리 많은 유성 함께 여행해요!"
봉명동육회 유성구맛집 [대전] 봉명동 - 아삼육회
"대전 유성구 가볼만한곳, 3행 3금 실천으로 수통골에서 휴가철... "
"대전 유성구 명소, 갑천 제1공구 산책 '갑천교와 원천교사이... "
"대전 유성구 가볼만한곳, 염불하는 개구리와 연꽃과 수련이... "
"유성구 명소, 대전 여행의 모든 것! 대전시 종합관광안내소"
"대전 유성구 전시, 대전시립박물관 특별전시 제주 오현전"
"대전 유성구 명소, 주말 가볼만한곳,  유림공원의 가을 풍경"
"대전 유성구 전시, 서울역사박물관 유성온천과 대전 전시회"
대전 유성구 맛집 [대전] 봉명동 - 곰집 곰탕전문점
[대전 유성구] 죽동치킨 - 푸라닭 대전죽동점
[대전 유성구] 유성구맛집 - 푸른정원
호텔오노마 국내여행지 대전가볼만한곳 아이랑 호캉스 수영장... 
[숙박이야기] 대전 유성호텔 유성 모텔 - 호텔로드 (대전시 유성구)
"대전여행지 추천, 산책하기 좋은 계룡산 수통골 수통폭포"
[대전 유성구] 봉명동맛집 - 설화참숯닭갈비 대전본점
[대전 유성구] 대전 송어 - 자연을담는사람들
[대전/유성구] 겨울 3인 가족 한밭 나들이 (feat.과학과 함께)
[대전 유성구] 도안참치맛집 - 착한참치
"[대전 유성구] 노은동맛집, 노은동칼국수 - 오시오칼국수"
[대전 유성구] 봉명동 빵집 - 르뺑 99-1
[대전 유성구] 전민동맛집 - 떡갈나무집
[대전 유성구] 유성 오리 맛집 - 생오리어사 유성본점
[여행] 대전 유성구 성심당 본점 방문기
"[대전 유성구] 봉명동맛집, 봉명동닭발 - 유성닭발 봉명점"
[대전 유성구] 수통골맛집 - 동죽손칼국수
6월 여행지 대전현충원!
[대전 유성구] 봉명동맛집 - 돈수백 봉명점
[대전/유성구 여행] 멋진 음악분수와 엑스포 폴바셋 못지않던... 
[대전 유성구] 상대동맛집 - 노랑통닭 상대점
"[대전 유성구] 관평동배달, 관평동피자   ...임실엔피즈피자... "
"[대전유성구봉명동 오늘은요가] 여기도 가자, 천북굴단지... "
[대전 유성구] 늦은 밤에도 웨이팅이 있는 소문난 대전 24시... 
[대전 유성구] 신성동맛집 - 이화갈비
"대전 가을 꽃축제 유림공원, 주말 나들이 하기 좋은 10월 여행지"
[대전 유성구]관평동맛집 - 양
"[대전 유성구] 신성동맛집, 유성구맛집 - 리브가흑염소"
[대전 유성구] 충남대맛집 - 아웃닭 충남대점
[대전 유성구] 관평동쭈꾸미 - 통큰손쭈꾸미마을 관평점
W94. 대전 유성구 봉명동 허니문 상담 후기[에스투어]
[대전 유성구] 노은동맛집 - 어화자좋다 생선구이 노은점
"대전 유성구 축제, 이색적인 5월 축제 2018 유성온천축제"
"[대전 여행기] 대전 여행지 및 먹거리 정리(1박 2일, 엑스포공원... "
11월 가을 여행지 국화 축제 추천
[대전 유성구] 죽동맛집 -  엉클부대찌개
대전 1월여행지 일몰 경관이 아름다운 곳 엑스포다리... 
"[대전 유성구] 하기동카페, 대전카페 - 디어메이트"
대전 가볼만한곳 가을 여행지 데이트 볼거리 다양한 유림공원... 
"대전 유성구 여행 코스 : 유성온천 족욕체험장, 한빛탑 음악분수... "
[대전광역시 유성구 봉명동] ... TOMNTOMSCOFFEE 탐앤탐스커피
"[대전 유성구] 도안동 맛집, 목원대 맛집- 하와이새우트럭... "
대전 가을 꽃축제 10월 11월 가볼 만한 곳 여행지 유림공원... 
대전 유성구 가을나들이 명소 추천✨
"대전 가을 가볼만한곳 대청호 명상정원, 남간정사, 유성온천공원"
"대전여행 유성구 가볼만한곳, 수통골/한국항공우주연구원... "
대전 유성구 라마다호텔 추천 및 객실 컨디션 후기 /  대전... 
축제 유성 온천 크리스마스 트리 대전 데이트코스 12월 여행지
"대전 유성구 명소, 대전종합관광안내소가 있는 유성에서 대전... "
[대전 유성구] 대전여행 / 대전신세계백화점 아트페어... 
대전유성구맛집 대전 레스토랑 [대전] 봉명동 - 쁘리모
[대전광역시 유성구 지족동] ... 일산칼국수
W32. 대전 유성구 봉명동 허니문 계약후기 [에스투어]
"대전 유성구 명소, 족욕체험장에서 족욕도하고 예쁜 꽃도 보고!"
"대전 유성구 명소, 아이들과 방학에 가기 좋은 대전선사박물관"
[대전광역시 유성구 지족동] ... 에꿍이치킨
[대전광역시 유성구 도룡동] ... 대전 MBC방송국 갤러리카페 M
[대전 유성구] 대전 화덕피자 - 누오보나폴리
[대전광역시 유성구 궁동] ... 떡볶이.튀김 전문점 여우야
"대전 여행 1일차 (유성구, 중구, 서구, 동구)"
"[대전 근교 유성구 카페] 커피인터뷰, 슬로울리"
[대전광역시 유성구 지족동] ... PappaRott 파파로티
"[한밭수목원/대전 엑스포] 5월~6월, 대전여행지 추천!(feat.... "
[대전 유성구] 유성구맛집 - 어명이요 자운대점
[대전광역시 유성구 지족동] ... JAVA DAVE 자바데이브커피
[대전광역시 유성구 지족동]  ... 황박사 왕족발
[대전광역시 유성구 궁동] ... Angel-in-us Coffee... 
[대전광역시 유성구 지족동]...김영북의 버섯이야기
"[대전 유성구] 봉명동맛집, 대전일본돈가츠맛집 - 히토메보레"
[대전광역시 유성구 궁동] ... 떡볶이 블루스
[대전맛집모음.zip] 마음에 쏙 들었던 대전 유성구 맛집 4곳 추천
대전 유성구 해장국 국밥 맛집 태평소국밥
[대전광역시 유성구 반석동] ... 처갓집 양념치킨
"[대전 유성구] 죽동맛집, 충남대맛집 - 썬더치킨 죽동점"
[대전광역시 유성구 지족동] ... Rottboy cafe 번카페 로티보이
[대전광역시 유성구 전민동] ... 오색월남쌈 샤브샤브&amp;스끼야끼... 
[대전광역시 유성구 장대동] ... 예전 손칼국시 전문점
[대전광역시 유성구 죽동]... 차이니스레스토랑 포춘차이나
대전 유성구 씨암타이스토리마트 태국음식 추천
[대전광역시 유성구 지족동] ... 고품격 면요리&amp;돈가스 전문점... 
[대전광역시 유성구 관평동] ... 커피에스티 coffee st.
[대전광역시 유성구 지족동] ... 족발요리전문점 족고을... 
[대전광역시 유성구 지족동]...김영북의 버섯이야기
[대전광역시 유성구 봉명동] ... 일본생라멘 라멘전문점 스바라시
[대전광역시 유성구 노은동] ... 100년전통의두부요리... 
[대전광역시 유성구 봉명동] ... 정봉 부산할매돼지 수육국밥... 
[대전광역시 유성구 어은동] ... 치마치마벤또
[대전광역시 유성구 반석동] ... 커피메모리 coffee memory... 
"[대전 유성구] 신성동맛집, 신성동중국집 - 포청천식당"
[대전 유성구] 수통골맛집 -  福 복드리오리
[대전광역시 유성구 지족동] ... cafe&amp;tree 카페트리 와플... 
대전 유성구 카페 커피 인터뷰 자연과 하나 되는 공간!
[대전광역시 유성구 봉명동] ... 피자헛
[대전광역시 유성구 반석동] ... 오모리 생바지락 손칼국수
"대전 당일치기 여행지 추천 상소동 산림욕장, 한국의 앙코르와트"
[대전광역시 유성구 갑동] ... 수타명가 본가손짜장
[대전]'유림공원' 국화축제 국내여행 1박2일 가을여행지... 
[대전광역시 유성구 죽동]...차이니즈레스토랑 미스터왕
[대전광역시 유성구 신성동] ... 정통중화요리 동보성 東寶城
"유성명소 | 유성 가족여행지 추천, 대전 선사박물관"
[대전 유성구] 원신흥동맛집 -  3대째 이어온 연산시장도토리묵
"[대전 유성구] 봉명동순대맛집, 유성구순대맛집 - 본래순대 봉명점"
"유성구 맛집, 리에또피렌체 프로포즈 받고 싶은 대전 레스토랑... "
[대전광역시 유성구 관평동] ... 나무와자전거 (원두구입가능)
[대전광역시 유성구 지족동] ... JAVA DAVE 자바데이브커피
[대전 유성구] 충남대맛집 - 청년다방 궁동점
대전광역시 유성구의 가볼만한 곳
국내 온천 여행 추천 1박2일 여행지 호캉스 특가 대전 유성... 
[대전광역시 유성구 지족동] ... 메밀요리전문점 메밀꽃필무렵... 
[대전광역시 유성구 봉명동] ... 대미일식
[대전광역시 유성구 봉명동] ... COFFEE BAY
"[대전/유성구 여행] 피크닉으로 여유를 만끽할 수 있는, 한밭... "
대전근교여행 유성구 대형카페 시크릿가든 Secret Garden
충남대전 여행지추천[대전 천문대]별관측할수 있는곳
[대전광역시 유성구 지족동] ... 튀김.떡볶이  아딸
[대전책방둘레길#2] 유성구 지족동 / 마르타의서재
대전 여름 여행지 당일치기 물놀이 가볼 만한 곳 한밭수목원... 
마음이 뜨거워지는 호국보훈 여행지 '국립대전현충원'
"[대전 유성구] 목원대맛집, 대전 도안동맛집   ...그릴박스"
"대전의 유구한 역사와 문화가 있는 찐 여행지, 대전시립박물관"
대전유성구카페 아늑한 분위기의 Eungubi-ro 커피 로스터즈
대전 유성구호텔 라마다호텔 트윈룸 후기
충청도 여행지 아이와 가볼만한곳 '대전 신세계백화점' 대전... 
대전 국립중앙과학관 꿈아띠체험관 이렇게 이용해요
[대전 유성구] 사막의 하얀 꽃 술집 상세 후기/궁동 와인.... 
[대전광역시 유성구 전민동] ... 의령소바
[대전광역시 유성구 반석동] ... 커피사이애
[대전광역시 유성구 궁동] ... BOOK CAFE  숲속별다방
대전 유성구 칵테일바(Bar) 멜리아 분위기 넘쳤어요
"[대전 유성구] 관평동 장어, 유성 장어 - 대청장어가"
[대전광역시 유성구 관평동] ... 오늘통닭 1977 (치킨맛집... 
[대전광역시 유성구 장대동] ... 공룡참숯불치킨
대전 유성구 숙박에 대한 구체적인 후기와 감상
[대전광역시 유성구 궁동] ... Cafe Acappella 아카펠라
[대전광역시 유성구 용계동] ... coffeesmith 커피스미스
[대전광역시 유성구 용계동] ... 초록나무 북카페
[대전광역시 유성구 봉명동] ... 피자헛
"[대전 유성구] 봉명동맛집, 유성맛집 - 만년닭강정"
"빛이 가득한 유성의 야경 명소_‘한빛탑, 엑스포다리, 대전... "
[대전광역시 유성구 반석동] ... 120년전통... 
대전 성심당 dcc점 주차장 빵 추천 샌드위치 빵지순례
[대전광역시 유성구 반석동] ... 화교40년 정통중화요리... 
[대전광역시 유성구 장대동] ... 원조 신 윤정순대
[대전광역시 유성구 궁동] ... COFFEE EAT ROASTERS 잇... 
[대전광역시 유성구 장대동] ... 소머리국밥 전문
[대전광역시 유성구 봉명동] ... 24시영업 우미일식
[대전 유성구 뚜벅이여행] 여행 속 잠깐의 휴식을 즐길 수 있는... 
[대전광역시 유성구 궁동] ... 행복한커피
[대전광역시 유성구 봉명동] ... 홈플러스 푸드코트내 꽁시꽁시
"대전 여행지, 대전 시장 투어-대전중앙시장/한민시장/도마시장"
[대전광역시 유성구 노은동] ... 무봉리 토종순대국 x
[대전 유성구] 원신흥동맛집 - 7번가피자 도안신도시점
[대전광역시 유성구 궁동] ... HOLLYS COFFEE 할리스커피
[대전광역시 유성구 봉명동] ... 족발전문점 육감족
대전눈썰매장으로 대전오월드눈썰매장과 함께... 
"여권만들어요! 대전 유성구 여권사진, 구암동사진관"
[대전광역시 유성구 신성동] ... SMURFS BEAN 스머프빈
[대전광역시 유성구 궁동] ... 辛가네 매운떡볶이
[대전광역시 유성구 죽동] ... 커피공방
[대전광역시 유성구 상대동] ... 전주콩나물국밥의명가 삼백집
[대전광역시 유성구 관평동] ... 전라도 두메골
[대전광역시 유성구 어은동] ... 정통중화요리  王妃成 왕비성
"대전 핫플, 데이트 코스 야경명소 엑스포과학공원 한빛탑... "
[대전광역시 유성구 궁동] ... 중국요리전문점 燕來春 연래춘
[대전광역시 유성구 지족동] ... 삼천포 사랑도횟집
여행이좋다 :: 대전 여행지 관광지 여행정보 추천
[대전광역시 유성구 노은동] ... 60년전통 돼지집 本家순대
[대전광역시 유성구 반석동] ... 순대사랑 돼지국밥
[대전광역시 유성구 봉명동] ... 홈플러스 푸드코트내 꽁시꽁시
[대전광역시 유성구 궁동] ... 마늘닭.닭강정 전문점 교원마늘닭
국내온천 대전 유성온천 계룡스파텔 대온천탕 물 좋아요.
[대전광역시 유성구 봉산동] ... 일본식 돈가스전문점 카츠 かつ
대전지역 언택트 관광지 10선 중 두 번째 ~ 유성구 국립 대전현... 
[아울렛이야기] 대전광역시 유성구 대정동 ...... 
[대전광역시 유성구 어은동] ... 나로도횟집 내 미노라멘
대전 유성구 가볼만한곳 국화 축제(유림공원)
[대전광역시 유성구 궁동] ... Cafe 스터디베어
[대전광역시 유성구 궁동] ... Book&amp;Coffee NoNAME  노네임... 
여름 휴가철 훌쩍 떠나는 대전 언택트 여행지 추천
(대전 유성구 온천칼국수) 물총칼국수와 쭈꾸미볶음 조합으로... 
"가족과 함께 떠나는 주말 여행지, 유림공원 꽃산책 한바퀴"
[대전광역시 유성구 어은동] ... 커피볶는집 I AM COFFEE... 
[대전광역시 유성구 어은동] ... 日本式 수타우동소바전문점... 
현대프리미엄아울렛 대전 재오픈 주차 주차비 영업 시간 나이키... 
대전 놀만한곳 청정임산물 대축제 및 당일치기 여행 코스 추천
[대전광역시 유성구 지족동] ... 클럽 여행가자 TRAVEL cafe
[대전광역시 유성구 노은동] ... 왕가면옥 왕가 기계냉면 냄비짬봉
대전 유성구 호텔 오노마 그리고 조식뷔페
[대전광역시 유성구 지족동] ... 아그집 쭈꾸미볶음 전문점
대전 유성온천역 술집 철길부산집 2차로 좋네 !
[대전광역시 유성구 봉명동] .... TOM N TOMS COFFEE... 
[대전광역시 유성구 구암동] ... 왕갈비탕. 돼지갈비  양반고을... 
[대전광역시 유성구 자운동] ... 원적외선 직화구이오리바베큐... 
대전 가볼 만한 곳 유성구 명소 관평동 무료 어린이 물놀이장... 
[대전광역시 유성구 신성동] ... ANDY'S coffee&amp;brunch... 
대전 스케이트장으로... 엑스포 과학공원과 대전어린이회관 탐방
[대전광역시 유성구 궁동] ... Caffe BONITO 카페보니또... 
[대전광역시 유성구 지족동] ... 돈가스전문레스토랑... 
[대전광역시 유성구 어은동] ... 건강한맛더큰치킨 GOSOMI... 
[청주 가볼만 한곳] 대전근교여행지 충청북도에 위치한... 
대전시민천문대 :: 대전 실내데이트로도 좋고 아이와... 
대전 유성구 아구찜 아구탕 맛집 남해생아구
[포이의 여행] 아이와 겨울 가족여행지 추천지 4곳
[대전광역시 유성구 노은동] ... Mestige Chinese Cisine... 
대전 근교 여행지로 떠나는 가족 여행
[대전광역시 유성구 지족동] ... 이경규 돈치킨 (HOF 구운치킨... 
대전으로 떠난 책방 여행은 감성 가을여행지 - 대전 기차여행#3
[대전광역시 유성구 전민동]... 엑스포코아 내 지하1층... 
[대전광역시 유성구 지족동] ... 디저트&amp;커피&amp;아이스크림... 
[대전광역시 유성구 전민동] ... 엑스포코아 내 4층... 
[대전 아이와가볼만한곳] 2022 대전 무료 눈썰매장 유성구... 
탄소중립을 실천하는 우리 가족! '친환경 철도 여행지'
10월 가을 축제 여행지 대전 가볼 만한 곳 한밭수목원... 
대전유성구호텔 방역 잘 되어 있는 비즈니스 대전라마다호텔
[대전광역시 유성구 봉명동 홈플러스 유성점 푸드코트내] ...... 
"대전 자운대 목련길, 목련 가로수길, 3월 여행지"
유성온천과 함께 대전 갈만한곳으로 대전예술의전당과... 
중부권 대표 산림복지시설 국립대전숲체원과 근교 관광지
대전 여행지 추천_#신세계_#엑스포 아쿠아리움
대전 근교 드라이브 충청도 여행지 추천 논산 갈만한곳 BEST7
대전 유성구 신세계백화점
[도매시장이야기] 대전광역시 유성구 노은동 ...... 
대전 여름 여행지 엑스포과학공원 한빛탑 물빛광장 분수쇼
대전오월드 눈썰매장 이번 겨울 대전 갈만한곳으로 1월 여행지... 
[대전 유성]이비가 짬뽕 탕수육 맛집 여행지 맛집 추천
대전 유성구 방현동 청국장 맛집 양사싯골
대전 반석동 맛집 육하원칙 놀이방 있는 식당
"국내 여름 휴가 여행지 추천, 제주도 강원도 포함 베스트 5"
대전산책명소 : 유성구~서구 강변 산책로
동물과 교감하는 티놀자 애니멀 파크.. 대전 가볼만 한 곳
국제 강아지의 날에 다녀온 대전동물보호센터
국내 겨울 여행지 추천 대전 데이트 코스 유성 온유성길
"대전 여행, 5월 관광지 유림문화공원 볼거리"
대전 유성구 가볼만한곳 당일여행으로 대전 다녀왔던 이야기
"축제, 2012대한민국 온천대축제 (온천,유성온천,유성구,유성여행)"
성심당 롯데백화점대전점. 대전여행. 대전 가볼만한곳
"대전 여행지 ,관람 추천"
대전 ART마임페스티벌 2023 축제와 함께 대전오월드와... 
"대전 여행지 - 쌈지뜰, 공간태리, 봉이호떡"
"대전 도시마케팅의 발전 방향 모색, 토크 콘서트 참여 후기"
2023년 유성구 유성온천 문화축제 기본정보 소개합니다... 
"대전 고기맛집, 구성이 참 좋은 유성구 '단홍갈비' 생생후기!... "
올 겨울 연말엔 2023 유성크리스마스 축제!
[겨울여행 크리스마스여행지]2023 유성온천 크리스마스 축제... 
"퀴즈 이벤트, 투표 이벤트] 무주천마, 한국관광공사, 대전 유성구"
"대전, 충청도 겨울 여행지 추천"
국내 여행지 추천 코스모스 가득한 대전 여행 데이트 코스
국립중앙과학관 / 대전아이들과 가볼만한 곳 / 겨울여행지 추천
대전여행 : 대전 솔로몬로파크(재미있고 쉽게 법 체험하기)... 
대전 당일치기 혼자 힐링 여행 실내 가볼만한곳 5+2
대전 벚꽃 명소 둘러보는 당일치기 여행 코스
"대전 아이랑, 자연과 문화의 만남"
"대전유성구이사, 포장이사견적비교에는 이사견적앱 ::  모두이사"
유성구 상대동 젤네일 #엔젤스터치-이쁘게 여행준비끝♡
연휴 기분전환 힐링 여행지 추천 전국 100선 모음 가을 여행지
[대전 유성구 뚜벅이 여행] 국립중앙과학관 예약 없이 당일 방문... 
[대전광역시 유성구 봉명동] ... 리베라호텔 카페엘루스 x
[부모님 여행지 추천] 대전광역시 - 장태산휴양림
겨울 눈 내린 갑천 풍경 물과 눈이 어우러진 언택트 대전 여행지
대전 유성구 지족동 권인순갈비찌김치찌개(푸짐하고... 
"[대전 여행지]현대 프리미엄 아울렛, 장태산 자연휴양림| 노잼의... "
"유성구 가장 핫 한 그곳, 유림공원"
"유성구 가볼만한 곳, 아이들과 봄나들이 로봇공원 어떠세요?"
"[대전] 여행지 - 유성호텔/유성온천, 피로를 씻어주는 온천수"
추석 여행지 대전 가볼만한곳 엑스포기념관 시립미술관... 
대전 봉명동 샐러드 맛집 포케올데이 (poke all day 포케... 
대전 당일치기 코스 가볼만한곳 성심당 빵지순례 여행
다는 법 | 6월 6일 현충일 조기 게양법과 전국 현충일 여행지
대전에서 꼭 가봐야 할 여행지
대전유성구현수막 지정게시대 제작부터 관리까지 해주는 곳
[대전/유성구] 라마다바이윈덤(대전라마다호텔) 숙소 내돈내산... 
대전 단풍 명소 드라이브 코스 산책 추천 국립대전현충원 보훈... 
강남권산부인과에서 대전 유성구까지 퇴원고객님 행복한... 
아기랑 함께:: 대전 2023 유성온천 크리스마스 축제... 
대전 유성구 봉명동 이색적인 태국 음식 맛집 : 씨암타이스토리
대전여행 성심당 DCC 무조건 가세요
대전 가볼 만한 곳 가을단풍명소 국립대전현충원
"대전 유성구 산책길, 가볍게 산책하기 좋은 유성 구성동 산성"
[세계 이색여행지] 세이셸 Seychelles
온천과 산행을 동시에! 산이 있는 온천 여행지
"여름밤, 대전 여행지로 좋았던 한빛탑 음악분수와 야경 ft... "
대전가볼만한곳  가족여행지  2014  대전사이언스페스티벌... 
멋진 야경 대전여행지 '한빛탑과 대전엑스포시민광장'
"대전 가볼 만한 곳, 따듯한 햇살이 비치는 테라스가 있는... "
대전 가볼만한곳 아이와 겨울 놀거리 여행 코스
"국내 2월 여행지로 서울 찜질방과 대전 찜질방, 대구... "
[어린이날] 국립대전숲체원 어린이날 100주년 기념행사... 
[대전 여행] 대전롯데시티호텔 / C'CAFE 씨카페 후기
대전여행 엑스포 맛집 코스 추천
"&quot;청춘의 환상이 피어오르는 대전 여행지, 어디로 떠날까?&quot;"
대전 가볼만한곳 베스트10 여행지 추천
"대전여행 10월 놀거리, 볼거리 가을 꽃구경 가볼만한 유림공원... "
"대전숙소 스카이파크호텔 패밀리룸 아웃백, 쇼핑, 조식을 한번에"
[대전여행코스]대전시 유성구 여행코스!
대전 봉명동 참치 횟집 토리 코스요리에 반하다
대전여행 코스 아이랑 1박2일 관광지 놀만한곳
대전 현대프리미엄아울렛 대전 놀거리 데이트 코스
"대전 실내 데이트, 기초과학연구원 과학문화센터 과학도서관"
2023 대전 유성국화축제 기간 및 유림공원 가을 단풍 피크닉
대전 유성 온천 크리스마스 축제 기본정보 대전 데이트... 
"대전 보물찾기 여행, 독립서점 탐방 with. 대전 여행지 추천"
대전 아이와 실내 가볼만한곳 현대 프리미엄아울렛 대전... 
(대전신상맛집)_ 유성구 도룡동 가오픈 브런치카페 트웰브오
대전 가볼만한곳 가을꽃축제 유림공원 국화축제... 
대전여행# 국립중앙과학관 야외 과학놀이터 아이들이 좋아하는 곳
버라이어티한 당일치기 체험학습 @대전
대전 여행지 추천 : 과학을 찾아 떠나보세요!
[충남/대전] 대전여행 ♥호텔스카이파크 대전 1호점... 
"Re:023대전 엑스포93축제6월12일~8월27일(장소,날짜,숙박)... "
"대전 아이와 함께 가볼만한 곳 역사, 과학 공부하며 여행할 수... "
대전 봉명동 술집 데이트 하기 좋은 홍콩구락부 메뉴추천
대전 유성구축제 유성온천축제 온천수물총대첩과 코끼리열차... 
장태산자연휴양림과 함께 유성시장과 계족산으로 떠나는 대전... 
대전 엑스포 신세계 아쿠아리움 제대로 즐기는 꿀팁
[대전] 대전 실내 아이와 갈만한 여행지 추천: 국립 중앙과학관
국내 온천 여행지 추천 5곳
[대전 오월드] 대전 아이와 갈만한 곳 가을 여행지 놀이공원... 
대전 아이랑 갈만한곳 현대프리미엄아울렛 재오픈 재개장... 
"대전 여행의 좋은 길잡이가 되어줄 필수 코스, 대전... "
대전 엑스포 과학공원 한빛탑 음악분수
아이와 가볼만한곳 | 대전 유성 화폐박물관 | 겨울철 실내여행지..
대전 유성구 맛집 우니코 맛있고 분위기 좋은 곳~
대전 칼국수 축제와 함께 한밭수목원과 대전 아쿠아리움 탐방
‘유잼’도시 대전 - 대전광역시 여행
대유잼! 가을에 떠나면 더 좋은 대전 비대면 여행지 BEST5
[대전]유성구 관평동 통큰손쭈꾸미마을
국내 언택트 여행지 추천! 한빛대교 지나는 대전 근교 드라이브... 
유성 재즈맥주페스타 기본정보 8월 대전 맥주
"대전 아이들과 가볼만한 곳,수학문화관"
"[대전 당일치기] 해프닝, 카이스트, 신세계백화점, 성심당... "
대전 엑스포 아쿠아리움 [대전 유성구 엑스포로 1 대전... 
대전 근교 방동가든 방동저수지 맛집 점심 드라이브 여행코스... 
대전 도룡동 카페 애견동반 가능한 가비원 솔직 후기
2023 가을문화축제로 추천하는 국내 10월 여행지
휴일 저녁 대전콜밴타고 대전시 서구 거쳐 유성구까지 인천공항... 
[주말 가볼만한 곳 / 대전 세종 청주근교] 주말 아이들과... 
대전 가볼만한 곳 : 한밭수목원 가을산책하기 좋은 수목원... 
성심당 DCC점 - 대전에서 유명한 빵집 부추빵 고로케
성심당 딸기시루 2.3kg 케이크 먹고싶어서 떠난 대전 여행 기록
"대전과학예술비엔날레 2022, 미래도시 : 시티 프로젝트 4곳"
"전국 빵집들의 성지인 대전 빵지순례 코스. 성심당, 꾸드뱅"
"유성구 가볼 만한 곳, 낭만적인 벽화거리 새마을 동네"
[대전 유성 숙소 추천] 라마다호텔ㅣ부티크 더블룸 숙박 후기... 
"대전 실내 데이트, 대전 3대 백화점으로 떠나는 백캉스 여행!... "
"유성구 가볼 만한 곳,  대전 국립 중앙과학관 자연사관"
대전 유성구 렌트카 똑소리 나는 단기렌터카 이야기
여행지를 돌아다니다보면 지역마다 유명한 맛집을 찾는 것은... 
국립대전숲체원과 지역민의 콜라보를 통한 가치 창출...... 
전국 벚꽃 개화시기 벚꽃명소 볼수있는곳 여행지
"대전 여행 유성호텔 숙박, 대온천탕 이용후기"
대전여행 유성호텔 국내 온천여행지 호캉스 후기~
생생정보 미스터리 사진 한 컷 대한민국 대전 여행 11월9일... 
[대전렌탈스튜디오] 빌라드벨
대전 봉명동 맛집 [대전] 봉명동 - 검상골 유성점
대전 벚꽃 여행 둘레길 산책 데이트 코스 유림 공원
[대전여행] 10월 프레임에 담는 대전 여행지
10.28. 아기랑 함께::대전 유성 국화 전시회(기간 연장:~11/12)
대전 커플여행 유성온천호텔 스파타워 모텔 후기
"2022년 대전 세종 벚꽃 개화 시기 및 명소 ft, 정림동 갑천 및... "
철길따라 임장여행 _경부선편_[7]대전광역시
대전 봉명동 신상카페 :: 포토존 잔뜩 여행지 감성의 커피 인터뷰
대전 지족동 맛집 [대전] 지족동 - 도쿄트와일라잇
대전 여행지 추천 l 대전 도심에서 즐기는 푸른 자연과 숲! 대전... 
대전 유성 맛집 [대전] 봉명동 - 열린공간 순대 대패삼겹살
[주말 가볼만한 곳 / 대전 세종 청주근교] 겨울 실내... 
대전중고피아노 매입 팔기 중구 서구 유성구에서
대전가면 꼭 가봐야 할 대전 여행지 추천!
"대전 여행지 추천, 스포츠몬스터 대전신세계 실내 스포츠... "
대전 1박2일 호캉스여행 호텔 맛집 놀거리 성심당
"대전 여행지 추천, 로컬푸드파머스161 다양하고 신기한... "
대전 여행지로 좋은 코스 알아봐요(한밭수목원외 3)
대전 가을여행지2탄_국화꽃향이 가득한 유성국화전시회장
대전 가볼만한곳 실내데이트 국립중앙과학관 미래기술관 예약
아이들과 함께하면 좋을 대전 여행지! 한국항공우주연구원으로... 
대전 가을 여행지 유림공원 국화축제 유성국화전시회
유성구 맛집 태평소국밥
진정한 공주의 언택트 여행지 공주 송곡리의 속살을 돌아보는... 
"겹벚꽃 명소: 세종 영평사 겹벚꽃 철쭉 개화현황, 사찰여행지 후기"
대전 과학관 관람포인트 소개 아이와 가볼만한곳 추천
대전 갈만한곳 유림공원 유성국화전시회 국화꽃 개화 시작
대전 수제맥주&amp;뮤직페스티벌 2019 기대되는 대전 맥주축제
deux(2) / 커피인터뷰 봉명 : 대전 유성구 봉명동 카페
"[대전] 노잼의 도시? 대전 여행 코스(ft. K리그, 실내 위주 여행)"
2TV생생정보 촬영지 장사의신 강남한우곱창전골 미스터리 대전... 
대전 유성 맛집 여행 뭉탱이김밥
대전 노은동 장어 맛집 '만찬장어 노은점' :: 장어 참숯구이... 
추운 겨울에는 뜨끈한 온천 여행! 온천 여행지 추천!
대전의 다양한 여행지 5가지 서술
"'타슈' 타고 대전 나들이... 유림공원, 대전엑스포시민광장... "
대전 당일치기 여행 코스 가볼만한곳 놀곳 4곳
2023.10.14 아기랑 함께::대전 유성 TJB/MBC 앞 갑천변... 
"대전 여행코스 가볼만한곳 장태산 자연휴양림,지질박물관... "
"장태산 국립공원, 대전 여행. - 대전유성구신성동원룸"
[대전추천여행지] 갑천 호수공원
대전의 다양한 여행지 3가지 요점
공산성 주변 추천여행지 3
대전 가볼만한 곳/ 대전 문화관광/ 대전 핫플레이스/ 대전 여행... 
대전 아이와 가볼만한곳 대전 당일치기 국립중앙과학관 볼거리... 
동물을 좋아하는 아이들과 가볼만한 대전 전시관 3곳
대전보일러 교체 설치 (동구 판암동 빌라)
[대전여행/유성여행]이렇게 조용한 어린이날은 처음! 대전에서... 
대전 궁동 해외여행지 카페 느낌 ; 커피인터뷰(Coffee... 
대전 호텔 스카이파크 대전1호점 내돈내산 솔직후기 (깔끔한... 
국내여름여행지 추천 | 대전 당일치기 여행으로 힐링을... 
대전 관평동맛집 대전 카레맛집 [대전] 관평동 - 고치소사마... 
대전/유성온천역 카페 :: 폴인레미유 Fall in lemiu [애견동반... 
대전 태국음식 전문점 능두네 원신흥동 쌀국수맛집
서울근교여행지 대전 유성3대맛집 추천해요
대전보일러 교체 설치 (서구 복수동 원룸)
함양 숲속애캠핑장 (2016.05.05~07) - 대전유성구신성동원룸
찬바람 불 때 떠나기 좋은 가족 온천 여행지 추천
대전 수통골 빈계산 등산 막걸리에 파전 뿌시고 찰옥수수에... 
한빛탑전망대 엑스포공원 대전여행
대전 실내 갈만한곳 꿈돌이 만나기
"대전드립커피,블랜딩커피매니아 주목! [전광수커피하우스]... "
유성 삼겹살 맛집 [대전] 전민동 - 전미원
"[아기와 함께하는 여든여섯번째 여행 - 대전 유성 호텔], 대전... "
대전의 다양한 여행지 아이템을 순서대로 정리하여 제공하기
대전여행 아이들과 가볼 만한 곳 엑스포과학공원 한빛탑
대전 공원 명소 관광지 볼거리 한빛탑 음악분수 한빛 야시장
광복절 갈만한곳 참배 행사 둘레길 가볼만한곳 국립 대전 현충원
대전 유성온천 족욕체험장 - 이색 데이트 코스 #1
대전 갑천 코스모스 알록달록 가을 데이트 장소로 제격
"대전 유성구 렌트카 저렴한 곳 추천해요~ 장기렌트 장점, 대전... "
유성온천문화축제와 함께 다양한 대전 여행지를 알아보세요
유성 맛집 [대전] 봉명동 - 장수진곰탕
[대전]관평동맛집 - 큰손
유성구 신성동 두레아파트 블라인드 가성비좋은 대전블라인드
대전 수비드통닭 [대전] 관평동 - 인근주민 관평점
12기 사전미션] 가을 타고 싶을 때 떠나는 대전•충청 여행지!
두번째 여행지..대전 갑천 유등하천 노선
"제 8회 대전광역시 블로그 공모전 응모작,내가 만든 대전... "
대전시 숙박-유성구 봉명동에 있는 럭셔리하다는 '호텔인터시티... 
가을여행지 추천! 대한민국 100대 명품숲
"대전 유성구 단기렌터카, 지금 아니면 안알랴줌"
3월 국내여행지 추천 및 가볼만한곳
"노잼도시대전 아닌,꿀잼도시 대전홍보관 꿈돌이 굿즈 가격"
미래와 공존 대전어린이과학관 대전 아이와가볼만한곳
장태산자연휴양림이 있는 대전에서 국립중앙과학관과... 
1박 휴양 후기 | 아이들 데리고 가기 좋은 곳 | 행복한 힐링여행지
대만 타이페이 딘타이펑 딤섬 샤오롱바오 - 대전유성구신성동원룸
[대전] 관평동맛집 - 명동칼국수.샤브샤브 롯데마트테크로밸리점
대전초밥맛집 [대전] 장대동 - 스시안
원내동맛집 [대전] 원내동 - 또먹돼지
대전 예쁜카페 [대전] 봉명동 - 봉리단길
대전 반석동 맛집 [대전] 반석동 -정음
대전장거리택시 - &quot;대전에서 금산 코만도파크 운행 다녀왔어요~&quot;
대전 밀면 [대전] 봉명동 - 대손관
"[대전 유성온천] 유성호텔 대온천탕장, 가족과 다녀온 후기"
대전 대형 카페 궁동 커피 인터뷰 솔직후기
대전으로 떠나는 나를 찾는 힐링여행
대전 카페 도룡동 카페 에밀리 하우스 정원이 보이는 아담한 공간
전민동 스테이크 [대전] 전민동 - W팬스케이크
관평동해장국 [대전] 관평동 - 24시 울엄마양평해장국 관평점
유성치킨 [대전] 장대동 - 치요남 유성점
유성 맛집 [대전] 봉명동 - 봉명반점
대전 가볼만한 곳 계룡산... 족욕체험 대전으로 떠나는 나를... 
대전 도심 속 휴양지-유성구 하기숲핑장
대전광역시 &quot;수운교천단&quot; (2018.12.17)
관평동맛집 [대전] 관평동 - 보나베띠
대전 가볼만한곳 시립박물관 무료관람 신세계
전민동중국집 [대전] 전민동 - 고고짬뽕
&lt;대전 전민동 맛집&gt; 부치다 - 모듬전&amp;감자전 안주가 맛있는... 
봉명동국수 [대전]봉명동 - 아랑고기국수
[태교 여행지 추천] 아기와... 교감하는 국내 숲태교 여행지 7선
대전한정식 [대전] 봉명동 - 남도명가
가을 여행지 추천 TOP 5
[대전가족사진]믿고 맡길 수 있는 &quot;내가 찾는 사진관&quot;
대전 봉명동 술집 구주 대전신상술집!
봉명동맛집 [대전] 봉명동 - 퓨전요리 관자야
대전 한우맛집 [대전] 봉명동 - 미친등심
2023 대전 유성 국화축제 or 유림공원 가을 단풍 가볼까?
대덕테크노밸리 맛집 [대전] 관평동 - 정음 관평점
대전 엑스포 시민 광장 한빛탑 음악 분수 야시장 한빛 맥주 축제
대전 갑천 코스모스 세종 근교 가볼만한곳 주차장 팁
대전 관광 명소 아이와 가볼만한곳 소금빵 맛집 성심당 DCC점
대전 참치 맛집 대전 봉명동 술집 [대전] 봉명동 - 야참치
대전 호캉스호텔 추천 Best3 리스트 오노마호텔
대전봉명동맛집 [대전] 봉명동 - 몬스터양푼
노은동밥집 노은동점심 점심특선 [대전] 노은동 - 동신수산
대전 분식 맛집 [대전] 봉명동 - 브라더떡볶이
국화전시회와 함께 하는 대전 유성온천 문화공원! 무료... 
노은역맛집 [대전] 지족동 - 원조손칼국수
관평동 맛집 관평동 회식 [대전] 관평동 - 달콤한세상 양푼왕갈비
관평동회식장소 [대전] 관평동 - 수복전낙소
대전 봉명동 맛집 [대전] 봉명동 - 춘빈식당 24시
5월 가정의달 기념 가족여행지 추천
대전 봉명동 맛집 [대전] 봉명동 - 샤이바나 대전유성점
죽동맛집 [대전] 죽동 - 일월갈비
가기 좋은 대전 네컷사진관 「포토스트리트」 대전전민동점
여행지】용인한우떡갈비열두화덕&amp;대전명자네전집
대전 에이스침대 신세계점 고퀄리티&amp;프로모션 신혼부부이벤트
대전 유성 맛집 [대전] 관평동 - 예가
대전 도안 맛집 [대전] 원신흥동 - 알찬동태
노은동삼겹살 [대전] 지족동 - 수인이조가
봉산동 밥집 [대전] 봉산동 - 박장군부대찌개오삼철판
송강동맛집 [대전] 봉산동 - 임해순아구찜감자탕
대전 피자 맛집 [대전] 봉명동 - 피자온
"대전 여행 추천-장태산자연휴양림(대전여행1위, 메타세콰이어숲)"
대전 청국장맛집 관평동맛집 [대전] 관평동 - 청정콩
대전양념갈비 관평동맛집 [대전] 관평동 - 유성갈비 관평직영점
"2박3일 국내여행 여행지추천(당진, 대전, 공주)"
유성온천 맛집 [대전]봉명동 - 전주집
"[대전 맛집] 특양구이, 양대창, 소갈비 전문점 연타발 대전유성점"
대전 궁동 치킨 [대전] 궁동 - 컬투치킨 충남대점
대전 여행코스 KTX타고 다녀온 박물관 투어
[대전여행] 엄마랑 뚜벅이 1박 2일 여행(5) : 유성 족욕체험장... 
유성온천역맛집 [대전] 봉명동 - 오모리찌개.옛날손짜장
전민동맛집 [대전] 전민동 - 오가네대구왕뽈떼기 전민점
유성 궁동맛집 [대전] 궁동 - 황찜닭
대전의 관광명소가 무장애여행 안내서로 발간되기까지(의 그 2년)
대전 봉명동 회식장소 [대전] 봉명동 - 오징어아재
반석동족발 [대전]반석동 - 성화왕족발
대전 죽동 파스타 [대전] 죽동 - 628파스타
오키나와 자유여행 - 어느 멋진날 걸스데이 (1~2) - 대전유성구... 
[대전여행 D+1] 우당탕탕 그자체였던 대전여행... 
대전 봉명동 맛집 [대전] 봉명동 - 히메노라멘
대전 가볼만한곳 갑천 황하코스모스
대전 고기맛집 [대전] 관평동 - 국제육가 관평점
대전 지족동 맛집 [대전] 지족동 - 스시웨이 대전반석점
관평동우동 관평동오뎅바 [대전] 관평동 - 우마이야 우동... 
대전유성곰탕 [대전] 송강동 - 유가네한우곰탕 관평송강점 24시
대전신성동맛집 [대전] 신성동 - 김판순김치찌개 신성직영점
"[대전 관평동 / 느루인]대덕테크노벨리 맛집, 파스타맛집"
유성온천역 맛집 [대전] 봉명동 - 만나식당 유성점
유성 장어 [대전] 구암동 - 유성풍천장어
대전 봉명동 맛집 [대전] 봉명동 - 개성집
대전 대게 [대전] 관평동 - 대게본가
대전중식당 관평동중국집 [대전] 용산동 - 리원 중화요리
유성 반석동 맛집 [대전] 노은동 - 대박감자탕파전
대전 겨울 명소 여행코스 가볼만한곳 상소동 산림욕장 외 4곳
대전디저트카페 [대전] 지족동 - 알리바바카페 노은점
대전 분위기 좋은 레스토랑 [대전] 봉명동 - 라쿠시나에비노
[SITF] 서울국제관광박람회: 제일 좋았던 국내 여행지 _ 대전
[제7회 대전광역시 블로그공모전 우수상] 365일 과학으로... 
"관평동맛집, 관평동곱창 [대전] 관평동 - 곱창역"
대전 가볼 만한 곳 나들이 코스 유림공원 유성국화전시회
130220~21 대전 인터시티호텔
5월 추천여행지 _대전 장동삼림욕장
대전 봉명동 태국음식 맛집 유성태국음식 내돈내산 솔직후기... 
대전 갈만한곳 5곳 모음 근교 포함 가볼만한 곳 추천 리스트
대전 유성 인천공항 홈픽업 장거리 대형택시 가족여행
대전 전민동 보쌈 맛집 [대전] 전민동 - 봉시칼국수
대전 아이들과 갈만한곳 교통문화연수원
대전 유성구 구암동 디테일링샵 바겐슈펜입니다.  레인지로버... 
대전 관평동맛집 [대전] 관평동 - 인디 테크노밸리점
대전 본식스냅 라벨르스냅(labelle) 계약 후기(라포르테... 
"[충북 영동] 대전 근교 당일치기 여행: 월류봉, 반야사,천덕송어"
*추천 !! 대전 유성구 호텔  호텔아드리아 *
대전 관평동 맛집 [대전] 관평동 - 밥하는여자 밥순이
대전 취미 미술 : 어반스케치 꿀잼 ! @ 센트웨어
대전청년주간 2023 대한민국 청년을 위해 펼쳐지는 9월 축제
노잼도시 대전?가정의 달 놀러가기 좋은 대전 국립중앙과학관... 
느티나무/파평윤씨고택/괴곡동보호수/대전맛집/유성구맛집... 
"관평동맛집, 관평동갈비 [대전] 관평동 - 원가네"
"대전 유성구, 관광정보 한눈에...홈페이지 전면개편"
관평동 돈까스 수변공원 맛집 [대전] 관평동 - 홍익돈까스 관평점
"대전 태국음식 맛집, '능두네 타이레스토랑'에서 소고기 쌀국수... "
"맛있는치킨 추천, 대전치킨, 유성구치킨, 치킨프랜차이즈"
대전 서구힐링 아트페스티벌 2023 도심에서 펼쳐지는 빛과... 
대전 가볼만한곳 수통골 ~ 족욕체험장 까지 5곳
대전 유성온천역 양대창 맛집/ 연타발 대전유성점
대전 경치 내려다보면서 실내 데이트하기 좋은 한빛탑
"아이들과 가볼만한 곳, 대전 국립중앙과학관 후기"
대전야경명소 유성구 엑스포다리 감성조명 취저
[대전 유성구 관평동 / 솔밭묵집] 운동 모티베이션을 주는... 
대전 유성온천역 고기 맛집 : 연타발 대전유성점
대전 가볼만한 곳 화폐 박물관
"[대전여행] 대전 엑스포공원, 대전 스타벅스 대전 엑스포... "
[대전복용승마장]특권층의... 국민스포츠로 대전 승마 문화의... 
대전여행지추천 여행코스 짤 때 도움되는 포스팅
대전맛집 노은동 찐 단골맛집 &quot;망향비빔국수&quot;
대전여행 1박2일 / 1일차 : 비오는 날 가볼만한 곳 (오씨칼국수... 
5월에 가볼 만한 베스트 여행지
대전 아이와 가볼만한 곳 국립중앙과학관 주차 입장료 천체관... 
"[세월호 5주기 - 추모] 대전 유성구, ‘관광특구 활성화 지원... "
"요론섬 여행 정보 모음 - 여행지, 관광명소 요약 - 대전유성구신... "
대전 신세계 아쿠아리움 할인 받는 법 BEST 03 (+ 공연 정보 )
"유성구 축제, 11월 5일까지 연장된 국화전시회"
대전 아이와 가볼만한곳 겨울 핫플 대전 찜질방 여행 유성온천
대전 가볼만한곳 베스트 10 여행지 추천 :: 로띠스마
대전여행 맛집코스추천 &amp; 힐링여행지 코스디자인
[대전 노은동] TV나오기 전에 다녀오자! 백쌤 다녀간 동네 분식... 
대전 속눈썹 연장 메리엔제이 여기가 제일 잘해요 제 애정 단골집!
[대전 반석동 신상카페] '순분정' 동양적 감성이 있는 카페
잡내없이 쫄깃함을 제대로 느낄수있는 대전 유성 맛집 연타발
대전 도룡동 고기 고반식당 저녁 식사 예약 필수 맛집
"나홀로 대전, 무박 2일 여행"
두 달간 실종…현지경찰 수사 &amp; 일본 이어 떠오르는 여행지…
무주 단풍 / 2017년 무주구천동 단풍놀이 - 대전유성구신성동원룸
[대전 신성동] 비오는 날 뜨끈한 보양식 맛집 &quot;원조설악추어탕&quot;
"서울에서 대전가는법 (대전꿈돌이,성심당,대전오월드... "
도룡동쌀국수 맛집 포레스트오늘숲 : 대전베트남요리
대전 유성 맛집 레알루 칭찬각!
"대전 여행지 아이와 1박2일, 주말 대전 여행 코스"
대전 궁동 커피인터뷰 야외에서 즐기는 여유
메타세콰이어가 아름다운 대전 가볼만한곳 여행코스... 
191220 대전시 유성구 자우리호텔 도안신도시점
대전 시내 먹거리 핫플 전국3대 빵집 크리스마스 트리... 
[대전의 밤] 화려한 야경. 밤이 멋진 곳...대전.
세종 펜션 디엠제트 DMZ 풀빌라
"[대전왁싱, 반영구, 속눈썹펌 잘하는 곳/ 뷰티토탈아카데미샵]... "
대전당일치기 &amp; 대전나들이코스! _ 리아쌤의 대전여행지이야기!
당일치기로 다녀올 수 있는 국내여행지 추천 BEST 5
대전시민천문대 시낭송회 (with 하프 연주) 다녀온 후기
대전관광호텔이 추천하는 대전여행지 :D
대전 장어포장 노은동 만찬장어 좋아요
대전 찜질방 데이트 추천 당일치기 아이랑 대전 유성온천... 
[대전] 여행 Re 023 대전 엑스포93 한빛탑 물빛광장 맥주축제
꽃지해수욕장 펜션여행 2016.06.04 - 대전유성구신성동원룸
[대전여행]: &quot;족욕체험장(Foot Spa)&quot;_발끝부터 힐링하기
11월 여행지 추천 어딜 가야 좋을까~
언택트 관광지 100선! 올 여름 주목해야할 여행지!
대전 우동 대전 송강동 맛집 [대전] 관평동 - 고치소사마 관평점
"코너스톤h :: 대전 도룡동 카페추천! 크림브륄레, 호리구치커피... "
"유성구 전자책 - 당신에게, 제주"
"가을에 가고싶은 여행지, 대전의 한밭수목원. 엑스포교와 한빛탑"
대전 화폐박물관 아이 돈공부 첫걸음 무료입장 : )... 
대전백숙맛집 구암약선오리에서 옻닭먹고 몸보신
대전 카페 추천 궁동 에이트 디저트 맛있고 분위기 좋아서 재방문
"[대전, 세종, 청양] 아이들과 즐거운 2박 3일 겨울여행 &quot;세종... "
가을 휴가 ep.5 대전 봉명동 맛집 추천 [ 애월장흥한우 ]
봉명동 맛집 대전 고기집 시내 핫플 먹거리 진짜무쇠삼겹 대전... 
[김지은]대전지하철여행추천지(월평역/중구청역/대동역)
우암 사적공원 - 대전시 동구 가양동 대전유적지
[대전 여행] 대전 국립중앙과학관에서 보낸 어른이들의... 
대전 계룡스파텔 유성온천 사우나_계룡마트
[겨울여행지추천] 12월 추천 국내숙박 BEST6! 특가로... 
대전 가볼만한곳 베스트10 참고
대전맛집-연타발
대전현대아울렛맛집 대전 데이트코스로 좋은 마제소바 킨토토
유성온천역 맛집 [대전] 봉명동 - 스시로와 무제한 회전초밥... 
"대전관광지 소개, 무장애여행"
대전 근교의 드라이브 코스는 매우 다양하고 아름다운 경치를... 
"[현장 쏙] 도시혁신, 우리동네를 찾아서 ② 대전 유성구 ‘마을... "
대전 호텔 스카이파크 1호점 숙박후기
"서대전역]배낭메고 떠나는 충청도, 내일로 3일 기차 여행_대전"
대전 봉명동 중국집 짬뽕 불맛나는 푸짐한 찐맛집 : 보배반점
대전 동구 중구 서구 유성구 대덕구... 
[대전 유성맛집] 갈비&amp;특양 화로구이 전문점 연타발 대전유성점
축제 여행 지도: 전국 축제... 알려드립니다! 국내 여행지 추천
특양구이와 대창구이의 진수를 맛보다! 연타발 대전유성점
"대전 네일아트 추천, 네일디"
대한민국 숨겨진 여행지 100을 보면서 - 2
"[TRAVEL MODA] 한국관광공사 선정 8월 추천 여행지, 대전... "
[대전 베이커리] 성심당 DCC점 :: 대전 명물 튀김소보로와... 
영화 안경 - 오키나와 요론섬의 추억 - 대전유성구신성동원룸
프랑스 명품서적 브랜드 애술린(ASSOULINE) 대전 도룡점
대전 아이와 가볼만한곳 한빛탑 음악분수 물놀이와 미디어... 
대전 충남대 맛집 [대전] 궁동 - 청년다방 궁동점
대전 과일도시락 간편한끼 마음에 들어
"[대전] 스타벅스 반석역점 방문기, 프리퀀시의 계절이 돌아왔다"
"다가오는 봄, 대전 여행지 베스트 소개해드릴게요."
대전 유성으로 떠난 팸투어 1일차..
[마이리얼트립이 추천하는 가족여행 코스] '대전'
대전 소품샵 잠시다락 궁동 본점 방문 후기
"[대전] 추석연휴 성심당 l 성심당, 케익부띠끄, 시민칼국수... "
11월 축제일정 행사정보 180곳 모음 11월에 가볼만한여행지
"달맞이 마실, 어디로 갈까? 정월대보름 달맞이 여행지 추천!"
최초로 개방되는 대덕특구 출연연! 어서와~ 출연연은 처음이지?
대전 맛집 베스트 10 [대전]관평동 - 일미리금계찜닭 대전관평점
23년 7월 전국 축제 행사 일정 여행지 가볼만한곳 추천
대전 가볼만한곳 아이랑 대전 시립박물관
대전 도룡동 카레 카리코 북해도스프카레 맛은 아님
"대전] 엑스포 과학공원, 한빛탑, 음악분수 - Re:023 대전... "
전국 고속버스터미널 시간표 정보 알아보기
"가정의 달을 맞이하여 추천하는 여행지,과학관 추천"
대전 가볼만한곳 유림공원 국화전시회 피크닉 나들이 가을 축제... 
대전 갈만한 곳 / 도심 속 힐링공간  &quot;유림공원&quot;
대전 핫플! 도시자연공간 ! 공간태리
"45+ 모임 앱 오이의 서울, 경기, 대전, 광주, 부산, 울산... "
대전 연타발 유성점
[음악회이야기] KBS열린음악회 대전녹화... 
[대전 상대동] 제주도 못 갈 때는 올레국수
대전 나들이 모음 시립미술관 장태산휴양림 갈비집까지
대전 봉명동 태국음식 똠양꿍 쌀국수 맛집 더푸켓
대전 원신흥동 맛집 해물 손칼국수 푸짐해!
대전 여행의 시작! 대전종합관광안내소
대전 여행 중 성심당 말고 다른 곳이 궁금하다면? [대전렌트카]
20위 축제가볼만한곳 축제행사정보 축제행사 여름 여행지
"[대전 서구 도마1동] 금성육가공 - 오겹살, 목살, 가브리살"
대전 여행지 가볼만한 대전 여행지
사계절의 대전 여행코스 즐기는 법
대전광역시 유성구 - 대전지하철 ( 정부청사역 ~ 유성온천역 )
실패없는 데이트코스 동학사맛집 커피인터뷰/이뭐꼬
대전관평동맛집 [대전] 관평동 - 엉클부대찌개 테크노점
그리스 자유여행 - (2) 메테오라 공중 수도원 - 대전유성구신성... 
대전 국립 중앙 과학관 실내 데이트 아이랑 가볼만 한 곳... 
"[대전, 세종, 청양] 아이들과 즐거운 2박 3일 겨울여행 &quot;세종... "
대전 봉명동술집 홍콩구락부 봉명점 홍콩 여행 온 듯 룸과... 
대전 유성 고기국수 맛집 '올래국수'
(1) 아테네 신타그마광장 / 제우스신전 - 대전유성구신성동원룸
2박3일 대전여행~~10월은 여행하기 좋은 달~~~~
대전 여행 코스 볼거리 대청호 오백리길 국립중앙과학관 갈만한곳
대전 가볼만한곳 - 자운대 에서 힐링
"[문화추천] 디지털로 만나는 자연의 싱그러움, 언제, 어디서나... "
대전 가볼만한곳 엑스포다리 대전 야경 명소
대전 단풍 어디로 갈래? 유성구부터 대덕까지 단풍 명소 3곳을... 
[대전/노은동] 노은동에 위치한 야외 꼼장어 음식점 &quot; 부산... 
"대전 가족 여행 숙소, 대전 호텔스카이파크, 대전현대아울렛 호텔"
대전 맛집 도룡동 랑골로 생면 파스타에 이탈리아 쌀로 만든... 
대전유성구은구비 피크닉 장소로 좋아요 (캠핑 장비 준비 필수)
"[산행이야기] 대전광역시 지족산(216m) - 불암사, 노은사, 왕바위"
즐거운 여행 [대전방문미술/대전도안미술/유성구미술/서구미술... 
올리브가든 브런치카페-유성구 죽동카페거리
"문화 힐링도 즐기고, 예쁜 선물도 득템하고, '스탬프 찾아... "
[ 대전 방동저수지 맛집 카페 오늘제빵소 ]
유성구 반야
전국 2023년 8월 축제 국내여행 가볼만한곳 리스트 10... 
대전 수통골 맛집 수통골중화요리 청
대전 미술전시 갤러리숨 이선영 개인전 다녀왔어요
[대전 죽동 / 카페 희스밀] 차를 주문하면 과일을 주는 카페
[대전여행지] 사이언스 팡팡~!!재미있고 신기한게 여기에 다... 
[대전] 관평동맛집 - 24시 송가네해장국
대전 근교 가볼만한곳 방동저수지와 성북동으로 황금빛... 
"[산행이야기] 대전 둘레산길 10구간 ... 수통골버스종점, 빈계산... "
여름 국내 여행지 추천 국립공원 스탬프투어 프로그램 도전!
대전 가볼만한곳 이색 데이트 당일치기 아이와 갈만한곳 대전... 
"[대전 유성] 롯데시티호텔 대전, 끝내주는 야경에 홀딱반한... "
벚꽃이 활짝 피었네요. 벚꽃명소는?
대전 당일치기 여행 가볼만한곳 추천 LIST
[대전 신세계 르프리크]
대전 치킨맛집 [대전] 봉명동 - 수비드마켓
자동차 전국일주 여행지 베스트 20 with 쉐보레 트레일블레이저
대전 관광 여행 코스 볼거리 관광지 유성 5일장 전통시장
[산림복지여행] 여름 국내가족여행은 국립대전숲체원으로!
대전 가볼만한곳 베스트10 장소
반석동 가정식 겸스키친 가성비 좋은 대전맛집
"대전 먹거리 가볼만한 곳 추천(두부두루치기, 성심당 튀소... "
"생일 맞이 행복한 휴가 , 첫번째 스토리  ·͜· 대전 유성 맛집... "
"[대전] *동죽이네 * 맛, 가격, 양 모두 대만족 강추!"
"[대전] 피제리아 다알리 (pizzeria da ALI), 수요미식회 맛집"
"대전 유성 청양 농부 밥상, 신선한 국내 맛집 힐링 여행"
대전 이팝나무 명소 연구단지종합운동장
[대전 &amp; 일상일기] 유성 산책하기 좋은 BEST 3곳
"특별한 여행 , 네번째 이야기 ♥️ 대전 봉명동 맛집 추천... "
대전 돈까스 맛집 [대전] 관평동 윤식당
대전 이색 데이트코스 사진찍기좋은곳 무료 스튜디오 라비스
가고 싶은 '대전 여행지'
관평동중화요리 [대전] 관평동 - 동방불패
대전광역시 유성구 대전엑스포과학공원 공원 - 달콤한여행
"대전 여행, 예쁜 국화가 가득한 국화전시회"
"즐거운 힐링 여행 , 다섯번째 스토리 ·͜· 대전 유성 맛집 추천... "
대전1톤트럭일자리 지입차 자격조건 오늘도 조기퇴근... 
유성 고속버스터미널 시간표 요금 편의시설 정리
대전 한밭수목원 &amp; 현대프리미엄아울렛 ( 꿀잼도시대전 )
"언니와 함께하는 여행 , 두번째 이야기 ·͜· 대전 유성 맛집... "
신성동맛집 [대전] 신성동 - 미스터닭찜 대전신성점
[대전_원신흥동] 바리스타가 직접 내려주는 드립커피☕ &lt;마일드... 
힐링 휴가 ep.6 대전 맛집 추천 ·͜· [ 뜨랑한우 노은본점 ]
대전 가볼만한곳 어릴적 추억있는 곳에서...(feat.... 
"유성구, 누구나 오고 싶은 온천관광도시 조성"
[대전] 장거리 커플 1박2일 데이트 코스 (스크롤 주의)
테마여행 10선 9권역 여백의 미 대전 여행 코스
대전죽동 브런치 다온by모루 :: 분위기 좋은 죽동데이트맛집... 
대전 가볼만한곳 5만원으로 1박2일 힐링했던 대전 대청호... 
관평동돈까스 [대전] 관평동 - 파밍하우스 돈까스&amp;샐러드바... 
"신나는 힐링 휴가 , 세번째 스토리 :) 대전 유성 맛집 추천... "
대전 회식장소 [대전] 송강동 - 본가장수촌 송강점
대전 신세계 백화점 엑스포 아쿠아리움 주말에 뭐하지
"대전 유성 초대형카페, 궁동 에이트 aight"
관평동 맛집 유성 맛집 [대전] 관평동 - 화포식당 관평점
대전 유성 관평동 구즉묵마을 산골묵집
대전 지질박물관 - 대전여행지추천  합니다.
[대전맛집/궁동맛집]순정닭발 궁동본점::궁동 매콤한 국물닭발집
"[대전여행] 3~4월 대전 벚꽃여행, 엄선한 벚꽃 명소"
국화향기 가득한 대전 도심 속 힐링 여행지 유림공원
상대동맛집 [대전] 상대동 - 해풍
롯데렌터카가 준비한 겨울 온천 여행지 BEST5와 둘러보면... 
즐거운 여행 세번째 이야기 :) 대전 유성 맛집 추천 [ 황우마을 ]
"( Tilla See Q ), 모토부 여행 코스 - 대전유성구신성동원룸"
대전캠핑 은구비공원에서 가족들과 함께
대전 유성 돈가스 맛집 정진:돈 내돈내산 먹방 후기
2015 벚꽃축제ㆍ봄여행지추천ㆍ대전나들이
"대전여행- 사일(士逸) 김반,충정(忠正) 김익겸의 묘"
대전 엑스포에서 뒤늦은... 푸드트럭 후기를 곁들인 대전여행 후기
"대전 여행 2박 3일 : 부산에서... 계룡온천, 대전시민천문대"
계룡산 국립공원 대전 등산 코스 수통골 계곡 등산(ft. 먹거리... 
[포이톡톡] 6월 국내 여행지 추천! 걷기 좋은 산책길 코스
대전 오월드 눈썰매장 방문과 함께 대전 유성호텔과 대전... 
대전 충남지역의 여행지가 너무많아  몇곳을 찾았습니다.
대전 금계국 명소 엑스포과학공원 엑스포다리
[대전 중구] 대전 김치찌개맛집 - 김판순김치찌개
"언택트 관광지 100선, 지금 가기 딱 좋은 여행지들 공개!"
대전여행코스 현충원
대전 미술교육ㅣ학부모 일일수업ㅣ스쿨맘 클래스ㅣ5월... 
대전 가볼만한곳 6 당일치기 갈만한곳
관평동맛집 대전 오리고기 [대전] 관평동 - 구판장
[지역N문화 테마여행] 대전 동구 여행코스 :: 개성만점 대전... 
가볼만한곳 국립 대전 현충원 단풍 절정시기 국내 가을 여행지... 
관평동 맛집 대전멕시코식당 [대전] 관평동 - 라카시타
대전 국립중앙과학관 입장료 예약 주차 아이와 함께 관람후기
"[저널디]26일, 여름이라 더 좋은 7월 문화가 있는 날 대전세종... "
대전 여행 | 대전 라마다 호텔 부티크 더블 시티뷰에서 성심당... 
[대전여행] 대전 여행 사전준비
대전 맛집 베스트10 정리
유성구레스토랑 챠오프라야 내입맛에도 좋아요
[대회이야기] 2012대전세계조리사대회
대전 관평동 맛집 대전회식장소 [대전] 관평동... 
대전 브런치 맛집 당일치기 데이트 코스 프레시오네
대전 생일케이크 대전빵집 [대전] 궁동 - 홋카이도케이크
여행어플 추천 * 대한민국 여행지 앱로 찾아본 대전 여행지들 :)
관평동 생선구이 [대전] 관평동 - 올래밥상 관평점
대전죽동브런치카페 • 오슬로의시간 예쁜정원에서... 
[산행이야기] 대전 둘레산길 7구간(1) ... 봉산동버스종점... 
대전 가볼만한곳 베스트 10곳 추천
"[대전 원내동] 진잠 진한 약녹두 찰밥, 인삼막걸리는 서비스!... "
대전 뚜벅이 여행 코스 : 누가 대전 노잼도시라고 했나!... 
"가을국화축제, 대전유성국화전시회와 유성 가볼만한 곳~"
대전 가볼만한곳 여행의 재미를 제대로 느낄수 있는 야외... 
대전여행 국립 중앙과학관 과학여행
5월 가볼만한곳 국내 5월여행지는?
[대전 전민동 / 스시안] 깔끔한 초밥 두툼한 사시미
대전관평동맛집 데이트하기 좋은 99타이레스토랑
대전 한밭수목원 / 대전시립미술관  (주차장 위치)나들이... 
"6시내고향 대전 묵밥, 돼지석쇠구이, 바지락두부두루치기... "
"[산행이야기] 대전 둘레산길 8구간(2) ... 매화봉, 갑하산... "
대전관평동맛집 관평동회식장소 [대전] 관평동 - 한근에한근더... 
[대전 도룡동] 코너스톤 H cornerstone H / 상위 3% 일본 커피... 
[대전] 전국 최초의 일반인이 이용 가능 천문대 - 과학도시 대전... 
아이와 함께 가는 대전여행지 추천 한국조폐공사 화폐박물관
"대전 야경 명소, 엑스포 다리에서 대전 한빛탑 밤 산책! 대전... "
[공원이야기] 대전광역시 유림공원
"[대전 1박2일여행] 엑스포공원 스케이트장, 태평소국밥... "
"대전 여행, 금강로하스... 대전 출사지 추천 금강자전거길"
[호텔 ICC] - 스탠다드 트윈룸
"대전 당일치기(시민칼국수... 에이트, 대전신세계백화점... "
온천·첨단과학의 도시 대전시 유성구를 여행하다.....프롤로그
"아메리칸빌리지, 킨빠킨빠, Roco inn 호텔 - 대전유성구신성동원룸"
대전여행 유성온천공원 족욕체험장
단풍 구경하러 떠나는 충남 뚜벅이여행 - 3(충청남도 블로그... 
대전유성국화축제
[대전여행] 대전 가볼만한 곳 추천 : 온기/대전국립현충원... 
대전 유성 초밥먹고 봉명동 야외카페 커피인터뷰 예쁨~
SRTmagazine Vol 46 트래블 버킷리스트 _ 대전
Dog's hotel&amp;shop 대전애견호텔 걱정없어요!
사람들이 많지 않아서 조용한 휴식을 취할수 있는 성북동산림욕장
대전 가볼만한곳 유림공원 국화축제 기간 주차장
대전 삼겹살 맛집/관평동 삼겹살/고기명작에 다녀왔어요
출장 전문가의 예산 명소 10곳 추천! [대전방문재활]
라마다 바이 윈덤 대전 호텔 : 부티크 더블 숙박 및 조식 호캉스... 
한국관광공사 5월 가정의달 추천 가볼만한 곳
부천온천으로 스카이랜드사우나와 함께 부천 가볼만한곳으로... 
대전 가볼만한곳 신세계백화점 신세계 엑스포 아쿠아리움
"대전 여행, 유성온천 호텔 인터시티 트윈룸 2박 후기"
오랜 역사와 계획도시의 조화! 대전여행지 7선
대전 월평동 1.5룸 완전 리모델링 풀옵션 월평역 인근
&lt;제7회 대전광역시 블로그 공모전 응모작&gt; 대전 대덕특구... 
[산행이야기] 대전 둘레산길 8구간(1) ... 안산동버스종점... 
반려동물과 함께하는 대전무역전시관 대전펫쇼
대전 가볼만한곳 관광지 명소 볼거리 공식 대전관광 먼저보슈
똑딱이네 여행육아 : 대전 유성 카페 오스트리아빈
"바다라고 생각하고 싶은, 갑갑함을 달래줄 드라이브스루... "
대전 엑스포 아쿠아리움 할인 아기랑 갈만한곳
경기도 이천 갈만한곳 시몬스테라스 실내 데이트 추천
즐거웠던 대전 유성 관광 팸투어
2TV생생정보 11월 9일 가게 정보 l 장사의 신 한우곱창전골
설 연휴에 가볼 만한 여행지 추천! 서울에서 부산까지 구석구석... 
대전 가볼만한곳 BEST 5 /    대전 여행(최신)
임재만 유성구 편집위원 인터뷰-미디어대전
"대전 교촌동에서 분식이 땡긴다면, 교촌김밥에서 깔끔하게... "
#대전카페추천 #대전카페총정리☕
삼계탕축제 신안 천사섬분재공원 꽃축제 홍도 7월국내여행지추천
가볼만한 곳 여행지모음 축제문화행사(전국 11월)
"3·1운동 100주년 기념 - 대전, 대구, 부산 역사여행"
[대전/연타발] 양대창 맛집이 갈비까지 맛있으면 되냐구
이만기동네한바퀴방송촬영지-대전원도심시티투어48년오징어... 
대전 맞춤정장 &lt;루쏘소&gt; 후기
2014년 5월의 황금연휴는 국내 추천 여행지로 떠나자!
대전 유성 카페 &quot;커피 인터뷰&quot; 여행 온 거 같아요
스토리 ·͜· 대전 소고기 맛집 추천 [ 청송한우타운 대전유성... 
"날씨, 피로와 스트레스 풀기 딱 좋은 국내 온천 여행지 추천 ♨"
주말엔 여기 어때?? [삽교호 함상공원]
대전 봉명동 랑데자뷰 대전봉명점 제주도 느낌 카페
"대한민국 문화예술 1번지는 서울, 청정 해변은 '여기'가 최고!"
대전 수통골 맛집/ 몸보신하기 좋은 곳 #수통골능이버섯백숙
대전 신세계 호텔 오노마 스위트룸_5성급 호캉스 다녀온 후기... 
대전여행과 대전호텔 굿모닝 레지던스 호텔 휴
"대전 가볼만한곳, 만인산자연휴양림 11월 국내 여행지 추천"
"대전결혼식, 미리 대전라마다호텔에서 호캉스"
"[산행이야기] 대전 둘레산길 7구간(2) ... 용바위고개, 연화봉... "
갑천과 대덕대교 - 대전여행기
"대전위스키바 봉명동 오드비, 아늑한 분위기에서 혼술하기... "
반석동 맛집 [대전] 지족동 - 만년닭강정 노은점
"가볼만한 곳 ,  이색데이트 코스 추천,국내여행지추천"
"대전여행 호텔 아드리아 유성관광홍보설명회 한밭수목원, 세동... "
스타벅스 대전엑스포스카이점 38층 파노라마 전망대
대전에서 벚꽃장소로 유명한 20곳
[산행이야기] 대전광역시 지족산(216m) -  왕가봉 약수터... 
"집안에서 즐기는 방구석 과학여행, 대전 국립중앙과학관"
대전 신세계백화점 3월 웨딩박람회/결혼박람회 웨딩플래너... 
대전 도안 브런치 뷔페 추천 - 호텔 조식 느낌 비하우스(B.haus)
"대전 엑스포 달밤소풍 :: 음악분수, 물빛광장, 한빛탑... "
"아쿠아플라넷 일산, 대전 엑스포 아쿠아리움 [여행지추천]"
행복했던 대전 여행 ت 대전 맛집 추천 [ 청송한우타운 ]
"다 같이 돌자, 대전 한 바퀴! 국립대전숲체원과 1박2일 대전 여행"
[만월한옥] 대전 호텔 추천 | 대전 유성 호텔 추천 (feat.... 
대전 태권도/용인대 승리 태권도
[대전과학문화길] 대전 시민 천문대
