"여행지 추천 | 부산광역시 (해운대구,수영구,부산진구,동구)"
여행지 추천 :: 중부산권_기타(금정구/동래구/연제구/부산진구... 
자전거 여행지 추천 - 부산진구
부산 부산진] 부산진구 산복도로 쌈마이웨이 촬영명소: 범일동... 
부산진구 가볼만한 여행지 쌈마이웨이 촬영지 :: 호천마을
"부산 토박이가 본 부산진구 초읍, 연지동 정리"
[부산진구/양정동 미용실] 머리 잘 하는 부산시청역미용실... 
[도로명 따라 부산여행] 부산진구 시민공원로부터 가야대로까지!
아이랑 함께하기 좋은 부산 여행지 추천!
부산여행!(+이벤트) #김해공항 #김해국제공항 #부산여행지
[부산/부산진구] 디델리라볶기 라볶기 부산디델리... 
내가 제일 가고 싶은 여행지는 : 부산에서 하는 일본 여행 (일본... 
"부산진구로 떠나는 코로나 안심 여행지, 호천마을과 성지곡수원지"
부산 당일치기 여행지 부전시장 먹거리 서면 가볼만한곳
[부산] 부산 야경 명소 추천 “호천마을” | 부산진구 야경 명소
mz 세대 픽! 오늘의 단양 여행지는?
인기 여행지 부산 '피란수도 부산의 유산' 9곳 세계유산... 
부산상가매매  부산진구  전포동  전포사잇길/올근생 꼬마빌딩... 
부산 핫플 서면 실내 데이트 가볼만한곳 먹거리 부산 빵집... 
11월 국내 가을 여행지 추천 부산 시민공원 단풍 잔디광장... 
부산 단풍 명소 화명수목원 범어사 부산시민공원
[부산진구관광홍보서포터즈] 부산 안심여행지 10선 | 부산진구... 
[부산/ 부산진구] 전포역 근처 분위기 좋은 필터커피 맛집... 
부산 여행지 추천 l 부산에서 공항부터 세계여행까지!... 
국내여행지 추천 부산야경명소 황령산 봉수대전망대
빠질 수 없는 부산여름여행지
[부산여행: 부산진구]삼정더파크동물원(구부산어린이대공원)... 
부산점보택시 오늘의 부산 추천 여행지 초읍 어린이공원
내가 보려고 만든 부산 무료 여행지 TOP 5
부산 여행지 ' 호천 마을 ' 쌈 마이웨이 촬영지 180계단 들려... 
5월 국내여행지 부산편 부처님오신날 더 이쁜
봄여행지-부산이기대해안산책... 부산비누공방.부산진구비누공... 
부산 부산진구 특화 거리 리뷰 ① - 전포카페거리
부산 부산진구 삼정더파크
[부산/부산진구] 전포역 근처에서 꼭 먹고 와야 하는 이재모... 
[부산/부산진구] 서면 실내데이트 추천 요시고 사진전 '따뜻한... 
l 부산원아시아페스티벌 개최 기념! 스타가 다녀간 부산 여행지 4
부산대형택시 오늘의 부산 추천 여행지 부산시민공원
부산 여행 코스 l 부산 안심 여행지#5 야경으로 즐기는 부산... 
"부산 여행지 추천 l 붉은 꽃들의 향연, 아름다운 배롱나무를 볼... "
부산여행지 추천 서면 소고기 전포동 소고기 맛집 꽃살집
부산 여행 코스 / 부산 여행 일정 여행지 추천 / 부산 가볼 만한 곳
부산 이색 여행지 추천 l 부산에서 특별한 추억 쌓는 방법... 
[부산/부산진구]대만족하고온 개금속눈썹연장 제이속눈썹
부산 등나무꽃 사진찍기 좋은 곳
[부산] 요시고 사진전 따뜻한 휴일의 기록/ 부산 실내 데이트... 
5월 국내여행지 추천 부산 가볼만한곳
추석 여행지 부산 체험 놀이터 아이와 갈곳 할인 놀이똥산 부산점
"나만 알고 싶은 부산 단풍 명소 3곳, 11월 국내여행지 추천"
[부산/해운대구] 내 고장 부산여행 2023년 제10회 해운대 빛... 
요시고 사진전 부산 서면 전시회 후기 굿즈 정보
"드라마 촬영지, 부산 데이트 코스 가볼만한곳, 부산 여행지 추천)"
부산 요시고사진전 상상마당 주차 서면 실내 갈만한곳
부산서면맛집 자매양곱창 메뉴 가격 후기
"한국관광공사 데이터렙으로 보는 부산 인기 여행지 순위, 지역... "
"부산 벚꽃 명소 추천, 부산 여행 가볼 만한 곳, 국내 여행지 추천"
"여행자들이 뽑은, 부산의 숨은 이야기가 담긴 여행지 best 5"
부산 여행 코스 l 부산 안심 여행지#7 숲속에서 가족과 함께... 
부산 여행지 추천 l 드디어 해바라기 개화 소식! 랜선 꽃놀이로... 
부산 서면 가볼만한곳 전포카페거리 전포동 서면 데이트 코스
청주근교 세종근교:아이들과 가볼만한 곳 단양 추천 여행지 가격
요시고 사진전 부산 _따뜻한 휴일의 기록 관람후기
[6월&amp;7월 부산 2박3일 여행 3일차] :: (상생라멘... 
[부산/해운대구] 해운대 중동 광안대교 뷰 야경 요트투어 요트랑
"[부산]서면숙소, 루프탑 수영장-에이치에비뉴호텔 서면역점"
[부산/부산진구] 전포 카페거리와 오랜만의 서면 (Feat. 서면... 
부산여행 가볼만한 곳 추천 부산타워 다이아몬드타워... 
부산 산복도로 가을 여행지 호천마을 쌈마이웨이 촬영지
부산 성지곡수원지 산책로 부산 어린이대공원
부산 여행 코스 추천 관광지 먹거리 부산 드라이브 코스
[6월&amp;7월 부산 2박3일 여행 1일차] :: (송정 3대 국밥/카페... 
국내여행지추천 부산 여행 삼광사 연등 야경 명소
"부산데이트 코스/부산 드라이브 코스, 황령산 전망대 (황령산... "
부산호텔추천 아바니센트럴부산에서 구도심조망의... 
"부산진구, 숙박·체험비용 지원하는 '워케이션' 추진"
[부산 / 부산진구 / 전포] 전포카페거리 맛집 루앙프라방... 
2023새해맞이- 11. 부산 /  서면 [롯데호텔부산]
"부산여행 서면 전포 크리스마스카페 트리 모음 | 노키, 스테이트... "
부산 여행지 추천 l 추운 겨울엔 역시 카페 데이트지! 부산... 
부산 여행지 추천 l 부산 여행지의 새로운 재탄생?! 새로운... 
부산 놀만한곳 아이들이 좋아하는 놀이똥산 &amp; 런닝맨 부산점!
12월 아이와 가볼만한 곳 겨울 여행지 불빛 축제
"부산가볼만한곳, 부산전문가의 추천 여행지, 든든한공인중개사"
"부산맛집) 부산 밀면, 냉면은 여기➰ 시민냉면"
부산 인생샷 찍기 좋은 야경 여행지 황령산봉수대!
부산 여행지 추천 l 크리스마스를 기다린 키덜트들은 다 모여라... 
알록달록한 단풍이 피어난 가을에 걷기 좋은 부산 여행지 2
한국 신발의 역사가 있는 한국신발관..부산 가볼만 한 곳
부산 여행지 추천ㅣ타지역에 사는 부산러들 공감 백프로!... 
"태종대, 부산가볼만한곳, 부산해무, 부산여행지추천"
8월 가볼만한곳으로 추천하는 여행지
"봄에 꼭 다녀와야할 부산 봄꽃 여행지 추천 5곳 (장미, 철쭉... "
"부산 가볼만한 곳 베스트 10, 추천 여행지 관광지"
[부산 부산진구] 서면취미미술 &lt;유화&gt;그리기에 맛 들인 나님의... 
[5월에가볼만한곳/부산에가볼만한곳/부처님오신날/한국여행지]
"가을의 ‘부산’, 어디가 좋을까? 안전·힐링·비대면 여행지 7"
"일상을 떠나 동심의 세계로~부산 동심 여행, 부산 여행지 추천"
경주朴家국밥(부산 부산진구 부전동) 돼지수육
5월국내여행지 봄축제일정 알아보기~!!!
부산 여행 코스 l 뉴이스트... 뉴이스트 따라간 부산 광안리... 
2023새해맞이-12. 부산 서면 이자까야  [소수인] / 두번째방문
"부산 여행지 추천 :: 개금골목시장, 부전마켓타운 다녀왔어요 :)"
부산 전포 밥집 비엣소셜클럽 애견동반 서면 맛집 베트남
12월 1월 2월 축제 달력 겨울 여행지 추천 코스 가볼만한곳 정리
"부산 가볼만한 곳 l 올 여름, 부산여행을 준비하는 분들께... "
[ 2023년 야미 트레블러's 부산 맛집 추천 BEST 5 ]  30년 부산... 
여행지 선정부터 짐 꾸리기까지 한번에 완벽 해결 가능한 곳!
역사문화탐방 &quot;부산진구 역사의흔적을 찾아서&quot;  부산볼거리... 
[뉴스앤부산] 부산진구 ‘돼지국밥 가이드맵’ 배부
[부산]부산 여행지 추천/부산 야경명소! 쌈마이웨이 촬영지... 
"부산의 맛집, 부산 여행지"
[기자단] 시내버스 타고 부산여행 하자 - 부산진구편
부산 여행코스) 부산투어패스 하나로 부산여행지 뽀개기
부산도배장판 가야동인테리어 부산진구 가야동 단독주택... 
"[부산여행] 부산 핫플, 서면/전포동 카페거리 카페 추천(피켄드... "
김동우 작가와 함께하는 부산진구 역사문화탐방 (feat.... 
[부산 아이와 가볼만한 곳] 부산 황령산 전망대 부산 진정한... 
[부산진구 연지동 맛집] 추어탕보다 맛있는 장어탕  장어마을
부산 가볼만한곳 2박 3일 여행 코스 추천 10곳
2020 부산관광공사 결산 l 부산관공사 공식 유튜브 채널... 
[부산] 광안리 놀거리 | 에어앤비 포우리가 | 석연화 (구 숙성도)... 
"[부산 진구 여행] 문화... 중심지 부산진구, 한류관광... "
"4월, 5월 부산 축제 추천 | 국내 가족 여행 가기 좋은 여행지"
[부산 가을여행] 부산 가을 여행지 BEST6 들여다보기! &lt;부산... 
[삼광사연등축제]-부산여행... 부처님 오신날/5월추천여행지
부산 갈만한곳 아이랑 함께해보세요!
부산 여행지 소개 - #11 어린이대공원(성지곡수원지)
"부산 가볼만한 곳 l 부산에서 특별한 추억을 남기는 방법, 부산... "
"부산시민공원 피크닉 준비물, 잉어먹이자판기 위치정보"
부산 비대면 가을 여행지 추천 7곳
부산 반려동물 동반 가능한 전포동 미스터초이 김치 필라프... 
"푸르지오,부산 연산로터리,하단역, 부산진구, 남구, 영도구... "
"놀이똥산 초등조카와 다녀왔지욤, 부산가볼만한곳, 부산여행지"
[강석우의 종점여행 시즌2_부산진구]낭만이 흐르는 호천마을
"부산 맛집리스트, 부산여행 리스트, 부산가볼만한곳"
부산 여행지 소개 - #10 호천마을
부산여행 / 부산카페 / 전포동카페 _ 몰래하우스... 
부산 숨은 여행지 추천!
국내 여행지_부산시민공원
파스쿠찌와 함께하는 삼시세끼 가을 부산 여행지 추천
[전포동카페거리] 부산여행 중 만난 빈티지 38 카페
부산 여행지 쌈마이웨이촬영지 호천마을 문화플랫폼 180계단... 
[부산] 전포 맛집 타코리타! 전포동 점심 데이트 추천 파히타 냠냠
EOS R] 부산 석가탄신일 삼광사 연등 축제 부산 추천 여행지
"223장,2018년 마지막 여행지는 부산 1"
부산진구 가야동 천정누수 가야벽산아파트 도배
부산 전포 분위기 끝내주는 감성카페 ☕ ️[ 얼룩 AWLUK ]
부산 여행 코스 l 여기가 카페라고?! 테마가 확실한 부산 이색... 
더 짠내투어 119회 부산 여행지 &amp; 음식점
"부산 여행지 핵심! 경성여관, 해운대, 광안리, 언양불고기... "
서면 트리축제 2019 부산에서 만나는 크리스마스 축제
부산 서면 전시 kt&amp;g상상마당 요시고사진전 전시정보... 
밤데이트하기 좋은 부산 황령산 전망대 야경 등산코스
[부산/전포] 빗센_전포 맛집
[부산향수공방] '블라썸제이공방'에서 나만의 향수만들기 부산... 
[탈락] 부산진구 공식 SNS 서포터즈 지니어스 4기
"부산 카페/여행지 추천 :: 전포동 카페 프루토프루타, 광안리... "
[부산] 해운대 서쪽 가볼만한곳 ① 서면미술관... 
"태종대 수국축제와 더불어 태종대와 부산시민공원, 부산... "
"국내 봄여행지, 한국관광공사 추천 pick! 봄 시즌 비대면... "
2023 부산ㅣ부산여행 숙소 추천 토요코인 서면점
여행지 추천 | 부산 2박 3일 코스 그리고 맛집
부산 여행 - 부산 낙곱새 맛집 원조할매낙지 간단 후기 (범일동... 
[부산 여행지/ 드라이브코스 추천] 야경 명소 / 일출명소... 
부전시장 부산 시장 투어 먹거리 명소와 주차정보
부산여행코스 서면 전포 소품샵 룩스라이크어바니 악세사리... 
부산 요시고 사진전 ! 굿즈 및 자세한 전시후기
가족과 함께 문화생활 : 부산 요시고 사진전
[부산 여행 정보] 꽃가루를... 터트려~ 꼭 가봐야 할 부산 벚꽃 명소
부산 뚜벅이 여행코스 제주감성 양정역 카페 헤이휴
"겨울에도 따뜻한 여행지, 부산 인기 명소 추천"
"요시고 사진전 부산, 여름 분위기 가득! 세계 여행한 느낌"
부산 사찰 부산여행지맛집 부산사찰 삼광사
부산 가볼만한곳 놀곳 볼거리 체험 부산 할만한것 실내 데이트... 
"부산 선암사의 아침[부산 가볼만한곳,선암사,사진출사추천여행지]"
부산 가볼만한곳 전포 카페거리 분위기좋은 도심 속 숲... 
부산여행 탐구생활/ 부산진구 범천동 호천마을
1박 2일 부산 여행코스 부산요트투어 포함 6곳
7~8월 배롱나무 꽃이 아름다운 여행지
[부산]뚜벅이의 6월 1박2일 부산 여행 -2일차
부산여행] 전포동 핫플 전리단길 &amp; 오프커스베이커리 소개♡^^♡
봄 부산 여행지 추천 외도 / 장사도 동백꽃 여행
"부산 서면트리니티호텔(부산)(부산,부산진구 추천... "
겨울에도 매력적인 공간으로의 여행! #부산
부산진구 전포동 건물 매매 : 일반상업지역/지하철 도보... 
부산 서면 이색 실내 데이트코스 :: 런닝맨&amp;놀이똥산
"부산실내데이트, 요시고 전시회"
부산여행코스! 이번 여름휴가 때 가보고 싶은 부산 핫플 best 4!
부산 전시회 | 부산 요시고 사진전 관람후기 (주말 오픈런... 
"부산 안심여행지 | 성지곡 수원지 , 호천마을"
[부산] 서면 근처 전포 카페거리 / 부산 여행 / 서면 전포 데이트... 
"10명 중 8명, 내년에도 해외간다… 선호 여행지는? &amp; 함평군,"
부산 서면 곱창이 맛있는 서면역 밥집 곱다
부산 여행(feat.희희)
부산맛집 - 원조개금밀면/ 골목 안 작은식당에서 부산... 
부산 카페 나들이 전포카페거리- 빈티지38
[부산 여행/맛집] 2박 3일 여행코스
꼭 가봐야할 국내 추천 여행지 관광지 1~50위 순위!!!!
가면좋은부산여행지추천 여름실내데이트 실내볼거리... 
부산진구 소문난 식당 93매콤불고기 즐기실 수 있는 맛집... 
기묘한 부산 방문기2_롯데호텔 라세느/부산진구/구프/부산편집... 
"요시고 사진전 부산 예매, 사진 전시회, 상상마당 주차, 굿즈까지"
부산전시 요시고 사진전 서면즐길거리(+프사 꿀팁)
[부산 서면 맛집] 태진한우 - LG클로이(CLOi) 서빙로봇이 있는... 
8월엔 부산 여행중 | 요즘 뜨는 부산 핫플 다 모았다! 부산 여행... 
"부산 서면 데이트장소 추천 상상마당 요시고 사진전, 포토존도... "
[부산ㅣ전포동 맛집] 버거샵 BURGER SHOP
요시고 사진전 부산 예매 주문 및 시간 | 굿즈 | 전시정보 | 평점... 
요시고 사진전 부산전시 in 상상마당부산
부산 데이트코스 추천 :: 비 오는 날 더 로맨틱한 전포동... 
부산 전포 신상카페 발리 휴양지 분위기 브런치 다누
매콤불고기 갈만한 곳 - 직장상사 포함 2명이 방문한 부산진구... 
부산 연말 여행지 실내데이트코스 '런닝맨 부산점' Ep.2... 
부산서면카페 Q라운지/부전동 디저트 맛집/넓은 키즈존 카페
요시고 사진전 부산 _ 따뜻한 휴일의 기록
"부산돼지국밥맛집, 포항돼지국밥 3대째 운영 중인 서면돼지국밥"
5월 여행지 추천 5월 축제 일정 252곳 모음
[전포맛집 | 부산맛집] 깔끔하고 따뜻한 정성을 먹고 싶을 때... 
[부산 소품샵] 포셋 : 전포 엽서 편집샵/부산여행/감성소품샵
부산호텔# 호텔하이든 서면역근처 스위트 가성비 신축 호텔... 
[부산 전시회] 요시고 사진전: 따뜻한 휴일의 기록 전시후기
YOSIGO BUSAN 요시고 부산 사진전 보고 왔어요(전시 후기)
부산 서면 전시회 요시고 사진전 주차 굿즈 후기
"부산 서면 33게이트, 공항 컨셉 카페"
부산 아이와 가볼만한 곳 부산 겨울여행지 부산 놀이똥산
부산 서면 전시회 요시고 사진전 후기
[부산서면] 해운대 31cm 해물칼국수 여행지에서 꼭 먹어봐야할... 
"단양 가볼만한 곳 다누리아쿠아리움, 만천하스카이워크... "
[부산 여행지 추천] 부산 데이트코스/공원/나들이/여행지 추천... 
부산 시티 투어 맛집 어디가지
부산 KT&amp;G 상상마당 요시고 사진관람 리뷰
"부산을 뜨겁게 달구고 있는... 줄리안오피전,부산현대미술관... "
2023 부산 서면 롯데백화점 크리스마스 트리 포토존 촬영... 
"[부산 서면 술집/맛집] 이자카야 심지, 원화랑"
부산진구 한산도해물탕 한산도횟집
부산 지역 역사 탐방 및 여행지 사이트 추천
요시고 사진전 부산 티켓 예약하기
악마걸이 추천하는 한적한 국내 여행지
[ 희와제과 전포카페거리 | 부산에서 진짜 꼭 가야할 빵집 ]... 
[부산 사진 명소]  봄맞이 떠나기 좋은 부산 인생샷 여행지
《현충시설 탐방기》6·25 참전용사 기념비(부산진구)
서면 미술관에 피는 꽃 부산 서면미술관 실내 전시회 예약 입장료
부산 아이와함께 가볼만한곳 부산 수학문화관 예약 체험꿀팁
부산 비오는날 실내 데이트 따뜻한 시선이 담긴 요시고 사진전
부산여행 / 부산카페 / 전포동카페 / 서면카페 _ 우모레 (umore)
[부산/서면] 요시고 사진전 : 따뜻한 휴일의 기록
[해장 음식] 술 마신 다음 날 먹는 밀면의 유래
부산 가볼만한곳 황령산 전망대 야경 부산여행코스
부산 담미옥 •부산 평양냉면 맛집 •개금 담미옥 솔직후기
부산 요시고 사진전 서면 전시회
NO.123~126 - 부산의 서점들
"부산여행 부산진구 서면, 전포카페거리 추천"
2020년 배틀트립 첫 여행지! SF9... 울산&amp;부산 초심 여행기![낙.... 
요시고 사진전 부산 전시회 얼리버드예약 후기
♡ 부산 영도에서 서면까지 1박2일 가족 여행 코스 1일차;... 
부산서면카페 [연운당] 복숭아빙수 말차빙수 진짜미쳤음;;... 
가성비 최고인 부산 횟집 어사출또
부산 1박2일  미식여행 일정..부산에 가면~♡
[부산] 전포 카페 어나더미네스 수플레 팬케이크맛집... 
부산 전포| 내돈내산 호주식 브런치 감성 인테리어가 돋보이는... 
부산 반지공방 당일 수령 가능한 서면 반지공방 연월공방 미쳤네?
부산의 낭만과 멋 그리고 맛 (2)
"부산 밤 드라이브코스 추천 5 (우암동도시숲, 호천마을 등)"
"부모님도, 자녀들도 함께 할 수 있는 SRT역 근처 여행지✨"
부산 2박3일 여행코스 1편 맛집 감천문화마을 포함 5곳
부산서면스포츠마사지 뉴케어스포츠마사지 추천
부산여행 / 부산의맛 / 친구촬영지 / 사진여행지... 
"부전역에서 떠나는 부산 여행, 부산시민공원"
[ 부산소품샵 ] Poset 포셋 전포 소품샵 엽서 도서관
[부산전시] 요시고 사진전... 기록)- 부산 서면 KT&amp;G 상상마당
부산 전시 요시고 사진전 예매없이 입장 및 주차장 정보
부산아파트경매 부산진구 전포동 양정메트로하이츠
주말에 다녀오기 좋은 부산 여행지 총정리
"[부산먹방여행] 해성 막창집, 부산 맛집, 부산 막창, 곱창전골... "
"부산여행지추천2탄 / 광안리가볼만한곳,민락어민활어직판장... "
요시고 사진전 부산 일반예매 오픈 전시정보 &amp; 나의 전시 후기
"[부산/서면] 부산 아이와 가볼만한 곳, 놀이똥산 &gt;_&lt;"
런닝맨 부산점 Ep.2 달리Go!쌓이Go! 넘 잼있는 부산... 
[부산] 짧디짧은 반나절... 이재모피자/라마다앙코르부산역호텔)
[부산 전포] 전포카페거리 팟타이가 맛있는 &lt;란아한... 
부산맛집 첨밀밀/분위기도 맛도 좋았던 중화요리 부산서면맛집... 
요시고 사진전 부산 리얼 관람후기 및 대기 꿀팁 공유
[부산스시맛집] 롯데 스카이 라운지에서 맛보는 맛있는 스시의... 
밀면맛집 부산 어린이대공원 맛집 생활의 달인 삼성밀면
"국내 여행지 추천 CNN 선정 Best 50,1편(50~46)"
부산 초읍맛집 현지인 추천 식당 화남정돼지국밥
[부산_상상마당] 요시고 사진전 관람 후기(feat: 기념품관)
우리나라에서 가장 아름다운 여행지들
"부산 맛집 ㅣ부전동 부산여행 밀면집 추천, 부전 밀냉면"
"부산 전포동 내돈내산 칵테일 맛집 휘게, 분위기에 두번 반하는 곳"
"부산 가을힐링 2박3일여행코스  (밀면맛집, 블루샥, 밀락더마켓... "
"| 부산 여행 | 수영본가돼지국밥, 얼룩, 요시고, 해성막창, 똣... "
[부산 카페] 커피스가모 인 서면 | 국내유일 사이폰 커피 전문점... 
"부산맛집 2 [서면 카오리, 원조집, 전포 프리윌피자]"
부산 전포동 상가 매매 - 전포사잇길 8억 대 단독 주택
부산 황령산 봉수대 : 야경명소 전망대
부산 가볼만한곳 완벽한 데이트 코스와 놀거리 소개 (실내 체험... 
차 : 부산진구 전포 커피거리 → 동구 부산역 차이나타운... 
충북 여행 단양 가볼만한곳 비올때 단양 다누리 아쿠아리움... 
[야경 사진 촬영법] 여행 사진 작가가 알려주는 성공적인 야경... 
부산 야경투어 황령산 봉수대 야경 등산 코스 볼거리 맛집 여행
부산핫플/ 부산 아이와 가볼만한곳 런닝맨 부산점/ Ep.2... 
부산 가볼 만한 곳 | 부산 야경 TOP 5 : 부산 로컬이 추천해... 
부산 서면 핫플레이스 1등 고기 맛집 “고기로 하나되는 순간... 
요시고 사진전 부산_따뜻한 휴일의 기록 : 솔직한 후기/ 꿀팁... 
부산 필수 드라이브 여행지 &quot;황령산&quot; 부산 야경
"부산 서면 전시회 요시고사진전, 현장예매 웨이팅 후기, 빠른... "
부산 실내 가볼만한곳 비 올때 데이트 코스 추천
[부산 서면]나드리 / 요시고 사진전 부산/ 로우앤스윗
석가탄신일행사/부산해동용궁사/삼광사/5월여행지추천... 
걸어갈 수 있는 거리. 부산 가볼만한 곳! 주말 부산여행지 추천
"[부산] 요시고 사진전 부산 따뜻한 휴일의 기록 예매, 굿즈... "
동해남부선 여행객을 위한 동해남부선 역주변 추천여행지
"내가 다녀왔던 국내 여행지 가볼만한곳, 데이트 코스 추천 #2"
[부산광역시 부산진구] 호천마을의 야경
[부산/서면] 요시고 사진전
"부산 여행지 추천, 바다 위 아름다운 절, 풍경 좋은 한국 4대... "
부산 여행 부산 서면 가볼 만한 곳서면 &amp;전포 데이트 코스 추천... 
온천천 포함 부산 벚꽃 명소 볼거리 부산 여행코스 추천
부산전시 요시고 사진전 따뜻한 휴일의 기록 관람 후기 (예약... 
"[부산IN신문] 부산 진구청, 오는 12월 ‘서면근대산업유산... "
부산 가을여행 코스 |  BTS/BOF 콘서트 보고 놀러 가자~ 부산아... 
부산결혼준비 :) (9) - 세계 최고의 휴양지 허니문 발리신혼여행... 
끝났지만 사전예약 가능한 요시고 사진전(feat. 상상마당 부산)
"부산서면맛집, 서면웨이팅맛집 : 장승진스시"
"[부산진구SNS블로그 공모전] 부산의 중심, 부산진구의... "
[부산맛집/서면맛집/서면카페] 망고빙수 그리고 딸기빙수... 
일주일 살기 하기 좋은 도시 부산 일주일 살기 아이와 함께한... 
부산 서면 대형카페 오프커스 off course 베이커리 카페
부산 가볼만한곳 베스트10 좋아요
[부산/서면] 흑쇠 서면 본점 소고기기 맛있는 고깃집
범천동 호천마을 쌈마이웨이 드라마 촬영지 부산 야경 명소
부산 후카 시샤 물담배 칠링 서면점 방문후기
부산 서면 핫플레이스 문화양곱창 곱창골목 예약 및 솔직후기
부산시민공원 나들이 &lt;부산 기장 여행지 &gt;
[생활정보] 5월 가정의 달! 가족과 가기 좋은 국내 여행지 추천
부산 당감동 횟집 정서방네횟집
부산온천으로 해운대온천센터과 함께 대영온천... 
[부산갈만한곳]서면 롯데백화점 부산본점 대형트리 포토존 위치... 
[전시회 탐방]부산 요시고 사진전 후기‼️
부산 절 삼광사 연등축제 용궁사 장안사 알아보기 (부산... 
[경북/경주] 가을여행 가볼 만한 곳 은행나무숲 도리마을
"[경북/경주] 가을여행, 운곡서원"
내돈내산 부산여행오면 꼭 가야하는 수플레 맛집 어나더미네스
부산 벚꽃 명소 봄꽃구경 - 남천동 벚꽃거리 서면 포차거리 등
"[부산/서면, 전포맛집]아임타이"
"태화강역에서 시작한 울산여행 (울산 대관람차 냉방 가동, 남창... "
[부산맛집/서면맛집] 레드피그、숯불갈비 전문점 'ㅅ')/ 무난무난
부산 서면 회전초밥 가성비 맛집_용이초밥 서면점_쫀득한 새우... 
부산 서면 러브이즈기빙 하트베어 서면점 서면 소품샵 추천... 
전포 카페거리 테라스 있는 전리단길 부산 카페 로우앤스윗
"미술관에 피는 꽃, 서면미술관.. 서면 가볼만한 곳"
[부산] 해운대폐철길과 문텐로드
"부산 서면 놀거리 전포 카페, 맛집 핫플 best6 데이트코스 추천"
"부산 여름 여행 가볼만한곳, 송상현광장 (주차장, 바닥분수)"
&lt;단양 가족여행&gt; 다누리아쿠아리움 입장료 할인 팁_10월의... 
부산 서면 실내데이트 추천 요시고 사진전 관람 후기(예매 방법... 
"부산 서면/전포 편집샵, 에비베르 컴퍼니(Avivere)"
1월 가볼만한 여행지.... 가볼만한 곳. 추천명소. 부산알림이 심쿵
[부산:서면]홈런짱야구연습장:서면에서즐기는실내야구게임과사... 
2박 3일 부산여행 DAY1 / 부산웨스틴조선호텔/동백섬... 
부산 사각턱 보톡스 준비는 어디서~?
[무장애 열린관광 서포터즈 8월] 부산 KT&amp;G 상상마당
부산 요시고 사진전 현장 발권 후기 및 할인정보
부산 숙소 카페 맛집 놀거리 근교여행지
[LOST IN 부산] 01. 영도구 ㅡ 이국적인 영도 바다를... 
"부산 뚜벅이 여행, 일출과 야경 명소, 풍경 좋은 여행지, 황령산... "
&lt;부산 서면&gt; 1탄 에피타이져 밀면+본식 이재모피자/이재모피자... 
"8,사월초팔일,신세계촬영지,부산신세계절,부산진구,초읍동"
[2022.07.30] 1박 2일 부산 여행
부산실내 가볼만한곳 베스트10 장소
부산 가볼만한곳 전포카페거리... 장소 여행지 먹거리 볼거리... 
"부산 가볼만한곳, 모나미스토어 롯데백화점 부산점 - 내... "
"[부산신상카페/전포 카페세디 ] 남자친구와 이색데이트, 대만족... "
여름 느낌 물씬 나는 부산 핫한 전시회 '요시고 사진전' 주말... 
부산여행 / 부산소품샵 / 서면소품샵 / 부산가볼만한곳... 
"부산여행 || 전포카페거리, 가게외관 맛집 Collection"
부산상가매매 시 중개수수료 절약하는 방법
‘셰르 (cher)’ 부산 전포동 •서면 엘피바 (Bar)
생활 속 거리두기가 가능한 힐링 여행지 '2021 봄 시즌 비대면... 
[ 부산 | 요시고 사진전 ]... 부산으로 오세요! / 따뜻한 휴일의... 
[전시] 요시고 사진전 : 따뜻한 휴일의 기록 - 부산
부산 서면 맛집 부들파이터 필리핀음식 먹어볼까
부산 전시 요시고 사진전: 따뜻한 휴일의 기록! 프리오프닝... 
부산여행 / 부산카페 / 서면 전포카페 _ 롱드라이버스... 
"부산 핫플 여행지를 소개합니다. BTS도 다녀간 성지, 카페... "
기분전환 - 부산여행 서면 내돈내산 숙소추천 호텔경성여관
요시고 사진전 부산 | 해변의 도시 부산에서 펼쳐지는 따뜻한... 
부산 가볼만한 곳｜부산에서 야경 촬영을 하고 싶다면... 
"수기마사지로 ‘자연의 아름다움’ 되찾아주는, 부산서면... "
부산낭만여행 충주 탄금대와 문경세제 오픈세트장에 가족여행... 
서면 대구탕 맛집 해장술 먹게되는 세영
부산진구 전포동 상가매매 전포사잇길 코너자리 MZ 유동인구
[부산 서면 가볼만한 여행지]서면부근  부산여행지... 
"부산 나들이로 가볼 만한 곳, 부산 시민공원"
[서면] 부산 요시고사진전 전시정보와 포토스팟 당일... 
6월 김기사 사용자들에게 인기있는 여행지 BEST 10 (부산)
&quot;바다 말고 별 보러 부산 오이소~&quot; 이대호도 추천한 야경명소 5선
부산 부전역 꼼장어 맛집ㅣ역전산곰장어 서면시장 술집 택배... 
"부산 첫눈내리는 풍경[부산눈내리는사진,눈사진추천여행지... "
"부산 여행 사진 l 부산 숨은 풍경 맛집, 나만 알고 싶은 부산의... "
2023 팜투어 박람회 일정&amp;혜택. 탁월한 허니문 (서울.대전.부산)
부산 가볼만한곳 &quot;요시고 사진전&quot; 비 오는 날 가기 좋은 전시회
전포브런치 카페 일본갬성 폼나는 도링쿠
요시고 사진전 부산  is 여름 휴가 그 자체
비오는 날 부산 이색 실내 데이트 코스 ️ | 북두칠성도서관... 
부산 이색여행코스 부산진구 도심체류형 관광활성화 팸투어와... 
서면 분위기 좋은 술집 전포동이자카야 해산물 안주 맛집 가라토
부산시민공원 단풍나들이 좋아! 추천 가을여행지
10개월 아이와 함께한 8월 부산여름휴가 부산3박4일여행 1일차... 
부산결혼박람회 6곳. 요약정리. 도움되길요~
부산 가볼만한 곳... 흰여울문화마을-요트) 부산 여행코스
"부산 시내 여행 ~ 근대산업유산 추억길 ~ 전포 카페거리, 시민공원"
"(부산야경명소,부산여행코스추천,부산가볼만한곳)_부산진구S... "
전포 옥두꺼비 서면냉삼겹 맛집
[부산] 사계의 색깔을 담은 전시회 컬포포시(時)
부산 서면 가볼만한곳 전포카페거리 전포동 소품샵 서면... 
부산 돼지국밥 로컬 맛집 범일역/범일동 마산식당
부산투어패스 부산 서면 실내데이트 코스 가볼만한곳 런닝맨... 
"12월 천안 웨딩박람회 일정 다른 지역별로 (수원, 화성, 안양)"
"여름휴가 지리산, 부산근교 계곡으로 무더위 날리기"
부산 요시고 사진전 주말에 가볼만한 전시회 추천
[LOST IN 부산] 02. 영도구 ㅡ 봉래동 골목길을 따라서
부산 2박3일 여행코스 - 맛집&amp;여행지 10곳 총정리 ♥
"부산가볼만한곳,해동용궁사,선암사,송정일출,추천여행지"
국내최대 민물고기 아쿠아리움(단양 travel feat.연세바른os)
부산 서면 전시회 추천 부산 비 오는 날 가볼 만한 곳 요시고... 
&lt;부산여행지/부산가볼만한곳&gt;부산의 동물원 삼정 더 파크
부산여행코스 필수로 서면타이마사지 서면란타이 가야하는 이유
부산여행 오면 여독 푸는 서면타이마사지 서면란타이 필수데이
부산 전시회 요시고 사진전 서면 실내데이트 놀거리
[부산 서면]전포동 카페거리 공항 컨셉 카페 33게이트
"[부산 소품샵] 서면 전포 대형 편집샵, 아비베르"
'2TV 저녁 생생정보' 오늘의 맛집 위치는?
부산 비 오는 날 아이와 가볼 만한 곳 런닝맨 실내 게임장
부산 요시고 사진전 :: 시원한 휴가같은 전시 추천! 서면 KT&amp;G... 
부산 전포 카페거리 구경 후기 (주차장)
부산시민공원 물놀이마당 바닥분수 다녀왔어요.
부산진구 명품 서면 알리기 차량 래핑 홍보
서면에스테틱 : 부산족욕 하기좋은 전포동발관리 엘라샵
부산 서면 전시회 요시고 사진전 &lt;따뜻한 휴일의 기록&gt; 주차... 
낙동강 구포나루축제 2021 행사와 함께 만나본 부산 여행지
부산 서면 전포동 카페거리 소품샵 addd 실내 데이트 가볼만한곳
부산웨딩박람회 일정. 11월 BEST 6. 안전한 결혼준비
"부산 요시고 사진전  따뜻한 휴일의 기록, 앵글 속 다채로운... "
부산 가볼만한곳 베스트 여행지 여행 코스 추천 여름 1박2일... 
전리단길맛집 Funky clover에서 부산에 사는 뉴욕커가... 
"부산 가볼만한곳 - 부산역 인근, 반나절 겨울 부산여행코스"
"부산 한달살기 숙소, 김해공항 에어비앤비 4박5일 부산여행코스"
부산시민공원 남문1에서 북문까지 산책하며 늦가을 만끽했어요
부산지방법원 근처 추천 명소
요시고 사진전 부산 7월 전시후기(+작품스토리)
부산 서면 맛집 뚱보할매집에서 맛본 마늘치킨
부산 서면의 샛별 전포카페거리
[체크인 블챌] 요시고 사진전 - 부산 in KT&amp;G 상상마당 갤러리
여행지 추천 2021년 12월 축제일정 전국 모음 겨울 여행지... 
[부산 전시 추천] &lt;요시고 사진전&gt; 서면 전시 추천 서면... 
부산 황령산 전망대 봉수대 바다뷰카페 부산 드라이브 코스
부산 필리핀음식 전포동 맛집 부들파이터
부산 여행 - 서면 일품장원국밥
"[부산 전포]피켄드_애견동반카페 |휘낭시에, 메뉴판, 솔직후기|"
"[2박 3일 부산 여행] 광안대교 뷰 숙소, 맛집, 카페, 사진전... "
부산여행 / 부산카페 / 전포카페 _ 그램파 (Grampaa)
청기와타운 서면점 - 서면소고기집  서면맛집
"산림청 선정, 걷기 좋은 명품숲길 30선, 꼭 걸어 가볼만한 길"
휴일의 기록 - 부산미술학원/부산입시미술학원/비투비미술학원
5월 베스트 여행지 추천 : 부산 삼광사 연등축제
[빅데이터 트립] 내비게이션 통계로 본 2월 인기 여행지는 어디?
부산 전리단길 인스타갬성 카페 .[NO CAP]
부산 서면소품샵 전포카페거리 주방소품샵 브라켓테이블
[부산이색데이트] 요시고 사진전/ 부산실내가볼만한곳 핫플... 
부산호텔_ 서면 롯데호텔 부산 객실 수영장 후기
"부산 1박 2일 | 전포 카페까미노, 광안 맛집, 요트투어"
부산 뚜벅이 여행 코스 추천
(셋째날) 요시고 사진전 보고 먹방 힐링한 우리 부산여행기... 
석가탄신일에 가 볼 만한 부산 연등축제 사찰 3
"45+ 모임 앱 오이의 서울, 경기, 대전, 광주, 부산, 울산... "
일상/문화] 부산 KT&amp;G 상상마당 사진전 전시 '요시고' (정보... 
부산 전포 카페 롱파쎄 카페거리 주택개조 예쁜카페
부산 여행지 추천 ‘ 7월은 스크린 관광 ’ (feat.이중섭 거리... 
부산여행 - 삼정더파크 동물원/ 크리스마스 선물같은 통큰... 
부산 요시고 사진전 관람 후기
부산여행 / 부산카페 / 전포동카페... 
[부산 가볼만한곳] 피란수도 부산! 1023일의 기억 속으로... 
[부산여행] 포토존 가득 서면미술관 OOTD 부산 가볼만한곳
[1박 2일 부산 여행①] 부산 투어패스 솔직후기/가성비 최고
전포카페거리 듀코비 이색 카페 주차 X
(부산여행/부산진구여행)백양산 선암사. 천년고찰 백양산... 
(부산여행/부산진구여행)부산 정중앙 표지석. 부산의 정중앙인... 
부산 요시고 사진전
&lt;부산/가볼만한곳/연꽃&gt;부산 연꽃을 즐길 수 있는 7곳
가격파괴 대구뽈탕백반 부산진구  부전시장왕뽈떼기본점
부산 2박3일 국내여행) 요시고 사진전 부산 / 부산상상마당
[부산여행] 아기자기한 수제도넛이 귀여운 두들릿도넛 부산전포점
"일본여행 PCR검사, 부산 삼광의료재단 방문후기"
부산: 부산국제시장 / 씨앗호떡 / 구제골목 / 희야네쭈꾸미... 
"먹으러 간 부산 여행3. 롯데호텔 수영장, 버거샵, 밀락더마켓... "
부산 서면 낙곱새 맛집인 개미집 택배로 집에서 감동의 맛을... 
"[부산 서면]반핀_데이트하기 좋은 대만식당 |주말웨이팅, 3... "
"부산 요시고 사진전 전시회 작가소개, 전시장소, 일정, 티켓... "
겨울 경상도여행지추천 드라마 촬영지로 유명한 부산 명소
2박3일 부산여행2일차 라멘야/웨이브락클라이밍/혜성막창... 
전포에서 즐기는 존맛도리 대만 음식 반핀 전포점
부산 서면 전시회 요시고 사진전 실내 데이트코스로 추천
부산광역시 부산진구 부산시민공원 공원 - 달콤한여행
"부산여행,서면호텔/인터파크투어로 예약한 부산비즈니스호텔에... "
[코레일/무궁화호/밤기차/내일로/부산/서울/시간표]
매빅에어2 드론 풍경 촬영 / 국내여행지 추천 부산 가볼만한 곳
"무더운 여름, 서면 상상마당 &lt;요시고 사진전 - 부산&gt;으로 피서가자"
부산여행 / 부산카페 / 전포동카페 _ 카페데니스 (cafe_dennis)
[부산 맛집] 솥이랑 서면점 / 삼정타워 맛집
[부산 서면맛집] 준이네한치모밀 ... 한치와 모밀국수를... 
[부산 서면맛집] 수호족발감자탕 ... 족발을 맛보다.
"부산빵킷리스트 서면 희와제과 전포동빵집_메뉴추천,후기"
부산 서면 놀거리 아이들이 좋아하는 놀이똥산
[부산/서면]노르웨이식당: 아는사람은 아는 연어 찐맛집! 먹어도... 
부산 전포동 로컬 브랜드 열전
부산여행지추천 송상현광장! 지나가는 길에!!
"부산 가볼만한곳 감천문화마을, 부산 해운대 요트투어 와~"
"[부산진구 15번] 다시 여행이야 부산 (원당골, 브런치 카페... "
나만 알기 아까운 부산 맛집&amp;카페 추천 리스트! : 백화양곱창... 
［부산 가볼만한 곳］연등 축제로 한창인 부산 초읍 '삼광사... 
겨울 실내데이트놀이똥산 부산점 아이들도 즐거운 부산 여행지
[서면방탈출/부산방탈출]부산서면에서 하는 이색놀이... 
231008-231010 2박 3일 부산여행 |부산국제영화제... 
[부산카페/전포카페] 티라미슈가 맛있는 전포동 핫플! 꾸오이아노!
[서면] 라라관 - 부산에서 맛보는 매콤하고 알싸한 제대로 된... 
[TV속 정보] 23년 8월 11일 (금) 2TV생생정보... 
림의 일상 두번째 | 2박 3일 부산여행 (광안리 숙소+맛집+놀거리)
"[BEST] 꽃피는 봄, 소풍 떠나기 좋은 국내여행지 추천"
더 스테일 서면 해링턴타워 오피스텔 상가 공급정보
[부산 여행] 부산 여행지 추천
서면역마사지 여행 피로푸는 롯백 후문 부산 히까리 스포츠마사지
[아이와함께여행지추천] 단양 다누리아쿠아리움 할인 및 주차
"경남관광 부산 팝업 홍보관 방문, 요시고 사진전 관람"
가볼만한 곳 여행지모음 축제문화행사(전국 11월)
"국내여행지도, 에이든 부산지도 들고 부산여행 가입시더~"
[부산 서면 상상마당] 요시고 사진전 관람 및 내돈내산 굿즈... 
부산 맛집 서면 술집 부전시장 낮술 강갈비탕
[부산/서면 맛집] 마선생얼큰국밥! 마약근절운동으로... 
[부산 여행] 부산의 여행지를 추천합니다
"여행을 추억하기 위한 선물, 부산 기념품 가게"
내 마음대로 선정한 우리나라 동쪽 여행지 7선(2탄)
여름에 가기 좋은 국내 가족여행지 추천
부산 요시고(YOSIGO)사진전:따뜻한 휴일의 기록/부산 전시회... 
부산시민공원 - 아이와 함께 들리기 좋은 시민들의 휴식처... 
부산여행 TOP26 여행지 추천!
[부산/양정 맛집] 새로 오픈한 양정 마라탕 맛집 원마라가
"여름부산여행 (19.08.17~19 , 2~3일차)/부산여행지... "
전포 맛집 :: 대쿠이/부산돈카츠/모듬카츠/부산여행코스... 
[부산서면 이자카야] 사시미가 맛있는 분위기 좋은 술집 / 서면 힝
에이든 부산여행 지도세트
티풀 부산 5탄] - &quot;자연을 좋아하는“ 사람들을 위한 부산투... 
전포동 술집 _ 하노이맥주밤거리 부산점포점
부산밀면추천 시민공원 근처 맛집 서호밀면
부산 가볼만한곳｜방탄소년단이 직접 다녀간 부산 스팟!... 
"부산가볼만한 곳, 전포동부터 영도 해운대까지 둘러보기"
함께 트레킹 어떠세요~? 가을 부산 5대 트레킹 챌린지 설문 이벤트
요시고 사진전 부산 서면 관람 후기
255회 줄거리:영국 한국여행 DAY4 부산투어 요트경기장 복어... 
"&lt;비펙스 ENJOY&gt; 부산의 새로운 여행지, 호천마을"
부산 서면 놀곳 런닝맨 &amp; 놀이똥산 아이들이 좋아하는 곳!
부산가볼만한곳 싱글취미생활추천 뉴욕타임즈선정국내여행지... 
"[부산] 복합문화공간 부산 KT&amp;G 상상마당, 싱글룸이 있는 깔끔한... "
[부산맛집/서면맛집] 서면 소고기는 어디서? 소가기가막혀
"[오늘의 반려동물 소식] 23.11.29 서울시, 무등록 동물미용업소... "
"[웨딩] wedding 2nd, 신혼여행지 결정"
부산 여행 코스 추천 부산 가볼만한곳들을 정리해 봤습니다.
[부산 서면맛집] 해물도시 ... 성인이 되었음을 과한 음주로서... 
&lt;로컬 브랜드 리뷰 2023&gt;
부산 놀이똥산 서면 여행 첫날은 아이와 가볼만한곳 삼정타워
국내여행지 부산 4월 5월 봄축제 일정 알아보기
"[톡고시원24시] 부산 서면역, 부전역, 전포역 주변 고시원"
"부산 busan 1박2일 겨울여행... 광안리해수욕장, 부산센트럴... "
부산 초읍 삼광사(三光寺) 개산 50주년 기념대법회
서면시장 맛집 기장 손 칼국수 주차장 놀거리
"[부산]요시고 사진전 : 따뜻한 휴일의 기록, 당일 현장 구매... "
부산 전시회 추천 :: '요시고 사진전' 서면 핫플 가볼만한곳... 
[블첼] 부산서면가볼만한곳 ; 서면로타리부산탑... 
부산 서면맛집 해물도시/신선한 해물과 랍스터까지.부산맛집.
[부산 전포놀이터시장] 시장 옆에 놀이터가 붙어있어서 좋네요
부산여행 / 부산카페 / 부산전포카페 _ 얼룩 (Awluk)
부산오피스텔 서면 헤링턴타워 트리플 역세권 입지조건 우수 분양
"부산 해녀촌부터 꼬리수육까지! 부산 기장 맛집, 부산맛집 투어~"
"부산여행지추천,봉래산"
[부산 여행] 정미니랑 1박 2일 부산여행 &gt;&lt;
부산커플링만들기 서면이색데이트 하러 가요!
"요시고 사진전 부산(스포 X, 최소한의 정보만)"
"산복도로 부산여행(feat.... 천마산하늘전망대, 부산가볼만한곳... "
[부산] 산과 바다 여행
"부산여행 2,3일차 | 해운대... 서부산, 송정 3대국밥... "
서면역 술집 태태태 태국음식 맛집 렝쌥 먹으러 가자
[서면 놀거리] 런닝맨 부산 아이와 함께 가볼만한 곳 / 할인 / 주차
"[부산] 서면시장 기장손칼국수 (맛도리집!), 노상공영주차장(주의!)"
"꿈디자이너 영상 컨텐츠 [초6 우리끼리, '지구마불 부산여행' ]... "
부산 여행코스 맛집부터 관광지까지 부산투어패스 후기
[부산 야경 명소] 호천마을 호천문화플랫폼 :: 드라마... 
요시고 사진전 부산 주차 전시정보 오픈런 후기
[부산 여행] 추천 드라마 쌈마이웨이 촬영지 ①호천마을
부산 서면 데이트하러 가볼 만한 곳 이색 카페 듀코비다이너:)
부산 황령산 봉수대/ 2014년 마지막 여행지
[부산 가볼만한곳] 부산 5월 여행지로 삼광사 연등축제... 
부산 호천마을 호천문화플랫폼 쌈마이웨이 드라마 촬영지... 
[부산여행/국내여행]  부산 커플 여행지 추천! 부산에서 알차게... 
5월 국내 여행지 추천 :: 지금만 갈 수 있는 5월의 축제 모음
부산 라멘맛집 가솔린앤로지스 부산본점
영화 같은 하루를 당신께 선물합니다 : SRT 타고 떠나는 부산... 
[부산 전시회] 서면 실내 볼거리  : 요시고 사진전
부산 전포동 카페 시그니처가 특이한 분도
[ 전포카페거리 | 트래포드 ] 인테리어가 예쁜 커피맛집... 
부산 요시고사진전 :: 서면 전시회 실내데이트 추천
부산 전포동 일본감성 술집 '이타치'
[부산광역시] 부산 짬뽕 맛집_용이네가마솥짬뽕(2018.11.24)
부산의 아름다움은 해가 지고 시작된다! (일몰•야경 명소)
[부산] 전포동카페거리 핫플레이스 &lt;로우앤스윗&gt; 찐맛집인정
"부산여행 야경투어 (감천문화마을, 청학배수지전망대... "
부산 전포 소품샵 페이퍼가든 감성가득한 인테리어소품샵
전포카페거리_부산 대형카페 서면 오프커스 베이커리카페
[세여자의 부산여행 1일차 1탄]... 여자의 부산여행기록이... 
부산 여행 서면 실내데이트 하기 좋은 전시회 추천 [요시고... 
부산 가볼만한곳 베스트10 좋아요
루앙프라방 :: 부산 전포카페거리 맛집 전포동 밥집 라오스식... 
2023 부산 전시회 &amp; 팝업스토어 BEST 05 실내 가볼만한곳
"22.6.20 부산여행 2일차 / 영도 탐방, 부산 롯데월드 조지기"
부산 방탄투어 BTS 정국이 다녀간 곱창쌀롱
1박2일 부산여행 후기 1일차(롯데호텔/목구멍/풀카페앤바)
부산실내데이트로 제격인 요시고사진전 예매없이 방문가능해요
"부산 요시고 사진전, YOSIGO BUSAN Holiday memories"
부산 전시회 추천 요시고 사진전 할인 받아서 보러 가자
부산서면-요시고전시회
[부산]33게이트 / 여행가는 기분 내고싶다면 공항 컨셉 카페에... 
[부산서면|맛집] 한 우물만 판다 라멘만 시즌제로 운영하는... 
참여 협조 [부산진구이사전문업체/한국조은날디자인포장이사]
부산 여행 가볼만한곳 해동용궁사 태종대 등 BEST 15곳 정리
"부산 서면 전포 골목 속 유럽 감성 가득한 카페, 꽁테무아"
요시고 사진전: 따뜻한 휴일의 기록 @KT&amp;G상상마당 부산
부산 부전동 동네맛집/곰장어맛집 - 통영산곰장어
부산여행지추천 성지곡수원지 어린이대공원 다녀왔네요^^
부산 서면 롯데호텔 디럭스 더블룸에서 호캉스 즐기기
부산 복순도가 있는 서면술집 수영산8193한약방
[카가와식당 / 띵스오브노트 소품샵] 부산 전포동 가볼만한 곳... 
2023 부산 전시회 &amp; 팝업스토어 BEST 05 실내 가볼만한곳
"강아지와 가기 좋은 연말 여행지 - 북악스카이웨이, 윤동주... "
우리의 첫 경주여행 (feat. 부산) - 2
부산 사찰 여행_사월초파일... 연등 행사_부산 꼭 가봐야할 곳
바라던 '바다'보러 부산여행 번외편!
부산 송상현 광장 -도심속 초록 활력소
부산 재래시장 부전시장 추석장보기
호텔스닷컴 1월 할인코드 2월까지 쓰세요~
부산상가매매 수익률좋은 전포동 전포사잇길 2층 꼬마빌딩매매
"부산여행 1박 2일 코스 | 해리단길 로쿠미, 듀플릿, 해운대... "
부산 해운대 여행에서 야간진료 소아과 찾기
부산 뚜벅이 여행 코스추천... (카페/소품샵/맛집 부산역~광안리... 
부산맛집/부산빵집/팥빵 - 희와제과
전국 3대 야경명소로 가자!(작가 추천여행지/SRT매거진 8월호)
두 번째 이야기에 나온 맛집 여행지 정리! (2023-04-23)
[부산루프탑카페_타이거커피]
부산오면 꼭 먹어야하는 개금밀면
[부산 전포동] 대만식 퓨전 요리로 식도락 여행 떠나자! &lt;반핀&gt;
부산 서면1번가 소제이 웨이팅해서 먹어본 소꼬리찜
부산 전포동 카페거리 신상 카페 추천
[부산 5월 여행지 추천/ 부산 가볼만한 곳] 2017 부산 삼광사... 
[부산 여행지 추천] '황령산봉수대' 야경이 난리나네!!
[내돈내산]타블라라사 에이든 우리나라 부산 여행지도(2022... 
서면 아수라 위치 가격 메뉴 상세안내
부산진구 문화해설사와... 안내 [부산진구이사전문업체... 
서포터즈] 국립부산국악원 근처 핫플레이스를 소개합니다!
부산서면브런치 전리단길 맛집 서면소개팅 거루캥테이블
부산여행 황령산 사자봉 의 부산야경 과 부산항대교야경
부산 사진 전시회 추천 요시고 사진전 @ KT&amp;G 상상마당부산 주차
제고향부산으로 저도 추석연휴~ 여행 국내여행 가을여행지... 
전포 홍콩 분위기 술집 [바오나이트마켓]
(서면 맛집) 서면24시간 밥집! 100% 한우만 사용하는... 
부산투어패스로 부산가볼만한곳 알차게 여행한 48시간 일정... 
부산 여행 2박3일 가볼만한곳 코스 :파래장해변 지리학오륙도... 
새해 그리고 부산여행(:먹기행)
전포 카페거리 부산 커피 박물관 부산 가볼만한곳 서면 볼거리... 
"부산가을여행지추천, 백양산 숲길"
부산 서면밀면집 - 가야밀면
전시 | 요시고 사진전 부산 | 따뜻한 휴일의 기록 관람 후기 in... 
요시고 사진전 아직도 안가본 사람이 있다면 당장 부산 서면으로!
"가챠샵 서면점 영업시간, 가격, 종류, 주차, 뽑기, 피규어... "
전포맛집 전포양식 펑키클로버
요시고 사진전 부산 후기 • 부산 실내 데이트 • 예매 방법... 
부산 서면스카이펍 디제이파티가 있는 &quot;힛더비치&quot;
남자 둘이 떠나는 부산 2박3일 뚜벅이 여행 | 20220811... 
유가네닭갈비 서면본점 콘치즈닭갈비 물막국수 계란찜 볶음밥... 
부산 요시고 사진전 관람후기 서면 전시회 데이트
부산가볼만한곳 &lt;부전역동해선&gt; 부산에서 울산 가는 법
&lt; 따뜻한 휴일의 기록 &gt; 요시고 사진전 부산 관람 후기 예약방법
서면 텐텐 쿠시카츠 집 서면 맥주와 텐텐
부산 벚꽃맛집 개금 벚꽃길//교토벚꽃//
크리스마스 가볼만한곳 :   연말 여행지 추천 - 런닝맨 부산... 
뷰앤디 눈썹 잔털 지우개  솔직후기 영상까지!
[진구/맛집] 부산에서 만난 필리핀 '부들파이터'
부산 여행 가볼만한곳 전포동 카페 웨드 WED
"점인 부산 랜선 야경투어... 송도해수욕장, 부산 가볼만한곳"
전포 술집 갈 때마다 만족하며 나오는 다이닝펍 다섯시반
부산여행 먹어본 음식들 내돈내산
서면맛집 부산여행 필수코스!! 해파랑국밥
48시간이면 부산 정복 가능! 합리적인 부산 여행 추천... 
부산서면 토요코인호텔 가성비 호텔 추천 (토요코인 회원제... 
따뜻한 휴일의 기록/부산 데이트 추천/부산사진전/부산서면사진전
부산진구 관광명소&amp;체험활동 즐기자~! 서면애가면 도보투어... 
[부산/서면] 찹스테이크와 파스타를 저렴하게 먹을수있는 서면... 
전포동) 대연동 쌀국수 맛집이 전포에 서면쌀국수 맛집 &quot;라이옥... 
[서면 전리단길 롶속] 흡사 제주도 느낌 낭낭한 부산 카페
생생정보통 부산 5000원 대구뽈탕 백반 무안 낙지 한상... 
"부산 동물원 삼정더파크 (입장료, 운영시간)"
요즘 딱 좋더라 부산여행 / 5월 부산여행지 / 부산추천... 
부산진구 전포동 전포카페거리 상가매매
[부산여행] 찬바람과 따뜻한... 느낄 수 있는 1박2일 부산여행!
"부산 야경 명소 황령산 전망대와 봉수대, 카페 블루뱅까지(ft.... "
"2019 부산 서면 수제 맥주축제, 실내 맥주축제!!"
부산관광택시 부산콜밴택시 투어 금련산맥의 절경을 볼 수 있는... 
부산 맛집 베스트10 좋아요
[보고 왔다] 요시고 사진전 : 따뜻한 휴일의 기록 - 부산
부산 서면 술집 분위기 좋은 새벽술집 - 하노이맥주밤거리
&lt;요시고 사진전 : 따뜻한 휴일의 기록 - 부산&gt; 주말 방문 후기
부산 나들이  ★  평지라서  15개월 아기도 걷기 좋은 부산시민... 
부산 유채꽃 축제에서 봄철 꽃향기를 마음껏 만끽하세요
"부산 삼광사 연등축제, KTX 타고 5월 부산 여행 가볼만한곳... "
부산 전포 카페거리 가볼만한곳 중에 좋았던 인테리어 소품샵... 
여행 기자의 사심 담긴 부산 여행지
부산 전리단길 카페추천 : 꾸오이아노
［얼리버드］&lt;요시고 사진전: 따뜻한 휴일의 기록&gt; - 부산... 
5박6일 괌으로 신혼여행지 정하기 / 투어빈여행사
부산 실내 데이트 코스 추천 : 전시회 팝업스토어 정보(일정... 
부산 서면 가성비 숯불향 닭발 [동네핫플 유튜브]
구땡식당 파절이 삼겹살 •구땡식당 서면 솔직 후기
바틀다이어리#1::부산 여행 중 가장 좋았던 전포 LP바 셰르... 
"부산 삼광사 연등축제, 부산여행지 추천"
전포동맛집 / 부들파이터 / 이색적인 음식이 먹고싶을 땐 필리핀... 
"부산 서면카페, 전포동카페 | 오엘이커피 (ole coffee)"
부산 롯데호텔 서면 숙소 부산 호캉스 추천
부산 가볼만한 곳 TOP 7 :: 부산 5성급 호텔에서 보내는... 
부산 수제버거맛집 아이가릿버거 서면다녀왔어요!
부산 전시회 요시고 사진전 방문 후기
[부산/부전]피크닉추천:부산시민공원(feat.그날의피크닉)
미국 느낌 양식 펍 •펑키 클로버 •전포동 맛집 Funky clover
이국적인 국내여행지 64
@부산:: 라오스식 쌀국수  전포 루앙프라방 전포 카페거리 맛집
2020 대한민국 방방곡곡 여행박람회
요시고 사진전 부산 전시 정보 예매안내 및 굿즈 요시고 전시 후기
부산 여행지 추천 + 맛집까지 8곳 총정리♡
전포동양식 파스타 맛집 몬베튼 애견동반 식당
상상마당부산 전시 요시고 사진전 할인 예매 시간 아르반호텔... 
"빛을 품다, 부산진구"
"부산 가볼만한곳 송상현광장 부산연등축제 낮, 밤 2번 다녀온... "
[부산 가볼만한곳/서면 가볼만한곳] 부산 요시고 사진전
요시고사진전 부산
[부산 여행코스] 서면 미식여행 가볼만한곳 서면한우... 
2022 대한민국 국제 관광박람회(대한민국 방방곡곡 여행박람회)
"부산 여행 호텔 추천, 솔라리아 니시테츠 호텔 부산"
[W/16] 신혼여행 계약 - 부산 &quot;팜투어&quot;
부산 아이랑 갈만한곳 놀이똥산 &amp; 런닝맨
부산 서면 33게이트 비행기카페 여행느낌 대박
"부산 서면 맛집, 믿을수 없었던 부산원조해물탕찜의... "
댕댕이와 함께하는 당일 남해여행 펫키지 '남해에서 멍멍!'
[설레는일상] 데이트코스 커피맛집 부산 전포카페거리... 
부산 부곡동 블로그 : 푸른 바다와 아름다운 풍경이 있는 곳
부산 서면 쌀국수 _ 호이안7PM
"부산여행 : 달맞이길 구경,이가네떡볶이,감천문화마을 구경!"
부산노트북매입 삼성전자 시리즈3 NT355V5C-S95D... 
충북 단양 가볼만한곳 다누리 아쿠아리움 볼거리 단양 여행
세계인이 자전거로 떠나는 부산여행! 2016 부산스마트자전거... 
Place :: [서면/숙소] 부산여행/파티룸 덴바스타호텔 센트럴
"국내여름휴가여행지추천 맛집,명소,숙소 총 정리"
맛잘알 뉴진스 혜인이 부산에서 먹은 맛집 정리 [뉴진스 코드]
[해피애견타운 수원점] 부산여행! 요약한 정보
요시고 사진전: 따뜻한 휴일의 기록
요시고 사진전 “따뜻한 휴일의 기록” 관람 후기
"호천마을의 낮과 밤, 쌈 마이웨이 촬영지(부산진구 범천동)"
2023 요시고전 부산 얼리버드 티켓 예약 5월 26일 까지 오픈
부산 서면 전포동 &quot;전포 카페거리/카페골목&quot; 콧바람 킁킁 add... 
[부산/개금밀면] 부산의 3대밀면중 하나인 개금밀면으로 고고싱!!
남자 둘이 떠나는 부산 2박3일 뚜벅이 여행 | 20220811... 
전포맛집 / 마코토 전포직영점 :: 일본느낌 가득한 츠케멘맛집
부산진구 전포카페거리 골목길 단장
부산 서면 단체도시락 토마토도시락
"부산 3박4일 여행(1) - 흰여울문화마을,  대복밀냉면, 부산옛날... "
[부산/서면/전포거리] 전포카페거리 뜬 힙한 슬럼가 컨셉의... 
"이너프 커피, 마레 지구 같았던 부산 카페"
"부산 여행, 야경 명소 황령산 봉수대 및 광안리 드론 쇼"
"부산 서면 오스테리아 부부 : 사랑하게 될 것 같다, 여기... "
분위기 가득 ! 부산 서면 맛집 “알로하 도쿄” 다녀왔어요 ~
[부산 부전동] 24게스트하우스 ! 서면 게스트하우스 위치도 최고
"꼭 가봐야 할 여행지, 20대의 오감을 자극하는 그 곳, 부산"
부산물회맛집-해물도시
[부산] 요시고 사진전 관람 후기
{부산서면} OHHH! 소리나게 맛있는 도넛츠 '오도넛'.
[부산전포카페] 씨스루 커피숍 보는재미가 쏠쏠
휴가철 맞이 &quot;올 여름 꼭 가봐야할 전통시장 50선&quot; 대공개!
부산 서면 캘리호스텔
부산여행 - 삼정더파크 동물원/ 도심 속 사파리로 떠난 가을여행
"부산 전포 카페거리 전리단길, 마레 지구 분위기의 가게들"
"빛을 품다, 부산진구"
서면 전포 소품샵 마벨미뇽 러블리한 서면 전포 소품샵
동북아 시대의 해양 수도 '부산 광역시'
슬기로운 부산여행/애견동반/아이들과함께하는 부산여행코스... 
부산 서면 맛집 황제잠수함 싱싱한 랍스타까지 통으로 들어간... 
{부산서면} 홍콩식 화산마라전골집 '용용선생'
어디로가볼까?동해안7번국도-구간6:부산
"뜨는상권 지는상권, 부산광역시 서면역 역세권 상권분석"
롯데호텔 부산 _ 부산 도심에 위치한 가성비 넘치는 호텔 후기
[부산 요시고 전시회] 요시고 사진전 따뜻한 휴일의 기록 - 부산
[부산 먼저 미래로] #8. 커피도시 부산
너가 궁금했던 부산
꼭 가봐야 할 부산 롯데호텔 휘트니스 회원권
서면 메트로파크 부산 최초 전포 부전 임대아파트 홍보관... 
부산 서면 볼거리 놀이똥산 부산점 아이랑 함께해보세요!
"기차여행 #2 부산 해운대, 가온밀면, 더그랜드카페... "
서면상가매매 환상적인 전포동의 카페거리의 코너건물... 
혼자 부산 2박 3일 - 2일차 (1)
부산카페추천 | 스몰굿커피 동의대점 : 크림이 존맛인... 
부산여행
"부산 전포카페거리 맛집, 서면 쌀국수 루앙프라방"
"내일로 부산여행 I 해운대 스카이캡슐, 해변열차, 미포정거장... "
야 너두 3박 4일 부산 뚜벅이 할 수 있어. #1편
"부산 전포 술집에서 해외 감성을 느끼고 싶다면, 맥주&amp;델리미트... "
2월에 가볼만한곳 국내 겨울여행지
가족 다같이 떠나기 좋은 추석연휴 국내여행 추천 4곳!
"부산가볼만한곳 서면미술관 OOTD전시회, 오늘의 나를 가장... "
더 스테일 서면 해링턴타워 부산진구 서면 상가및오피스텔... 
우리 서면해물탕 부산원조해물탕찜에서 만날까?
부산여행 1박2일 [ 광안리&amp;서면 ]
[부산 전포동 카페거리 맛집] 치즈 아메리카노를 맛보게 되다... 
부산서구포장이사 고객우선 이삿짐센터
부산역 맛집 / 현지인들이 직접 운영하시는 훠궈맛집 하이디라오
관람객 40만명 몰린 ‘요시고 사진전’ 부산서 열린다
부산 세레니아정 강아지 멀미약 구토억제 구토약
"[여행/부산] 3박 4일 여름 부산 여행 :: 1,2일차"
"[충청신문 주말여행] 부산... 시옷, 부산고등어축제... "
"부산 가볼만한곳, 맛집, 숙소, 여행 코스 추천"
서면 요시고 사진전 부산 방문 후기(예매방법/주차/굿즈샵)
"[애견동반카페] 겉바속촉 수제타르트 맛집, 부산 서면 고메"
"서면 요시고 사진전 부산 주차, 관람시간"
['22. 7월 부산 다녀온 훅희]
깔끔하고 가성비 좋은 부산호텔 토요코인 호텔 부산서면
부산 서면 맛집 분짜라붐 점심 먹기 좋은 반미 공심채 싸오
전포타코 맛집 멕시코요리점 타코리타
구워삶기 부산 서면 매콤불고기 오랜 맛집
"부산 서면 맛집 추천, 그집곱도리탕을 소개합니다."
첫 번째 이야기에 나온 맛집 여행지 정리! (2023-04-16)
노랑풍선 부산지사 출범~!!
6월 부산여행 여행블로거가 애정하는 부산 사진찍기 좋은 곳
팜투어 신혼여행박람회. 서울 대전 부산. 오직 허니문!
전포 브라켓테이블 부산 서면 소품샵 1탄
요즘 취미 소개 + 서면 보드게임 카페 추천
[부산 빵집] 꾸덕한 팥빵과 비스킷에 진심인 희와제과 | 위치... 
부산 여행 데이트 코스 가족여행 가볼 만한 곳 BEST 12
수제디저트가 맛있는 전포힙한 카페 넉박스
부산 댄스 페스티벌 젊은 열정을 느껴보세요!
"생방송오늘저녁 부산 70년 전통 소고기국밥,호박죽 위치... "
2021년 국내 봄여행지 &amp; 비대면 안심 관광지 25선
부산 굴 맛집 끊임없이 무한으로 만원 달리자
[부산 서면 가볼만한 곳] 요시고 사진전 웨이팅 없이 다녀왔어요.
"생방송오늘저녁 부산 소고기국수,선지국수 위치 알아보기"
부산러가 알려주는 부산 관광 부산 먹거리 추천지!!
부산숙소 롯데호텔부산 부산호텔 후기
Merry2n 여행지 기록지
부산취미미술 서면 수기스미술 해바라기 유화 완성!
부산 물놀이 장소 추천 아이와 함께 가볼만한곳 부산시민공원... 
합리적인 부산 여행코스추천  부산투어패스~!
"부산여행 로컬 맛집 , 새벽집"
부산 뚜벅이 여행 가볼만한곳 4곳 부산역 근처 서쪽여행
[ 부산 ] 세 번째 겨울 부산여행 1 (feat. 구제시장... 
"부산진구, 동천은행나무길 아트프리마켓 개장[부산진구이사전... "
부산 해운대 시장 맛집 / 푸짐한 조개구이 한상을 찾는다면... 
부산진구청 만료 여권 재발급 후 수령하는 방법
부산 사하구 다대포회식 맛집 / 건강한 편백찜을 먹을 수 있는... 
양산 파스타 컨트리맨즈
부산 해지고 가기좋은 시민공원
부산역 근처 가볼만한곳 여행지 카페 먹거리 모음!(민주공원... 
[서면의 맛있는 이자카야 여행]
부산 아이랑 갈만한곳 런닝맨 부산점에서 신나게 놀아보기!
부산 벚꽃 명소 개화 시기 개금벚꽃길 봄꽃 구경하러 가자!
"당일 부산 여행(맛집, 가볼 만한 곳 추천)"
[사진으로 떠나는 전국 여행] 글쓴이의 여행일기!!
[부산 서면] 요시고 사진전 :따뜻한 휴일의 기록-부산 비 오는 날... 
다시갈지도 여행 고수들의 비밀 휴양지 BEST 5 자코파네... 
김정태 와인바 위치 부산 펍&amp;레스토랑 사장님 귀는 당나귀 귀... 
국립부산국악원 토요신명 실내데이트 가족과 가볼만한곳 후기
[부산 숙소]솔라리아 니시테츠 호텔 부산
엽서도서관 포셋전포 부산 서면 가볼 만한 곳
"부산 진구 야경 맛집, 쌈 마이웨이 촬영지 :  호천마을"
"부산 서면 고깃집 /통삼겹살 바베큐, 껍데기 맛집/ 녹슨드럼통"
백화점 클럽 식당 한강 토끼굴 송도 부산해운대  광안리해변 불상
"[부산 맛집] 솥솥 서면점, 도미관자솥밥 연어장솥밥 서면맛집추천"
"부산, 첫 날"
"부산 요시고 사진전 관람 후기(주차팁, 예매팁, 굿즈, 포토존)"
부산1박2일 부산먹거리 부산밀면 서면밀면 서면가볼만한곳... 
지구마불 세계여행 곽빠원 곽튜브 원지 빠니보틀 금문교... 
"부산 전시 : 요시고 사진전, 따뜻한 휴일의 기록"
전포 애견동반 가능한 테라스 신상 카페 서면 퓨링크
"23년8월,여름휴가에 가볼만한 사진전시회 소식"
[일상] [ 요시고 사진전 : 따뜻한 휴일의 기록 ] - 부산... 
"가볼만한 여행지,5월 국내여행지 추천,5월 여행지 추천)"
전국 카페•로스터리 커피 맛집 추천 지도 + 부산 인기 커피... 
맛있는 식당 추천 부산 서면 전포카페거리 맛집 정보 위치 어디
"23th.부산, 넌 내게 감동이었어"
"안심관광지 부산, 2021년 서울국제관광박람회 참가!"
부산화관 서면화관 전포동화관 원플라워에서 제작해드립니다.
2021년 국내 봄 여행지 &amp; 안심 관광지로 봄나들이 가자 !!
전포꽃집 신선한 꽃다발 가득한 플라워스튜디오 엠마
부처님오신날 부산 해동용궁사 삼광사 범어사 연등축제 기간... 
"은은한 커피향과 함께 나만의 개성을 찾는 길, 부산... "
부산여행 인생샷 보장! 사진 찍기 좋은 아름다운 부산 명소... 
부산 여행 (7.30)
"또 부산여행(요시고사진전 부산, 부산 숙소, 기장 숙소, 마티에... "
5월 국내 여행지 추천 BEST 5
부산2호선전포역
[9cci_log] 부산 서면 요시고 사진전 관람 후기 실내 데이트... 
[국내호텔특가] 봄 국내여행 호텔 추천! 최저가로 만나보세요~
부산 어린이창의교육관 부산 실내 아이와가볼만한곳... 
"부산 전시회 요시고 사진전 서면 상상마당 실내데이트 주차, 꿀팁"
부산 진구 가볼만한 곳_부산 여행 필수 코스인 재래시장... 
"[부산/전포동] 도우개러지 피자 | 서면 피자 맛집, 미국 감성... "
부산 전포동 [산애카페] 감성 카페 추천
1박 2일 부산여행 서면가볼만한곳(feat. 광안리 숙소)
부산 2박 3일 여행 코스 꼭 가세요
"전포 과일카페 프루토프루타, 부산여행 핫플!"
[국내여행/겨울부산여행] 3박4일 부산여행(3)(feat.부산... 
요시고 사진전 부산 예매가격 시간 주차 총정리
[메리의 랜선여행] 부산의 뷰 맛집 두 곳 추천/ 초량동 '168계단... 
충북 단양 당일치기 여행코스 가볼만한곳 전망대 구경시장... 
[냠냠/부산_진구] 분위기 좋은 술집 하와이지
부산 가볼만한곳 감천문화마을 포함 로맨틱 여행 코스 5
◆부산 주택개조한 세련된 카페1973! 미팅 장소로도 추천◆
"부산웨딩업체, 부산웨딩컨설팅업체 &lt;웨딩채널&gt;에서 행복한... "
[여행] 부산 송상현 광장 방문
부산여행필수코스 전포카페거리 서면포차 오성가든 서면술집추천
부산 산복도로 전망대 추천 5곳｜부산을 한 눈에 담다
안가보면 정말 후회한다는 봄 축제 여행지 3곳 - 숨겨진 리얼꿀팁
[전포 요리주점] 테이블세터 전포
5월 여행지추천 5월 축제하는곳 175곳 모음 5월 축제가볼만한곳
[전시] 요시고 사진전-부산
전포동양식 두툼 최애 치킨버거 FUNKY CLOVER
부산롯데호텔에서 여름휴가를 - 야외풀 DJ공연과 맛있는맥주
"낮술과 밤카페를 전포에서,전포 빗센"
[부산데이트]요시고사진전/요시고 부산/부산사진전/서면사진전
부산 서면 맛집 동방축산 서면본점에서  배부르게 먹고 왔어요!
서면삼정타워 태국요리맛집 '어밤부 abamboo' 방문기
[부산 카페] 개금에도 이런 카페가?!1 맛있는 커피와 디저트가... 
왕초보도 가능한 미술 원데이클래스! 부산 서면 퀸맵스튜디오
[부산 서면]전포카페거리맛집 추천 몇번째 가도 분위기 좋은... 
부산 서면 브런치 먹방여행 디노브런치 에그베네딕트 맛나다
부산커플숙박 부산가족숙박 ON모텔 부산여행
서면 맛집 킨슈 야키니쿠 분위기 좋은 부산 전포직영점 맛집 추천
"부산 가볼만한곳, 부산 맛집 소개, 부산 여행 코스 추천, 놀거리... "
부산 호캉스 호텔 Best 3
10月
4월축제 2011년 축제 4월축제하는곳 4월 여행 벚꽃축제... 
&lt;부산전시회&gt;KT&amp;G상상마당부산ㅡ요시고사진전:따뜻한... 
전포 점심 맛집 홍콩음식을 맛볼수 있는곳
부산여행 추천지 2★ 오래 간직하고 싶은 사진을 찍는 &lt;부산... 
전포에서 제일 핫한 카페 감성맛집 마셰리27
"&lt;황령산 봉수대&gt;, 부산 도심 전부를 내려다볼 수 있는 곳, 부산... "
"[여행일기] 부산에서의 힐링! part 2 (ft. 시장, 요트, 카페)"
부산진구 도심체류형 관광활성화 팸투어 2일차
전포 신상가게 태국 스타일 타이랜올
"부산 전포동 카페, CAFE DENNIS(카페 데니스)"
[반할부산] 부산 가을여행 당일치기 코스 추천
[부산] 서면 브런치 맛집 커피스가모 인 서면 -팬케이크와... 
부산 데이트 코스로 좋은 곳 BEST 3 (해운대블루라인파크... 
부산 서면 맛집 &lt;멘야산다이메&gt;_일본라멘
[부산 서면 분위기술집] 레트로 감성의 핫한 서면신상술집!... 
7/7-8 이니쌤 여름휴가로그 요시고 사진전 부산... 
가 추천하는 부산 가볼만한곳 휴가 여행지 추천! 구덕 문화 공원
전포/문현동 카페 | 그레이풀 Gray Pool |
[부산/서면] 부산 데이트 코스로 유명한 부산 핫플_놀이똥산
부산 관광지 갈만한곳 혼자 여행 best 7
"부산여행 - 부산 서면 거리구경, 칼국수 맛집 소개"
부산진구 안내
진티의 여행일기 - 포항국제불빛축제 그리고 부산에서... 
벚꽃철 추천캠핑장 단양캠핑장 천동오토캠핑장 단양... 
서면 맛집에 다녀오다
홍콩 미슐랭 쉐프님이 운영하는 딤섬 전문점 [딤타오 서면점]
♥부산 오륙도 스카이워크에 산책 다녀왔어요^.^ 경치가 정말... 
부산 2박3일 여행 기록 (feat. 부산여행 맛집 리스트)
"부산 핫플레이스 서면 전포 카페거리-작은 카페와 식당, 소품숍"
선정한 부산 삼광사 연등축제[5월의 추천여행지/야경사진... 
[부산 카페] 서면 전포동 카페 '노베이커노베이커스' 방문 후기
KT&amp;G 상상마당 부산 요시고 사진전 : 따뜻한 휴일의 기록... 
부산 서면 성인취미미술 / 수채화 그림배우기는 아트아뜰리에 :)
서면밥집 현지인쉐프의 서면태국음식 카오짜이
부산 전포동 카페 전포리 분위기짱
[부산지도] 부산갈만한곳이 잘 나와 있는 에이든여행지도
[차선책] 내추럴한 분위기의 커피 맛집 서면 카페
부산 나들이); 어린이 놀이터 부산시민공원 부산여행 가볼만한곳
부산여행
"주말여행] 부산 가볼만한곳은? 영도다리, 전포커피축제, 부산... "
[퀸맵스튜디오 이응과 캄비의 시선을 더한 부산] 서면... 
(부산)서면역 더스테일 해링턴 타워 분양공급 안내
"부산 요시고 사진전 서면놀거리 추천 (주차장, 물품보관함)"
가을! 이색여행 추천(여행지편)~
"최대 216,000원 여행 지원금 받아서 여행 가자 [여행로그... "
[요시고 사진전]서면 사진전/ 휴양지 대리만족 하기 서면 전시회
"부산원데이클래스 ) 나만의 인센스 홀더, 파이스목공방 후기"
"부산 Busan 전포동... 개미집, 부산에 아끼는 커피집... "
