"야외전시관, 천천히 둘러보기 아주 좋은 부산 동래구 여행지"
부산광역시 동래구 여행지/관광지/명소 추천
부산 여행지 추천 :: 중부산권_기타(금정구/동래구/연제구... 
국내여행 오디오가이드 초등 교과서 여행 부산 동래구 충렬사
부산동래구 신경외과질환 불편함 초기부터 관리
동래구호텔 부산 하운드호텔 미남역점 깔끔한 사직야구장숙소
부산 동래구 | 항일 여성독립운동가 박차정 의사 생가 방문기
부산동래구 페도라 s9 유모차세탁및 곰팡이제거까지~
부산 동래구 명장동 2대째 동네맛집 얇은 가부리살이 있는... 
부산 동래부동헌 충신당 사람 없는 곳 한적한 여행지
부산 애견운동장 동래구 온천천 무료 반려견 놀이터  (반려동물... 
"동래읍성역사관, 가볍게 산책하기 좋은 부산 동래구 여행지"
부산 동래구 가볼만한곳 동래읍성 임진왜란 역사관 아이와... 
[ 부산 혼주 어머님 한복 메이크업 헤어 ] 동래구 온천장... 
"부산 동래구 온천동 호텔, 온천장역 숙소 &lt;농심 호텔&gt;"
부산여행지 동래구 동헌 관람기~
부산 경상도 꽃 여행지 추천 리스트
부산 동래구 온천천카페거리 참숯으로 구운 족발 맛집 깐깐한... 
BOF 부산 여행지 추천
4. 부산 동래구 - 충렬사
부산 동래구 고등 영어과외 중학생 수학과외 초등 국어 내신... 
부산 동래구 안락동 상가건물 매매 / 온천천 카페거리 메인자리... 
동래온천(東hot온천)은 부산광역시 동래구에 있는... 
일본지도   일본여행지 추천... 가볼만한곳 동래구 재개발 부산... 
즐기기 좋은 여행지 부산 동래구
부산여행지추천 부산동래구 여행코스
부산 여행 코스 l 부산 안심 여행지#3 부산으로 떠난 역사 여행... 
부산여행지 기장 치유의 숲과 동래구 온천천 산책다녀와서입니다
"부산 여행지 : 동래 금강공원 케이블카 단풍구경 (주차, 입장료)"
부산 도시철도와 떠나는 부산 단풍여행지 추천 !
부산 여행코스 부산 여행지 추천
부산 동래구 Busan - 온천과 역사의 고장. 부산 동래 #2... 
[국내여행지추천/부산여행] 부산의 중심 동래구
(부산 여행지)부산 동래구에 있는 동래구 동헌에 우연히... 
강추하고 싶은 부산 동래구 맛집
"부산,동래&gt; 동래구 탐방코스"
부산 여행코스 부산 여행지 108곳 모음
부산광역시 동래 갈만한곳 볼거리... 동래구 여행코스 추천...
곳 l 부산에는 바다 뷰만 있는 줄 알았지? 숲 뷰/산뷰 여행지 5
부산여행지 온천천 벚꽃명소 + 광안리 놀거리 + 달맞이길... 
10월 부산가볼만한곳 동래구 3개 가을축제(2017 대한민국... 
부산 동래구 산책로가 보이는 &lt;온천천경동리인 2차... 
부산역사 부산추천여행지!/ 동래구 해맞이행사하는곳... 
소식 ◡̈ ] 부산 메이크업 동래구 온천동 면접헤어... 
유럽여행 후 코로나19 검사 후기 (부산 동래구 보건소)
[부산/동래구/온천장/타이음식/타이빈]
동래구에서 즐기는 취향저격 3대 축제(Feat.부산경제진흥원)
부산모텔 컬러풀하고 세련된 동래구 와우 모텔
[부산 네일] 부산 동래구 네일샵 엘뷰티 ♬
부산 근처 여행지 드라이브 부산 근교 당일치기
부산 여행지 추천 l 우리 동네에서 즐기는 역사/사적 여행... 
"휴대폰충전, 식당, 라방, 짐보관, 캐리어보관, 부산 추천 여행지"
부산 동래구 온천동 대성횟집 / 자연산 모듬회가 제대로인... 
[부산 여행] 벚꽃  명소 동래구 온천천에서 동백꽃까지... 
[부산 동래구]마안산... 부산31독립운동기념탑/ 부산추천여행지... 
명소 BEST 6 l 가을 부산에 간다면 꼭 가봐야 하는 단풍 여행지
"부산 여행지 추천 l 붉은 꽃들의 향연, 아름다운 배롱나무를 볼... "
앞 공영주차장 맛집 부산 여행지 주차비 요금
"나만 알고 싶은 부산 단풍 명소 3곳, 11월 국내여행지 추천"
부산 여행지 추천 l 마지막 더위를 물리쳐 줄 부산 스케이트... 
동래구 e이편한세상동래명장1단지 30평 부분 인테리어 _ 부산... 
부산 송공단 기본정보와 유래 - 부산 역사 여행지
부산 동래 여행지 추천 (걷기 좋은 길 트래킹 역사 투어)
부산여행:) 부산은 벌써 봄! 매화 여행지 수영사적공원 등 3곳
여행지 베스트5 소개합니다! 올겨울 온천여행 즐기세요! 부산허... 
"부산 봄여행지_충렬사 만월매, 화려한 동백꽃으로 물든 도심 속... "
부산 8월 가볼만한곳 | 광복절 꼭 가봐야 할 부산 역사여행지... 
"부산,김해 추천 매화 명소/ 여행지, 주차정보, 경남 매화... "
여행이좋다 :: 부산여행지 부산에 가볼만한곳 먹거리 볼거리... 
[부산여행코스] 부산녹천온천호텔 패밀리B룸후기 아이와 부산... 
6월 호국보훈의 달에 떠나는 부산의 특별한 여행지
부산에서 가장 잘 팔리는 전기자전거 타이탄700의 출고 스토리
부산 10월 축제행사 가을 경남여행지 가볼만한 곳
먹는 즐거움이 있는 동래맛집 고기집 산성식육점
"부산 여행지 l 동래로 떠나는 역사 투어, 부산의 뿌리 깊은... "
"부산여행지, 부산가볼만한 곳 :: 복산동벽화마을 + 동래복천동고분"
부산 온천여행지 허심청 녹천온천호텔 워터하우스 가족과... 
창원이바지음식을 부산 동래구의 김도X 신부님께... 
"[부산 동래호텔] 농심호텔, 다정도 병인양 잠을 푹잤으니"
부산 여행 코스 나들이 핫플 부산 관광지 보고 부산 먹거리
"[부산등산코스]가을이 한가득... 동래문화회관,가을여행지추천)"
호텔농심이 추천하는 부산 12월 겨울 가볼만한 곳
부산 카페 가볼만한곳 스타벅스 동래허심청점
부산 동래 아기랑 산책 코스 동래읍성 단풍 야경 주차장
"부산 여행지 추천 l 우리동네로 떠나는 여행, 우리동네 예쁜... "
여행코스... 부산 관광지도 여행지도... 부산 여행지 추천...
부산 가볼만한 곳 및 추천 여행지 TOP 14 :: 알뜰 살림 정보통
10월의 가볼 만한 곳 : 한 번에 즐기는 동래구 3대 가을축제
[부산 동래구 수안동 온천천] 봄소풍을 부산으로~~부산 벚꽃명소... 
부산 가을 여행 ㅣ 부산 단풍 여행은 여기 어때요~? 알록달록한... 
부산여행/   충렬사와 안락서원의 가을/부산추천여행지   #페이지
미리 보는 부산 봄꽃 추천여행지 5곳
부산 가을에 가볼만한 여행지｜가을엔 산이지! 트래킹부터... 
"부산 가볼만한 곳 l 올 여름, 부산여행을 준비하는 분들께... "
10월 부산가볼만한곳 동래구 3개 가을축제(2017 대한민국... 
트릭아이미술관(상상속 세상이 현실이 되는 부산여행지)
부산 동래구 &lt;온천천 경동리인타워1차&gt; 거주중에도 설치가능!... 
『부산 동래구 여행』누비누비와 함께하는 세 번째 여행! 동래... 
부산 여행지 소개 - #9 동래읍성
[부산 동래구] '부산 충렬사' 그곳에는...
[배짱이의 2020년 해외여행지 추천 여행 강의] 롯데 백화점... 
호텔농심이 추천하는 부산 가을 여행 가볼만한 곳
"다이나믹할 수 있어! 뻔한 여행 말고, FUN한 별바다부산 여행"
"[동래구보건소, 연제구보건소] 동남아여행 ㅣ 장티푸스예방접종... "
온천천이 한눈에 들어오는 부산 동래구 &lt;온천천 경동리인2차... 
여행지 추천 | 7번국도 타고 푸른 바다 만끽하자! 속초~부산... 
부산 가볼 만한 곳 l 노란색으로 물든 봄이 찾아왔다! 부산... 
(부산맛집 부산 동래구 맛집 부산 사직동 맛집 소문난 주문진... 
부산온천호텔 녹천이 전하는 부산 모녀 추천 여행지
부산 가을 먹거리 축제 동래읍성축제 동래읍성역사축제 가수... 
부산 금정구 동래구포장이사 이용해본 후기
이번 생은 처음이라-부산 동래구 온천장 류태현동물병원
부산데이트코스 야외유적지 무료관람 후기 복천박물관
[부산 여행 정보] 꽃가루를... 터트려~ 꼭 가봐야 할 부산 벚꽃 명소
동래구여행사/가보세여행사] 4월 추천여행지 - 라오스
[부산여행/봄 여행지/봄꽃 여행] 부산 온천천 봄 벚꽃 여행... 
부산광역시 가볼만한곳 여행지 관광지도 여행지도 가봐야할곳... 
부산 동래구맛집_매운 불스지가 당길 때는 스지회관
/알파인화이트/블랙시트/ 부산BMW금정매장/동래구
[부산여행] 부산 동래 닭볶음탕 맛집 엄지척닭도리 본점... 
[호텔할인예약/부산 동래구] 농심호텔
부산여행 렌트카 호텔 한번에~ 농심호텔 부산여행지 추천
"부산트릭아이미술관, 온천장 허심청의 새로운 변신!_부산여행지... "
"부산 가볼만한 곳/ 숨은 벚꽃명소/ 3,4월 여행지/ 부산 봄 여행지"
부산 동래파티룸 공간대여 여행밴드 모임
"연제구 동래구 주간보호센터, 수민동 주간보호센터, 연산동... "
[부산여행지/음식여행] 대표접빈음식 발굴 프로젝트 2
부산 : 동래읍성 나들이
부산 동래 내돈내산 맛집 신가네 떡볶이 (현지인 인정)
부산출발중국여행지][부산하나투어/동래구하나투어... 
부산나들이여행지:: 가야의 문화 모습을 볼 수 있는 숨은 명소... 
"농가레스토랑, 카페 비비낙안-부산 동래구 온천장 류태현동물병원"
부산출발푸켓][12월여행지추천... 부산하나투어/동래구하나투어... 
부산 가볼만한곳 부산 여행코스 120여곳 완벽 안내
부산여행 즐거운 여행을 원한다면
부산에서 꼭 가봐야 하는 | BTS 따라가는 부산여행코스추천!... 
부산혼주메이크업(동래구메이크업/동래메이크업... 
부산 가볼만한곳 :: 해운대 송도 남포동 놀거리 등 여행코스 추천
여행블로거 가을여행 부산 가볼만한곳 BEST6
가면좋은부산여행지추천 여름실내데이트 실내볼거리... 
함께 트레킹 어떠세요~? 가을 부산 5대 트레킹 챌린지 설문 이벤트
봄 꽃구경  봄나들이 애견동반 가볼만한곳 3월 4월 5월 여행지... 
"추운겨울, 온천 여행 떠나자~! (feat. 부산 동래온천 도시재생)"
[부산대중교통기자단 1기] 부산버스와 함께하는 동래구 관광
"[부산여행]신혼여행 - 4일차, 그리고 다시 서울로... "
여름 건강 여행지 추천: 몸과 마음을 리프레시하는 최상의 목적지
부산 해양자연사 박물관 등 겨울부산여행지 소개
"부산 가을 데이트 명소/아이와함께,연인과함께 부산여행"
부산 지역 역사 탐방 및 여행지 사이트 추천
부산 여행 가볼 만한 곳 -  핫플 온천동 천천로드
&lt;부산 동래구 사직동 논술면접&gt;[필독서 따라잡기] 우리 시대의... 
부산 송도 오션뷰 카페 아트케이 취향 저격일세
부산여행사/동래구여행사]... 추천 여행지 ♥방콕&amp;파타야 / 푸켓... 
[부산여행지추천] 부산 동래패총
겨울 여행지 추천 - 부산 ! ( 제 1편 )
부산 안락동 맛집 뷰가 좋던 깐깐한족발
부산 여행 코스 l 부산 5대 트레킹 챌린지 &lt;금정산 둘레길... 
부산 여행코스 111곳 모음 부산 여행지 추천
아이랑 부산여행 갈만한곳 동래읍성 역사관 광장 부산 역사 여행
2020년 배틀트립 첫 여행지! SF9... 울산&amp;부산 초심 여행기!... 
부산 야경 맛집 투어 동래 밤 드라이브 명소 동래읍성 서장대... 
가을 부산 걷기 좋은 산책 추천 코스 BEST 06 데이트 가족여행... 
부산원조50년전통조방낙지 별미지요
부산 가을여행 코스 |  BTS/BOF 콘서트 보고 놀러 가자~ 부산아... 
추운 겨울 몸과 마음을 녹여 줄 부산겨울여행지 추천 동래온천
[부산 동래카페] 편안한 감성에 디저트가 맛있는 카페... 
부산서구포장이사 고객우선 이삿짐센터
부산 시장 먹거리 투어 온천장 허심청 가족탕 가는길 온천시장
"[부산 여행] 나들이 하기 좋은 곳, 부산 시내 유적지 복천박물관"
부산 가볼만한곳:) 몸도 마음도 리프레쉬! 부산힐링여행... 
부산 여행 코스 동래향교 역사 여행지도 패키지 동래 놀만한곳
부산 여행 코스 사직야구장에서 야구 경기 보고 온 후기
부산 혼자 뚜벅이 여행 동래 충렬사 산책 아이랑 갈만한곳... 
산촌민박 김석봉 정노숙님-부산 동래구 온천장 류태현동물병원
부산실내 가볼만한곳 베스트10 장소
2023 벚꽃 개화시기 부산 벚꽃 명소 동래 복천동 고분군 산책... 
부산 산책 코스 애견산책 걷기좋은곳 동래읍성지 인생문... 
"부산여행지추천, 동래부 동헌! 여기는 어떤 곳일까?"
부산 디저트 맛집 벌써 세번째 방문!
[부산/동래구/동래별장/한정식]
동해남부선 여행객을 위한 동해남부선 역주변 추천여행지
온천천 포함 부산 벚꽃 명소 볼거리 부산 여행코스 추천
부산아파트입주청소 동래구삼정그린코아 말끔하게 깨끗함으로... 
"부산의 중심, 동래구"
12월 부산추천관광지 동래온천/해운대온천으로 모락모락... 
부산금정구렌트카@.동래구렌트카@.연제구렌트카.@진구렌트카... 
11편.[부산광역시 금정구 서동/부산 동네 한바퀴/부산여행지추... 
"[부산IN신문] 부산관광공사, 10월 추천 관광지 선정... "
부산 혼자 여행 코스 동래부 동헌 충신당 동래 역사를 찾아서... 
가을여행지 전국가을축제  재개발지역 부산가을축제... 
부산 기장여행 죽성성당 해물탕 친구촬영지
동래닭도리 맛집 &lt;&lt;닭도리어때요&gt;&gt; (ft. 닭튀김 2900원 이벤트... 
부산 맛집=동래 맛집 아침식사 가능한 24시 김밥천국
부산 사직야구장 시야 321블럭 1열 와이드탁자석 시야... 
"부산 핫플 여행지를 소개합니다. BTS도 다녀간 성지, 카페... "
[ 부산 ] 온천천양곱창 • 이대호 단골집... 사람입맛은 다... 
[해외여행지추천/필리핀막탄섬]모벤픽호텔리조트...1탄
가을여행 마지막날(부산 불꽃 축제)
"부산, 진해, 경주로 봄맞이 국내여행 떠나요! + 벚꽃 개화시기"
부산온천 가족탕 온천동 녹천온천호텔 ❤
부산 가볼만한곳 베스트10 좋아요
"부산 동래 골목 속 로컬 아지트!! (2층, 5층 동영상 있음!!)"
[여행 잡학상식] 부산의 봄 명소 ①
타이빈 : 부산 동래 온천장 태국음식 타이요리 레스토랑 방갈로... 
6월 김기사 사용자들에게 인기있는 여행지 BEST 10 (부산)
[호텔예약/부산 동래구] 부산 농심호텔(온천) 할인예약 및 숙박... 
계절의 여왕 5월에 가봐야 하는 여행지 추천 베스트 4
[부산 여행 코스 추천] 와니파파가 직접 가본 부산 여행지
2TV생생정보 택시맛객서울중구 가격파괴부산뷔페 촬영지주소
"2023년 4월 제주여행, 비건맛집 비건투어 푸더매"
숨겨진 부산 영도 벚꽃 길 풍경
부산 야경 여행지 데이트코스로도 좋은 만덕고개누리길전망대
생방송투데이 52년 전통 부산 낙곱새 소문의맛집 월 매출 1억... 
부산 동래ㅡ신라 때부터 “물 좋다” 소문...민족목욕탕 부흥... 
[이벤트] 부산관광공사 x 대한항공 | 부산-상하이 콘텐츠... 
테마가 있는 겨울 온천 여행지 10선
영화제 불꽃축제 말고... 부산의 숨겨진 알짜 축제3
"[부산여행지/음식여행] 대표접빈음식 발굴 프로젝트 1,2... "
광복70주년기념 역사탐방 여행지 추천-3. 부산
부산 시티 투어 맛집 어디가지
부산 동래시장 근처 부산 가볼만한 곳 조선시대 부산의 중심... 
부산 가볼만한곳 낙동강 삼락생태공원 동래온천장
지금 당장 떠날 수 있는 도심 근교 가을 여행지 추천
부산 봄꽃여행 매화 구경 가볼만한곳 부산 매화 명소 충렬사... 
부산지방법원 근처 추천 명소
여행가게 - 국내 온천 &amp; 스파 여행지
"해운대해수욕장 개장, 해운대해수욕장, 부산 여행지, 부산... "
"특별한 맛 여행, 백년가게로 떠나요(부산)"
금년 여름휴가 여행지 전국  맛집 100선 안내 여행지에서... 
[부산 여행 정보] 유니크베뉴_이벤트‧문화시설
부산광역시 동래구 정림한정식 한식 - 달콤한여행
부산 사직동 소문난주문진막국수 여름 별미
부산 여행 코스 l 부산의 동화 같은 풍경 속으로 빠져보실래요... 
"2023년 봄 부산 벚꽃길 피크닉 BEST4(삼락생태공원, 황령산... "
2023 대한민국 국제관광박람회(대한민국 방방곡곡 여행박람회)
[부산여행] 가을에 산책하기 좋은 '부산 복천동 고분군' 산책로... 
국내 10월 가을 여행지 추천 10탄 부산
"[해운대백병원 여행지 소개] 부산 추억의 명소, 금강공원"
여행이좋다 :: 복천동 고분군 복천박물관... 부산 갈만한곳 명소...
부산사직맛집 돈어길 부산점 추천
"12월 천안 웨딩박람회 일정 다른 지역별로 (수원, 화성, 안양)"
부산 동래빵집 메가마트 동래점 바스키아 베이커리... 
부산 대게 맛집 동래 사직동 횟집에서
"부산 아파트 가격(해운대,수영구,남구,기장군 실거래가 와... "
추석 연휴 부산 방문기 2 (국제시장. 범어사. 금정산 케이블카를... 
[배낭속에인문학]대한민국 항구도시 부산 여행지추천 영도대교... 
[겨울여행지] 힐링을 하고자 떠난 친절한 삼대씨의 강원도... 
"점인 부산 랜선 야경투어... 송도해수욕장, 부산 가볼만한곳"
여름여행지 추천 -부산 -
반나절 부산역사투어 - 동래구 1
[부산 여행] 부산 여행지 추천
부산 구르메 투어 : 사직동 금강만두
[부산 여행] 부산의 여행지를 추천합니다
[부산] 애견동반 원데이클레스 Best3
복천박물관 부산여행추천
부산으로 떠나는 가을 단풍 여행! 부산 단풍 명소 4선
[부산여행] 부산여행준비 1-2. 여행지 정보 모으기 두번째
봄나들이가기 좋은 요즘! 국내 여행지 추천★
어쩌다보니___북경오리
명절 피로를 확 풀어줄 국내 온천 여행지 4선
내돈내산) 부산 온천장 돈까스 전문점 &quot;요세미티경양식&quot;
[부산여행] 부산 충렬사 방문 후기 - 임진왜란의 아픔을 간직한... 
저렴한 케이블카! 부산 금정산 케이블카 여행
전남 순천시(110827) ★ 6080 추억의 여행지인 '드라마세트장... 
부산 여행코스 동래 관광지 명소 뚜벅이 여행 동래읍성
부산 가을 산책하기 좋은 동래 복천동 고분 복천박물관
여름여행지 추천 - 부산 -
[부산 여행]부산 여행지 추천 두미촌돼지국밥 모모스커피... 
부산 노포 중국집 맛집 온천장 백객도 하루 3시간만 영업하는... 
"국내여행지도, 에이든 부산지도 들고 부산여행 가입시더~"
에이든 부산여행 지도세트
"부산 현지인 추천 카페  5곳 (기장, 금정산성 외)"
동래 가볼만한곳 마안산 부산3.1독립운동기념탑
부산 동래 술집 무권리 이국적인 독보적 분위기 동래역 술집
톡톡부산 부산 원도심 스토리 투어 : 용두산 올라 부산포를... 
부산 찜질방 추천 실내 가볼만한곳 허심청 온천 찜질방 가격
동래 브런치 분위기있는 부산대 데이트코스 포맨티코
부산 동래 삼일절행사 역사체험 후 독립운동가 페이퍼토이... 
부산 안락동 로컬맛집 스지고집
부산상가매매 시 중개수수료 절약하는 방법
추천 국내여행지 - 숨어있는 명소 모음!
[하나투어/부산하나투어/동래구여행사/가보세여행사] 방콕... 
"추운 겨울, 따뜻한 방안에서 떠나는 부산 랜선여행을 시작해... "
"장마철 부산의 학습여행지  부산박물관, 복천박물관, 부산... "
[부산여행지추천] 충렬사
부산골프피팅 확실하게 배우고 싶다면 feat.지스타 골프
온천천 카페거리 술집 아더와이즈커피바 뷰맛집 카페로 추천
"러기지, bon voyage, 스마트 여행자의 필수품, 랄프 로렌 컬렉션... "
[추천1_사찰순례-사찰여행지] 조계종 25교구 본사
동래 안경 : 동래구 안경 저렴하고 질좋은 으뜸50안경 부산동래점
"장마철 자녀학습여행지 5선 - 부산박물관, 복천박물관... "
[부산 동래 맛집] 부산에서 즐기는 제주도 고깃집 “엄용백 낙돈”
"부산여행코스추천 , 11월 여행지~ 오랜만에 힐링여행!"
[Travel 아트로드]겨울 부산 해운대
"동래아들, 부산의 대표 브랜드를 꿈꾸다."
부산]사직동&quot;온식빵&quot;부산빵지순례 솔직후기::부산빵집... 
백암온천으로 커플온천여행 가족온천여행을?
"출발확정]대만/야류/지우펀 4일 - 부산출발, 노쇼핑, 1일 자유여행"
부산역 동구 초량동 경부선 기차 KTX 타는곳 원달러 노숙자 극장
[하나투어/부산하나투어/부산여행사/동래구여행사/러시아여행]... 
[해외여행지추천/필리핀막탄섬]막탄의 달빛!!  (2탄)
부산 여행은 마이타운베스트 어플로!! 부산 지역 한눈에 알아보기
[트래블리더 7기 사전미션] 20대에 꼭 가봐야할 여행지 - 부산... 
[내돈내산]타블라라사 에이든 우리나라 부산 여행지도(2022... 
[부산] 동래 아구찜 추천 “오복가” !!재방문의사 있음!!
어디로 놀러갈까?? &amp; 부산 겨울여행지 추천 :)
[순천여행지/순천여행코스] 순천드라마촬영장 - 7080세대의... 
[부산 가볼만한곳] 1박2일 부산여행!
"부산 카이막, 라마단피데... 터키이스탄불문화원 부산점"
부산동래맛집 돛단배에서 방어파티
부산 가볼만한곳 사직야구장 뜨거운열기 속 이색데이트 이대호... 
"[어디가지또] 웹드라마 오,여정과 함께 떠나는 어디가지또 이야기"
조선시대 지혜·소통·화합 묻어난 ‘동래읍성’ 가보니... 
부산 이색 데이트 금정구 가볼만한 곳 BEST 5
"부산 사직동 빵집, 사직역 베이커리 [온식빵] 유기농 밀가루... "
[부산지도] 부산갈만한곳이 잘 나와 있는 에이든여행지도
조용한 배롱나무 명소 • 여름 꽃 구경 • 동래 충렬사
동래역 술집 식사로도 좋은 밀보스79
"새로운 발견, 일상 속 작은 여행지 방문기"
[순천여행지/순천여행코스] 순천만정원 - 여름휴가 국내여행지... 
맛집 부산맛집 불스지 부산맛집
추운 겨울 생각나는 따뜻한 부산 온천여행
부산 벚꽃 명소 광안리 삼익비치 온천천 벚꽃 달맞이길... 
"12월 부산 웨딩박람회 일정 허니문, 스드메, 웨딩홀"
"부산 2박3일 여행 1탄, 부산 맛집 추천 및 아난티 힐튼 소감"
국내 뚜벅이 혼자 여행 부산 문화 유적지 동래 장관청 아이와... 
코로나 시대 안전하게 우리끼리 둘러볼수 있는 동네 여행지겸... 
부산 &gt; 0200_해운대 &gt; 연인... 없이 여자끼리 가면 더 좋은 여행지
"❤️ 부산 동래맛집ㅡ박혜윤 통영 해물밥상 ,맛있는 해물 한상... "
부산 동래 카페 파나카f 숲속에 온것 같은 기분
부산노트북매입 삼성전자 시리즈3 NT355V5C-S95D... 
국책사업 여행지원금 4차 지원방법 여행로그 지원금 금액 당첨... 
[부동산] 부산行 - 부산여행 그리고 부산  부동산(아파트)... 
문화상품권5만원 추천 | 구매가이드 | 후기 | 인기순위 TOP... 
[동래모텔]부산 동래지앤지모텔 어떻게 생겼을까?GnG 파헤치기
[해피애견타운 수원점] 부산여행! 요약한 정보
겨울 여행지 추천 / 온천 여행지
"부산 센텀 신세계백화점 스파랜드 매점, 식당메뉴 및 할인정보"
[부산여행] 기장 대룡마을 - 문화와 예술이 공존하는 소박한 마을
부산광역시 동래구 부산해양자연사박물관 박물관 - 달콤한여행
환갑여행지에서 생신상대여로 감동이벤트 해드렸어요!
휴가철 맞이 &quot;올 여름 꼭 가봐야할 전통시장 50선&quot; 대공개!
[11월부산 가볼만한 곳] 케이블카 타고 시간여행 떠나는... 
부산 안락동 맛집 '스지고집' 맵찔이 불스지 도전기
국내 온천 추천 10곳
"부산여행, 영도를 누비다   흰여울문화마을 깡깡이예술마을"
[부산직항] 쿠알라룸푸르/말라카/겐팅/푸트라자야 5일... 
하나인 코로나 여행지 데이트코스 황령산 포함 3곳 부산산책로~
"“부산 릴레이 벚꽃 여행”, 부산 유명 벚꽃 코스 TOP 4 총정리... "
부산에서만 만날 수 있는 이색 카페
"[순천여행지/순천여행코스] 순천만자연생태공원 - 자연, 갈대숲... "
동래역 맛집 부산 술집 일식당 이자카야 신상 데이트코스... 
부산 대표 커피하우스 카페 엘레오스 최고의 바리스타를 만나다
너가 궁금했던 부산
힐링하기 딱 좋은 국내 온천 여행지 추천 BEST 10
카페 &lt;포토이&gt; 로고 작업을 진행했습니다
[부산겨울여행] 남포동 트리축제 / 빛축제 - 낭만 남포동... 
[부산맛집추천] 서면편 3탄 :) 부산3대 시카고피자맛집... 
부산 가볼만한곳 여행지 추천 금정산성 [아싸 신나는 여행]
동래 아이랑 데이트 필수 코스 인생네컷
"부산 가볼만한곳, 맛집, 숙소, 여행 코스 추천"
부산 대길숯불갈비
[부산 커피하우스] 커피최고의 맛 카페 엘로오스
부산 온천여행 허심청 온천탕 - 노천탕 사우나 이용후기
'부산 금정산성 막걸리' 휘휘 저으며 맛보는 달큰 쌉싸름한 추억!~
"[여수관광지/여수여행지추천] 여수 빅오쇼, 교동시장, 오동도... "
"부산 역사 유적지 여행, 부산 최대 가야고분군이 있는 복천동... "
"부산 동래카페 추천, 브루커피 동래점"
동래읍성역사축제 2023 감동과 전율이 있는 10월 축제
조방낙지택배 역시 원조는 배달도 꿀맛~!
부산 강서구 케이에스캠핑카 / 4인승 캠핑카 방음 단열작업
부산동래예술공원 완벽정리 놀랍네요
국내온천여행. 세계의 온천 여행지 모음
부산의 고대역사를 공부할 수 있는 여행지; 동래 복천박물관... 
"올겨울, 따뜻한 온천으로 떠나요!"
부산 명륜동 수제버거 맛집 목동버거 동래수안점
단풍과 함께하는 부산여행코스 (feat.대중교통)
좋은 핫플 부산가볼만한곳 벚꽃+유채꽃을 즐기기 좋은 온천천... 
[배짱이의 여행스토리 공지] 여행 강의 &amp; 설연휴 쿠바X멕시코... 
2023년 부산 마린버스(52번 부산70자 4537)
"[추석맞이 부산 비건 여행, 어디가 좋을까?]"
"[부산맛집] 부산여행 추천, 저렴하고 푸짐한 용궁아구찜"
부산성인미술|위드피아레트 동래점 매니저의 우당탕탕 일상
"겨울철 핫플레이스, 이색 온천 5곳 소개"
[부산 가볼만한 곳 / 동래읍성으로 산책가보시는건 어떨까요?]
[여수관광지/여수여행지추천]... 국내 여름 가족 여행지 추천
[부산 온천천 카페] 지미지니팍 온천천점/ 온천천 카페거리... 
[2월하면 여행이지] ‘하얀 눈길 위 온천여행지’ 전국... 
한국 국내 여행지 추천 TOP 10
[대한민국 구석구석 맛집 찾기] 맛파라치가 부산에 떴다!
"부산 승합 택시 관광 콜밴 투어 여행, 부산의 역사를 따라 가는... "
부산카페같은미술학원|흐린 날에도 즐기기 좋은 실내취미
"바다맛집 부산 2박 3일 여행 코스 추천!  - 해동 용궁사, 해운대... "
부산 애견동반 광안리 광안대교 뷰 숙소 추천 2박3일 여행 코스... 
"5. 부산, 동래 온천"
"부산여행코스 1일차 - 감천문화마을, 송도 케이블카, 흰여울마을"
구서동부산대장전동렌트카싼곳 찾으세요?동래구렌트카싼곳... 
허심청 온천 찜질방 가격 후기 | 인생 사우나 또 가고 싶다..
생생정보 가격파괴 Why 부산 3500원 국내산 등뼈칼국수 맛집... 
&lt;부산/숙소정보/온천&gt;부산 온천호텔 리스트 정리
부산 야경 BEST 명소 밤 드라이브 코스 가볼만한곳 광안리... 
"let's go! stand by me! LG전자, LG 스탠바이미 GO, 감성캠핑"
부산맛집/부산여행/임금님 진상품이였던 동래할매파전
"[부산] 동래밀면 본점, 여행 첫 날 첫 끼"
[ ISSUE LIFESTYLE ] 봄을 알리는 국내 여행지 Best 미리... 
진해 자동차키 분실 SM6 스마트키 제작
부산 2박3일 여행코스 모음이용~
부산 여행 2박 3일 코스 뭘 먹어볼까 맛집 리스트
부산 온천장비즈니스호텔 이그니스
부산 영화촬영지 답사기 (부산대학교 영화연구소 학술총서 10)
[부산여행] 부산 산책하기 좋은 곳 / 회동수원지
부산 여행 구석구석 다니면서 여러 이야기를 전합니다
완성하는 역사도시답사] 04. 부산 - 시간을 먹고 자란 도시
"안심관광지 부산, 2021년 서울국제관광박람회 참가!"
부산 야경 드라이브 코스 야경명소 여행 동래 만덕고개 누리길... 
부산 가볼만한 곳 단풍드는 충렬사
[도시숲] 도심속 천연에어컨? 도시의 숨통을 트는 도시숲
[김여사의 사직갈비]사직야구장 근처 가성비 있는 무한리필... 
부산가볼만한곳   부산여행 1박2일 프롤로그  #페이지
[부산 토박이가 알려주는 부산의 대를 이은 맛집] 온천시장의... 
MTS시술 후 주의사항 / 예민피부 여드름피부관리 솔직후기..
"봄여행지추천,벚꽃축제,동래읍성,부산명소,동래가볼만한곳"
5월 여행지추천 5월 축제하는곳 175곳 모음 5월 축제가볼만한곳
부산 가볼만한곳 동래읍성 야간등산 다녀왔어요 산책하기 좋은곳
부산 동래 술집 구석 동래역 맛집 인정
[낭만의 종착역] 부산의 바다: 감동과 아름다움이 어우러진 여정
"라쿰 스틸더퍼퓸 헤어오일, 지금껏 느껴보지 못한 4가지 향기... "
"[국내여행] 부산 남포동 구제시장 / 물떡, 당면국수, 부산은행"
부산여행 108계단 해동용궁사 타박타박 걸어보기
"부산 힐링여행, 금정산둘레길 따라 트레킹 도전하세요"
(문체부) 선정 『가족과 함께 놀러갈만한 여행지』
부산의 역사 따라 떠나는 동래역사여행 추천코스
부산 부평깡통야시장 남포동... 분위기 기분 UP 부산 가볼만한곳
[부산와따] 봄 나들이 여행 명소 모아와따
"#내돈내먹 부산토박이, 인생밀면을 만나다!"
부산 2월 3월 가볼만한곳 매화 명소 소개!(UN기념공원... 
인기 겨울 동남아 총집합! 찬바람불때? 동남아갈때!
"크리스마스 일정 다낭 5일 - 부산출발, 홈쇼핑에디션 + 선발권... "
[부산미남맛집] 미남 &quot;채선당&quot; 샤브샤브 부산맛집
"맛을 찾아 구석구석 별미여행(안동,부산,경주)"
부산여행&gt; 4일
"주말여행] 부산 가볼만한곳은? 영도다리, 전포커피축제, 부산... "
부산 ♥모모스커피 온천장 본점 세계 1위 바리스타 핸드드립 맛집
몸도 마음도 뜨끈하게 보낼 수 있는 겨울온천 산림여행을... 
"45+ 모임 앱 오이의 서울, 경기, 대전, 광주, 부산, 울산... "
"정읍-천곡사지7층석탑,상학마을돌담길,동학농민혁명기념공원... "
"아바니 센트럴 부산 호텔, 디럭스 킹베드룸(산전망) 객실 후기... "
2010 여름내일로 4일) 부산 태종대를 시작으로 알차게 시내... 
부산 2박 3일 여행 코스 꼭 가세요
"부산 카페 &gt;스터디 하기 좋은 부산 북카페, 명륜동 두잇"
부산여행 : 색다른 겨울 부산여행코스를 원한다면 부산 동래여행
"부산어린이수영장 애플키즈, 강습시간 및 요금 안내"
부산 여권 발급 기관 알아보기.
"부산여행, 얼쑤동래 '복천박물관' 아주 잘 만들어진 박물관에서... "
부산여행 허심청온천 시설 좋아 다시 가고 싶은 곳
"[부산] 동래 충렬사 , 현충일 가볼만한곳"
"[부산 맛집] 마가만두, 목화기사식당, 영동밀면&amp;돼지국밥, 부산... "
동래구아동병원 임산부 태교여행 시 주의사항
부산 야경 명소 ÷ 만덕산 전망대 (만덕고개누리길전망테크)
부산 부평깡통시장 부산미도어묵 어묵골목의 부산먹거리 추천
부산 가볼만한곳 베스트 10
부산여행코스추천 108곳 모음 1박2일 부산여행 숙박
겨울여행지 온천 best 6
"먹을거리, 볼거리 풍부한 맛집 투어(까막국수 한우국밥- 얼음... "
"내돈내산 - 동래역 2차로 가기 좋은 맥주 맛집, 안주 맛집 _ 더블린"
"부산 충렬사, 만월매화 만개 곧 있음 목련, 동백스팟이 될 곳... "
"로맨틱 부산, 낭만카페 35곳"
"왠지 온천장이 핫해질 듯 해 소개하는 온천장 고깃집, '온고'"
(부산맛집)백종원의 3대 천왕맛집 동래할매파전
부산 밀면 맛집 찾으세요? 고메밀면이 있어요 ^^
[롯데 자이언츠] 부산 사직 야구장
"classy move, 로퍼, 남자의 로퍼, 루이 비통, 토즈, 에르메스... "
500자 칼럼(1163) 부산 사전 공부
[트래블리더 13기 사전 미션] 부산이 들려주는 옛이야기... 
부산 동래 마사지 사와디 캅 엔타이 테라피
"사진가의 시선: 수집과 채집, 프랑수아 알라르, 사라 반 라이... "
[부산 영화지도를 그리다] &lt;12&gt; 동래구
부산렌트카싼곳 부산렌트카 천국!
양산여행지 양산 에덴벨리 루지(에덴벨리 루지 요금표)양산 가... 
다녀온 사람들이 추천하는 부산 맛집 베스트10
"부산 경남 유채꽃 명소 5곳 개화시기 정보 (대저생태공원, 남해... "
"[블챌] #4 주간 일기 챌린지, 여름휴가 다녀왔어요! ꈍ◡ꈍ"
"경상도에서 오늘: 경주, 양산, 부산."
부산 실내 아이와 갈만한 곳 부산해양자연사박물관
[부산동래밀면맛집]고메밀면 / 부산여행중 꼭 한번 들려보세요!
호텔농심 동래 숙소 모텔 숙박비로 호캉스
부산여행 온천장 호텔 이그니스 편안한 숙소
부산 벚꽃길 명소 벚꽃 여행 가볼만한곳 대저생태공원 외 5곳
동래 술집 관계 : 곱도리탕 맛집으로 JMT 원픽♥
해외여행지 추천 다낭 여행 떠나자!
1박2일 부산여행:부산 가볼만한곳 모음
"야경이 아름다운 부산 여행 ,부산 가볼만한곳 추천해 드릴게요~~"
봄도 마음도 행복해지는 온천여행
부산겨울온천 즐기기 좋은 동래가족탕 녹천호텔 with 가족여행
"[부산맛집]부산 먹방 #1.꼼장어,장어,물회,돼지국밥"
부산 향수공방) 동래 반니크/향수 만들기 원데이 클래스
한국의 숨겨진 보물 같은 관광 명소 탐험기
부산맛집-오복이손칼국수샤브샤브
주목해야 될 부산 정보
"여행 중 피로회복은 여기서 끝, 산방산 탄산온천"
대한민국 케이블카 리스트 20개
부산네비매립/ 삼성 올뉴SM7
부산 1억미만 비규제 지역 배워보자~~(남호쌤 톡강의)
"커플온천여행 vs 가족온천여행, 추천 여행지는?"
"부산여행 해운대해수욕장, 부산동래맛집 육일횟집 계절메뉴... "
중고생 필수여행코스 * 교과서 문학기행(수행평가필독서)
부산온천천 카페거리 실시간
"부산 여행, 낭만과 세련됨이 공존하는 곳"
생방송오늘저녁 부산 6500원 해독 동태탕 위치 :: 리폿안
올뉴카니발로 떠난 부산 1박2일 여행
부산공방/러블리봄공예방/도자기공예/도자기접시/도자기수업... 
추운 계절에 딱!  국내온천여행 명소 추천
"호국 안보 여행의 숨은 명소, 부산"
부산 능소화 출사지 동래문화회관 동래읍성주변
[캡틴 터미닉스]겨울철 여행지 추천
더킹 영원의 군주 대나무숲 촬영지 부산 기장 아홉산숲
허심청브로이 옥토버페스트 2023 무제한 제공되는 맥주 축제
부산밀면은 역시 부산 온천장 맛집이지
아이와 함께 부산 온천천 산책 &amp; 카페 거리 맛집 ‘부바스’
[휘팀장] 부산 테마여행 ▣ 펫트립 추천여행지 ▣
"포멜라토, dreams in nature, 라 조이아 하이 주얼리 컬렉션"
동래구원룸 &quot;온천천이 내려다보이는 안락동투룸&quot;
동래구청소업체 온천천 경동리인타워 아파트 완벽한 팀워크:)
2023.12.01 11월 결산
부산 금정산 금강공원 케이블카 :: 웹디자이너의 여행블로그... 
힐링하기 딱 좋은 국내 온천 여행지 추천 BEST 10
"2023. 6월  [4] 가까이 두고 걷기 좋은 길, 부산 금정산성"
부산해양자연사박물관 아이와함께 방문 후기
[국내 2월 추천여행] 매화향기 흩날리는 봄꽃여행
누구나 꿈꾸는 특별히 아름다운 웨딩공간...부산 사직동... 
부산 2박 3일 여행코스(ft. 맛집 탐방)
부산한방가슴성형 모르시는분 주목 ^^
[Preveiw] 부산에서 만나는 거장의 작품들
[수강생 종강작품] 지붕없는 온천거리 박물관_붓펜 캘리그라피
"가볼만한여행지 칼바람 부는 겨울, 온천 여행 어떠세요?"
커플 온천여행 호텔 럭셔리&amp;로맨틱 국내 명소 BEST 5
[부산 영화지도를 그리다] &lt;12&gt; 동래구 만화경 같은 역사의 고장... 
겨울 가족과 함께 경남 온천 여행 4곳 추천
[겨울 맛집 여행] 전국 스키장 온천 주변 맛집 총정보
전국 온천 여행지 상세정보
[경상도] 부산 - 동래읍성 &amp; 광안대교 야경 (2016년 4월)
동래성인미술학원 | 실내취미미술로 자연 느끼기
"괌 3박 5일 - 부산출발, PIC, 골드카드"
부산 벚꽃축제 명소 추천 지역
부산 금정산 고당봉 정상까지 가는 왕복 3시간 범어사 코스... 
대전 인근 가족여행지... 금산 '하늘물빛정원'
전국 온천 여행지 상세정보 온천산행
부산 해운대온천 베니키아호텔해운대
"광복절, '대한독립만세!'"
"역시 남궁민, 급에 따라 격도 다르다"
부산-원도심 구석구석을 관광명소로!
[공감 그리고 2011년 가을호] 공간에 덧칠을 하다 '2011 부산... 
[부산 여행코스]부산여행코스 모음-100여곳
"뜨끈한 온천과 시원한 맥주의 만남, 부산으로 떠나는 온천... "
폐역된 재송역과 동해남부선  복전답사
"부산 동래 시장에 가면? ( 3.1절, 얼쑤, 동래 무형문화재 한마당... "
[그린라이트 서포터즈 6기 그르릉] 무장애 플랫폼 소개-이수진
마스크벗고 봄과 여름 부산 야외 나들이 추천 BEST 10... 
"언택트 부산걷기여행!... 스탬프투어&amp;보물찾기,진짜 부산... "
사직동파스타 EU피자파스타 솔직후기
비행기 타고 떠나요! 따뜻한 겨울을 위한 국내 온천 여행
부산 여행: 부산 벚꽃 명소 추천 맥도생태공원 온천천 부산... 
부산 해양자연사박물관 아이들과 가볼만한 곳
"부산 벚꽃 명소 개화시기 BEST 장소 어디? (삼락공원,온천천... "
[창원PT 용호동PT] 급찐급빠도 걱정마세요. 리버스핏... 
23. 1. 19 아나운서 뉴스 원고
부산 온천천 카페 : 카페에서 떠나는 여행 '퍼사운즈... 
[부산 가볼만한 곳 / 동래읍성으로 산책가보시는건 어떨까요?]
부산여행-데이트코스 가볼만한 곳 베스트10
"부산여행, 얼쑤동래 '온천장' 쏠쏠한 재미와 감동이 있는... "
[부산] 동래읍성
MF840KH/A 부산노트북매입 ( 맥북 아이패드 울트라북 삼성 LG... 
[부산] 명절맞이 효도관광 1박2일 부산여행 코스
낙동강자전거페스티벌 2019와 아라뱃길
[동래미술학원/부산중학생미술학원] 초·중등반 2022... 
동래구 사직동 상가임대 p10평 국민시장 혼통 상가임대
[반할부산] 미리보는 부산 단풍명소 추천
태국 방콕 5일 - 방콕파타야 핵심일정 + 새로운 핫플!!
부산여행 111곳 1박2일 부산여행코스 19코스 모음
여행을 떠나요~~알톤 로드마스터 R21 - 바이키 부산점 - 제로샵
바다의도시부산!최고인기여행장소가볼만한곳유명관광코스?
"부산 정착 기념, 아이와 함께 갈 여행지 목록 정리"
여행자를 위한 휴대용 세탁기 &quot;부산 중고컴퓨터 판매... 
부산 소통캐릭터 '부기'를 소개합니다!
"11월부산여행, 몸과 마음의 휴식을 찾아 떠나는 부산 동래여행... "
님 12년9월1일 결혼준비 일정표 올려 놓을게요 부산견적부산... 
동래구도시가스시공업체 빠르게 훑어보는
부산 가는 길 2탄 - 하노이 노이바이 공항(NIA)에서 부산... 
"멈출 수 없는 강제 메신저, 슬링샷 &quot;부산 중고컴퓨터 판매... "
"front story, 오스트레일리아의 현대미술, 대지를 지키는... "
동래 감자전 맛집 • 동래 웨이팅 술집 • 주화담 후기
[Travel 아트로드] &lt;부산 해운대&gt;- 백사장에 늘어선 해송 숲의... 
"#여행 떠나기 전 알고가면 좋은 경상남북도,부산광역시 맛집... "
동래역맛집 호맥 호떡과 맥주와 함께 시원한 인조이 타임
[부산-보홀직항] 크리스마스를 보홀에서!!♡ 3박 5일... 
학원셔틀버스 시선집중! 부산 정보
"태국전통마사지, 50%할인행사중, 동래 TheThai"
'대마도' 해외여행지로 인기
(맛과 멋이 있는 여행) (부산 겨울 여행/부산 전망 좋은곳)... 
팰리스한옥키즈풀빌라 경주한옥펜션 내돈내산 찐 후기!
[공동구매] 부산 동래 롯데캐슬퀸 LG시스템에어컨 공동구매... 
사직동 맛집 단체모임에 좋은 겟201
(부산여행/연제여행)온천천 수변공원에 팝콘 터지 듯 벚꽃 만개.... 
부산여행 코스 추천 부산 가볼만한곳 111곳 모음
[책갈피] 지붕없는 온천거리 박물관
동래맛집의 탑오브더탑 공담으로 고고씽
"하우저앤워스 아트 센터를 가다 1, a field embroidered... "
[신혼여행지추천] 허니문 견적 많습니다결혼비용을
정갈하고 푸짐한 동래 한정식 정림
"[누비누비 7기] 맛추픽추, 부산 5대 트레킹 챌린지 '금정산... "
"11월 이달의 추천여행!! - 훗카이도, 사이판, 하노이&amp;하롱베이"
걷기로 만나는 부산 2
부산 3월 가볼만한곳 봄을 느낄 수 있는 숨은명소 모음!
탐앤탐스 × JTBC 새 금토드라마 &lt;더 패키지&gt; 세트메뉴 출시!
사직동 야구선수들의 칼국수 맛집[동네핫플 유튜브]
여기가 북유럽인가? 착각을 일으키는 조명을 시공하다.
"[부산여행] 7월의 마지막 주말, '핫'한 부산에서 피서나기!"
[부산] 2019 부산국제관광전
부산 여행코스 * 휴식을 제대로 즐길 수 있는 부산 힐링 여행코스
송도 해상케이블카 부산 추천여행
"부산 능소화 숨은명소 실시간 개화상태 솔직한 후기, 동래... "
결혼준비과박람회일정허니문여행지결혼비용... 
부산서면전포카페거리 가볼곳ㅡ석고방향제체험
부산동래모텔 게임용pc에 넷플릭스까지
부산 가볼만한 곳... 금정산 병풍암 석불사
"부산 충렬사 능소화, 개화상태와 솔직한 여행후기"
[짱아의 두번째 책] 교과서 문학기행
"부산의 봄, 동래 캐나리아마을에서 아름다운 꽃구경"
가을여행주간 부산여행 어떠세요?!
[동래구맛집]밀면맛집 동래밀면에서 물밀면먹고 왔어요~~♡
"부산석고방향제만들기ㅡ서면데이트,이색체험"
"[누비누비 7기] 부산 건강 맛집, 세 번째 코스 대령이요~"
"부산여행ㅡ서면,전포카페거리♡쟈니스시집,싼톨이... "
19년 경주와 부산 국내여행 축제 강력 추천!!
동래읍성 필수 유익한 내용
부산서면취미미술 정말 재미있고 잘가르치는곳추천드려요
10월
"부산 가을 여행, 나들이 장소 : 단풍 명소 5곳 추천"
"부산 별미여행 ~ 프랜차이즈 제과점은 게 섯거라, 맛있는 부산... "
[국내 온천 여행 추천] 수질 시설 좋은 호텔리조트 BEST 7
호박소에서 저렴하게 맛있는 소고기 먹기! 부산맛집으로 추천!
[부산사진관] 사직동사진관 / 부산증명사진 부산여권사진... 
"부산야외촬영,웨딩촬영"
동래구헬스 동래구헬스장 동래헬스 동래헬스장 24시 운영... 
부산 자전거 대여 총정리&amp; 라이딩 추천 장소!
동래맛집)부산의 명소인 동래의 맛집으로 거듭난 고메밀면
우리선생님 책이에요!! 짱아샘의「교과서 문학기행」
하나투어-[부산출발] 호주/뉴질랜드 남북섬 11일 #밀포드사운드... 
우리나라 여행지도 여행준비물 국내여행지도 에이든 부산... 
윤이의 2박3일 포항부산대구 여행기  _2일차
동래네일 사직동 뉴스메이커 핑크 겐조네일 실물깡패 여름젤네일
해운대해수욕장] 한국관광공사 추천! 7월 여행지② 부산 광역시
"부산어닝 부산, 핵심 이슈!"
[9-부산광역시]
Talk to us : 5월호 독자의견 및 퀴즈 당첨자
사시사철 주말여행
동원분식 일미김밥 + 태산손만두칼국수 고기/김치만두... 
부산덴트/모하비/부산천장 덴트/ 부산 지붕덴트/잘하는곳 추천1위
"[부산여행/동래여행] 부울경 온천 소개, 부산 동래온천"
너의 꿈길을 찾아 노를 저으렴!
"도심 속 가족 나들이, 데이트 추천 도시숲에서 산책과 힐링"
부산2박3일 가족여행기
신상 핫플 맛집 / 부산 동구 맛집 / 수정동 맛집 ]부산 동백국수집
부산 동구 가볼만한 장소 명소 여행코스-차이나타운 특구 문화... 
칠순여행 펜션에서 서프라이즈 생신잔치 해드렸어요!
부산 부평깡통시장
23년 5월 황금연휴 - 부산출발!! 베트남 다낭 3박5일
'롯데'그룹의 아동대상 사회공헌
"[국내여행/부산여행] 부산, 일상 속 자연과 함께 하는 여름여행"
부산 렌트카중 가장 큰 인기를 끌고 있는 &quot;부산... 
[봄여행지추천/온천천/봄꽃사진/인물사진] 봄여행지에서 만난... 
"[누비누비 7기] 7월, 맛추픽추가 추천하는 부산 건강 맛집 맛... "
부산사람이 추천하는 여행코스~ 황령산 봉수대는 진리!
결준비의 시작으로 신부수첩 신청해봤어요~ : 부산결준비
"부산 친절 1등 렌트카로 부산여행 (Feat. 로컬 맛집, 벚꽃 명소)"
[22년 1월 혼자서 부산여행] - ②
"올겨울, 아이와 함께 꼭 가봐야 할 온천 5"
"부산 동래온천 : 반도온천, 녹천탕, 허심청 가격 후기 총정리... "
부산팥빙수로 유명한 마루팥빙수 속이다 시원해져요~
4월 첫 주말~~
2019년 단풍시기 및 단풍 명소 알아보기
동래 맛집 동래 밥집 동래 닭갈비 동래배달 유가네닭갈비
"[서구] 여름 해질녘 필수 여행 코스, 송도 해상케이블카"
"부산, 주목 이슈!"
부산 [호텔 농심]에서 기아타이거즈 선수들과 조우~^^
설연휴 가볼만한곳 국내온천여행 추천
한국관광공사 추천! 7월 여행지② 부산 광역시
[10월 부산 가볼 만한 곳] 허심청브로이 옥토버페스트... 
부산 기장 나들이 아홉산숲 대나무숲 산책길 코스 영화 촬영지
겨울 온천여행. 대전유성온천.온천스파여행.
에이든 우리나라 부산 여행지도 ( 서평 2월에 책을 읽었습니다 )
겨울 온천여행 탑 10!(feat. 가족들과 즐기기 좋은 곳)
호텔 유아인 온천 시설 및 할인정보 살펴보기
온천4구역 재개발 래미안포레스티지 바로 앞 꼬마빌딩 매매
여행노트 명사여행 모니터링 4차 남해 다랭이 마을 밀양... 
"서울시 지역별 안전지수, 나의 길방향, 운수 좋은 곳은?"
부산도색/hg그랜저/부산판금도색/부산덴트/잘하는곳 추천1위
부산도색/크루저/부산 판금 도색/부산덴트/잘하는곳 추천1위
미슐랭 가이드 뚜껑 열어보니
복산1구역 급매물 빌라 5억 / 제주도 2박3일 일정안내
부산 지하철 여행 가볼만한 곳 추천(김해 노선도 포함)
부산88관광 :: 부산88관광
[14년 여름휴가] 2박 3일 부산... 탐방으로 부산 여행... 
부산 대구 울산 경남 경북 경상도 국화 축제 행사 여행지
부산네비매립 / 올뉴SM7
친구랑 함께 동래 온천장 마사지 하러 고고씽 ! 온천장... 
사직동맛집추천 # 부산맛집 통바지 정말 맛있어요
99관광 부산 :: 99관광 부산
"부산시 서면 롯데백화점 근처 맛집, &quot;진상아구찜&amp;대구탕&quot;"
●●부산도색/bmw520d/부산범퍼복원/부산덴트/추천1위●●
새부산 참숯불갈비 :: 새부산 참숯불갈비
"벚꽃, 유채꽃 인생샷 나오는 부산 꽃놀이 명소"
부산관광 :: 부산관광
부산 사하구-하단동 낙동강하구 을숙도
"요즘은 노천탕이 대세!, 대성관"
"사직맛집 통바지 , 부산맛집으로 추천합니다"
1박2일 부산여행 코스 프롤로그
10월이 시작되었고...
동래카페데이트) 명장동에 위치한 고급스러운 느낌과... 
시내버스로 부산한바퀴-2.후반전
하나투어 부산출발  - 다낭여행 5일
[부산여행/트릭아이미술관]아놔~~애같이 좋아해버렸다!!
부산커피하우스-엘레오스 커피맛을 찾아 나섰던 부산커피여행
"치유와 힐링을 즐기다, 아홉산숲과 부산치유의숲"
"전국 역사관, 전시관, 홍보관, 기록원, 기념관 등 실내여행지 18선"
전국 유명 온천 여행지10선
[22년03월29일 - 14시]  실시간 검색 순위
동래 술집 살살 녹는 연어 육회
부산 가볼곳 - 온천장 이그니스 호텔에서 하룻밤과 해운대 주변... 
원조소문난산 곰장어 - 온천장 맛집
뉴질랜드 남북섬 7박 9일 - 랜드마크 총집합
부산 밀면보다 더 맛있는 주문진막국수 추천! (사직동... 
하로쿡 10월 원데이 클래스 !
삼성생명 보험DB 보험DB 보험DB 1인GA 티엠영업
부산여행 주요핫플 총정리
호국충절 요람지 부산 충렬사 다녀오다
동래읍성 역사축제 일정과 정보 알려드릴게요
[북리뷰] 나에게도 공부가 되는 여행도서 '신나게 놀고 쉽게... 
개뿔 없는 부산 감천 문화마을. 주차 낚시에 기분 잡친다.... 
"부산의 관광기업과 함께, 부산만의 특색있는 관광 찾아요!"
[겨울여행 추천] 겨울 데이트코스 여기 어때요?
명륜동 맛집 가을에 생각나는 얼큰한 맛
[한국관광공사 추천 설에 가볼 만한 곳] “1일 전철 여행”
[사전신청동래구]문화가있는날 &lt;세계음악기행&gt; 마지막 공연... 
1등석 역세권 동래 &lt;롯데캐슬 퀸&gt; 102동 LG시스템에어컨 4대... 
부산 : 광안리 광안대교뷰 오션뷰   광안리숙소
부산 맞춤돌봄 주산보호센터 인지활동 프로그램... 
한국관광공사 선정 온천여행 5곳 : 추운 겨울 온천여행지 추천... 
겨울철 부산 가볼만한 곳 박물관과 전시관 베스트5선
교과서 문학 기행(2012-15)
[부산광역시] 지하철 1호선을 타고 떠나는 부산 역사 여행
"부산 갈맷길 시즌2 추진, '15분 생활권 도시' 조성"
"더위를 한방에 날려버릴 동래맛집, 고메밀면"
"2019.8.18. 동래읍성 북장대, 복천박물관, 배산 방문기"
서면상가매매 환상적인 전포동의 카페거리의 코너건물... 
[부산 호텔]농심 호텔 (Nongshim Hotel)_후기총평_온천... 
1266km 두남자의 전국일주-2편 부산 해운대의 불타는 시간!!!!!
[동화가든] 강원도 강릉 맛집 짬뽕순두부 초당 모두부... 
동래 래미안 아이파크
[22년03월29일 - 13시]  실시간 검색 순위
동래국민체육센터 수영장 일일입장 시간 이용료 주차 시설 안내
놓치면 후회할 부산 여행 정보.
《부산 기본상식》반드시... ‘한국의 맛 도시’ 1위 부산!... 
부산 더샵 온천헤리티지 분양 정보 살펴봅니다
동래호텔 미스터브릭 갔어요~~
가족휴가지 - 국내온천 추천 !
설연휴 4일...전철 타고 가는 여행지
남구=오륙도? UN평화특구도 있다!
도혜영 첫 개인전 스페이스움에서 (7/30)
한겨울 강추위 따위 한방에! '뜨끈뜨끈' 국내여행코스 5선
[트래블투데이] 가을을 즐기는 다양한 방법!
여행정보 ▶▶▶ 겨울철 가족 온천 여행으로 좋은곳
또 하나의 마을투어를 하고 왔어요!
"부산대 빵투어 코스- 제이스퀘어, 카페드팽, 몽레브, 카페카라멜"
로컬브랜드리뷰2023
[부산 여행 Ⅴ] 03# 초량동 이바구길과 황령산 봉수대: 좋은... 
[부산맛집] [부산여행] 총정리 수요미식회 3대천왕... 
●●●그랜저☆부산 덴트 ☆ 부산덴트복원/부산도색... 
낙산사 홍련암
따뜻한 남쪽바다를 찾아서- 부산으로 떠나는 온천 교과서여행... 
정글의법칙 보르네오 해상가옥 서하준 봉태규 임원희 황현희... 
"하늘마음한의원 가산점과 함께 1년 피로, 온천에서 녹여요~"
"진재영-집, 쇼핑몰, 인스타, 남해 풀빌라, 남편, 진정식, 프로필... "
부산바닥. 복천동과 서동
[웨딩21 wedding21] 결혼준비 길잡이/ 재클린/ 메이크업아티스트... 
비치리딩 시리즈 08 &lt;라면 먹고 갈래요&gt; 북토크
풍경이 아름다운 망미동 배산을 소개합니다
휘휘 저으며 맛보는 달큰 쌉싸름한 추억! 부산 금정산성 막걸리
[양산] 부산 근교 양산 당일치기 :: 제주고씨 / 블랙업커피... 
"블로그 홍보, 왜 시작해야하나."
벨리라잇 1차 공구 이벤트있어요
동래읍성역사축제 앞두고 찾아간 부산 동래읍성지.
[부산여행코스] 부산여행 - 범어사에서 금정산 고단봉을 거쳐... 
[부산] 응답하라 1985 (1) - 어린 시절로 돌아가 보다
[로스터기 설치] 제주함덕 카페델문도 - 오즈터크로스터기 5kg... 
부산 혼자 뚜벅이 2박3일 여행 #1 광안리 / 광안리해수욕장... 
부산 온천장 모텔 추천 당구장 있는 보스모텔
부산의 가장 핫한 낭만카페... 부산 카페투어 자료모음 ^^
부산온천장 : 온천장스파윤슬길
"둘째임신기록 (위대한탄생 임당재검 결과, 임산부... "
다낭 5일 #미케비치 5성호텔 #오션뷰 #바나힐 테마파크 #호이안... 
[트래블투데이] 호기심 키워주는 과학여행
[210616-국내] 부산 안심여행... 을숙도.안데르센동산 [부산시]
11월 지나가는 가을.
SRT 타고 3월 부산 가볼만한 곳으로 5색 테마여행 떠나요.
일본인들 '부산 송년회'
[부산여행2박3일]부산자유여행/부산솔라티15인승렌트카
온천장의 부활
송정젬스톤 탁~ 트인 바다뷰와 베이커리가 유명한 송정카페... 
광안대교걷기행사 참가비5천원/ 부산도보 부산걷기여행
"[커피머신설치] 남해 독일마을 레스토랑, 세코 이데아카푸치노... "
[부산 브런치 카페 모음] 브런치 맛집 한 눈에 살짝 대충 보기... 
부산 중고책 팔기 한 방에 깔끔하게 해결했네요. 넘넘 좋음
[2023년] &quot;8월 일기장&quot;
[고려신용정보박지혜 공사대금] 완벽하게 알아보는 부산 여행... 
부산사하구카드단말기 설치 부산사하구포스기  임대 카드기... 
온천천 카페거리 돼지팥빙수
10월 가볼 만한 곳. 억새 갈대 명승지.  한국관광공사
동래 술집인데 서면 힙한 칵테일바 같은 알로하보틀
부산 공원/유원지
부산 17. 벚꽃 명소 / 꽃. 비 내리던 날 온천천
금정산 :: 도심에 가까워 등산객들이 많이 찾는 곳으로... 
혼수 가전 패키지 비용 결혼준비6기49회
부산의 맛거리 30선
국내 곳곳 테디베어 박물관!!! 이번엔 이동전시!! 테디&amp;프랜즈!!
10월 가볼만한 곳. 한국관광공사. 통영 거제도 제주도여행... 
[부산 가족여행] 부산 버스로 시티 투어
부산의 15개구와 1개군
[ 초특가/ 출발임박 ] 오사카/교토/고베 4일 #여유로운일정... 
구포 돈꿀국밥 강선대 배산성지 우물터 겸효대 김겸효
"부산 '온천, 옛 명성 되살리자'"
도시들
"D+22~26) 부다페스트 여행기( 어부의요새, 한식만들어먹기... "
부산 + 거제 여행
고속철 개통 이후 관광객 더욱 늘어 부산의 원조 맛집들
"[부산소식]낭만카페35선, 부산 카페"
『나는 특허한약 접골탕(接骨湯)으로 이런 골절(+골다공증)... 
실크플라워(조화)로 제작한 라벤더 컬러의 셀프웨딩부케
부산축제 2017 대한민국 동래 온천대축제 개최
[2012. 9. 27. ~ 29.] 홀로여행(1/3)
부산 캔들 공방 부산여행 오셔서 귀여운 캐릭터 석고방향제... 
동래맛집 고소한 항정살♥
부산 카페투어~* 낭만카페 35선!
부산 동래 지웰 자연치유에서 뭉침해결
"일본인들, 부산 송년회"
"금정산으로 떠난 야생화탐방, 금정산 등산코스"
[제르넨 여행기] 1-3. 울산의 소금 역사를 찾아서(청량천 부근... 
이웃님 소식 모음.. (글을 클릭하시면 잼난 내용 있어요^^)
하나투어 - 캐나다 항공일주 10일 #퀘벡 숙박 #나이아가라... 
하노이/하롱베이 5일 - 럭셔리 가성비 투어
[거제도 맛집] &quot;싱싱게장&quot;
부산 가을여행 부산여행코스 가을여행주간
[빅토의 홀로가는 오토바이 여행① - 정동진편(7번국도... 
동래 고기 맛집 돼지고기 끝내준다!
미루고 미루던 백문백답
[부산] 잭이 추천하는 부산 역사유적 명소 4선
&quot;허니문 신혼여행 in 이탈리아&quot; 여행지스페셜 (2012.3.26~4.1)
부산신축빌라분양매매... 명륜역신축빌라 부산신혼부부집
시카고 횟집 사직동 자연산 회 맛집 싱싱하고 맛있어요
"순천 벽화마을[부산입시미술학원,부산동래명륜창조의아침... "
[남해 맛집] 초전집
아~이 참말로! 봄동이 없네.
부산 스마트폰복구 휴대폰 카카오톡 문자 사진 전화번호 핸드폰... 
(부산개금)개금골목시장맛집 양가네손만두.손순대.개금밀면.... 
금강식물원 - 국내 3대 식물원의 하나
부산 ‘카페 명소’가 한눈에 쏙~
나pd 새예능 서진이네~인턴 뷔도 함께 멕시코로 떠나볼까요?
부산여행 금정산성(초읍.만덕고개.남문.동문.북문.범어사) 솔로... 
디지털시대 스마트폰교육지도사 도전하세요/전국강사로 성장할... 
"③ 아.... 겨울, 떠나자 (下)"
[부산팔대] 오륜대 오륜동 회동수원지 상현마을 카톨릭대학교
"[서포터즈] '온천장, 다시 한 번 도심이 되다' #온천장 #뉴딜사업"
[영마이스단] MICE하기 좋은 호텔 ::이비스 앰버서더 부산... 
[스마트초이스] 499특가!! 다낭 5일 #시내5성급호텔 #멜리아빈펄... 
"여름, 여자, 여행, 그리고 부산"
부산이야기♥부산여행♥부산맛집 남천동맛집 광안리맛집... 
부산어닝 쏙쏙 이해하는 부산
"서면맛집데이트 스시집쟈니,석고방향제만들기체험... "
부산에서 인천공항 인천국제공항 마티나라운지 하와이안항공... 
풍경이 아름다운 부산 배산을 소개합니다.
100 명산
"2017전포카페거리의 맛집들1편ㅡ도쿄맨션,곁집,은화수식당... "
하이모 전국 어디에서든 OK~ 휴가가 끝나고 난 뒤 가발관리는... 
[미래통합당 김희곤] '동래 한 바퀴 투어버스'로 다시 여는... 
"겨울 온천 여행 추천 BEST 5 (시설, 위치, 가격, 객실 정보 비교)"
"여름, 여자, 여행, 그리고 부산......해운대..."
[초등수학4학년] 2020학년도 부산시영재교육원... 
상상 그 이상의 부산 정보
[2명부터 출발확정] 라오스 4일[비엔티엔/방비엥]
동래 휴대폰 정보복구는 물론 정보이전까지 안전하게!
하나투어 스위스 일주 8일 출발확정!!
베트남 요리로 든든하게! 온천천 맛집 포420
"[부산여행]광안리 해수욕장... 광안대교,광안리 해변,부산여행추천"
"대한민국 대표 힐링 온천 13선, 뜨거운 것이 좋아"
"만세거리기념비 - 일제에 항거, 독립만세운동을 전개하였던 거리"
[부산다빈치방문미술]부산연제구방문미술.... 
동래역 맛집 고향맛집 집밥같은 곳
부산 4박 5일 여행
부산  동래 허심청 온천
복천박물관 - 동래읍성 내에서 고분군이 발견되어 복천동... 
하나투어 - 홋카이도 삿포로 4일!! 구정연휴 1/20일출발
배달음식 창업 퓨전찜닭 일미리금계찜닭 맛있어요.
여름에 가볼만한 곳 &quot;부산데이트코스 동래읍성&quot;
"사랑스런 부산 벚꽃명소, 사진찍기좋은곳 추천 : 온천천 유채꽃... "
"부산, 그리고 가을밤 - 가을여행주간 부산가을여행... "
[사직동필라테스/맨즈필라테스]사직동 필라테스 6월... 
16인승카운티리무진 부산여행에 관해 몰랐던 사실
부산 2박 3일 여행
한국의 온천(溫泉 SPA) _한국온천협회
2022년 4월 21일 (목) 부산일보
부산중고명품 몬스터팩토리 : 무주구천동 송어마을(무주... 
버스 타고 부산으로 출발~ 산과 바다가 부른다!(TS매거진... 
통영가족여행: 모녀의 남해안여행
[한화리조트회원권분양] 완벽하게 알아보는 부산 여행 정보.
아구찜 효율성을
[대한민국만세일주] 강릉점주의 대한민국만세 자전거... 
부산폐기물 주은가정폐기물 (폐가구 가정살림정리) 부산주택... 
하나투어 - 알로하 하와이
경기리무진버스 알아둘수록 좋은 부산 실속 정보
가는곳마다 온천
동래녹천온천호텔 주변 동래스파시티
유용하지? 부산
해운대 해리단길 부동산 탐방=엘시티인근의 풍경
사직동 아구찜 배달 아구듬뿍알곤마니 간판없는 맛집
&lt;부산&gt; 프리미엄 정보
옛 동해남부선 추억을 싣고…‘해변열차’ 타고 떠나볼까
[한화콘도이영선] 궁금하다면 주목! 부산의 핵심 정보
[경기도 맛집 9곳]
"휠체어여행_충렬사를 만나볼 수 있는, 충렬사역"
"&lt;Adios 2020, Welcome 2021!&gt;"
"[부산 여행] 동래 맛집, 충렬사역 2번 출구 근처 '또랑국밥... "
[스마트 초이스] 다낭 5일 499 #멜리아빈펄 #시내5성 #바나힐... 
"[연산가구백화점]신혼,엔틱,소파,침대,돌치매,옷장,식탁 등 부산... "
부산여행 파크하얏트
명장5구역 재개발 동의서 징구 중 인수가 낮은 매물 소개
"부산여행, 알고 싶죠?"
https://blog.naver.com/dbsalsduddk/222655185643
[한화콘도회원권 이영선팀장] 정확하게 알고 가기! 부산 핵심정보
[축제하는곳]11월 축제하는곳-160여곳 모음안내
"[부부라인] 부산줄눈전문 부산 여행, 핵심 정보 총정리."
"부산, 알짜 지식!"
하나투어 - 세부/보홀 3박 4일~
[2020.01.07]블로그 이웃들이 작성한 포스팅
하나투어 - 일본여행 기획전(훗카이도 전세기)
"하나투어 - [출발확정]크로아티아,슬로베니아 9일"
2023 서울마라톤 참가 후기와 버킷리스트 1
임진왜란 정유재란 길 따라....
다큐3일을 보면서 동해남부선에 대해서 한번 올려볼려고... 
하나투어 - 다낭 5성호텔 초특가!! 2인이상 출발♡
2023년 여름휴가 상품소개!! 강력추천!!
부산중고명품 몬스터팩토리 : 후쿠오카 여행
민성이의 전국 일주 3편
[부산맛집] 부산여행 총정리 수요미식회 3대천왕... 
10월 여행. 가볼만한 곳. 꽃무릇. 핑크뮬리. 가을단풍명소.... 
부산
동래구청장 김우룡 이모저모
동래 맛집 : 취향 저격 목화실비의 밀푀유나베와 크림치즈새우
셀프웨딩을 위한 라벤더 컬러의 실크플라워(조화) 화관
[서포터즈] 공간의 재탄생: 골목길 전성시대
[디자인아이비] Baseball
중국 관광객 요우커들이 사랑하는 대한민국 대표 한식... 
부산네비/부산네비게이션매립//기아 K5
왕송갈비 :: 생갈비전문점 - 왕송갈비
2020. 12/26~1/12. 교육. 동성애와 좌익사상’ 의무교육한다
"부산, 정보 대 방출!"
충렬사
[특별한여행] 베트남사파 5일#맛있는여행 #사파롯지숙박... 
예정된시간 :: 예정된시간
[2022년 6월 1주] 역마살이 걸린 것이 분명한..나옹 일상
부산 정보 완성!
수로관광여행사 :: 수로관광여행사
'겨울여행 성지' 부산 1편… #해운대·#광안리 '#세금 #맛집' 톱20
그녀와 가고 싶은 1박2일 가능 코스
[시드니/골드코스트] 7일 #헬기투어 #열대과일농장 #버레이헤즈... 
한국의 산안내
뜨거운 것이 좋아[힐링명소] 대한민국 대표 힐링 온천 13선
비올라 :: 비올라
그린서비스동래 :: 그린서비스동래
세진여객 :: 세진여객
임꺽정 :: 갈비전문점 - 임꺽정
가을 여행지 Best 3
대한관광 :: 대한관광
장산고속관광 :: 장산고속관광
삼천포횟집 :: 생선회전문점 - 삼천포횟집
부산 해운대 찜질방
아주관광동래구청영업소 :: 아주관광동래구청영업소
대구식당 :: 영양탕전문점 - 대구식당
터미널횟집 :: 활어회전문점 - 터미널횟집
정원삼계탕 :: 삼계탕전문점 - 정원삼계탕
한중투어인터내쇼널 :: 한중투어인터내쇼널
온천 양곱창 :: 양곱창전문점 - 온천 양곱창
[정보] ▶K-ways WIDE 1월 정기 업데이트(v1.8.61) 풀버젼... 
12월 추천여행지 ' 통증과 아토피는 물렀거라~ 해운대온천... 
배롱나무  백일홍 Ⅰ
[동래 빵집 : 쿠루미과자점] 조용하게 브런치를 즐길 수 있는... 
"온천장역까지 걸어서 5분, 호텔 유아인 온천"
수영구 민락 2개선지구 추천매물 소개합니다~
월드파크5차 광안리 소형아파트 수영구 바닷가 근처 신축!
"제주도 차량 탁송 업체, 제주도 차량 탁송 비용 정리"
"제주 금능.협재해수욕장 개장,여기가 금능낙원"
