"전망, 테마공원·쉼터] - 서울 성동구 여행지 가볼만한곳"
소식 성동구 주말 가볼 만한 5월 6월 봄꽃 여행지 (대중교통 및... 
서울 가볼만한곳 성동구 야경명소 응봉산 팔각정 가을여행지... 
10월 서울 행사 성동구 태조 이성계 축제 살곶이다리 방문 후기
서울 성동구 아이와 가볼만한 곳 마장어린이공원과... 
서울 자전거강습 - 성동구 30대 여성
"강의, 서울용답도서관, 성동구용답도서관, 길 위의 인문학, 서울... "
서울 여행지 추천 성수동 핫플 카페거리 데이트 소품샵
서울 단풍명소 가볼만한곳 가을 여행지 10곳
꼭 담아봐야 할 가을 풍경 (feat. 서울 근교 가을 여행지)
"가볼만한곳, 서울 여행코스, 외국인 서울여행지 추천"
서울 성동구에서부터 충청북도 옥천읍까지 장거리택시 169km... 
[퍼피웨이] 서울 성동구 강아지와 갈만한 산책 핫플들 추천드려요!
가을에 방문하면 좋은 서울 여행지 추천 [성균관대학교 명륜당... 
[2022 성동구 SNS 콘텐츠 공모전] 서울청년 성동구로 떠나다
주말에  떠나기 좋은 [서울  식도락 여행지 8곳]
SRT와 함께하는 소풍 가기 좋은 서울 여행지
[서울 여행] 성동구_버버리 성수 로즈 '팝업 전시회... 
서울 성동구 성수동 그로서리스토어 겸 카페... 
"팔각정,鷹峰山),성동구여행지,응봉역,서울경치맛집... "
"친환경 추천 여행지 중 서울, 경기지역 여행지 소개/전국... "
서울 가을여행지 서울숲 단풍 예뻐요~
국내여행지베스트10 서울.수도권 가볼만한곳 가을 10월 11월... 
서울 여행지 목록
[서울 여행] 3월 봄꽃 여행지 응봉산 개나리 명소
여름휴가 여기 어때요? 환경친화적인 여행지 추천!
창작을 위한 힐링) &lt;반차여행&gt;에서 찾은 수도권 반일 여행지
서울단풍명소 서울숲 가볼만한곳 혼자 산책코스
추석 가볼만한곳 서울 언택트 여행지 7선
그림같던 서울숲 푸릇푸릇 5월 가볼만한 곳 서울여행지
서울 여행지 서울숲 서울숲길 피크닉 데이트 물놀이 가볼만한곳
서울 데이트코스 서울 여행지 추천 성수동 서울숲 튤립이 활짝
서울 성동구 마장동 맛집 먹거리 추천 베스트 8 :: 로띠스마
서울 봄꽃 축제기간 응봉산... 봄 여행지 2023.3.22 live 현황
"10월, 11월 서울 가을 단풍 여행지 5곳 추천"
대한민국 가을 여행지 Best 20
[서울 장미 여행지] 대현산 장미원에 개화 상황은?
서울 성동구 마장동주민센터 비대면 힐링프로그램... 
"서울 성동구, 전주시 독서 축제"
[서울 성동구 전시회] 뚝섬미술관 여행갈까요  ✈️
서울 벚꽃 명소 서울숲... 봄 여행지 가볼만한곳 추천)
국내여행지베스트10 가을에 가볼만한곳 10월.11월 서울... 
서울앵무새 성수 크리스마스 서울 카페 데이트 가볼만한곳
혼자간 서울여행지 성수동서울숲 튤립 꽃구경 주말나들이 추천
서울숲 가을여행지 중에서 가성비 좋은 서울숲길 걷기 성수동... 
"서울 놀러갈만한곳 펀시티, FUN시티 무더운 여름 밤 재미있게"
서울시 성동구 가볼만한곳 서울숲 튤립 축제 개화 현황 위치 정보
서울에서 삼림욕을 할 수 있는 푸르른 여행지를 소개합니다!
"서울, 서울근교 수국 여행지 추천!|율봄식물원|서울숲... "
서울 지하철 유실물센타 지하철로떠나는 서울명소 지하철여행
서울 일출명소｜지하철 타고 떠나는 서울 도심 속 일출여행지
성내천 벚꽃 서울 올림픽공원 벚꽃터널 이번주말 여행지로 추천
서울 여행지 추천 서울숲 산책하기좋은곳
[랜선여행] 서울숲에서 성수동까지! 연휴 맞이 성동구 핫플레이스
"서울 여행지 추천 , 성수동 서울숲 사슴과 튤립축제 (위치정보)"
"이번 여행지는 사람입니다, 김소담 | 누구보다 잘살고 있었다."
"서울 봄 꽃 여행지: 봉은사 홍매화, 응봉산 개나리, 창경궁... "
죽기전에 가봐야할 여행지 100곳 - ① 서울 편
서울 가볼만한곳 여행지 추천 서울숲 북악스카이웨이... 
서울가볼만한곳 서울여행지 서울비대면관광지 서울관광명소... 
서울 성수 | 브레디포스트 프레즐 맛집 주말오픈런 추천메뉴... 
첫번째. 이번 여행지는 사람입니다.
서울지하철7호선으로 떠나는 여행지 '서울숲'  Seoul Forest
청계천박물관 서울 아이들과 가볼만한곳 실내 나들이
"2023년 가을 여행지(첫단풍, 단풍절정 시기, 단풍명소... "
"확실히 다른 프레즐, 성수동 맛집, 브레디포스트 성수"
서울숲 억수로055 팝업스토어 따스한 감성이 느껴지는 여행지... 
"환경과 관광, 두 마리 토끼 잡기 &lt;서울새활용플라자&gt;"
서울 여행 추천 포인트오브뷰 성수 성인을 위한 문구점
[송정동 쇼룸 겸 카페] 앤티크하우스 서울_유럽 브랜드 쇼룸... 
"국내여행지베스트10  경치좋은곳 서울, 경기도 가을 단풍... "
서울 실내 비올때 가볼만한곳 7곳
[성동구 소식] 성수브루클린부터 서울숲까지 한눈에!... 
서울 여행지 #1.서울숲
"성동구, 우리동네 맛집멋집 ‘성동여행 지도’ 구축"
6월 서울 남양주 추천 여행지 겸 출사지_ft 양귀비&amp;장미
주말 서울근교 단풍명소 당일치기 가볼만한 곳 BEST3
하우스포스트 서울 근교 크리스마스 겨울 여행지 가볼만한곳
국내여행지베스트10 봄꽃구경
성동구 금호동 금남시장 맛집 2대째 57년 전통 노포 서울식... 
서울 주말여행지 성수 오레오 팝업스토어 데이트 코스 핫플로... 
"메이플탑 (서울 성동구, 성수역)"
여행꿀팁/크리스마스 숨겨진 서울여행지추천(용마랜드... 
Pick] 서울 단풍길 명소: 가까운 곳에서 즐기는 가을 여행지... 
"서울여행지 추천, 서울숲 공원의 겨울 기억"
서울 가을 명소 가볼만한곳 서울숲 은행나무 숲길 데이트 추천
"성동구, 성동여행 지도플랫폼 자체개발 개방"
서울 수도권 4월에 꼭 가봐야할 봄 여행지 여기는 어때?
"서울숲 단풍 지나 빛정원으로, 겨울 여행지 추천"
2019년 응봉산 개나리축제 국내 봄여행지 추천
"4, 5월 서울 여행지 BEST 12"
서울에서 가볍게 떠나기 좋은 야경 출사 여행지 BEST
카보틴여행:) 국내 가을 여행지 멀리 못간다면 서울숲  단풍도... 
"[혼자여행/서울여행] 나 홀로 겨울여행, 성동구 서울숲"
물감으로 물든 가을단풍 여행지
☆☆☆ (장영훈행정사의 국내여행) 서울 성동구... 
"여행지로 딱! 단풍 명소 가볼 만한 곳: 설악산, 남이섬, 서울숲"
서울 성동구원룸 마장동원룸 전세 월세
서울 가볼만한곳 서울 여행지 추천 베스트 50위
가까이에서 느끼는 가을 향기! &lt;도심 속에서 즐기는 가을 여행지&gt;
"[광주, 서울 가볼 만한 곳] 봄나들이 가족여행지 1박 2일 추천"
국내 겨울여행지 추천 경주 서울 부산 등 가볼만한곳 모음
생생정보tv방송맛집주소&amp;여행지정보위치?... 
11월국내여행지추천(서울근교편) :: 헤파이스토스
가을에 가볼만한곳 서울 자전거 여행지 추천 best 5
소박한 5주년 결혼기념일 서울 여행
서울가볼만한곳 서울숲 한강공원 한강일몰 / 서울여행지추천
[성동구 뚝섬역 커피맛집] 서울숲을 바라보며 향기로운 커피 한... 
"서울 가을 데이트 코스 추천(서울근교 여행지 추천,덕수궁... "
서울숲 아크로 서울 포레스테 보마켓 반려동물 동반 가능
광주광역시 동구 여행지 추천 백범기념관
서울오피스텔 성동구오피스텔 상왕십리역 동인레반트오피스텔... 
[성수 제로웨이스트샵/더피커]국내최초웨이스트샵... 
"서울 테라스 카페 데이트, 야외식당 &amp; 핫플 서울호텔 추천"
가을 최고 여행지를 찾아서 코엑스 트래블쇼2023... 
서울 대현산 장미원 아름다운 풍경
"코로나19로 변한 나날, 자연 속으로 향하는 164곳의 힐링 여행지"
강화도여행지 알면 좋은팁
서울 서울숲 산책하기 좋은 아름다운 풍경
에이든 우리나라 서울 여행지도_서울을 한 눈에! 서울 주요 지역... 
성수동 서울숲 카페거리 s*planet  아프리카 굿즈 제리백... 
6월 국내 여행지 추천하는 곳! (Feat. 국내여행 준비물)
"뮤지컬 알사탕 서울 기본 정보, 서울숲씨어터 1관 주차, 공연 후기"
서울 충남 부산 가볼만한 곳... 선정한 비대면 여행지
쉽게 배울 수 있는 해외여행영어회화
국내 벚꽃 명소 3월 4월 가보면 좋은 봄꽃 여행지
성동구&lt;까만집&gt; 매운 등갈비묵은지찜 이베리코 흑돼지 서울... 
국내 가을여행지 추천 가볼만한 곳 Best 10
서울 봄여행지 : 2014 동작구 서대문구 서초구 성동구 성북구... 
더 추워지기 전에 떠나요. 11월 가을여행지 추천
서울 가볼만한 곳ㅣ도심 속 지친 몸과 마음을 풀어줄... 
서울 가볼만한곳 도보10분이면 OK 응봉산 팔각정
서울 주말나들이 서울숲 산책하고 성수동 카페거리 차한잔
숲속놀이터 주차장 서울근교 4월 여행지 서울 아이와 가볼만한곳
아직 잘 알려지지 않은 서울 여행지 10곳 - 서울의 여행... 
[서울 장미축제 여행지] 중랑 장미 정원 지금은 축제 중
김치 등갈비찜 서울 성동구&lt;성수 등갈비찜&gt; 비밀수첩 청정 집 등
성수 분위기있는 파스타 맛집 핫플레이스 스케줄성수
성수 팝업_ 억수로055 갈대밭과 바닷가를 한 번에
서울의 야경 명소 성동구 응봉산에서 한강 사진... 
서울 근교 여행지! 서울 가볼만한곳 추천드려요
성수 맛집 강별 성수 디너코스 별마카세 8코스 정보 &amp; 생생후기
서울과 경기도에 가 볼만한 가을 단풍 명소
서울시 가 볼 만한 곳!! 성동구 가 볼 만한 곳!! 서울의 숲!!
가을 국내 여행지 우리 가족 마음에 꼭 드는 여행지 추천
생생정보 한국인의 소울푸드 김치찌개 맛집 성동구 6000원... 
"성동구, 성동구 명소 정보 담은 ‘성동여행지도플랫폼’ 자체... "
[12월 서울 전시회 / 서울 전시회 추천] 그대의 지친 마음은... 
"2023년 진달래, 개나리 개화시기, 명산, 봄꽃 명소/여행지, 꽃말"
"서울 성수 여행 스파이더맨2 팝업스토어(+위치, 구성, 솔직후기)"
생방송오늘저녁 성동구 올리브 쌀식빵 위치 알아보기 :: 리폿안
"전국무장애여행 정보 누리집 _ 전국 7,086개의 무장애 여행지!!"
서울 야경 드라이브 코스 야간 데이트하기 좋은 명소 베스트 10
SRT와 함께하는 서울 박물관 투어
성수핫플 브레디포스트 프레즐맛집 성수카페 추천(+메뉴추천)
[3월서울전시회/서울전시회추천] 뚝섬미술관 여행갈까요... 
서울 가볼 만한 해외 그 카페 여행 |커피 맛집 주말 데이트 추천
서울숲 놀거리 억수로 055 성수 팝업에서 떠나는 경남여행
서울 여행지 서울숲 추천 산책하기좋은 서울숲 거울연못 코스... 
(포토존/서울전시회)여기서 사진 찍으면 인생샷! 서울 포토존... 
서울 성수동 가볼만한곳 서울숲 데이트 : 서울 여행 코스... 
"[여행 여가] 서울_7,000원으로 내가 PICK한 전통시장 여행코스... "
"국내여행지-서울,서울 가볼말한 곳,서울여행지 추천"
"나들이하기 좋은 서울비경, 응봉산"
서울 여행지 추천 - 서울 곳곳의 가볼만한 데이트명소 Best... 
신설동역앞호텔에서 동대문여행지 찾아 걷다 보니
서울 아이들과 가볼만한곳 청계천박물관
추석 성수동 서울숲 놀거리 데이트 가을명소 서울 자전거 코스
전시회 밥상전 [사진 전시회/성수동 카페/서울 가 볼만한 곳]
여행지 모음.Zip:: 봄에 즐기기 좋은 핫플레이스 여행지... 
9월가볼만한곳! 국내가을여행지 추천
서울 성수 소금빵 맛집 자연도소금빵 in성수 빵나오는시간 및... 
[신촌뷔페 테이블넘버8] 서울 여행지 추천 Top5
"생방송오늘저녁 성동구 할매입맛 쑥절미 케이크, 콩설기빙수... "
[성동구/용답역 가볼만한 곳] 봄이 오는 소식이 들리는... 
[서울] 청계천 하동매실거리 용답역 매화 봄 풍경
서울 단풍놀이 [서울 근교 단풍여행지 추천]
올 여름도 시원하게 알콩달콩 :: 서울 실내 데이트 장소 BEST... 
금호동 네일샵 블랙뷰티 네일 자석 젤네일 내돈내산 찐단골 후기
[여행 여가] 서울_날씨도 좋은데 가을 야경 보며 함께 걸을래요?... 
"뚝섬미술관 여행갈까요 시즌2, 5월서울전시 시즌1과 얼마나... "
서울 성수가볼만한곳 LCDC 카페 소품샵 데이트코스 주차
서울옷살곳 락피쉬 성수 팝업스토어 쇼룸 레인부츠 슈즈... 
아이와가볼만한곳추천 서울시립과학관 선생님들과 함께하는... 
축제 여행 지도: 전국 축제... 알려드립니다! 국내 여행지 추천
"서울, 어디까지 가봤니? 서울의 신상 명소"
대니멕켄지 신제품 블루미 룸스프레이 드레스퍼퓸
생생정보 성동구 삼색막곱 유별난 맛집 위치 - 고추장 막창... 
"캠핑장예약] 노을캠핑장예약,노을공원 캠핑장,서울 여행지"
가평 가볼만한곳 여행코스 여행지 58곳 가평펜션 589곳 모음
"새로운 인생샷을 위한 여행지, 서울의 루프탑 카페"
성수동 카페거리 버버리 성수 로즈 팝업 스토어 위치
남해 독일마을 맥주축제 성수 팝업 서울 상륙
로우로우 여행용 알루미늄 캐리어 추천! 튼튼!
벌써 7월의 중순! &lt; 7월 서울 팝업스토어 모음 &gt;
서울 여름 더울땐 실내나들이~ 물순환테마파크 서울하수도과학관
실내 가볼만한곳 서울 비오는날 데이트로 좋은 곳 서울 여행 5
디자인을 꿈꾸게 하는 여행지(국내편) chapter2
가을 여행지 추천 5 선 !
"2023년 8월 1주 | 가볼 만한 팝업스토어 추천 6 (펭수, 스즈메의... "
[응봉산 팔각정] 여행유튜버가 소개해주는 국내여행지... 
청계천박물관 실내가볼만한곳 스탬프투어 성동구가볼만핫곳... 
좋은 서울의 낮은 산 5 ▶남산... 응봉산공원◀ 서울 가볼만한곳... 
"서울 단풍길 96선, 단풍 낙엽... 곳 가을 여행지 추천 소개"
성수파스타 맛집 아파스타먼 K 파스타를 맛볼 수 있는... 
성수 데이트 따뜻한 분위기의 조용한 카페 파라디소  브런치... 
서울단풍명소 서울숲 | 위치 교통 주차장 자전거대여소... 
서울숲 성수 팝업스토어 11월 소품샵 억수로055 경남여행
보기와 다른 맛 #서울맛집
책으로 공부하는 해외여행 영어회화 대신 실전에서 연습해보기
11월에 떠나기 좋은 친환경 여행지!! 1편
'KBS2TV 저녁 생생정보1881회' 오늘의 맛집 위치는?
청계천박물관 가는방법 서울박물관 서울 실내데이트
서울 성수동 신상 핫플 맛집 살라댕템플 캐치테이블 예약 후기... 
서울 야경 노을 명소 한강 남산타워 서울 가볼만한곳... 
"출국용 코로나  검사 증명서,주말에 검사하는 곳,코로나 검사비... "
서울 걷기좋은 숲길 성수동 공원 추천 피크닉 여행지 - 서울숲
2월 서울 전시회 추천 우연히 웨스 앤더슨 관람 실내데이트
포멜카멜레 샌들 고르러 서울숲 팝업스토어 나들이!
서울 전시회 [우연히 웨스... 성수 / 다음 여행지는 여기다!
[서울/성수 맛집] 바오 서울_서울에서 느끼는 대만 바이브
서울숲 데이트 갔다가 주차하기 편한 성수 가볼만한곳 정이담... 
[지금현재 응봉산 개나리 개화상태~] 서울 응봉산 팔각정 주변... 
아트 인 메타버스  ART IN META-VERSE 서울1월전시회... 
서울근교 실내실외 놀거리 데이트 장소로 유명했던 TOP 3추천!
서울 명소 갈곳 청계천... 겨울 산책 데이트 코스 여행지 추천
2023 국내벚꽃여행 / 벚꽃 개화 시기 총정리 !
"여행지 추천, 분당 중앙공원~"
원어민이 가르쳐주는 여행영어회화
서울 전시회 그라운드시소 성수 우연히 웨스 앤더슨 전시
[현재 서울숲 단풍소식~] 서울숲 단풍 코스 성수동 서울 숲길... 
겨울 여행지 추천 새해 일출 명소
"여행지만큼 아름다운 , 데이트코스 추천!서울공원 BEST8"
벚꽃 향에 빠지다! 한국의 아름다운 봄 여행지 TOP 10
성수 치킨 서울풀윙 무제한 생맥주가 있는 치킨 맛집
서울숲카페 분위기 있는 곳 추천해요 파머스카페
9월 10월 서울 가볼만한곳 데이트 코스 추천 남산타워 서울숲... 
혼자서울여행 1박2일 일정으로 다녀온 서울여행지추천... 
서울숲 브런치 하기 좋은 산도스 반려동물 동반도 가능한... 
서울 도심속 힐링장소 가볼만한곳 서울숲 공원 가족나들이
"2022 단풍 시기, 우리 강아지, 고양이 데리고 여행할 수 있는... "
서울숲성수팝업: 억수로055/ 경남에 이런거 있다~
9월 가볼만한 곳 Top5 가을여행지 추천해드립니다
성수동 팝업스토어 억수로 055 더가다 탐정학교
"서울 근교 가을 꽃 축제 ,천만송이 천일홍 축제가 펼쳐지는 양주... "
"호텔도슨 팝업스토어 | 호텔의 기억, 향으로 남기다 (가든 인 성수)"
성수동 데이트하기 좋은 와인바 쏘티
생방송오늘저녁 성동구 쑥라테 화과자 카페 위치
해방타운 붐 장윤정 윤혜진 허재 백지영 최영재 여행지 옷... 
4월 국내 여행지 추천
서울숲 바람의 언덕 서울 벚꽃 구경
성수 카페 성수동 카페거리 카페 할아버지공장
[알쓸대잡] 뚜벅이로도 충분해! 2호선 타고 떠나보는 지하철... 
[ 성동구 놀거리 ] 공간 와디즈 / 하루 - 트립 베개 커버
서울 성수 코끼리베이글 평일방문 신메뉴 구매갯수 재방문하는... 
[#101] 한국 - 서울 - 한강의... 사진여행지 / 한강다리촬영지]
서울 힐링여행 성수동 서울숲 초록초록 싱그러움속으로 힐링... 
"가야할 &lt;서울숲피크닉 &gt; 11월 가을여행지, 야외요가... "
성수 맛집 정갈한 한식이 땡긴다면 &quot;고우성수&quot;
"성수 팝업스토어 5곳 후기 [샤넬,예스24,야놀자,하나은행,KBO]"
2013년에 돌아본 여행지
성동구 용답동 신창비바패밀리 오피스텔
서울 당일 여행지 뚝섬 서울숲
"포천 여행 :: 촌캉스,불멍,서울근교 여행지"
서울 근교 가볼만한 곳 [봄꽃 여행지]
[성동구/서울숲 봄나들이 풍경] 벚꽃부터 응봉산 개나리... 
"서울 성수동 데이트 가볼만한 곳 : 소품샵 오브뉴 , 팝업스토어... "
성수동 레인 리포트 크루아상 비오는 풍경 카페
드디어 '한국관광100선 2023-24' 포스터를 구했다!
성수케이크 주차가능 대형카페 라에비뉴
5월에 가볼만한곳 ㅣ 5월 봄나들이 여행지 추천
"수도권 수국명소 모음 :: 서울숲수국, 아침고요수목원수국... "
서울 성수동 헤븐센스 방문 / 모나미 스토어 각인 볼펜 선물... 
성수 팝업 ㅣ 억수로055 ㅣ성수 11월 팝업스토어 정리 ㅣ... 
"[공유] 성동구, 성수브루클린부터 서울숲까지 한눈에 보는... "
여행 장소] 여기가 한국?? 해외 느낌 물씬 나는 한국 여행지&amp;맛집
서울 성수동 맛집 : 소문난 성수 감자탕 내돈내산 솔직후기... 
서울 성수동 데이트 : 신기한 볼거리 많은 포인트오브뷰... 
서울 주말 나들이 여러 추억이 가득했던 4곳 추천
[대만/타이베이] 담자면 아직 안 먹어봤다면? 도소월(度小月)
서울 봄꽃축제의 시작 응봉산 개나리축제 개화 주차정보
"힐링여행으로 딱, 서울의 숲 여행"
2023년 4월 서울 벚꽃 축제... 여의도 윤중로 서울숲 주차팁
✱ 성수 ✱  브런치 카페 파라디소 paradiso
수박에이드 바 성동구 불방구 미니카 레이싱 경주 위치 :: 리폿안
5월 어린이날 아이들과 가볼만한 곳 국내여행지 베스트5 추천
"지구의 날, 친환경 여행 떠나요 - in 싱가포르, 발리, 서울"
11월 여행지에 대해서 알아볼까요?
우리나라의 유명한 가을 단풍구경 여행지 소개
국내로 효도 여행을 떠나보자 추천 여행지 BEST 5 알아보기
[Make Waves] 성수동팝업스토어:밑미홈에서 만나는 야마하... 
서울피크닉 장소로도 제격인 가을에 꼭 가봐야할 서울숲
서울 성수역 물품보관함 위치... 아이쇼핑하기 !! ( feat. 서울숲 )
"[서울 가볼만한곳]외국같은 성수핫플 데이트코스로 추천, 성수... "
11월 3주 성수 팝업 나들이 (선양소주 외 13개)
시골쥐 서울 여행기 #1 성수동
가을에 가기 좋은 국내 여행지
떠나요♡ 둘이서~ 초록 숲으로 | 전국 숲세권 모음. zip
반나절 주말여행 반나절이면 충분한 여행지 200
[성수 팝업] 남해 독일마을 맥주축제 독일로89-7
[성수] 11월 팝업스토어 성수 뚝섬 싱가포르항공X신한카드
트렌드 코리아 2024
서울 성수동 맛집 : 오븐에 빠진 닭 성수점 내돈내산... 
성수동 디저트 카페 villa.1990 유럽풍 인테리어의 데이트 장소
여행지
서울 성수동 돈가스 맛집 : 마씨 massi 등심 돈카츠 + 새우... 
성수동 호남밥상 직장인 점심 추천 갈치조림 맛집
"캠핑장예약] 노을캠핑장예약,노을공원 캠핑장,서울 여행지"
서울 4월 봄꽃여행 성수동 서울숲 튤립축제튤립 개화상태... 
"[생활정보] 가정의 달 5월, 실패 없는 가족 여행지 4"
[서울 강북구]와우~여기가 진짜 서울?  '북서울 꿈의숲'
서울 아이들과 가볼만한곳... 곤충들이 있는 아름다운 서울숲
꽃길따라 떠나는 봄 여행지 [골든데이즈]
봄꽃 개화시기와 추천여행지 - 3월호
서울 성수동 맛집 제스티살룬 내돈내산 솔직후기 / 이영자... 
서울소액일수 성동구일수 더고말고 질문드려요급
서울 성수동 핫플레이스 디저트 카페 : 서울앵무새 내돈내산... 
[서울]그라운드시소 성수 - 우연히 웨스 앤더슨
"[trend]CJ제일제당, ‘제1의 맛집 시즌 2: 우주붕어’ 팝업... "
서울숲 카페 어라운드데이 반려동물 동반 가능
"[성수맛집] 성수, ‘고로고로’"
성수 팝업: 독일로89-7에서 미리 즐기는 남해 독일마을... 
6월전시회추천 '여행갈까요?' 뚝섬미술관 성수동데이트
서울 무로정 성수 낙낙점(2022년 12월25일 크리스마스 기념... 
&quot;여행도 똑똑하게!&quot; 빅데이터로 알아보는 겨울 여행지
"서울 실내데이트, 아직은 봄이 아니니까"
중국 황금연휴 국내 관광객 경제 도움 될까?
서울숲 튤립나들이 피크닉 * 4월 5월 서울 가볼만한곳
"주말의카페,  (대림창고, 오르에르, 세루리안커피 )"
[서울숲_보마켓] 서울 성수 핫플 애견동반 가볼만한 곳... 
서울특별시 성동구 헬로우뮤지움 미술관/화랑 - 달콤한여행
2022 가을에 즐기기 좋은 국내여행지:: 야경핫플 추천 Best9... 
서울특별시 성동구 서울숲 자연생태관광지 - 달콤한여행
오디오테크니카 60주년 턴테이블 성수동 팝업스토어
"서울 전시회 추천ㅣ우연히 웨스 앤더슨, 그라운드 시소 성수"
국내 가을 여행지 추천!.
서울 가볼만한 곳 BEST 추천
전국 여행지 목록
서울 아침식사 맛집 추천 Top10 노포 생활의달인  쌀국수
"춘천 감자빵, 명옥헌 설경... 대한민국 매력 알릴 '2021... "
서울 성수 핫플레이스 맛집 코끼리베이글 메뉴 토요일 오픈런... 
서울 여행 코스 강남 한류스타거리 (K-Star ROAD)
서울 단풍명소 / 11월 여행지 / 가을 데이트코스 11개
[서울 여행] 성수 특이한 플래그십스토어! 공항 컨셉?... 
7월서울전시회: 뚝섬미술관 여행갈까요 시즌2(성수 핫플)
[서울 성수동/성수역 맛집] 내돈내산 ‘가조쿠’ 냉모밀 냉소바... 
굿갓레스토랑
"가을을 맞아 떠나고 싶다면, 국내 친환경 여행지 추천"
인구2만 철조망 해변은 어떻게 서울 특별시 양양구가 됐나?
[서울전시회]우연히 웨스 앤더슨_ 돋보인다 색감이 가고싶다... 
광진구 성동구 강박증을 일으키는 원인부터 파악
4월 5일 식목일 맞이 가볼 만한 서울 봄나들이 추천 4곳
2월 서울 전시회: 뚝섬미술관 여행갈까요(서울가볼만한곳)
kbs월화드라마순정복서촬영지배경장소?서울한옥마을인천수원... 
서울 단풍 명소 BEST 6 비우면 채워지는 여행코스!
장사천재백사장2 스페인 산세바스티안 장소 촬영여행지... 
"[성수 팝업] 찾아가는 전통주 시음 가능한 놀거리, 경기로운... "
[Best place]도심 속 초록이 숨 쉬는 서울 숲... 
2023년 전국 봄 여행지 추천 BEST
성수동 핫플 태국요리 살라댕템플 이색데이트
서울숲 맛집 한식 솥밥이 맛있는 고우성수
tvN드라마 무인도의디바 촬영지배경장소... 
[서울 성수동 맛집] 소녀방앗간 ... 건강함을 먹는다는 기분으로.
"성수공방 데이트, 성수원데이클래스 &quot;성수향수공방 '닷노트... "
서울숲 카페 아방베이커리 서울숲점 애견동반 베이커리 맛집
홍콩 갬성 철철나는 한양대 맛집 용용선생
성수동 쌀국수 맛집: 화화담 성수에서 트리플스페셜 쌀국수를... 
"탄소 배출량을 줄이는 친환경 추천 여행지, best4"
"단풍여행지 추천, 억새밭, 갈대밭, 어디가 좋을까요?"
단풍 시기인 10월을 맞아 서울 가 볼 만한 곳 소개합니다!
시험에 지친  여러분을 위한 도심 속 힐링 여행지
관광지 / 서울 여행지/서울 외국인 거리 /서울 외국거리 /서울... 
전국 은행나무 단풍 명소
[서울카페/탐방] 성동구 성수동 카페 &quot;모므로살롱&quot;
[서울] 아이랑 갈만한곳 서울숲 나비정원 곤충식물원
이탈리아향수 아쿠아델엘바 성수동플래그샵
[성수동]OUDE (솔직후기/브런치/베이커리메뉴/성수신상카페... 
서울숲 튤립 꽃길 성수동 서울숲길 봄날 걷기에 좋은 힐링코스... 
서울 성수 아이와 가볼만한곳 CJ 쌀창고 예약 고등학교 팝업... 
7월 여행지
"서울의 봄, 응봉산 개나리축제 ('23.3.24)/ 추천"
11월 5째주(11/27~12/3)성수 서울숲 추천 팝업 리스트
성수팝업스토어 프리메라 아모레 &amp; 무신사 무진장
[서울 성수 카페] 서울숲 테디스오븐 디저트 카페
[뚝섬] 여행의 설레임과 환경오염의 심각성을 알리는 전시... 
오색빛으로 물든 가을 단풍여행지 추천! (OK114)
61.8-10월 일상 :: 성동구 주민의 넘나 바쁜 일상zip (성수동... 
성수 팝업스토어 7월 갈만한 곳 야놀자 홀리데이마켓 복권 당첨!
성수 가볼만한곳 혼자 또는 데이트 코스 헤븐센스 이솝 르 라보... 
서울반아이들 24개구들 케이블카 타고 여행지를 향하고 있다... 
성수동 조용한 카페 파라디소 여유로운 브런치 맛집
"빅이슈코리아 매거진/ 정기후원 및 판매처, 홈리스 지원 잡지"
"45+ 모임 앱 오이의 서울, 경기, 대전, 광주, 부산, 울산... "
[나는대만족입니다] 성수동팝업 | 뚝섬역팝업스토어... 
"[서울 성수동] 서울숲, 골목에서 만난 떡볶이와 마카롱"
[윤지민] 5월 푸른 봄의 성수동
사진 찍기 좋은 서울 야경 명소 TOP3
"서울숲 가을 피크닉, 성수 n번 방문 후 주차 꿀팁"
뚝섬미술관으로 여행갈까요?
4월 국내 여행지 추천... 인천 서울 가평 강원도 스카이워크... 
성수동 핫 플 타코튜즈데이 한국 스타일 멕시칸 요리 전문점
"서울 루프탑 파티룸 도심 속에서 즐기는 캠핑 감성, '옥탑방성수'"
"서울 단풍길 코스와 거리(경복궁,덕수궁,남산 등)"
12월 미술전시 추천
블론드헤어로 전체염색 ‘잇결’ 채린쌤후기 #서울숲미용실
내가 가본 전국 여행지
성수 데이트하기에 정말 좋은 성수 돈까스 맛집 에이돈
"&lt;서울&gt;성수동 투어(맛집,소품샵)"
사수판다 :: 7월 여행하기 좋은곳 (7월 여행지 추천)
스마트폰으로 마을 총회를...? 2019 디지털 사회혁신 우수사례... 
[서울여행] 겨울을 따뜻하고... 실내데이트 _마곡 서울식물원... 
청계8경 버들습지 / 서울특별시 성동구 용답동
서울 가볼 만한 곳 best 5 (ft 강남 주변)
"서울 야경 명소 best 4 (서울 야경 좋은곳 추천, 응봉산 팔각정... "
성수동 핫 플 37.5 시그니처 성수 테라스 반려동물 동반 가능
성수인의 추천 맛집 Asian Quisine 레스토랑 비파서울
성수동팝업스토어 7월 놀거리 야놀자 홀리데이마켓 6가지... 
성동 힐링센터 휴(休) 영월 캠프 가성비 좋은 카라반 후기/성동... 
대한민국 국내 여행지 추천 (서울특별시편)
여름휴가 동해 해변 양양 서핑 최초 실제 도전기(성동구 탑... 
[가을단풍명소] 가을맞이 서울의 단풍명소 2편 - 서울숲
서울 여행 서울숲 성수동 서울숲길 물놀이 &amp; 수국 꽃길 걸으며... 
One Universe Festival 2023 라인업 타임테이블 출연진 티켓... 
"연인끼리 가면 좋은 여행지 추천 1탄!♥ (서울, 경기도 편)"
서울숲가볼만한곳 “ 싱가포르항공X신한카드 팝업스토어 ”... 
[팝업스토어/성수] 10월 성수팝업 버버리로즈 예약 및 다녀온... 
양양 글램핑장 추천 LIST 5곳
8월1주 KB부동산 주간시장동향 주간시계열
[4월 서울 전시회] 뚝섬미술관 여행갈까요 / 뚝섬 여행갈까요... 
서울 성수 핫플레이스 아이와 가볼만한곳 모나미 문구점 스토어... 
"봄꽃 여행지, 국내 여행, 국내... 장흥 선학동마을, 서울 응봉산"
"도심 속 힐링하는 국내 여름 휴가지, 여행지 추천해요"
3월말 서울특별시 성동구 : 서울숲길 자전거길 코스
[건대 내돈내산 스시 맛집] 호야초밥 참치 본점 재방문 솔직... 
[ 뚝섬 전시회 추천 ] 뚝섬 미술관 &lt;여행갈까요&gt;
12월서울전시회~뚝섬미술관 여행갈까요 다녀옴
3월 지금 가볼만한곳 서울 매화 청계천 하동매실거리 홍매화... 
서울 성수 아침식사 맛집 24시영업 소문난감자탕 백종원... 
"[서울여행] 서울 실내 데이트 추천, 성수동 가볼만한곳 우연히... "
[추천여행지] 주말에 가볼 만한 곳 모두 모여라!!!  아이들이... 
[서울]성수동카페거리☕ 나들이/성수동카페거리주차... 
[가구사다리차] 성동구 성수동 사다리차 &amp; 왕십리동 사다리차
"[서울] 3대 탕수육 광화문 중식당, 친니"
성수 친구 연인끼리 가볼만한 곳 야외 방탈출 리얼월드 추천해요.
서울 여행 :: 성수동 성수국제공항 트래블로그 팝업 크루아상... 
9월서울전시회 추천 서울숲 뚝섬미술관 - 여행갈까요
"성동구, 성동힐링센터 휴 영월캠프에 카라반 떴다!"
"[8월서울전시회] 서울숲 뚝섬미술관, 여행을 떠나요 전시 - 여행... "
"수원촌놈의 성수동,건대상권임장기2(성동구 지산부터... "
[매거진36.5] 여행을 떠나자! 성수동이 키운 사회적 경제... 
성수동 빵집 피치베이커리 크로와상 맛집 서울숲에서 혼자피크닉!
서울 성수동 24시 찜질방... 내돈내산 솔직리뷰 / 서울 찜질방 추천
20대여자쇼핑몰 연예인패션 브랜드 샵사이다 팝업스토어... 
중랑천 서울장미공원 (Feat. 경춘선숲길 중랑천 목동천)
주말에 가볼만한곳 드라이브코스 알려주는 서울경기... 
서울숲 재즈 페스티벌 2023 가을 뮤직 페스티벌 주차 시간... 
서울숲 이색 데이트 소랑호젠 성수 제주도 감성 이탈리안 퀴진
뚝섬역 맛집 빈티지한 분위기의 일미락
야놀자 홀리데이마켓 팝업스토어 정보입니다
"[휴일 일상] 서울 전시회 그라운드시소 성수 '우연히, 웨스 앤더슨'"
"발걸음이 향하는 곳에, 콰야 개인전"
국내여행지베스트10 봄꽃축제와 매화.산수유 꽃구경... 
[성수 팝업] 샵사이다 첫 오프라인 팝업 스토어 다녀왔어요!... 
[서울여행] 성수동 가볼만한곳 서울 핫플레이스 모음 - 디올... 
"[서울앵무새] 뚝섬,성수,서울숲 줄서는  퀸아망 맛집 시나몬롤... "
"봄꽃도 보고 등산도 하고, 올봄 여기는 꼭 가보자!"
[성수 팝업] 여밈(yeomim) 라이프스타일 컬렉션 팝업 스토어... 
"[서울 맛집][명동맛집] 레드 썬 !  , 달인의 떡뽁기집!! RED... "
서울 맛집 베스트10 장소
"가을산 추천, 서울 근교 등산 코스 초보 등산러 TOP3!"
여행지 추천ㅣ랜선으로 떠나는 피톤치드♣ 맛집 :: 서울숲... 
성수 대림국수 숯불 꼬치국수 소문난 맛집
[성수동 핫플레이스] 편집숍 W×D×H &amp; 카페 오르에르(ORER)
서울 성수동 서울숲 맛집 핫플 카페 단풍 놀거리
가을 여행지들 (TvN 프리한19에서 소개한 가을명소)
응봉산 팔각정 야경 명소 주차장 서울 도심 데이트 가기 좋은... 
가정의 달 5월 가볼만한곳 성수동 서울숲 꽃사슴 나비정원
"[뚝섬] 서울 뚝섬미술관 전시회, 여행갈까요"
갈만한곳. 여행지 추천. 여름휴가지 베스트. 7월 축제일정
성동구 보테가마지오 식대&amp;음식맛 궁금하시죠? 확인해보기!
"2016년 4월 축제일정표 (4월 여행지 베스트, 4월 여행하기... "
여행용 캐리어 추천 로우로우 알루미늄 R트렁크 성수... 
"[성수/건대입구] 그라운드시소 서울에 갈만한 전시회, 우연히... "
12월서울전시회 뚝섬미술관_여행갈까요
성수동 어낵 3번째 방문 후기_중단발 레이어드컷(신나래 실장님)
[서울 전시회 추천]그라운드시소 성수 우연히 웨스 앤더슨 전시... 
"서울숲 카페 오므오트(omot), 티마카세 :: 서울로,온베케이션"
"성수카페 :: 라에비뉴 케이크, 베이커리 맛집 주차가능한 식물... "
서울 성수동 코끼리 베이글 3호점 메뉴 화덕 맛집 주중 웨이팅... 
"서울숲, 덕수궁 여행기 (ft. 노티드) | 서울 가볼만한 곳 추천"
당일여행지
상왕십리 맛집 오캄 스테이크 파스타 맛집
서정의 아침편지
성수동 소곱창 맛집 성수노루
킹스 오브 컨비니언스 Kings of Convenience와 노르웨이... 
[더그림] 인천 공항 초등학교 신도 분교장 복도 벽화 / 학생들이... 
"서울 여행지 9곳, 요즘 핫한 서울 관광지와 근교까지 총정리"
성수동 놀거리 핫플 성수 소품샵 Ego by Showroom
"성동구 그린로드 (서울숲, 남산길) - 2021. 08. 19."
맛집 서울 핫플 서울숲 연남동 스페셜티 게이샤 커피 193회... 
"기분전환: 9월서울전시회, 성수, 서울숲, 뚝섬미술관, 전시회... "
성수동 쇼룸 세터하우스 매장에서 쇼핑 끝내기
벚꽃 여행 떠나보자! 2023년 추천 벚꽃여행지와 지역별 벚꽃명소
지극히 주관적인 일본 철도 여행지 위시리스트
이태리 엘바섬 향수 아쿠아델엘바 블루
"밑미홈 | 시간을 파는 상점, 심심한 옥상"
[서울 전시회] 3월 서울 전시회 추천 “우연히 웨스 앤더슨”... 
[서울 카페 추천/서울 데이트] 독특하고 예쁜 카페에 가고... 
2023 응봉산 개나리축제 기본정보 팔각정 꼭 봐야 하는 이유
봄에 갈만한 곳 꽃구경 가기좋은 봄나들이 가볼만한 곳 여행지... 
서울 봉화산 (Feat. 경춘선숲길~중랑천~목동천) 옹기테마공원
르세라핌 s/s 팝업스토어 &amp; 홍대
성수 거제 팝업스토어 섬마을 크리스마스 분위기 느껴보기
제주 브릭캠퍼스 레고 박물관 - 아이와 가볼만한 실내 여행지... 
[성수/전시회] 3월서울전시회로 가기 좋은 뚝섬미술관의... 
[성수동 맛집] 성수동 치맥 여행지 분위기! &quot;서퍼더퍼&quot; 에서~!
[전시회] 서울 뚝섬 전시회 데이트 여행갈까요 뚝섬미술관 성수... 
성수동 카페 추천/ 서울숲 카페 / 카멜커피 7호점
지금은 친환경 시대! 수도권 에코 여행지
3월 여행지 봄꽃 개화예상시기 전국지도 나왔네요 떠나요! 국내... 
주말여행(2023-2024) : 반나절이면 알찬 수도권 핫스폿 여행지 157
핸드크림 헤어오일 향이 좋은 디어드라세나 성수
"서울로 온, 베케이션 :: &lt;원앤하프 (one and half)&gt; 서울숲에... "
[트래블투데이] 효도와 관련있는 우리나라 여행지는?
TATTLY / 태틀리 /  타투 스티커 / Tatoosticker... 
서울 실내데이트 코스 가볼만한곳 그라운드시소 성수 '우연히... 
성수맛집 뚝섬역 유러피안 느낌의 식당 브리비트
여행지. 갈만한 곳. 4월 축제. 제주도 여행. 봄 소식. 진달래.... 
성수 남해 독일마을 맥주축제 팝업스토어 &lt;독일로 89-7&gt;
재미와 볼거리를 한번에 LG전자 펀(F.U.N)한 체험 공간
봄-여름 강연소식 전합니다 :)
서울숲공원 ~ 가고싶은 국내여행지
서울 이색체험 성수동 놀거리 성수 가볼만한곳... 
서울 가볼만한곳 베스트10 추천해요
보령머드축제 2017를 비롯한 가볼만한 2017 여름축제 알아보기
"서울숲 공원 주말나들이 , 서울 가볼만한곳"
여행지별 여행 경험자 1회 평균 숙박여행 일수 가입할수록
[국내여행] 국내봄꽃축제 기차 타고 떠나볼까요?
꼭 가봐야할 수국 명소 BEST 10
"서울 가을 여행 모음/ 월드컵... 올림픽공원, 석촌호수, 서울숲"
커스텀케이크 주문제작케이크 모음.zip - 서울/망원/마포/이대... 
성수핫플 우리마키 성수점 일본 여행 분위기로 즐긴 후토마키... 
4월서울전시회 뚝섬미술관 여행갈까요 시즌2
모터 싸이클 타고 제주도 3
"서울 전시회 | 우연히 웨스 앤더슨 : 어디에 있든, 영감은 당신... "
[서울 야경맛집] 서울 야경투어 1티어 응봉산 : 밥 안 먹어도... 
"성수 이미스(emis)쇼룸_ 재고현황(가방,모자),구입후기... "
"[오늘의 여행 소식] 23.10.22 &quot;연말, 겨울여행 수요 잡아라... "
[2월서울전시회] 뚝섬미술관 '여행갈까요' 성수핫플 방문후기... 
[서울 전시회] 세계여행 대리만족 :: 우연히 웨스 앤더슨
서울 골목길 여행 - &lt;우리 골목에서 만나자&gt;
"[뚝섬] 뚝섬미술관 여행갈까요 전시회, 서울 데이트 코스 추천"
"4월 서울전시회, 서울 전시회 추천, 뚝섬 미술관 여행갈까요... "
서울에서 반나절이면 충분한 여행지 200
[ HDD판다 ] 서울숲 데이트 코스 덮밥 맛집 추천
"서울 여행 코스 추천(남녀노소, 아이들도 신기해할) 청계천 박물관"
밥이좋아 성수동 흑돼지 스테이크 서울 핫플 6미 식당 위치 62회
야놀자 《 주식 · 장외주식 》 글로벌 항공 서비스 선봬
그라운드시소 성수: 우연히웨스앤더슨 전시 [서울 가볼만한 곳... 
"환경을 생각하는 재미난 교육 공간, 서울새활용플라자"
토요일은 밥이좋아 성수동 수플레 팬케이크 토밥 서울6미... 
짬내서 산책하기 (Feat. 경춘선숲길~경춘철교~중랑천 야간산책)
서울숲맛집_[잇피티] 서울숲에서 맛있는 다이어트 식단 챙기기... 
"[서울] 추억의 왕십리 로드 / 친구와 추억여행, 행운돈까스, 카페... "
[오늘의 맛집 소식] 23.12.01 &quot;크리스마스에 예약·주차되는... 
[볼거리] #인생사진관 #마크앤스페이스
한우 차돌 된장찌개 「마장동 한우촌」 - 서울택시... 
[프립 소셜클럽 오픈 안내] 여행 독서모임 : 책으로 떠나는... 
5월을 대표하는 장미 '전국 지역별 장미꽃 명소 소개' 및 '대구... 
"[마장동맛집] 마장동호랑이, 2021 서울 미식주간 선정 맛집... "
생방송오늘저녁 약과 약과쿠키 약과푸딩 여행팩트체크... 
서울 뚝섬미술관 전시회 :: 여행갈까요
[ 서울 2월 유료 전시: 우연히 웨스 앤더슨 사진전 ]#여행 #사진... 
아이랑 성수 놀거리 서울숲 수도박물관 입장료 무료
"포페런츠, 시니어 나들이 돌봄 프로그램 활성화 협력 위한... "
지도 맛집 에이든 &lt;우리나라 서울 여행지도&gt; 여행책 추천!
tvN월화드라마 반짝이는워터멜론촬영지 메타세콰이어길 마을... 
가을 단풍명소 추천  국립공원 / 도립공원  엑셀 파일 총정리
이젠 동네투어가 대세! 서울 동북권 '오래가게'를 추천해주세요!
[여행] 봄 맞이하러 산수유꽃와 벚꽃 보러 가요! (feat. 봄꽃... 
여기저기서 들려오는 엑소의 소식9(디오 영화 더문 스틸컷... 
내년에 도전하고 싶은....
[성수역 술집] 넛츠비어 : 생맥주 무한리필
성수 쿠키 올더어글리쿠키&amp;사부아페어 부산에서 온 르뱅 쿠키... 
서울숲 공원 단풍구경 만추 성수동 단풍여행 11월 가볼만한곳
서울에서 4월에 꽃을 볼 수 있는 곳 중랑천 튤립
"&quot;[서울숲/팝업스토어] '성수 7월 2주차 팝업스토어 (일정, 위치... "
"서울 나들이, 뚝섬역 가볼만한곳 데이트코스 추천"
메타그라운드 성수 싱가포르항공 팝업스토어 크리스플라이어... 
"서울데이트, 우연히 웨스 앤더스 전시회 그라운드시소 성수... "
#우연히 웨스앤더슨 #웨스앤더슨 영화 #Wes Anderson... 
[서울D-1]_반포대교 달빛무지개분수.북촌 한옥마을.서울숲.
4월서울전시회 뚝섬미술관 &lt;여행갈까요&gt; 시즌2 오픈... 
2011년 성동구 ‘행복만들기 국내여행’특별여행 사업공고
"[성수 그라운드시소  우연히 웨스 앤더슨: 어디에 있든, 영감은... "
성수동놀거리 서울숲 닥터자르트 성수팝업스토어... 
[도시숲] 도심속 천연에어컨? 도시의 숨통을 트는 도시숲
서울 반나절 여행지
성수동맛집 진작다이닝 서울숲맛집 : 맛과 우아함의 요리 여정
[충청신문 주말여행] 서울 가볼만한 곳은? Creative X Seongsu... 
11월 서울 전시회 / 서울 전시회 : 뚝섬미술관 '여행갈까요' 후기
[락피쉬 웨더웨어] 클로그 &amp; 버킷햇 내돈내산 리뷰 / 락피쉬 성수... 
성수카페 추천 | 예쁜 휴양지 느낌의 핫플 카페 '라에비뉴... 
성동구 메인쿤무료분양 아이들이 많은 곳에서 알아보세요
[전시/서울] 코시국 성수에서 해외여행하는법 | 그라운드시소... 
야놀자 '홀리데이 마켓' 성수 팝업스토어 추천
예산 가볼만한곳 베스트10 좋아요
성수동소품샵 보마켓 리빙편집샵 다양한 구경거리가있어요
전국주요 봄꽃
3월서울전시회 : 뚝섬미술관 여행갈까요 데이트 추천해요
[오늘의 맛집 소식] 23.10.28 “사장처럼 일했더니 사장... 
뚝섬미술관 &lt;여행갈까요&gt; ✈12월 서울 전시회 추천
"6월서울전시회추천 성수전시회, 포토존 많은 뚝섬미술관... "
"4월서울전시회 추천, 뚝섬미술관 여행갈까요"
"서울 자전거 대여 나들이... 위치, 가격, 시간, 한강 여행지도"
[성수]아뜰리에아키/콰야 개인전&lt;Where your steps take you... 
"수 있는 이벤트, 울긋불긋 단풍에 빠져보아요.(가을 여행지 추천)"
"성수에서 아세안 라이프 스타일을 만나다, 2023 아세안 책방"
힐링이 되었던 서울숲 카페  파머스카페
"노원, 성동구 등 문화재단 소식"
에이든 서울 여행지도 2022-2023 개정판
9월  추석연휴 해외여행지 추천 일본 오사카 좋아요
「Adieu 2015」- 2015년을 보내며
"풍자의 또간집, 나한텐 여기가 1등! 성수동 &quot;소바식당&quot;"
서울숲 감성 피크닉 맛집 캐스터네츠 서울숲점
"2022년 첫 전시, 우연히 웨스 앤더슨 전시 보러가기!... "
서울 봄꽃 구경 명소 추천(뚜벅이 무료 여행 꿀팁 포함)
[봄] [서울 여의도 벚꽃축제] 봄이되면 꽃 가봐야하는곳중 하나... 
[서포터즈 추천] 성수에서 자연을 누릴 수 있는 카페 &amp; 맛집
벚꽃길 VS 어린이대공원 벚꽃 ... 서울 벚꽃 명소 추천 비교
"11월 서울전시회 :: 분위기좋은 여행,  성수 데이트필수코스... "
"성수 서울숲, 공원 여행 코스추천해요"
[11월 서울 전시회] 뚝섬 미술관 여행 갈까요 전시 보고 왔어요!... 
야초의 역사문화유적 답사 :: (서울 성동)벚꽃 명소 서울숲... 
성동구 일수대출 빠른곳[서울 전지역] 고도원시약시일때
"서울 광진구 흥신소 사설탐정, 국제커플의 혼전 검증 조사 의뢰"
아프리카를 춤추다
성수 9월 팝업스토어 쇼핑편 루스빈티지 팝업(팝업기간... 
"서울 성수동 나들이, 성수역 수제화거리 가볼만한곳 맛집 추천"
"[겨울] 여행지 추천 - 양양 쏠비치 아쿠아월드, 동해 바다"
강릉 주문진 안목 해변 추천 드라마 도깨비 촬영지
[오늘의 맛집 소식] 23.05.08 &quot;비 그쳤네&quot; 연휴 마지막날 동해선... 
이미스 모자 볼캡 EMIS 한남 매장 착용 후기
중랑천 (철새/노원구/중랑구/동대문구/성동구 )
뚝섬미술관[여행갈까요?] / 12월 서울 전시회 추천 / 힐링 시간
[성수] 7월 팝업스토어 인생샷 건지기 좋은 쇼핑 명소... 
서울 여행지 20
걷다보니 남미였어 - 이 책을 읽으니 노기도 훌쩍 해외여행을... 
2월서울전시회 뚝섬미술관 '여행갈까요' 핫플 데이트코스... 
성동구 다문화가족 가을나들이 Fall In Love
페이지의 세상만사 650만 돌파 기념 &quot;페이지의 시 여행 &quot;북... 
서울의 봄꽃 명소와 봄꽃 촬영법 1) 응봉산 개나리
성수동 데이트 성수동 핫플레이스 소품숍  포인트 오브 뷰... 
[서울전시회] 뚝섬미술관 여행갈까요 시즌2 솔직후기
"서울 실내 가볼만한곳, 우연히 웨스 앤더슨 사진전... "
서울 건대 전시회 뚝섬미술관 : 여행 갈까요
2023년 가보아야할 여행지 한국관광명소 100선
성수 맛집 베트남 음식 전문점 꽌코이 입맛 사로잡네
[서울여행 58 ] 서울에서 예술을 만나다 ~  예술의 전당... 
[현장] 야놀자가 권하는 여름휴가…팝업 성지 ‘성수동’서... 
"일일 뉴스 [증권, 부동산,코인, 랭킹 뉴스] (2023년 09월 17일)"
"2013 벚꽃 축제 일정［전국 꽃축제 일정, 봄꽃여행지, 4월... "
양양 서핑 강습/장비 렌탈도 가능한 서프홀릭 양양! 카페테리아... 
"2023년 꼭! 가봐야 할 한국관광100선, 신규선정여행지5"
봄맞이 가족여행/나들이! 어디로 떠나볼까요? 양이씨가... 
"서울책방 추천, 서울 여행 책방 5곳 총정리"
[라이프인 뉴스] 성동구의 가치를 여행으로 디자인하는... 
서울 그라운드시소 성수:: 7월 [우연히 웨스 앤더슨] 전시 관람... 
"1월에 즐기기 좋은 서울 전시회 추천, 뚝섬미술관 여행갈까요 ♥"
트렌드 코리아 2024(분초사회 육각형인간 요즘남편 없던아빠... 
2월서울전시회 뚝섬미술관 여행갈까요? : 서울 전시회 추천
서울숲과 함께 가기 좋은 여행지 | 근대 상수도 역사의 출발지... 
"[리뷰] '하나뿐인 공항, 성수국제공항' 방문 후기"
2023 SS 페미닌 러블리 ♡ 데일리 원피스 추천
[서울여행] 청계천문화관 (청계천 과거와 현재)
늦더위 이겨낼 시간여행지 5곳
[서울] 서울 전시회 추천 뚝섬미술관 여행갈까요! 성수 가볼... 
왕십리 카페 “씨롱 카페” 귀여운 마카롱이 있는 맛집
[서울 여행] 오랜만에 서울 나들이 1 (맛집 추천/카페 추천... 
낡고 좁은 집이라도 서울 부동산을 사야하는 이유
서울전시 우연히 웨스 앤더슨 평일 후기 대기 할인... 
성동구유리  성동구카페유리쇼케이스 서울숲카페에... 
"여행 대리만족 끝판왕, ‘우연히 웨스 앤더슨’ 전시"
서울에서 힐링하기 북촌/서울숲 서울1박2일 여행후기2(서울숲... 
2월서울전시회 추천 뚝섬 미술관 여행갈까요 성수동 핫플
[EVENTUS 행사][FIVE Comm.] 퇴사준비생의 여행... 
8월 서울 전시회 뚝섬미술관 여행갈까요? 서울숲... 
성수향수공방 레트르 성수 놀거리 향수 만들기 원데이클래스
"상상이 실현되는 성수동 이색 체험 공간, 공간 와디즈"
"성수동 이색 카페 / 씨즈더데이 카페, 크로플이 맛있는"
12월 서울 전시회 데이트(서울 가볼만한곳)_ 뚝섬미술관... 
내가 가본 전국 여행지
봄꽃축제 - 잠실해법수학학원
"추천전시) 우연히 웨스 앤더슨 : 어디에 있든, 영감은 당신... "
2월 서울전시회 뚝섬미술관-여행갈까요 성수동핫플
성동구렌트카 편안한 여행을 도와주신 곳~!
"성수동 뚝섬 서울숲 태국 음식 맛집, 그린치앙마이"
9월서울전시회 뚝섬미술관 여행갈까요 데이트 코스로 딱 좋아
4월서울전시회 성수데이트 추천 : 뚝섬미술관 &lt;여행갈까요... 
[오늘의 맛집 소식] 23.04.21 반려동물과 함께할 수 있는 우리... 
나도 웃고 지구도 웃는 '친환경 라이프스타일' 상품
"디뮤지엄 전시회) 어쨌든, 사랑: Romantic Days @D MUSEUM... "
성수동 서울숲 피크닉 사슴 구경 서울숲길 놀거리 서울 벚꽃 명소
한국관광공사 비대면 가을여행지 100선中 서울 아이와 함께... 
엽서도서관 포셋전포 부산 서면 가볼 만한 곳
2009. 2. 17 - 서울시 성동구 청계천 판자촌 &amp; 문화원
서울 뚝섬미술관 전시회 여행갈까요 시즌2 리뷰
서울 성수동 재즈클럽 심야의숲 와인 수제맥주 즐기자
2월 서울 전시회 추천; 뚝섬 미술관 여행갈까요 성수 가볼만한... 
파주 임진각에 통일의 바람이여 불어라~
[서울 성동]2020여행갈까요 전시              [2020.09.26... 
"Stay Brand Introduction, 스테이 브랜드 소개"
"5월 서울 전시회, 서울숲 전시회/ 뚝섬미술관 여행갈까요(가격... "
"[서울여행] 서울 나들이 서울숲 피크닉, 서울 단풍"
[성수데이트/언커먼아이웨어]여자 안경 추천 받고 갔다가 남편... 
5월 여행지 추천해드립니다.
11월서울전시회 /  여행갈까요 전시회 성수 데이트코스
별여행지
우연히 웨스 앤더슨 전시 웨이팅 : 1월 서울 전시회 실내 데이트... 
성수에 떴다 야 놀자 해외여행 팝업 여기가 괌이야 태국이야... 
[폭스바겐그룹] ID.4 - 운전자지원첨단조향장치 관련 리콜
성수중국집 성수 회식장소 추천 천미향
"금호동 빵집, 신금호역 베이커리, 침착하고 느린손"
뚝섬미술관ㅣ3월 서울전시회ㅣ여행갈까요ㅣ데이트코스ㅣ여행... 
그라운드시소 성수 AWA(우연히 웨스 앤더슨) 전시 관람: AWA란... 
"7월에 가볼만한 서울여행지 , 피서 갈만한 서울주변지"
서울 가볼만한곳 서울 맛집... 총정리 #8월 #9월 #국내여행지... 
서울밤도깨비야시장 엉뚱마녀와 구경해보아요^^[1박2일서울여... 
백반기행 이태원 푸틴 캐나다 국민음식 감자튀김 치즈커드... 
성수동 딤섬 맛집 크리스탈드래곤 우육탕면 하가우 쇼마이
서울 주말 데이트코스 추천 베스트 10 ( 0518-0519 )
가을여행지 추천
"서울, 로컬들의 조망 명소 12선"
"4월 서울 전시회 뚝섬 여행갈까요, 사진찍기 좋지만 전시는 음... "
[이색 여름여행지 추천]올여름 가볼만한 이색 여름여행지 추천
서울 이태원 한남 맛집 서울3대 매운 냉면 동아냉면 주차... 
한국인 입맛 저격 특별한 퓨전 중식당 성수동맛집 지우관!... 
[12월 서울 전시회 추천]뚝섬미술관 _ 여행갈까요?... 
[6월서울전시회] 인생샷 남기는 뚝섬미술관 여행갈까요
서울에 가볼만한곳 추천촘 해주세요
장소 추천 하는 이색 프랑스 요리 성수동 맛집 서울 데이트 추천
5월서울전시회추천_성수전시회 뚝섬미술관 &lt;여행갈까요&gt; 시즌2
Seoul/ 헬로우뮤지엄 hellomuseum-서울(한국)
서울시 성동구 서울숲 공원
서울 가볼만한곳 서울숲
서울 해돋이 명소 best4
해외같은 국내 여행지 추천
3월서울전시회/서울 전시회 추천! 성수 핫플 뚝섬미술관에서... 
성수 해피어마켓 by 오롤리데이 방문후기 성수소품샵 이색데이트
우연히 웨스 앤더슨 주말 낮 관람후기 그리고 웨이팅
"서울 봉화산 (Feat. 경춘선숲길과 중랑천, 태릉골프연습장)"
"가을, 단풍여행 어디로 가면 좋을까? 가을 단풍 여행지"
크리에이티브X성수: 시민기획단과 함께하는 로컬성수여행... 
로컬브랜드리뷰2023
서울 주말 갈만한곳 나들이 데이트코스 추천 베스트 10... 
"추천여행지 ' 다시, 예술로 피어나다! 서울 문래창작촌과 성수동... "
성수동 7월 팝업스토어 트래블로그
"[책한권]반나절이면 충분한 여행지200, 반나절 주말여행... "
리뷰(review) 성수동 가볼만한곳 그라운드시소 성수 특별한... 
"여행업자배상책임보험, 여행지사고 보상을 받을 수 있는 방법"
"반가운 계절, 가을에 즐기는 &lt; 9월 서울 팝업스토어 모음 Zip. &gt;"
성동구 동호로 인천공항!
"성수동 데이트 가볼만한 곳, 성수동 소금커피 맛집 제주시 성수동"
성수동 가볼만한곳 독수리협동조합 한화이글스 전시회추천
연휴기간 동안 여행 갈 장소 추천!! 국내 여행지 총정리
서울 드라이브 코스 주말여행 남산공원. 한강 드라이브
"11월의 서울여행, “서울숲공원 은행나무길”"
2023년 10월 서울 축제 일정 총정리
"서울 성수동 갈만한곳, 언더스탠드에비뉴 카페 서울숲"
서울숲 맛집 그린치앙마이 태국음식점
상왕제약 에스프레소바 - 에스프레소 입문하다
야놀자 팝업스토어 홀리데이 마켓 성수와 하남 비교
[4월서울전시회/서울전시회추천] 뚝섬미술관 &lt;여행갈까요... 
금주의 주변풍경(2013년 10월 둘째주)
라에비뉴 : 성수역카페 치즈케이크맛집 라에비뉴
전국 전통시장 핫플레이스 TOP 20 (ft. 재래시장 순위)
"청계천 벼룩시장 황학동 전시회 후기, 서울 추억속 공간"
2019년 단풍 구경 어디로 갈까? 단풍구경 명소 추천
서울에서 벚꽃을 볼 수있는 아름다운 곳
서울숲 : 피크닉 장소 및 포토존 데이트 코스 총정리!(주차장... 
"우연히 웨스 앤더슨 사진전 , 성수 전시회 주말 다녀온 후기"
"서울여행, 문화예술핫플 모음 BEST5"
서울역세권사무실 5호선상가사무실 (신답역 답십리역 장한평역)
[성수동 술집] 우주를 유영하는 느낌의 성수동 칵테일바 '조디악'
성수동 서울숲 뚝섬역 이탈리안 맛집 이국적인 테라스 정원... 
서울 아이들과 가볼만한곳 실내여행으로 서울새활용플라자
금호동산책 신금호역 대현산배수지공원 소개
서울 성수 디저트 카페 맛집  핫플레이스 웨이팅 앵무새 메뉴... 
서울 근교 여행 홍천강에서 차박 하고 카약 카누 즐기고 올갱이... 
[소재지이전][93호 송파슐랭가이드] 탱글쫄깃한 생면파스타... 
성수 서울숲 분위기 좋은 퓨전 일식집 솔직후기 :: 진작다이닝
"국내 봄꽃 구경 명소, 랜선으로 떠나보자!"
국어 영어과외 수학과외 성동구 국어 금호동 도선동 마장동... 
"곧 여행지! 하염없이 걷기만... 아산곡교천,서울숲"
"[겨울] 서울부근 눈썰매장 ,스키장 싸게 가는법"
"1월 서울 전시회 추천, 추운 겨울 아이와 함께 갈만한... "
10월~11월 국내여행지 놓치면 안되는 BEST 11곳
라에비뉴 성수디저트카페 성수역카페에서 미국을 만나다
[서평] 대한민국 대표 여행지 1000
"행사정보/하는곳, 5월 봄축제/봄꽃축제/봄여행지추천!"
오랜만에 다녀온 전시회
[성수동/서울숲] 아트태그하우스 'Colorful Romance' 팝업... 
"서울 전시회 추천,그라운드시소 성수 우연히 웨스 앤더슨 예매... "
"[성수]라무진, 북해도식 징기스칸 양갈비 전문 성수역 맛집"
&lt;메이플탑 팬케이크:브런치&gt;#내돈내산[서울숲 성수]
파주운정호수공원도서관서울골목길성남병원한강공원인천책... 
금호동 와인바 하이홀본 HIGH HOLBORN
MBC드라마 오늘도사랑스럽개 촬영지 서울 일산 안양 진주 문경... 
"[성수] 트래블로그 팝업스토어, 성수국제공항 하나뱅크 팝업... "
[ 서울 야경 명소 ] 한강 야경이 아름다운 매봉산
[4월 전시회] 우연히 웨스 앤더슨 사진전 (ft.실시간 웨이팅... 
걷다보니 남미였어
[여행지 추천] 삼블리와 함께 인생샷 찍기 좋은 장소로 떠나자!... 
점심기행_서울숲 나들이
성수 팝업 성수국제공항 트래블로ㄱ 팝업
필립잉글리쉬의 전화영어추천 하는이유
금호동 와인샵 / 신금호 와인샵 :: 와인트리
중구/동대문구/성동구 수능재수학원 여기가 딱!
국내여행)가볼만한 곳(관광지) 리스트 /전국지역별/여행형태... 
"성수동 뚝섬역 볼거리 쇼룸, 빈티지샵, 소품샵 구경"
[호텔도슨 팝업] 조용하고 향기로운 방 안에서 오늘의 대화를... 
남의집 후기 | 성수 레이어드 일룸 팝업 스토어 방문... 
[굿모닝서울] 이번 휴가는 실패하지 않으리~
"우연히웨스앤더슨 사진전 예약,위치,주차정보"
꿈을 만드는 체험여행지소개 - 서울권
프리한 19: 335회 줄거리(10/31)_주제: 나만 알고 싶은 나들이... 
"대통령상 수상한 관광 사진 작품, 어디서 찍었을까?"
금호동 맛집 '박과장의 조은회사': 금남시장 숙성회가 맛있는 횟집
성수동 호텔 호텔포코 후기 이러다 호캉스 습관될 듯
서울 성수동 아침식사 맛집 백종원 3대천왕 소문난 성수감자탕... 
"벚꽃축제 일정,벚꽃축제 봄꽃축제 소개, 봄여행지추천,4월꽃축제"
&lt;에이든의 우리나라 서울여행지도&gt;_리뷰
우리아이 아기 호기심과 상상력을 자극시켜주는 소규모 키즈... 
[디노체컨벤션] 신년맞이 커플 여행지 추천 이벤트 진행... 
"[가방] 굿즈 따라 떠나는 서울여행 1탄: 카페, 기념품샵, 소품샵... "
서울 가볼만한곳 성수 카페거리 대림창고 추천 주차 브런치... 
"대한민국 무료 인기 여행지, 주말 나들이를 꽁짜로 즐겨봐요"
수원화성 수원 행궁동 지역성 살린 숙소 계단집
[업무협약] 청소년 문화놀이터 와플과 업무협약을 하였습니다.
단풍축제 : 서울 단풍 명소 여행지 단풍놀이 추천
배틀트립2 촬영지 포르투칼 포르투 가성비 유럽 여행 투어 식당... 
[#7 서울다누림관광서포터즈] 조별미션으로 브릭캠퍼스... 
마카오성지순례 일정표
"부산 뮤지엄 다, 제주 유민미술관, 서울 우연히 웨스앤더슨"
서울 단풍 여행 추천 / 가을여행 / 커플 당일치기 여행
"지역민과 상생하는 마을여행, 서울관광의 새 화두로"
"[서울여행/카페/맛집] 용산공원, Archi, 라끌레, Oatt... "
"[성수팝업] 트래블로그 팝업스토어_성수국제공항(위치, 대기... "
[현대] 뉴-카운티 - 좌석안전띠 관련 리콜
"우연히 웨스 앤더슨 : 어디에 있든, 영감은 당신 눈앞에 있다"
2022년 전국 벚꽃 개화시기 알아보자
모스바니 엔터식스 왕십리점[mosvani]: 여름 선물에 딱이네
응봉산 개나리축제-서울 봄나들이 노란 개나리꽃 향연
성수 메가박스 신한X싱가포르항공 팝업스토어 방문 리뷰
서울시관광지도 여행지도 에이든 하나로 서울여행 다녀보자
"성수 뚝섬미술관, 여행갈까요 시즌2 전시"
서울 가 볼만한 곳!... 일몰 &amp; 응봉산에서의 야경 [서울][겨울]
&quot;[서울숲/ 팝업] '성수 7월 2주차 (2) 팝업스토어 일정'&quot;
[서울 하천] 1부 로맨틱한 가을을 꿈 꾼다면 하천으로 오세요
[서울여행] 우이신설선 타고 떠나는 서울 여행코스
7월 성수동 팝업스토어 추천 4곳 I 트래블로그 인스탁스... 
짬내서 산책하기 (Feat. 경춘선숲길 경춘철교 중랑천)
"이국 문화 즐기기-서울, 경기 속 숨은 이국 여행지로 떠나봐요!"
카페 창업에 도움 되는 연령별 사용하는 키워드
벚꽃 개화 그리고 봄꽃 개화 지도 2022
성수국제공항(트래블로그) 팝업스토어
서울숲 튤립
서울 그라운드 시소 성수 :: 우연히 웨스 앤더슨 전시회
새해 우리동네 맛집멋집 성동여행 지도 구축!
중부 내륙 고속도로 선산휴게소 맛집 탐방 양평방향
[성동구 생활밀착사업] 자전거여행으로 만나는 성동구... 
인천공항 택시 입국 하고 편하게 이용한 후기
서울 데이트코스 추천 대현산 장미원 명소네
"어서와 한국은 처음이지?: 뉴질랜드 삼형제,모닝치킨... "
여행 원데이클래스 EP2. 초간단 프랑스요리 쿠킹클래스... 
성수동 카페 겸 아웃도어 편집샵 프라이데이무브먼트
"통동 | 쉼과 여유를 선물하는 곳, 베트남 감성의 성수동 카페"
"성수동 카페 &quot;우디집&quot;, 주택을 개조한 카페의 교과서 같은 곳"
"2015년 단풍시기, 단풍절정기, 가을에 꼭 가봐야 할 단풍여행지... "
"서울숲, 겨울의 아름다움이 펑펑!"
7월 성수동 팝업 목록
성수동 서울숲 라프레플루트 호텔급 제주애플망고빙수를... 
성수동에 일식당 맛집 돈까스 / 덮밥 / 카레 / 덮밥 서울숲... 
반나절 주말여행(2020-2021개정판)
뚝섬미술관 전시 추천•서울 전시회 추천/코로나로 지친 우리... 
서울숲 벚꽃길 위치 포토존... 사슴방사장 서울 아이와... 
[팝업예정]하나은행 트래블로그 팝업스토어 하나머니앱 필수... 
막 찍어도 인생샷 건지는 가을 여행지.
노원 산책명소 야경명소 (Feat. 경춘선숲길~중랑천~묵동천)
[어린이날 나들이 추천 장소] 오늘은~ 어린이날! 가족 모두 함께... 
[힐링코스] 따뜻한 봄 소풍가기 좋은 분당 중앙공원 ~
[분당중앙공원] 산책하기 너무 좋은 숲속길이 있는곳... 
성수국제공항 트래블로그 팝업스토어
"남양주 패션일번지, 삼패사거리 아울렛단지"
전시추천 | 8월서울전시회 뚝섬미술관 여행갈까요 성수 뚝섬역... 
서울 혼자 갈만한곳 힐링 장소 공유!
반나절 주말여행지
경북워케이션 일쉼동체 설명회 with 경북문화관광공사
성수 트래블로그 팝업스토어 웨이팅 후기
성수 편집샵과 함게 있는 무드 있는 디저트 카페 &lt;쎈느&gt;
성수동 하노이 102- 이국적인 분위기의 베트남 음식점
&lt;서울&gt; 봄이면 꼭 가보고 싶은 공원 - 어린이대공원
&lt;서울&gt; 봄에 산책하기 좋은곳 - 어린이대공원
"2020년 새해 해돋이 명소 ( 서울, 인천, 경기,전국 )"
[이색여행지]뚝도 수도 박물관을 가다.
[성수] 하나은행 트래블로그 팝업스토어_성수국제공항
[다꾸｜스티커｜소품] 나를 미치게 한 신이어마켙 스티커... 
성수 팝업스토어 : 하나은행 트래블로그팝업 다녀온 후기
우주대스타 김희철이 온다! 성동 여행이 보이는 라디오 개최
[이지고] 서울 벚꽃 명소 / 서울 벚꽃 / 서울 벚꽃 구경
가을 신지명사십리해수욕장 유영가능구역부표에 대한 정보
궁기병 함성 들리는 듯 [김별아의 도시 기행문-서울을 걷는 시간]
"[서울 팝업스토어 추천]... 등 서울 핫플 TOP5 가는법, 예약... "
여행장소추천 _노란색 봄의 유혹 1_응봉산 개나리축제가... 
"성수동 오우드 OUDE 카페 3번 방문한 후기 (+ 커피, 디저트... "
경춘선숲길~중랑천 (Feat. 노원산책명소 힐링냉장고)
서울 성수동 카페 로우키 lowkey 성수점 / 겨울 눈이 내리면... 
성수 핫플 팝업스토어 트래블로그 성수국제공항 방문 후기
봄이면 꼭 가봐야 할 여행지(2) - 응봉산(81m)
[지방여행] 울산대공원 - 울산을 대표하는 생태형 도심공원
현대불교신문 &lt;문윤정 여행작가의 모든 것&gt; 북리뷰
"[도시樂특파원] 서울 도시재생 여행의 명소, 성수동 수제화... "
"봄, 걷기 좋은 서울 골목길(익선동 한옥/성수동 수제화거리/북촌... "
"성수동 나들이 I 서울숲, 트립북앤스페이스, 보마켓,  팬집샵... "
한양대 레이저공방 공방플러스위드 : 유니버셜레이저... 
가을을 느끼기 좋은 국내 여행지 스팟
서울숲 전시 소식!! 남성반팔티 브랜드 &amp; 5월 서울 전시회... 
백문백답
[2022년 / 맛집 연말 결산] 2022년 생각일기 맛집 베스트
"수제화 메카 성수동, 서울의 핫플레이스로 재탄생하다!"
[팝업] 트래블로그 팝업스토어 후기
성수동 생애 첫 내 집 마련-1년에 1억씩 모은 이야기
[서울 성수] 11월 - 12월 서울 전시회 추천; 뚝섬미술관... 
[전시회 리뷰] '우연히 웨스앤더슨' 전시회 솔직 후기
뚜벅이여행 | 지하철 타고 나들이 갈 수 있는 관광지 모음.zip
시몬스 하드웨어 스토어 @성수동 팝업스토어
서울 해돋이명소 : 2012년 신년 서울 해돋이축제행사여행지... 
로컬 브랜드 리뷰 2023
[청일박x티톡] 2023년 청년일자리박람회 X 티톡... 
지역 관광지 홍보 우산 제작
관광트렌드 공유 - ['코로나 시대 관광…이동 감소·생활권 중심... 
중고카메라 전문점 추천 20년 전통 강변 테크노마트 ABC 카메라
우연히 웨스앤더슨 - 그라운드 시소 관람
[동래아 이소장 경제기사]23년7월19일 경제기사 이소장눈에... 
"왕십리)굴찜 탐방기 추천,비교(+보령 천북굴단지)"
"서울 야경 명소 l 열대야를 이기는 야경을 만나다, 서울 야경... "
동호대교 도보여행! 교각위를 걸으며 바라본 서울의 아름다움
2023-2024 한국 여행 100선
추억 조각 따라 걷는 오늘
"국내 가을 여행지 추천, #1 단풍이 아름다운 여행지"
생생정보 이색빙수 산더미빙수 수박실타래빙수 화분빙수 위치... 
뚝섬 여행갈까요 전시회 - 포토존 많은 여행 간접체험 현장
"[성수 맛집] 성수 홍콩요리맛집, 크리스탈드래곤 성수낙낙점"
[분당 중앙공원] 천천히 걸으며 힐링하기 좋은 서현역 중앙공원 ~
[관광인이 떴다] 반려동물 동반 여행 플래너 소개 현장스케치
"[서울] 홀리데이마켓 - 성수동... 야놀자팝업스토어, 서울데이트... "
tvn &lt;벌거벗은 한국사&gt; 47회 리뷰/이성계는 왜 아들 이방원을... 
행꿈사 임장스터디 6기 O/T in 중구
하나머니와 함께 트래블로그 성수 국제공항 팝업스토어
5월달의 황금연휴~~~~ㅎㅎ :D 안산전자담배갤러리
서울 데이트코스 여행 도깨비 촬영지 공유김고은 윤보선가 장소
"[ 서울 한강 야경 명소 ] 응봉산 야경, 한강은 흐르고 빛은 춤추고"
2020년 7~8월 국내 여름 여행지 축제 Best5
"2021-121.일상이야기 ( 럭셔리 스파, 서울숲마사지... "
"우연히 웨스 앤더슨 전시정보(주말웨이팅,마감시간,대기시간... "
성수 구경 / 메이플탑 / 그라운드시소성수
[서울가볼만한곳/서울데이트] 언더스탠드에비뉴(UNDER... 
수원 노송 지대 맥문동 풍경
[전시회] 사진전을 통해서 여행의 기쁨을 느끼고 싶다면!... 
[서울에서 벌어지는 V이야기] 2016년 7월 셋째 주 서울에서... 
"전국에 리단길이 몇 개? 망리, 황리단길에 이어 용리단길까지!"
[팝업후기] 트래블로그 팝업스토어 7/7일 방문 꿀팁 요약
서울의 역사가 흐르는 청계천 - 여행 그려주는 남자... 
"TRAVLOG | 트래블로그, 하나뿐인 공항, 성수 국제 공항, 성수... "
[비대면 나홀로 여행] 혼자 다녀도 외롭지 않은 산책명소
"[4월 꼭 가야될 팝업] 얼루어그린캠페인, CHI 성수... "
서울 봄축제 : 2014년... 인기 벚꽃축제 봄꽃축제 여행지 추천
여행도서관/부모님동반여행 10계명/김연아-캐나다여행
[가을 단풍 여행] 전국 가을 은행나무길 추천 TOP 10
[크리스마스 데이트] 서울 실내 데이트추천 | 그라운드시소 성수... 
[책]30개 도시로 읽는 한국사
옥수동 남자 피부관리로 좋은 살롱드보떼에스테틱 굳
"[스냅태그] 소중한 시간을 사진에 담아, 수도권 사진 찍기 좋은... "
리모아 전시 후기 RIMOWA 캐리어 가방 에코백 증정 성수... 
"[가을][인천 소래포구] 집나간 며느리도 돌아온다는 전어,  살살... "
"성수 / 녹마이 , 팟타이맛집"
톱스타 원빈 성수동 입성기
"KBS VJ특공대 - 스타 덕에 돈 버는 사람들, 태국 왕실 휴양지... "
서울맑음 공항택시와 일반 공항대기 택시와의 차이점은? 안심... 
당신을 위한 데이트 코치가 적극 추천하는 최고의 데이트 코스!
"[가을] [인천 소래포구] 가을여행, 꼭 먹어야하는 가을전어 구이"
[가을] [종각역4번출구] 좋은 가을 !  청계천 산책 어떠세요?
"걷고 싶은 길, 덜 알려진 단풍명소 “서울 이곳은?”"
"우연히, 웨스 앤더슨. 전시회와 책, 인스타그램으로!"
"친구들이랑 체리공구, 성수나들이 feat)마리오네"
"[부산여행] 부산가볼만한곳,부산여행코스,부산맛집... "
서울숲 튤립 위치 필수로 알고 가기
"[가을,겨울] [맛집] 신당동 원조떡뽁이집, 마복림할머니... "
국산 쏘렌토 탁송 후기/국산차탁송/전국차량탁송/인천신차탁송... 
"[가을,겨울]  낙산사의 멋진 겨울 바다를 가다 ~"
