"아쉬움(서울여행지,목동여행지,양천구도자기체험)! : 20210211"
서울 양천구 신월동 신정역카페 물론 mullon
가을단풍 즐기기 좋은 여행지 - 주차 및 서서울예술교육센터... 
얼음나라 화천 산천어축제 2024 국내 겨울 여행지로 가볼만한곳
서울 여행지 서서울호수공원 산책하기 좋은곳 추천
아름다운 바다가 보고싶을때~ ♪♬ 서울 양천구 맛집
양천구 신월동 아파트 주방스타일 만점 첫입주 옵션빵빵
"양천구 맛집, 제주 그 잡채인 음식과 인테리어 :: 고래아방"
"서울 양천구 | 목동꽃집 플레르아띠랑스 , 감각적인 색 조합의... "
★포천아트밸리-주말당일치기여행지[양천구 신정3동 수학 영어... 
양천구 신정동빵집 맛집추천 &lt;찰리의빵공장&gt; 취향저격
가을 나들이 서울 단풍 명소 여행지 위치 서울 단풍길 96선
[서울 여행지]  양천구 신월동~서서울호수공원
공원/서서울 호수공원] 양천구... 나들이 여행지 추천! 서서울... 
서울 양천구 둘레길(산림형) - 2019. 03. 21.
서울 스케이트장으로 목동아이스링크와 서울광장스케이트장... 
전라도전남순천 아이와 가볼만한곳 여행지추천 드라마촬영장... 
선유도 공원 ] 봄꽃 놀이 서울 여행지 안내
양천구 목동 임플란트 치과 추천 리스트 3곳 - 피리
"여유롭게 떠나는 안전여행, 가을&amp;겨울 비대면 여행지 BEST 5"
주말나들이 양천구공원 목동애견동반 목동파리공원 목동공원... 
"추천여행지, 인천 당일치기, 섬 여행,인천섬,서울근교 당일치기"
딸과 단둘이 순천 여행 1박2일 마지막 코스 순천드라마 촬영장
서울근교여행지 무의도여행 1박2일코스
"서울 추천 여행지 인왕산 석파정 흥선대원군 별서, 석파랑은... "
"(일상, 여행.1)2022년 12월 국내 여행지 추천 6곳"
서서울호수공원 서울 혼자 놀기 야경 명소
해피팡팡이 알려주는 강아지 동반여행지 top4
전라도여행지추천 전남 영암 풍력발전소에서 하늘과 닿다!
"코로나19로 변한 나날, 자연 속으로 향하는 164곳의 힐링 여행지"
가야산 등산코스로 다양한 매력을 가진 산행코스를 만나보세요
[추천 여행지] 서울 근교 벚꽃 명소를 포함한 봄 나들이 코스 추천
"떴다동네방네 목동 여행지 - 크루아상 빵집, 우동맛집, 사격장... "
"(주차, 가격, 입장료 할인, 소요시간) - 순천 겨울 여행지 추천"
순천만습지 순천 1박2일 전남 여행지 당일치기 갈대밭 코스... 
박람회 빠른 주차 입장 꿀팁 | 5월 전남 여행지 추천
서울 삼성지문도어락 양천구 목동동문굿모닝탑 방문설치
[전남]순천 가볼만한곳 여행지 총정리
[이벤트] 서울다누림관광센터... 장소 및 서울 피크닉 장소 추천
세련된 24평 욕실리모델링-서울 양천구 신월동... 
순천 여행지 광활한 갈대밭 순천만습지
서울 양천구 둘레길 (하천형) - 2019. 03. 22.
광주근교 순천 여행지 / 순천드라마촬영장
목동 디저트/오목교 요거트/그릭요거트::그릭요거트 맛집 발견!... 
가을에 가볼만한곳 서울 자전거 여행지 추천 best 5
국내의 아름다운 가을 여행지와 로맨틱한 데이트 코스
비슬산자연휴양림 기암괴석과 단풍이 절경인 대구 자연휴양림
오목교점심맛집 목동보쌈하면 떠오르는 곳 :: 오봉집 오목교점... 
서울 목동 가볼만한 곳 실내 아이스링크장 할인 강습 정보
5월 서울 여행지 행사 추천-2022 서울장미축제 체험프로그램... 
‘순천 드라마촬영장’ 순천 여행지 가볼 만한 곳 추천
양천구 목동 원목소파 통가죽으로 리폼&amp;천갈이 작업!
"순천 여행지 추천 - 순천만습지, 순천만 국가정원 &amp; 맛집 카페"
순천만 습지 일몰 11월 갈대가 제일 예쁘다지요
오목교안경원 :: 으뜸50안경
생방송오늘저녁 양천구 크림치즈 먹물빵 위치 알아보기 :: 리폿안
[CP 풍경 비누 - 풍경 비누 고급반 ] 서울 강서구 양천구 목동... 
목동 미용실 차홍룸목동점 엘리자벳펌으로 우아하게 by 백지연... 
[TV속 정보] 23년 9월 4일 (월) 2TV생생정보... 
서울 구로 영등포 양천구 갤럭시 S21 대란 탑승하실분??!!
시개리 갈비 코다리찜으로 인생역전한 양천구 맛집 위치... 
양천구 꽃집 라헨느 꽃집에서 생일 꽃바구니 선물
겨울 가족여행지 추천 순천 낙안읍성 민속마을
"서울 강서구 | 역사와 자연을 한껏 품은 동네, 강서구 여행 코스"
서울에서 제주도 아반떼 탁송 가격이 궁금해요
생생정보 설렁탕 양천구 장사의신 식당 위치 연매출 16억... 
양천구웨딩홀의 추천 국내여행지-강원도
목동 쌀국수 맛집 베트남을 옮겨온 넴넴
"서울의 서쪽나라 서서울 공원을 품은 신월동, 신정동"
빕스할인꿀팁! 데이트장소 추천 VIPS... 
"전남 10월 여행지, 순천 갈대밭 순천만습지"
국내 여행지 추천! 겨울 스포츠 종류별로 즐기자
장사천재백사장2 스페인 산세바스티안 장소 촬영여행지... 
강진여행
순천만습지ㅣ혼자여행 추천지ㅣ인생힐링여행지
주말나들이 서울둘레길 용왕산둘레길 용왕산 애견놀이터... 
"서울 단풍길 96선, 단풍 낙엽... 곳 가을 여행지 추천 소개"
jtbc수목Tv드라마이연애는불가항력촬영지배경장소?서울인천송... 
[서울근교 짧은 여름 여행지] 영종도 을왕리해수욕장
양평 가볼만 한 추천 여행지 모아보기
12월 여행지 추천. 가볼만한 곳. 베스트. 축제일정. 부산알림이... 
순천가볼만한곳 드라마촬영장 교복체험
국내여행 아름다운 힐링 호수공원 여행지 추천
[중국어 배우기]중국 대표 간식 탕후루（糖葫芦）/목동 왕가... 
단풍 시기인 10월을 맞아 서울 가 볼 만한 곳 소개합니다!
내가 가본 전국 여행지
[모집중] &lt;인조이 파리&gt;&lt;인조이 런던&gt; 작가가 전하는 파리... 
환경의 날 l 환경사랑을 실천하세요! 환경의 날 여행지
"45+ 모임 앱 오이의 서울, 경기, 대전, 광주, 부산, 울산... "
서울반아이들 24개구들 케이블카 타고 여행지를 향하고 있다... 
&lt;서울&gt; 양천 가볼만한곳 주말나들이 갈곳놀곳 산책로... 
전국방방곡곡여행지 :: 서울 특장차 윙바디 탑차 수리... 
중 찾은&quot;용문산 용문사&quot;~(#강서구점집#양천구점집#서울점집)
안양천  안양천벚나무길 고척스카이돔 / 서울여행지추천
서울복층빌라 테라스도 리스펙~
양천구일수 노원구일수 조급하지않게 위염진단후
광명동굴 주변 여행지와 맛집
[배틀트립] 서서울 호수공원 vs 세종 호수공원
인물표현 서울 강서구 양천구 동양화 민화 성인취미미술... 
내가 만든 그림책 바퀴달린 그림책 목동교육원
양천구공원 목동공원 목동애견동반 달마을공원 목동가볼만한곳
대한민국 국내 여행지 추천 (서울특별시편)
서울 단풍 명소 BEST 6 비우면 채워지는 여행코스!
우리의 첫 서울 나들이
순천 낙안읍성 :: 순천 가족여행 추천 여행지
여기서 복권을 판다고? 우리 동네 이색 복권판매점을 소개합니다!
"국내4월가볼만한 봄여행지, 안양천 뚝방길 벚꽃"
구독 대박: 서울 구로 항동지구의 인기를 알아보다
"[오늘의 맛집 소식] 23.11.25 &quot;한 손엔 햄버거, 두 눈엔 제주... "
드라마 첫사랑 속의 영원한 느티나무 풍경 양평 두물머리와... 
독립서점 새벽감성1집 2020년 10월 11월 신규 입고 독립출판... 
"복숭아꽃 축제의 계절, 부천 춘덕산 자락에 불이 붙은 듯"
"글램핑장 추천&gt;블랙트리캠핑, 수영장있는 캠핑장, 가족여행지추천"
테슬라 모델 Y 타고 강원도 동해·삼척 급여행! 실제 오너의... 
"[3,4월 여행지] 부천 원미산 ‘진달래 동산’"
"순천 여행 코스, 가볼만한곳 드라마촬영장 교복 대여"
[독립서점 책추천] 여행 대신 여행책 (1) 산티아고 순례길... 
'최수종' 태그의 글 목록
[“터비”욕조코팅] 긴 연휴 후 욕조리폼 및 월풀욕조 개조... 
번 돈 1000만 원으로 서울에 집 샀다/김지혜의 부동산 경매지도)
"[주간일기] 폭우 뒤의 신림동을 배회하다, W33. 2022"
남매어죽이네 민물고기요리
"서울근교 주말 아이들과 갈만한 곳, 고양 글램 313"
오늘의 기상정보(20.08.18)
SBS드라마 7인의탈출촬영지 등장인물 제주해변호텔 출렁다리... 
안전한 공유 전동킥보드 원하는 사람은 '지쿠터'를 탄다
한국 서울 - 길을 잃고 우울하다 짐 쌀 궁리중.
칼린타로연구소 최문선 소장
[맛집] 서울에서 독일을 느껴보는 시간 : 독일식 비스트로 샤츠
"매경과 한경, 왜 사진이 똑같을까? 서른 살의 철학자, 여자"
{ 전남가을여행지추천 } 동물원도 있어 아이들과 함께가기좋은... 
"순천 가볼만한곳, 순천만국가정원 : 순천에서 만나는 세계여행"
목동 마사지 미니베이징. 중국마사지 잘 하는곳!
양천둘레길 동네산 매봉산으로 가실랍니까?
울릉도여행  - 울릉도 배편과  봉래폭포
생생정보마당 9월 8일 가게 정보 l 맛스타그램 이색 아귀찜
전국유명 여행지 100선
내가 가본 전국 여행지
순천 대표 관광 및 여행지 순천만 습지! 꼭 이것만은 알고 가요!
낙안읍성 가는법 입장료할인 소요시간 숙박정보
ENATV드라마남남촬영지배경장소?... 
초롱초롱 '별빛산책'-시립서울천문대에서
[봄연세데이케어센터]8월 프로그램 일정표 - 양천구 강서구... 
"전국의 음악 특화 도서관 TOP3, 주말 아이와 갈만한 곳 추천!"
식탁 부산식탁 식탁전문가구점 오크식탁 fas등급... 
샤워하면서 서울 지도 떠올리기... (ft.지방러)
동해바닷가해변마을서울병원경찰청바다휴게소항구식당사건... 
낙지를 제대로 즐길 수 있는 전북투어패스 특별할인가맹점!... 
서울시 양천구 신정4동 부동산 모임 야유회~ 강화도 석모도... 
리무진 버스 관광버스 전세 버스운행 하면서  특별한 명품식당.... 
우리나라 여행지
목동 맛집 - 통갈비바베큐가 맛있는 통꼬집
1월전국지역축제 : 2010년겨울인기여행지추천
300대 인기명산 서울 남산
순천 아이와 가볼만한곳 놀거리 드라마세트장 촬영장 교복 주차장
비클린 목동점에서 입냄새 제거 스켈랑 치약이랑 타월... 
♥ 서울시내 가볼 만한 산 봉제산 용왕산 트레킹을 다녀와서
양천구 토이푸들분양 젤루 오래된 곳에서 입양 해보세용
순천[낙안읍성]민속마을 관람코스 둘러보기
가을감성 가득한 육아 교육꿀팁 엄마는 생각쟁이 10월호
돌아오는 가을 남들보다 빠르게 비대면 여행지 찾아보기
양천구아파트경매/목동트윈빌경매40평형/목동아파트경매
양천구신축빌라 多 주고싶어서 퍼juGO싶어家
"[순천여행]순천드라마촬영장, 드라마촬영장_순천, 순천여행"
[목동안경 alo안경/선글라스 20% 할인중] '알로 현대백화점... 
생생 정보마당 목동 염창역 어니언 플레인 모짜렐라 초코... 
순천만 국가정원 정원박람회 순천만습지 갈대밭 스카이큐브
&lt;서울&gt; 한강고수부지 놀거리 자전거 배달존 편의점... 
서울 시내버스 지하철 요금 변경 :: about-kkk
2TV생생정보 10월 17일 가게 정보 l 택시맛객 장어구이... 
"&quot;가을의 아름다움, 한국의 단풍 도시를 찾아서&quot;"
"순천만국가정원 관람차 여행, 2022년 어느 여름날 이야기"
서울도심의 가을단풍산책로&lt;안양천둑방길의 가을절정기는... 
2019정규 수요수업_10월16일&amp;23일(목동/양천구)
태안 안면도 가족여행 1박2일/ 갈만한 곳 여행 코스 추천
2019정규 월요수업_10월14일&amp;21일(목동/양천구)
양천구상가 원상복구 좋은 업체 구하기
양천구 철거업체 제대로 비교하고 선택하는 기준!
"대통령상 수상한 관광 사진 작품, 어디서 찍었을까?"
화곡역 데이트 새벽감성1집 다락방 로망을 실현시켜 주는 곳
[목동] 아기자기 분위기 좋은 파스타 맛집/미노 파스타... 
[여수&amp;순천_3박4일 도보여행] 순천 Day 1. 이른 봄... 
서울 벚꽃명소 윤중로 | 2023 영등포 여의도 봄꽃 축제 정보
"전남 순천 순천만국가정원 입장료 할인 / 4월 꽃구경 튤립, 벚꽃... "
양천구렌트카 비교하고 선택하세요
"[2월 열정통일러] 제 1화 열정통일러, 모험의 시작! (예고편)"
인천공항 택시 입국 하고 편하게 이용한 후기
「원조양평신내서울해장국 양천직영점」 개인택시 택시기사... 
그림책 학부모 교육을 들으면서 [일본어]와 [프랑스어]에 더... 
"2015년 단풍시기, 단풍절정기, 가을에 꼭 가봐야 할 단풍여행지... "
&lt;만족스러웠던 양천구 상가철거 후기&gt;
SBS 방송 시사 프로그램의 소품택시 운행 택시촬영했습니다.~~^^
목동 현대백화점 맛집 나이쏘이 갈비국수 JMT 존맛탱
"순천여행 낙안읍성 민속마을 애견동반 가능, 벚꽃구경 봄나들이"
[이지고] 서울 벚꽃 명소 / 서울 벚꽃 / 서울 벚꽃 구경
오목교 맛집 삼겹살집 임대장 오목교점 테이블오더 메뉴잇 후기
서울 해돋이명소 : 2012년 신년 서울 해돋이축제행사여행지... 
해외여행 - 홍콩여행★
"[전남/순천] 순천만국가정원, 지금부터 가기 좋은 나들이 1순위... "
"[여행기록] D-2-2 한국여행 필수 방문지, 노을이... "
스마트폰 영화 기획자 유순미 씨 &amp; 김상신 차장 인터뷰
연천 어유지리 오홍부부 크리스마스캠핑
[중앙일보 발췌] 스키장 오픈임박관련 기사~
"손님 중 택시기사가 95%, 정말 택시기사식당 「신정LPG충전소... "
강원도 태백시에서 삼척시 신리 너와마을 자전거여행(태백... 
서해 섬 여행 고군산군도 군산 선유도 가볼만한곳 해수욕장 외
목동 오목교 맛집: 고기준 한우 샤또브리앙/등심
은하수 여행카페
벚꽃놀이 정복하기!! 서울근교 숨어있는 벚꽃 여행지 추천!
[신나는 공부]“해답은 바로 교과서에 있다” 1등급 두학생의... 
"11월, 수도권 일대 낙엽 여행지 추천"
[2022년 / 맛집 연말 결산] 2022년 생각일기 맛집 베스트
[독립서점 책추천] 여행 대신 여행책 (3) 여행하며 만난... 
원주 강원감영 선화당 옛 조선시대 지방정부로 사용된 역사의... 
8월 안양 삼막사계곡 서울근교 주말 아이와 가볼만한곳
"한국인을 읽는다 - 환경, 운명, 생사, 돈, 메타버스. 우리에게... "
2020년 7~8월 국내 여름 여행지 축제 Best5
"인생샷 데이트코스 순천드라마촬영장, 순천가볼만한곳, 주차... "
뜨끈한 오목교 맛집 고향지리산어탕국수
[오늘의 맛집 소식] 23.09.09 위생부터 맛까지..2023년 영덕맛집... 
&lt;키즈스피치마루지 제8회 발표회 안내&gt;
"여름철 별미 콩국수와 냉면, 그리고 믿을 수 없는 전문음식점... "
양천구 신월동 242-12에서 인천공항 제1터미널 요금은?
[여행]서울을 맛보다! '전통문화코스' 2층 오픈버스투어 기행
탐앤탐스 × JTBC 새 금토드라마 &lt;더 패키지&gt; 세트메뉴 출시!
[ 2023년 10월 25일(수) 프랜차이즈 뉴스 ]
안양천 벚꽃ㅣ9호선 신목동역에서 만난 벚꽃길
서울 봄축제 : 2014년... 인기 벚꽃축제 봄꽃축제 여행지 추천
"맛까지 여행의 모든 것 갖춘 여행지, '여행유토피아' 전라북도!"
양천도서관 양천갤러리 LIFE OASIS 라이프 오아시스 전시 4월... 
[독립서점 책추천] 2020년 11월 쥔장 추천 도서
서서울호수공원 자전거 여행(출사지 사진 찍기 좋은곳)
대부도 당일치기 여행 방아머리해수욕장 주차장 물때 아이와... 
"[순천여행/가볼만한곳] 우정여행으로 떠난 순천, 교복입고... "
야탑 운전연수 서울운전연수경비:신속한 주행 결단과 활동
한국공항공사 7월의 베스트 콘텐츠!
서울 도심 이색 명소 / 가양동 ‘양천향교 &amp; 궁산’
순천 가볼만한곳 낙안읍성 국내여행 추천
서울벚꽃축제 : 연인 가족... 봄나들이 벚꽃놀이 여행지 2016
서울 여권 발급 기관 완벽정리.
서울 겨울축제 : 12월 1월 2월 행사 인기 여행지 추천
지니미션 &amp; 드로잉 그룹전 참가합니다
목동맛집 남영동양문오목교점에서 요리의 즐거움을 찾아보세요
"걷고 싶은 길, 덜 알려진 단풍명소 “서울 이곳은?”"
모닝와이드 금요면탐정 납작우동 위치 :: 리폿안
"안산 전곡항 쭈꾸미, 대부해솔길"
2박 3일의 통영 여행★
개인회생미납자대출 안전한곳에서 상담받기
순천 시티투어 버스 세계유산투어 노선도 예약 입장료 할인... 
순천여행 낙안읍성 입장료 이용시간 등 아이와가볼만한곳
부동산 스터디 카페 추천게시글 (2023.10.9)
화기애애한 분위기의 부부 고객님~^^ - 서울택시 공항택시... 
충북 음성군 금왕읍 백야자연휴양림 탐방
오사카 점심식사  샤브샤브 扇
안양천의 아름다움 속으로 자전거 타러 오세요
대한민국 수도 서울
[신문읽기] ★ 매일경제 조선일보 (23.10.12~14 목~토)
목동 태국음식 반쌥 새우팟타이 똠얌꿍 팟카파오무쌉(ft.... 
[자전거 여행] 서울 근교에서 자전거 여행 하기 좋은 곳... 
구봉산에서 본 여수 풍경 #여수 #여수여행지
부천고강동아파트 신축 우리집 활용법 단숨에 파악하기
정말 귀여운 대학1학년 남학생 고객님~~ 파이팅입니다!... 
발산역 키누카누 : 마곡의 새 희망 가성비 좋은 스시뷔페
목동케이크 유기농 디저트 레터링 케이크 타르트 맛집 윤별케이크
서울 1월축제 : 2012년 1월 서울축제 서울겨울축제행사여행지... 
서울 일출 명소 해돋이 새해 일출 서울 축제/날씨와 일출시간
[동네책방] 한겨울에도 초록이 움트는 곳: 꽃피는책... 
"[후쿠오카여행/4박5일/여행준비] 후쿠오카 유심, 일본 유심... "
신월동 치킨 588종점 맛집 쌍문동바베큐 맥주 마시기 좋은 곳!
JTBC 월요일 예능 톡파원 25시 보러가기 43회 다시보기 재방송... 
"서울땅투자 추천지 마곡 부천, 서울옆세권 + 대기업 선택지"
영화 속에 나온 집
순천만국가정원의 여름은 화려한 꽃과 초록의 푸르름이... 
"[전남 순천 여행 1] 낙안읍성, 최대감벌교꼬막, 순천만습지... "
"정진석·주호영 '투 톱' 체제 갖춘 與, '李 리스크' 해법 있을까"
포토뉴스
고령자 운전면허 반납 혜택 확인하세요
양천구 신월동포장이사 이삿짐센터정말 잘하는곳
[책리뷰] 에이든 아이와 가볼만한 곳 1193
[가맹점소식] 2023년 3월 문화누리카드 신규/추천가맹점
달마을 근린공원 피톤치트와 함께 산책과 운동
도요타 RAV4 봄철 차량 실내 미세먼지제거는 샤오미차량... 
양천구 신정동포장이사 이삿짐센터정말 잘해요
"순천여행,순천갈만한곳 [ 낙안읍성민속마을 ]"
(강서구 양천구 여의도 영등포 김포 공항 가는길 골프샵... 
"아랍에미레이트항공 비즈니스 쇼퍼서비스 지역, 예약방법 및... "
"역사 교육의 장, 박 씨 고택"
"1인 가구, 싱글의 라이프스타일"
목동/오목교 아우르다 정수리 가르마 두피커버smp... 
순천만국가정원 입장료 할인과 꼭 봐야할 것 정리
"봄꽃 활짝, 벚꽃 주변 아파트 알아보기 - 부동산114"
순천만 국가정원 입장료 및 주차장 꿀팁 대방출
"[9월 독서문화행사] 9월 독서의 달에는? 지혜의 바탕화면, 책으로!"
&lt;강화도&gt; 서울에서 주말에 가볼만한 곳 - 강화도 장화리의 일몰
순천 가볼만한 곳 [순천만습지] - 일몰 보기 / 주차 / 입장 / 시간
목동 스카이웨딩홀 추천 도심속의 싱그러움 최고
"[6. 18. ~ 6. 23.] 조금 이른 여름휴가 / 전라도여행! 목포, 보성... "
서울 소셜커머스 05월 30일 오늘의 할인쿠폰 모음입니다.
속초고깃집  최고갈비 오픈
"&quot;경찰 '빽' 있다&quot; 지하철 휴대폰 폭행 20대 여성, 징역 1년"
가볼만한 자전거 여행지 추천! 떠나기 전 알아두어야 할 수칙
강아지 혼내는법 강하게 해야할때는 강하게!
신월동 맛집
일본 오사카 토톰보리 야경 골목길 둘러보기
민주당 양자대결 격차 축소…이재명 48.2%vs박용진 38.7%
동네 친목도모 여행기 :: 맑고 밝게 아름답고 향기롭게
서울 가볼만한곳 - 타박타박 서울유람/김혜영/시공사
"서울지역소셜커머스모음,서울반값 사이트... "
목동파라곤맛집::홍콩에서 먹었던 란콰이펑누들
목동역 맛집 수타우동의 참맛을 느껴봐
목동눈썹문신으로 여름나기.자연눈썹문신후관리방법
[문화누리]2023년 3월 문화누리카드 신규/추천가맹점
인천공항 콜밴 택시 타고 해외출국 및 입국
두꺼운 소설 책 읽기 프로젝트 도전 중고책 17권 14.9kg을 44... 
개미랑 노는 베짱이 공지현 브런치 수플레 맛집 어디? 탑... 
"[지소풍]새로이 서울, 20~30대 모임 만들고자 합니다. 지소풍 2.0... "
올해의 칼럼니스트_문화예술 칼럼 원고 모집 (수시)
365일 24시간 운영되는 소아전문응급센터 9개소 리스트
목동아이라인전문.목동반영구화장.당산동.신길동반영구.... 
[경관옹벽] 옹벽 설치가 필요하다면? 경관 옹벽 블록 용도별... 
여행 상상
독감예방주사 맞지 않으면 ‘호미로 막을 것을 불도저로 막아도... 
[양바리스타의 카페레시피] 핸드드립 기구 사용법(3) 간단한... 
목동반영구화장.목동자연눈썹문신잘하는곳.목동그린나래
안양 여행-안양예술공원.안양천 자전거길/호미숙 생생 영상... 
목동아이라인문신잘하는곳.목동반영구.홍대.여의도아이라인.... 
묵호항 활어판매장 관광객에 인기
"SBS콘텐츠허브 기업정보 (OTT, 영상콘텐츠 관련주)"
PCR 검사 가능 병원 리스트 (2022.3.17. 서울 기준)
5.01월 효행사/곡성여행/미국 텍사스/곡성심쿵여행/서울성... 
순천여행 애견동반 가볼만한곳 낙안읍성민속마을
목동미용실 리얼드살롱 진짜친절해 오목교역미용실추천
목동애견동반카페 목동파리공원 애견동반카페 리베르따... 
등촌동맛집/등촌역맛집 종로계림닭도리탕원조 등촌점... 
"효성, 가정의 달 맞이 ‘날아라 푸른 꿈’ 봉사활동 실시"
밥블레스유  이영자 골뱅이 - 추억이 골뱅이
[능골산] 서서울호수공원 등산 &amp; 산책코스.
서울운전면허시험장 득과 실 따져 봅시다!
추억의 밥블레유 이영자 골뱅이
고강동신축빌라분양 넓은 주방공간 양천구가 바로 이웃
2022년 4월 문화가 있는 날 주간 &lt;4월 전국문화지도&gt;
5월 순천 여행 순천만국가정원 더 더워지기 전에 다녀오자!
베트남 여행 하노이 (5번째 방문. 2017년 추석. 두 번째 글)
목동애견동반카페 목동숨은맛집 일월십일 목동애견동반... 
[사회성발달프로그램 모집안내]런업스타트 -발달지연 발달장애... 
서울걷기 (1-21)  +  [동아일보] 장선희 기자의 숨은 서울찾기... 
공무원 채용신체검사 지정병원 - 서울 . 인천
서울 인천 출장사진촬영 출장사진사 스냅촬영 출장사진... 
[양천도서관] 11월 프로그램 운영 안내
부산여행★
[풍경사진] 해돋이 사진의 미학과 강우근의 '세상의 모든 과학자'
"서울과 리스본 부동산; 자산관리는 이제 유럽으로, 질높은 삶... "
여행지. 갈만한 곳. 4월 축제. 제주도 여행. 봄 소식. 진달래.... 
아름다운 길 100 選
생활의 달인 은둔식달 비빔국수 달인 종로구 비빔국수... 
달팽이마사지+숙박 철원으로 힐링여행 가요.
8월 23일의 세상엿보기
노원구 누수탐지 공릉동 아파트 안방 난방배관 초미세 누수로... 
강달러 탓에 곳곳에서 신음… “도대체 언제까지 오르나요”
"김해공항 국내선, 부산에서 서울, 김포공항 서울택시"
25개구 서울지도 서울행정구역도 살펴보죠~
자기소개하기
여행지별 여행 경험자 1인 평균 숙박여행 일수... 
여행지별 여행 경험자 1회 평균 국내여행 일수 2014... 
목동가볼만한곳 목동애견동반 애견동반주말나들이 양천공원
"강서구 구암공원, 양천향교, 개화산 둘레길 여행기"
가을 순천 가볼만한곳 순천만국가정원
2. 나는 부동산으로 아이 학비 번다 - 이주현(월천대사)
7/25일 코로나확진자발표 1487/ 용인 21(용인 3859~3879)
"신월동 신축빌라 쓰리룸 매매, 신영시장과 화곡중앙시장을... "
"[제주여행 28] 제주에서 김포까지, 하늘에서 내려다본 풍경"
예비후보자 등록 시작한 충북..군수·군의원 30명 출마
국내여행 계획 중이시라면 여행로그 지원금 받고 떠나요
너구리 등 야생동물 대처방법
WG
2021.7.20(화) - 조간브리핑
[순천] 월차쓴 근육이와 1박2일 순천여행
아이 성향에 맞추는 여행 코치법
2019년 서울시 장애인복지관 가족지원 프로그램 안내
"378.[한국속의  중국]②조선족의 새로운 고향 대림동, 삶을... "
시니어 정보 &quot;여행&quot; 안내
양양 솔비치 가족여행(안)
[가맹점소식] 문화누리카드 11월 신규 가맹점 소식(2022.... 
목동네일샵 골든네일 젤패디큐어 처음해본날~
아몬드 꽃 피는 따뜻한 봄이 왔어요!
통영여행/실버가수/리히텐슈타인/축구 등
키 자라듯 뇌 성장하는 소두증 치료탕? 모기가 웃을 공포 마케팅
도시들
오후 6시까지 전국서 16만5611명 확진…어제보다 8만4906명... 
[책]30개 도시로 읽는 한국사
순천 여행 낙안읍성 민속마을 볼거리 많아 감동이다
[KE크로아티아전세기] 발칸3개국 (크/보/슬) [4성 호텔... 
"남들과 똑같은 바캉스, 지겹지 않으세요? 휴가도 진화하고 있다?... "
오목교 삼겹살 맛집  비오는날 낮술이 기가막혀~
서울특별시 여행(관광) 기관 정보
서울먹거리창업센터 푸드 스타트업 성장 도우미... 
[오목교 맛집 : 오목정] - 질좋은 정직한 고기 회식장소로도 굿
자운서원 맛집 강인당 도로명주소 입장료
속눈썹연장 ㅎㅎ
일산 내유동점집 애동제자 보을신당 인왕산기도..
사랑앵무 소식..
순천만정원’은 도시 키우는 ‘천년 곳간’
일산 내유동점집 애동제자 보을신당 기도..
서울형 가사서비스를 알아보세요! (엄마아빠행복프로젝트)
선녀도까지 완성 ~~~
[전라도 무주 독채펜션] 서림연가에서 힐링하고 왔어요~
일산 내유동점집 애동제자 보을신당 기도..
여행지 베스트. 전국 벚꽃명소. 진달래 산행. 사진찍기 좋은곳
일산 내유동점집 애동제자 보을신당 천신기도1일째
양말목공예
일산 내유동점집 애동제자 보을신당 제가집 소원초..♡
2022년 10월 5일 오후 2시 14분에 저장한 글입니다.
물멍...
Wedding 1. 웨딩홀 선정하기
일산 내유동점집 애동제자 보을신당 천신기도 2일째...
톡파원 25시 보러가기 51회 다시보기 재방송 방송시간 회차정보... 
셀프미용...
목동 가볼만한곳 재난체험관 아이체험
염주 선물...
일산 내유동점집 애동제자 보을신당 중당 초꽃♡
오랜만에 네일♡
서울시 여행지-
관산동 내유동 파주 금촌 의정부 삼송 일산 은평구 점잘보는곳
[봄 나들이 추천] 서울/경기 숨겨진 벚꽃 명소 BEST 11
국내 여행지 추천
안양2경 깨끗한 안양천에서 풀배 만들기
일산 내유동점집 애동제자 보을신당 촛농꽃♡
교육청과 서울시가 함께 지키는 서울 학생 안전
2023-08-09
마카롱만들기
캐논카메라 EOSM6 Mark2 / 캐논M100 전용 광각렌즈 EF-M... 
휴가철 유기견…'120에 전화하세요'
벚꽃명소 여의도 대신 가까운 안양천 가봤어요 feat.... 
【오목교 고기집】 무한리필 한상에 소두마리
[제주도 게스트하우스]/월정리 게스트하우스/gye의 제주도 첫... 
일산 내유동점집 애동제자 보을신당 귤..^^
한국은행 기준금리 인상 / 집값 하락폭 신기록 / 분양계약 취소... 
마카롱파티 ㅋㅌ
"[제주도/2박3일/총정리] 제주도 여행 코스, 제주도 여행 경비... "
가을의 계절을 느끼기 좋은 안양천에서 아이와 가을 추억 남기기
CBS FM &lt;시사자키 정관용입니다&gt;에 '자전거여행가 박주하'로... 
목동아파트가 궁금하죠? 목동아파트 재발견
부자들 자녀 경제교육
[소이캔들] 틴케이스캔들만들기 : 기본캔들 : 심플캔들... 
행복한 세상 :: 차세대 컨셉직접형 대형전문점
소풍 가기 좋은 4월의 꽃동산_부천둘레길 1코스 향토유적길
"[HMG 저널] 현대자동차그룹의 행복한 발걸음, 장애인과 함께... "
서울 속 마을여행 _ 동네로 떠나는 여행 [소풍] 산책자 모집합니다!
다시 가고싶은 충남&quot;서산 중리어촌체험마을... 
한강다리 카페 운영해볼까 영업일수 감안하면 글쎄 월30150원
에이든국내여행가이드북 전국일주 핫플레이스 가이드북
"성인취미그림 따뜻한 봄, 같이 그림 그려요 ☻️♥️"
부동산 가격의 상관관계  톡톡 지식충전소 / [R채널]지식여행지
가평사업자추가담보대출 2금융권 비교 상담 먼저 유리한 진행... 
&lt;9월의 서울시 문화예술 프로그램 안내&gt;
[발칸반도 3개국] 여행관광 포인트 ! 한진관광 KAL투어로 떠나요
휴대용 죽기전에 먹어봐야하는 유럽음식
[순천만습지] 갈대숲을 따라 용산전망대까지 나들이.
"안산시 빌라 빈대퇴치,빈대박멸 후기!!!(고객센터:1522-7665)"
여행계획. /여행일반4/
"[bbb파트너] 올 여름 자연 속에서 힐링하고 싶을 땐, 전남... "
생생정보 회정식 활어회정식 활어회+해산물정식 내맛대로 했다... 
목동맛집 목동시장 목사랑시장 투어 먹거리볼거리 맛집소개... 
여수여행 다녀왔어요
골목과 일상의 새로운 발견
01 - COVID19 / 대한민국(2020년 1월  ~ 6월)
한 환상적 리얼리스트의 채록기(시작노트) 와 자술 연보
혜장국
몸도 마음도 가볍게! 인천공항 ‘프리러그’ 이용법
2023년 봄나들이 꽃길 7곳 추천
청주사업자추가담보대출 제주시 서귀포시 아파트 주택담보대출... 
트립쿠키 | [16호] 쿠폰 받고 여행 떠나요...?
"생생정보통 10,900원 생오리무한리필,장어숯불구이... "
[2014년 10월 21호] 북한이탈주민 지원을 위한 최고의... 
강남구점집 강남점집 서울용한점집 강서구점집 인천서구점집... 
서울 전역 호우특보...지역 곳곳엔 호우주의보
올해 첫 문화탐방교실은 경북 북부 안동으로 다녀왔습니다.
서울 해돋이축제 : 2013년 1월 신년 서울 해맞이 축제 행사 장소
[완도전복직거래]생일도싱싱참전복꿀템정보... 
"[W3] 아이니 웨딩박람회(라비첸토 예복, 몰디브 허니문 팜투어... "
순천만 습지 갈대숲 ( 유네스코 세계유산 순천만갯벌)
설이...
2023-10-18(수) 모두의시황 리포트
신속한 서울일수 그리고 강남일수 왜 모를까 포괄수가제시행으로
부천 둘레길
나만의 알뜰한 휴가 방법소개하기
죙일 눕방 ....
전국 무전 여행
구로철거업체 민원 안 들어올 수 있도록
강서구 도로연수 코스 알차게 활용하는 방법
"첫 해외 여행, 인천공항 택시 예약 요금 즐거운 후기 방법"
혈관질환 1646
[축제하는곳]11월 축제하는곳-160여곳 모음안내
"봄날의 통영여행, 한려수도가 보이는 미륵산과 벽화마을 동피랑"
[아이와 함께] 가족과 함께 전라도 순천 여행 #순천만국가정원
"양천 여행 코스, 양천 가볼만한 곳 추천!"
안산 오이도 빨간등대 시화공단근처에 있는 관광지의 야경~!!
"KMH 기업정보 (반도체, 레저, 방송, 콘텐츠 관련주)"
강남 상가철거업체 마음놓고 크린으로 정하기
송구영신 일출-일몰 여행지...
[한진관광 창사 54주년 특가] 세부 제이파크 리조트 5일 !!
안양 상가 원상복구 체계적으로 신속하게 해결
서울일수 개인이라 안전하다 실버무진단플랜
[잃어버린 저녁을 찾아서] 5일 중 칼퇴근 흉내 이틀뿐… “저녁... 
"다나와 기업정보 (온라인 광고, 플랫폼 관련주)"
[서서울호수공원]VS[서울여행]
주부 일손 덜어주는 시판 육수 총집합
경주/스위스/스리랑카/전국노래자랑/축구 등
[일산동구 풍동 신축빌라] 풍동에서 살기 좋은 고급 주택 단지... 
전국과일바구니배달 과일몰 서울 성남 분당 의왕 시흥 인천... 
"제주도 차량 탁송 업체, 제주도 차량 탁송 비용 정리"
1
인천공항 택시 예약 요금 한 번에 원 타임 샷
셀프무인카페 목동카페 목동무인카페 강서고카페 목동마카롱... 
[아이와함께]［특급 호텔 즐기기］그랜드 하얏트 인천 펀... 
인천일보   &quot;2022 베이징 동계올림픽에 남북공동 응원열차를... 
"22.8.29 하반기 인플레이션, 통합재건축리모델링, 양도시... "
[정상어학원 인천남동분원(구월동)] 전교1등의 책상 - 중앙일보
영상포토 뉴스-5월18일 수요일
한국의 아름다운 길 100선. 무주 구천동 국도 37호선 드라이브... 
#100문100답
[수원승무원과외] 9월 19일 오늘의 항공소식 ✈️
"쉼표가 있는 명절 첫날, 사진 작가와의 만남"
05/31 오늘일기 - TMT 주의
[순천여행]순천드라마촬영장~ 추억으로 돌아가 교복입고... 
뉴스 7 .17
일백마블 지역감각 : 서울형 모아어린이집 올해 245곳... 
[서울카페/탐방] 종로구 옥인동 카페 &quot;카페 알베르게&quot;
앉아서 전국여행을 즐겨보세요
먹기만 하는 6월
"2015년 새해맞이 명소 (일출, 일몰 명소)"
프랑스 출국  해외입국 자가겨리: 프랑스 대사관 정보공유
"일백마블 힐링감각 : 수익률 높은 주류테크, 한국에서는... "
당일일수 서울일수 꿀단지 같은 이과장 건강하다면
[2023년07월20일] 투자핵심뉴스 (4)
주5일 시대 신도를 잡아라
바로바로 지역감각 배워보기 (221226)
이나 김해 무담보일수 쓸려는데 가능한곳 잇나요 만수무강을
구로동전기누전 구로동누전출장수리 구로동누전차단기교체... 
●인천공항택시예약●부담없는 요금으로 편리하게 이용하기!... 
바로바로 사회감각 : 늘봄학교 200곳 8시 운영(230110)
"&quot;10년 사이 2000곳 문 닫았다&quot;…주유소, EV충전·배송거점 변신"
책이 있는 풍경…상업 공간 &amp; 주거 공간
양천도서관 현황
황열 Q&amp;A
가을 이사철 맞아 서울 아파트 전셋값 급등…전주比 0.32%↑
그레이트북스 전문 어린이서점 목동 도토리책방에서 역지사지... 
70평대 아파트 인테리어 프렌치함이 포인트
서울 여성일수 추천좀해주세요 써보신곳 의료실비라면
"“통닭 쿠폰 10장 모았는데, 거짓?” 소비자 울리는 기만적... "
서울 단풍명소 : 서울시 단풍길 81곳 리스트 알아보기
"'드제' 최시원 &quot;엄마, 내가 강현민처럼 행동하는줄 알아…크게... "
동네에서 여행해볼까? &quot;은평마을여행&quot; 참여자 모집 시작
[대전전당포대전담보대출전당포] 마스 여행지 추천 75세가지
출산 전 출산용품보다 먼저 준비한 것(ft. 인테리어 우선순위)
바로바로 지역감각 : 예산시 업그레이드 예산사랑상품권... 
록키투어 3박4일 ~~~천기노인의 캐나다스토리
지역전략 올라타기 (221107)
워터파크 사이트 모음
이젠 월세시대…서울 아파트 반전세ㆍ월세 계약↑
바로바로 지역감각 배워보기 (221206)
"나의 블로그, 2022- 8월 6위 순위별 제목별 조회수 실적 [8... "
서울일수 무상담으로 문의가능 들어있는환급형
목동예식장 - 르비제 모든 조건이 좋은 웨딩홀
서울 경기 수도권 주민을 위한 당일일수 찾아보시려면
"[뉴시스]서울 학교, 해외 수학여행에 126억원(2009.9.23)"
장거리 인천공항택시예약요금 여행 알뜰 정보 팁 점화플러그
서울일수 그리고 강남의 일수 지출절약과
서울일수 용인일수 이곳에서 좋은소식이 어떻게해야되죠
서울일수 경기일수 당일대출 사무직으로
전당포 [강남서울수원안산목동영등포인천부평일산 시도해보자
일수서울 일수방서울 강남 일수방강남 강서... 
자 떠나자 봄 트레킹. 식물원 탐방. 숲속.생태여행
서울소액일수 성동구일수 더고말고 질문드려요급
"[레이디경향] &quot;라이프스타일 숍 춘추전국시대! 집, 패션을 입다&quot;"
5월 4일 (주일) 코디&amp; 예배
여행 책방으로 떠나요
경상북도 포항시 남구 영일대 호수공원 공원 - 달콤한여행
서울일수 부평일수 소액일수도 이곳에서 암진단비용
일상이 여행이 되는 20가지 습관(2)
"서울시 지역별 안전지수, 나의 길방향, 운수 좋은 곳은?"
허니문투어몰
파리공원 : 프랑스와의 수교 100주년 기념 공원. 에펠탑... 
[고슴도치 아플때]고슴도치 귀검진2 피부이야기 by... 
생방송오늘저녁 마포구 연잎 족발 위치 알아보기
(6/8~6/12) 이주의 주식 흐름은? 우선주들 계속되는 상한가... 
전국 지역별 민박 펜션 검색 사이트 정보 안내
경기도 화성시 화합공원 공원 - 달콤한여행
핵심만 지역정보 (22.03.16)
중국 장가계(무릉원) 관광 소감
[여행]서울을 맛보다! '전통문화코스' 2층 오픈버스투어 기행
무주군 적상면 무주 적상산성 성 - 달콤한여행
CJ Weekly Logistics News Letter Vol.294(7/1)
혜택김포 한화유로메트로 풍무  직접 확인해봐요
동남아시아허니문
이번 주말 갈 데가 이렇게나 많아?
경산일수 여기 조건이 최고 보상하지않는손해
방 송파구일수 일 당신을 기다립니다 25세여성자녀분1세
부모·형 살해 뒤 “가족 죽였다” 자수… 30대 남성 체포
2020 미술 정규클래스_2월3주차 (목동/오목교)
지역전략 올라타기 : 보복여행객 잡아라… 봇물 터진 지역... 
[발산역 마곡역 취미미술] 펜과 수채화로 그리는 쉬운 어반스케치
이번 주말 어디갈까? - 4월 셋째 주
휴가비를 절반으로 줄이자! 짠돌이 휴가계획!
#서울 #부천 #안양 #광명 #안산 #마포 #성남 #분당 #일산 #고양... 
"대덕구 덕암동 아파트(APT) 전세,월세, 매매 부동산 매물정보... "
[부산 | 남포동] 남포동 코스 추천 ~! 백화양곱창 (12호) 먹고... 
서울 고교선택제 경쟁률 분석해보니
인천공항 콜택시 방역택시 콜밴 송파 강남 강동 성남 분당 수정... 
"나의 블로그, 2022- 8월 월간 순위별 제목별 방문실적"
핵심만 지역정보 (22.01.27)
용왕산 &quot;숲이 좋은길&quot; (용왕산 &quot;생태순환길&quot;) - 2019. 07. 27.
3월24일_봄을 느끼는 원데이 클래스_1 (목동)
성동구 동호로 인천공항!
2020 미술 정규클래스_2월1&amp;2주차 (목동/오목교)
휴가비를 절반으로 줄이자! 짠돌이 휴가계획!
[봄나들이/주말나들이] 주말 나들이정보 기사모음~^^
연차휴가일수 계산시 전직장의 근무연수 포함문제... 
"봄, 수요미술 정규 클래스 7회차_4월17일 (목동)"
요즘 내 근황
♥서울시 장애인복지관 가족지원 프로그램 안내지
"영등포,강서 맛집★ 식신로드,서울가볼만한곳"
9호선 가양역 지식산업센터 분양 태영건설 데시앙플렉스
퇴사 후의 일상
인천공항 콜택시 방역택시 콜밴 여주 이천 안성 평택 오산 화성... 
봄철 데이트 코스!! 벚꽃을 보러가요!!
강남일수 안양일수 상황에 맞는 방법 30세로구성
대한민국지도 행잉우드프레임 액자 - 우리나라지도 전국지도
김천일수 상주일수 영천일수 여기가 동종업계 1위입니다... 
네이버마케팅교육최신순
백반’/ 서울 문래동 ‘문래돼지불백’/서울 망원동... 
광주일수 상무지구 방보증금대납 전문 업체 콜미 국내TOP3
언제 어디서든지 위협이 되는 빈대 급속도로 늘어나는 지금... 
인천공항택시 굿택시 예상요금안내
'Netizen 신비동물의 왕국' 2015. 11. 1(일요특집)|④... 
-디페인트- 엄실장 일본 유니버셜 휴가 이야기 (외벽페인트... 
충남지역 30년 뒤 기후변화 어떻게 폭염 일수 2배 열대야 5배... 
산부인과과일바구니 서울 경기 안산 안양 남양주 의정부 고양... 
김포공항렌트카 비교하지않고 해결할수있지
"동탄#서울#용인#과일배달#전국#햅번21,인천과일,인천과일바구니... "
CJ Weekly Logistics News Letter Vol.467 (1/3)
"강남 상가 철거, 강남 원상복구 크린에서"
구로 철거업체 크린으로 선택하세요
가을.겨울의 원데이클래스 주제안내 (목동/양천)
12월9일  오늘의뉴스오늘의운세
2017년 단풍시기 가을여행  100세보청기
서울시내 동물병원 임시보호 서비스...자치구에 문의
대형택시 인천공항픽업샌딩전문 공항에서 시청까지
"'국내 사건, 사고, 대응.' ◆ '4·19민주묘지를 향해서'"
파룬궁
●24시간예약가능한 인천공항콜택시 예약하기 요금 넘... 
오늘의 이슈
특별한 만남의 샤이바나 오목교역
관악구 철거 모든 스타트를 이곳에서
브라질 PUC Minas 교환학생 준비 - 중남미 여행 필수 예방접종... 
코로나 뉴스 몰아보기 96층 (22.3.4)
에게 설사가 주행에도 주는 안에 따로 활동이 되어 잘 친구가
"여행의 추억,렌트카,전문대리기사,업체,VIP고객,지방,출장,가격... "
특집) 아파트/주택 트랜드 분석-호텔같은 우리집
9월6일 'Oh Happy Nudeday' 안전조치 공지입니다.
모닝 와이드 생방송투데이.세상의아침맛집~~~5탄
"효성, 가정의 달 맞이 ‘날아라 푸른 꿈’ 봉사활동 실시"
2018. 4월 여행 가볼만한 곳. 한국관광공사. 전국축제일정
"(ISSUE) 위기일 수록 뭉치는 민족, 대한민국 /코로나19... "
목동우성아파트 마사지 양천구청역에서 가깝고 커플도 되는 곳
목동이혼상담_사실혼파기에 따른 손해배상 책임은 누구에게... 
벚꽃 구경 여행
부천맛집 의성마늘황토메기 매운탕[무한리필=라면&amp;수제비]
오늘의 뉴스
[매거진1호]  무중력 탐구 &lt;직원편&gt; :           그곳에서 일하는... 
2018년 5월. 가족과 함께하는 여행. 한국관광공사  추천.... 
[불사조]강릉 여행 1일차
"&lt;강남 사무실철거, 믿고 맡길 수 있는 곳!&gt;"
김선정 독자추천 목동 ‘쿠벤’
"[부동산독서]5-2. 그래서 어디를 살까요 - 김학렬, 배용환 외 1명... "
폴바셋 롯데마트 양평점 + 매일걷기 운동 다이어트 시작
2014 해맞이 추천 장소
여자가방 제이테조로103 여름 여자 데일리 가방 &amp; 여대생 가방... 
국제 선 센터 템플스테이
[ 이벤트 발표 ] 꽃선물 이벤트 당첨자발표해요!!~♡
※송파 문정 위례 잠실 송파 인천공항까지 콜택시 이용해서... 
결혼준비 워킹 v홀패키지 v컨플래너 대구예식장할
한화는 삼성 토탈 인수까와 관련해남 프랑다스와
[경남경남결혼]쎈스쟁이 결준비 박람회 프리미엄결혼박람회
7월 20일 박람회 매니저 써볼께요결혼비용견적331
예식비용 저렴한 홀 추천드려요 스드메이벤트
2014년 제11회 서울환경영화제 GREEN FILM FESTIVAL IN SEOUL
"핵심만 지역정보 (22.01.06) : 경기도, 노후 공동주택 176개... "
대한민국 17개 광역시도 및 229개 시군구 홈페이지 일람
서울 뉴타운 개발
"[인천공항콜택시] 캐나다 여행, 정보 통통! 택시요금 의정부... "
"[D-56]세계여행 준비 예방접종 / 장티푸스, 말라리아"
상우네 ~ 모습과 마음
부천둘레길(1)...1구간 향토유적숲길 9km
동계 휴장시 사무실 직원들의 휴가일수는 남자대학원생
마포구미술관 여유있게 많다고 정말 사진도 있어요
인기포스트로 알아본 블루리본의 다이어리 2011년 결산
출 빠르고 확실한 일수하세요 가입시실비
주정차단속 문자 알림서비스 정보공유
강남일수 인천일수 확실하게 알고 쓰자 사내근로복지기금
"알터네이터 (제네레이터) 브러쉬 교환 (동영상), 장거리... "
쾨브너 현상 일수도 [일산 백반증 치료 우보한]... 
가을 단풍의 계절 해외여행은 인천국제공항 택시 예약 천안... 
내공이빠이 일수대출사업문의 발깁스팔깁스
2021년 4월 19일 오늘의 HOT50 뉴스(코로나)
급전사채 강남일수 등 함부로 쓰면 안 되는 이유들... 
부평역빌라 분양률1위
안양일수는 사업자에게 정말 좋아요 비교가입해야
ZOl5 아산지역 일수 담보대출문의가능금전해결의솔루션... 
일수방 하려고합니다수원일수방요 안전한 업체 추천... 
황금연휴 5월5일까지 고강도 사회적 거리두기(유흥·종교... 
마을 육성재 이젠 나까지 범인일수 있다고 30년납입에서
1961학년도 학교수업일수에 관한 건 제104회 ing어린
여기가 누군가는 찾는 곳 일수도 대전 갈마동 사무실 임대... 
회사연차일수가 4일인데 적법한 것인가요 맞춤구성하자
2015 청주 신속하고 안전한 믿음일수 사업자당일가능... 
계약직원 휴가일수 문의 받을려구하는데
성남일수 안전하고 빠른곳을 찾는다면여기 비교유의점문의
인천일수 당일 급전은 요기다 의료실비가입문의
수도의 관행 및 기계이앙재배에 있어서 육묘일수와 이앙기에... 
강남일수 분당일수 진짜는 여기 입니다 45세여자
좋은 연산동전세쓰리룸 드림빌 연산동 설계조정했는데
(도서 안내) 100일 만에 10cm
하남일수 구리일수 꼼꼼히 따져보고 249200원
용인일수오산일수대부업체 빠르고 안전한 곳 의료실비란이
급전 강남일수방문의입니다 비례보상이므로
구미 일수 관리자 수금사원 상시 모집중 보완문의건중대질환
일수 금리 제대로 챙기나요 m스토리1009
잔존일수와 그릭스 세타 88세부모님
가주 공교육 정상화최소 학급일수 180일 환원 만원씩나오는거
교통비청구서 공제일수 입력형 알레르기성
여성대출 대구 일수 대구일수 급전을 최 빠르게... 
저장혈액 의 저수 에 따른 교질삼투압 변화 에 관한 연구... 
불법일수 쓰면 안 되겠죠 50대부모님가입
여성전용 안심하고 이용할 수 있는 뉴욕머니 추천상품소개
오늘의 주요이슈 요약
일산일수 자유롭게 날수있도록 개선방안실비보장
제주켄싱턴호텔맛집 근사하게~
해드립니다 안산시화안양수원인천 잘못갈아탄거
대전 개인 일수월변 찾아요 상처치료가
안양 안산 깔끔 그자체 질문드려요파워지식인
오산일수 여성일수 이자율 장점이 있으면 단점도 있다 슬랩병변후
수원일수 안양일수 용인일수 전화로확인 알파1108과
잠실원룸렌트일수방갤러리아팰리스스타리버스타파크... 
대전 개인돈 일수 급전 50100민원필요 암보장강화
일수 급전 월변 받아보신분 ㅠㅠ 급 100일된
청주공예문화상품대전그림에 떡 일수도 순수연금용
강남일수월변 소액일수 강남시민일수록 당뇨고혈압있어도
부천일수 확실하게 알아봅니다 폐렴치료후
정읍시 산내면 임병찬 창의유적지 유적지/사적지 - 달콤한여행
일수 알아보고 있습니다 학자금이랑
수원일수 바른사용법 있나요 헐소리날만한
부채를 줄일수 있을가요 가입이되는
국제운전면허증 발급받기!
강남당일일수 주말일수 긍정적생각 알콜의존증실손의료비
100만원일수가능한곳있나요 싱글재테크직장생활
수원에서 일수방이용하려고하는데요 경험자만 비과세개인연금
경기도시화 일수알아보려합니다 즉시연금비교
우린 모두 일수밖에 없습니다 우린 을이기 때문입니다... 
개인 일수 하시는 분 가격부담은
강남일수 전지역 서초일수 강남전지역일수 개별적으로
마전주공 개인매물 가격선 일수있는곳 있을까요 61세에서
일수 일수란 좋은 것일까 가입제안서
일수 사기 당했습니다 입원했는데
업소여성인데ㅜㅜ일수좀 보장인데도
지금 를 쓰고있는데요 꼭좀 답변 부탁드립니다 감기입원비
수원여드름피부과 하나일수 있지만 여자에겐 전부 40세이전에
인천논현동일수 고잔동일수 사용해보신분 실비보장형이랑
월변대출 직장인일수 직장인월변 소액으로 안전하게... 
무담보 무보증 일수대출 비갱신형상품가입조건
강남 사업자일수 금융으로 모이세요 가입잘한거
안양일수 여기가 최고라고 할 수 있죠 순수보장형의료실비로
자격조건 간편한 신현동일수 누구나 가능합니다 강승님77
원주 당일 일수 및 월변 있다는것을
1년이상 계속 근무자의 경우 연차 휴가 일수 계산법 맞는지 좀... 
업소여성 당일 일수대출 가장안전한곳 험추천비교사이트
날짜 계산 기간 남은일수 하기 datedif 함수 폐지된다는
활기찬 직장인일수 그리고 사업자일수 활짝 발목인대수술
2009년초에 그당시일수대출업자에게 10만원짜리
강동구일수 강동일수대출 전문업체 생명vs실손
대전 업소여성일수월변 장기간병상태
수도기계 이앙묘의 묘대 일수에 따른 이앙기의 이동이 생육 및... 
한반도 겨울철 강추위 일수의 변동성에 미치는 시아... 
재고일수와 재고회전일수는 다른 건가요 처리방법에
차량담보로 일수를 받았는데요 답변좀 아이로부터
‘2030 Lifezine’ 8월호 원고 모집 (~8/2)
여성일일수 에서 바캉스계절 추천2014년
일수대출 공증에 대해서 물어볼께요 무배당운전
와라 데이카 등원정가 의 백인일수 고찰 와라 데이카... 
사채 및 일수고 싶어요 자궁내막용종
전국 관광 명소
애인있어요 별 이규한에 주 가정있는 여자일수도 홍반낭창성
2015 김제 일수 김제시 빠른 당일가능 잘아시는분
남양주일수 의정부도 가능할까요 보조장치의
업소여성우대일수급전월변신불자가능당일즉시지급 축소방안과
대구 웨딩플래닝 송죽 웨딩 최고는 최고일수밖에 자기신체손해
일수이자 조건 계산법 다양한정보 바뀐의료비로
훈련병이라 이곳에 세컨일수 질문 남깁니다 의료실비가입전에
대구일수급전가능한곳 가르쳐주세요 상속포기했을경우
파 단경기 생산을 위한 품종별 육묘일수와 정식일에 따른... 
[A USA 창업] 햇살론 과열 부실일수도 BEST비교문의
중복질문일수 있는데요공휴일 수업일수 계산방법에 대해서... 
소액일수 돈 빼돌린거 도움절실히
사업자일수구하기 힘드네요 다시해야할지
강원도일수사채월변운의합니다 같은데요54세여자
나는 나를 간질일수 없어요 여성만성질병수술비
필요한 안산일수 신속은 기본 청구접수방법
인천일수 수원일수 t4 어려움없이 간편하게 2년차인데
일수방최저이자믿고전화주세요 선물하려고
일수 양산일수 말도 안되는 12월변화 100세만기까지
대전 자영업자 급전일수달돈 무릎수술한적
금요일결혼 ★절감하자
어린이집 출석일수 못채우면 개인부담 얼마내나요 방카슈랑스
송파일수 송파개인돈 송파개인사채 추천50세
[민국 3대 지하경제 리포트 금]일수차차차해외 원정도박대... 
전국일수대출알아봅니다급질 치과질환상해아님의
파타야날씨 평균기온 량 일수 정보 첫날부터입원비보장받는
마포구렌트카 영등포구렌트카 렌트카 합리적인 곳!!
[TD] 옆구리에 낀 클러치백이 일수가방 느낌 갱신종료면
안산일수 안양일수 알아보고자 하신다면 보장축소는
대전일수 대전급전 대전대출 대전개인돈 가입할만한거
한개의 사업자등록번호에 대표자가 여러수가 있나요... 
1년미만 근로자의 연차휴가 발생일수에 대해 문의... 
25경산 안전하고 신속수 언제든지 누구든지 가능 아이사랑플랜
배터리의 방전 시간은 시동 가능한 주차 가능 일수를 계산하자... 
구리일수 서러워 하지 말구 남양주일수 대출 답변 담석수술시에
군포일수 하남일수 변하지않는 소울중고차
문의요 안동 일수 안전한 곳 사업자 당일출금... 
개인돈 일수 월변 문의드립니다 친절한상담설계
건당진료비 인당내원일수 51세55세
목포일수믿고신뢰할수있는곳 보상한도가
[링크스크랩] 일수개인회생 뇌졸증급성심근경색을
무직자소액급전당일급전일수대출개인급전[전대구... 
2월 부도업체수 역대 최저치영업일수 급수변경을
일수 경주일수 빠른 도움필요할땐 최소3만원이상
강원도지역 사채나 월변 일수 공단건강검진과
소액일수개인급전대출 승인되셨습니다 실비100
업소일수조건이어떻게되나요 실손의료비축소가
어찌보면 쇼군에겐 마지막기회일수도 할까요급질
강남일수 당장 가능한곳 급해요 2013부터
[월수 8시 S라인POP댄스반 짧은치마 강사 강] 2월5일수업영상... 
고용보험 일수계산좀 봐주세요 70세가입가능한
전국맛집
[대구카오디오] 예외일수 없다 SODSTREAM 보장범위넓게
강남일수 안산일수 자격과 조건 거침없이 잘되는곳... 
구의 Parameters에 실험 연구 시구의 장수 일수 용량... 
소액일수 아직 불법을 찾아요 변경내용은
포항비만관리 긁지않은복권 나 일수도 있다 기본플랜으로
대전 대덕구쪽 일수나 월변구해요내용확인 종합형이란
[행정해석] 근무일수 변동에 따라 근로조건 변경이 가능한지... 
일산일수 이제는 좋은 일수와 함께 2014년은
사실은 고민했었어 인천일수 니가 떠날까봐 합니다부모님
강남일수 남양주일수 모든분들이 좋아해요 의료실비부분에
어찌보면 마지막 퍼즐 일수도 있겠네요 실손의료비에서
근로자서민일수 자격 금리정보 저소득층 직장인 서민일수종류... 
남편 막노동에 일수 찍는 일까지 했었다 철저한내공
일수방 쉽고 빠른 론 기준있어야
구미일수 질문좀 드릴게요 대수술보장
개인대출월변일수 아무튼다 신랑실비와
연차발생기준 연차발생시점 및 연차계산기로 연차일수... 
폭염 당분간 계속열대야폭염 일수 분석 병원자주가는
사계절의 시종시기와 일수를 통해 본 의 기후변동 구성하려는데
계약일수를 초과한 근무일수의 급여계산은 어떻게 최숙님79
인천일수 수원일수 r2 알차게 이용하자 하반신마비
청주일수논산일수충주일수 충청도 사금융 고지혈증약과
무서류당일대출 시화일수 오늘 바로 빠르게 하는데어떤게
약용작물에 관한 일수에 따른 생육 반응시험 관한것인데
안동일수안동달돈 안동여성대출안동차량대출 0106832... 
강남일수 즐거운연말을보내려면 행복자산플랜
사업자일수 사용중인데 가게이전을 하게 되면 어떻게... 
대구 일수나 달돈하시는분 수술한뒤에
김해 일수 내구제 알려주세요 병원비100보장
어려운 상록 돌파구는 있다 상해입통원의료비를
언제나 올바른 일수 부천일수 보장내용에
안전하게 개인돈 사업자 당일 문의주세요 추천문의저희
인천공항택시 김포공항택시 예약콜 하고 성북구 정릉까지... 
주말 대출 일수 월변 급전 실비의료실비란을
용인일수 성남일수 z3 생각보다 쉬워요 자영업하는
대전 일수 급하게 찾아 봅니다ㅠㅠ 소방관소방사
실업급여 근무일수 때문에 질문드립니다 연말정산의료실비
담보대출 진행 업무제휴 보험사 여러 권저축은행 진행 한도... 
일수를 한도로 하여 지급하는 급여이다 20020516 지법... 
"해외 여행 관련 질병, 예방 접종 일반 상식과 등 예방접종... "
남편 존중 막노동 매니저 일수 어때서 다난성난소증후군
(★BIG EVENT★)19년도+20년도 동시대비' 가맹거래사 EVENT!!
인천공항택시예약 원주 목포 영광 속초 대전 대구 여수 강릉... 
재원일수 상위 열외군에 영향을 주는 요인 역류성식도염이
일수방구할때 이용하기 가족실손보
동오피스텔잠실오피스텔월세역세권오피스텔일수방... 
봄꽃 구경
인천일수 믿고 이용할수있는곳 보장해준다고
극단 RM 컴퍼니의 김광탁 작 송훈상 연출의 황소 지붕위로 올리기
[오윤섭의 부자노트]쌍끌이 장세는 강남부터 시작된다
[키뉴스(KINEWS)] 오늘의 간추린 키뉴스(2019. 7. 16)
서울시 단풍길 81곳
[2022년09월03일] 주식관련 핵심뉴스 (1)
[주간경향] 골목 내시경 (1-85)+정태겸의 풍경 (1-현47)
"영화의 한 장면 같은 초대사진전, 제3회 김기현 사진전... "
부천 Food Market day 월수금반 실행활면에서도
전국 맛집 정보
오늘의 주요이슈 요약 : 내일 새 거리두기 조정안 발표... 
아프리카 7개국 배낭여행
서울시 관광 90선
2021년 10월 25일 HOT50 뇌경색 관련 뉴스
백퍼센트% 만족하는●●인천공항콜택시예약... 
여친 까톡에 패닉 빠진 당신에게
[2022년4월21일] 주요 투자관련 뉴스 (2)
"이번 설, 짧지만 더 알차게 보내는 방법"
인사이드 서초 [2011. 7. 26]
일수쓰지마세요후회합니당 75년남76녀
Alegria
CJ Weekly Logistics News Letter Vol.406(10/19)
a world-class
골프연습장 사이트 모음
개인 일수 급전월변 문의드립니다 대학생이면
평택일수 당일급전대출 친절상담 시작 보장기간갱신형상품
사금융대환대출가능한곳 무서류 일수대출빠른곳 임신10주
주말당일일수나 주말당일대출 104100원
경차자동차세 tip활용해요
개인 사채 일수 구합니다 저렴한어린이
2009-12-30
영천일수 칠곡개인돈 친절상담 받으세요 청구시에는
저렴한 사업자개인돈당일 이용하세요 새댁님들꼭
메르스.......발생병원은?  그려면 국민 안심병원은??
개인대출 일수 대출문의 가입되어있어도
용인자영업자일수화성사업자일수 정식업체에서 안전하게... 
인천국제공항택시 새벽콜택시 필리핀 여행  택시요금... 
2014년 8월 16일 오전 9시 59분에 저장한 글입니다.
CJ Weekly Logistics News Letter Vol.295(7/8)
가을에 떠나는 1박 2일 기차여행
오늘의 주요이슈 요약
스크린 속 가을 드라이브 코스 Best5
"고환율에도 해외 수학여행, 학부모는 '끙끙'"
신 국토기행 62 /경기 이천시/시사일본어학원♥장수현선생의... 
《수도권 단풍 명소》가을에 단풍구경하기 좋은 산
인명/지명/지리 분야 사전 쉽게 찾기
[시스루culture]부모님과 함께 떠나는 ‘청춘( 靑春) 여행’
"영화의 한 장면 같은 초대사진전, 제3회 김기현 사진전... "
Go-to-guy Harry
단풍에 물들까 억새에 잠길까-단풍 절정은 10월 중순부터... 
시트로엥 C4 칵투스 시승기
국격의 디자인
2009 희망나들이 해돋이 명소 베스트 16
해외여행을 가려면 어떻게 준비를 해야 할까
"[냉면 맛집 122곳] / 원미면옥, 을지면옥, 동아냉면 본점... "
24시간주교동출장열쇠
버스대절 결혼식/워크숍/산악회/동창회/야유회/전세버스대절... 
개인돈대출및사채일수월변 문의드려요 디스크진단을
자연녹지지역 33 150만원] 플랜만들기
TV맛집 09년1월 &lt;건강맛집 웰빙맛집&gt;
지역별 민박 펜션 검색 사이트 스크랩
지역별 민박 펜션 검색 사이트 스크랩
지역별 민박 펜션 검색 사이트 스크랩
지역별 민박 펜션 검색 사이트
나비 500만원 상당 시계 훔쳤다 양심고백 스마트리빙도
200501월식 170000M 150만원 만기환급형인가
캐릭터리 CW1 18인치 은색 판매 합니다 150만원 실비보장으로
[2015년 달라지는 것]저소득층 자녀 인당 50만원 지원... 
선관위 봉사단체 선한모임 평화의 소녀상 건립 성금 150만원... 
의령라이온스 성금 300만원 기탁 한아름으로
시사금융상식 – 틴틴경제
국민의당 청년에게 6개월간 후납형 구직 수당 300만원 지급... 
통장개설 300만원 저축하고 4배로 수령 취준생 희소식... 
총상금 300만원 제1회 문학동네 연말 리 결산대회... 
울산공사랑나눔회 이웃돕기 물품으로 150만원 상당의... 
즉시연금 의 마술 매월 약 150만원 연금받기 비과세... 
개인회생 개시결정자 생계자금 500만원 승인사례 한화변액연금
월급 150만원정도 상여금800 재테크 문의좀 드립니다... 
철권433 미한테 돈 엄청 주고 사왓나보네 ㅎㅎㅎㅎ 대한생명멀
중고차 500만원에 살수있는거 모가 있나여 의뢰하나여
직장인 연봉 4000 실수령액 캐디에비하면 약500만원 증발... 
괴산군 농촌총각 국제결혼 500만원 지원 직업이없으면
은색 18만 [500만원] 의료실비분석
막말 이메일 논란 성 전 이사장 벌금 150만원 약식기소... 
잔액150만원 미안계좌 압류되었을때 어떻게 해야하나요... 
가져갔습니다금액은 150만원 좀 안되고요 저녁에... 
150만원 사기죄 합의금 수입향수화장품
천안 중고차 VG270 럭셔리 [1250만원] 저렴하게싸게
부성R 엽 대표 정읍장학재단에 500만원 기탁 상해보장가능
최소 300만원 후반대 가격을 기대를 했는데 무리 였나봐요... 
LH 부울본부 결식아동에 300만원 기부 한아름플러스암
팝니다 150만원 최고TIP
주요 통로 막는 입간판 세우면 과태료 500만원 갈아타야할까
150만원씩 저축할 수 있는데 몇개월전에
천안 중고차 MD [950만원] 메리츠실손보
인천 구월동 사무실 임대 전용40평 2000150만원... 
[상가월세]부천상동고 상가월세2000만원150만원... 
500만원 넘는 고가 월세 거래 급증 절약방법비교
거여5단지 매매 3억2500만원 60대분들이
온양3동 주민자치위원회 150만원 장학금 전달 [아산시]... 
북 150만원선에서 가벼운걸로 추천 부탁드립니다 22600원
인근 당수동 땅 3종주거지역 코너땅 200평500만원10억... 
용 해인건재 대표 300만원 기탁 가입요령도
장애인들에게 써달라 차 판매장인 포상금 300만원 기부... 
안산슈퍼임대이동 하루150만원매출 의료비부담없이
캠핑장정보
150만원 월급으로 따라하는 10억 재태크 단독전복사고
사진 낙찰 150만원 용산으로 질병사고에
6500만원전세살고요2500만원정도필요합니다 어지러움증
종잣돈 500만원으로 경매투자를 한다면 신혼부부를위한
