추천 &amp; 서울 근교 강원도 드라이브•철원 여행지 추천 (노동당사... 
서울 관악구 말이 필요없는 소갈비 맛집 : 청기와타운 서울대점
서울 암흑카페 이색 데이트 여행지 후기
똥꼬발랄 캣초딩 구조한 김관채 고양이 탐정 후기/서울 관악구
순천 드라마세트장 드라마촬영장 입장료 교복체험 여행지추천
관악구 고시원 사당역 가까운 모던 스타일 고시텔
2023.12 서울 텍사스바베큐펍 : 데이트 사당역 숙성고기 맛집... 
12월 놓치면 후회하는 겨울 여행지 BEST5(서울 편)
서울 관악구 폭우로 도림천 범람…관악산 산사태 경보 발령도
전남 순천 드라마촬영장 &quot;1960~80년 관악구 봉천동 달동네풍경&quot;
[서울/관악구/국내여행] 관악산 신림계곡
관악구 여행지 추천 강감찬 장군 탄생지 낙성대공원
국내 1박2일 여행지 순천 놀거리 호텔 숙소까지 순천 가볼만한곳
서울 교육관광 1 [서울 관악구 신림동] 왕후순대곱창 - 순대곱창
서울 관악구 수영팀과 함께 한 동해권 1박2일 여행
서울에서 삼림욕을 할 수 있는 푸르른 여행지를 소개합니다!
순천여행지 추억속으로 순천드라마 촬영장
[서울 책방] 관악구 책방 여행마을
[서울 관악구 신대방 카페] 사로커피스탠드 / 신대방역카페
서울 및 서울 근교 당일치기 계곡 여행지 5곳 추천
관악구 고기집 : 청기와타운 서울대점
서울근교 여름여행지 광명동굴 입장료 소요시간 주차
7월 전남 순천 내일로 여행지 추천코스 보고 가세요!
순천 여행 가볼만한곳 순천드라마촬영장 전남여행지
애견동반 여행지 분위기 좋은 곳
서울여행기
"좋았던 여행지 (한 주 간의... 가을 여행, 서울 가볼만한곳)"
서울여행지 서울나들이 관악구내시경 구로구위내시경... 
관악구 토끼매장 [도치야] 토끼분양 금액 안내
서울 근교 겨울여행 크리스마스 데이트 추천 빛축제
10월에 가볼만한곳 ㅣ 국내 가을 추천 여행지 ☆ 단풍의 계절 ]
관악구 아이와 가볼만한곳... 전시관 어린이 서울 역사 여행 코스
여행지추천 - 무더위 속 산행은 너무 힘들어요 _관악산... 
"10월 서울 축제 가볼만한곳 (서울 놀거리, 행사) 리스트 10"
서울 관악구 도림천 나들이 (서울 아이와 함께 나들이 장소 소개)
캠페인④] 관악구장애인종합복지관 서울대공원 치유의 숲... 
"[전라남도 순천 여행] 희희낙락 웃음 가득한 여행지, 순천"
여행지 선택의 고민을 날려줄 명소 추천(낙성대공원)
해피팡팡이 알려주는 강아지 동반여행지 top4
"&lt;순천 여행&gt; 순천 여행지, 순천 드라마 촬영장"
전남 순천여행지  드라마촬영장(세트장) 추억의 사진찍기
"서울 단풍 여행, 서울 가을 여행지, 보라매공원"
서울 관악구 청림동 변기 막힘 뚫음 24시간 뚫는업체
맛집 - 서울 관악구 봉천동 에그썸 메뉴 가격 위치 주소 공유
여행지추천 - 어머니의 따뜻한 사랑이 생각나는 관악산... 
축제 서울 경기도 부산 불빛축제 12월 겨울여행지 모음
순천 여행 드라마 촬영장 ; 교복 체험 2023년 10월
샤로수길 맛집 미국중식 홍콩식당 분위기로 즐거운 술집... 
12월 겨울 축제 정보와 국내 겨울여행지 가볼 만한 곳
서울 관악구 신림동 입주청소 신축빌라 청소 현장
5월에 가기 좋은 국내여행지 살아 숨쉬는 생태도시 국가정원... 
서울 여행지 추천! 덕수궁 돌담길과 정동길
"코로나19로 변한 나날, 자연 속으로 향하는 164곳의 힐링 여행지"
노바써니(배혜림) 작가 프로필
서울대입구역 미용실 살롱드키코에서 슬릭컷+옴브레로... 
샤로수길 카페 추천 서울대입구역 디저트 맛집 :: 커피볶는여자
"전라도 여행지 추천 전라남도 순천 드라마 세트장, 드라마... "
복고가 유행! 그 때 그 시절을 느낄 수 있는 레트로 여행지는?
국내 10월 여행지 추천 2019년 10월 축제일정 272곳 전국... 
광주 추억의 충장축제 2023 국내 10월 여행지 추천 가볼만한곳
[천연왁싱 마에스트로터치]왁싱부작용 없는 서울대입구왁싱샵
"[서울 명소/서울 여행지] 혜화역 대학로, '대학로의 대명거리와... "
관악산 도봉산 수락산 등산코스 최단코스 추석연휴 서울 등산... 
서울 가볼만한곳 서울 여행지 추천 베스트 50위
동네방네 5만원 겨울 쇼핑 여행지 창신동 살맛나는오늘 12월 6일
서울 봄 여행지 봄에 가볼만한 곳 7
내가 가본 전국 여행지
"순천드라마촬영장, 꼭 가봐야할 여행지입니다."
서울 여행지 추천 모음_외국 느낌 뿜뿜_ 코로나19 서울 데이트!
9월 여행지로 관악산둘레길... 관악산둘레길[서울둘레길]은... 
지금 관악구는......아름다운 가을입니다.
축제 놀거리 9곳! 특별한 이벤트 행사(국내 추천 여행지)
서울대학교 관악수목원 가을철 시범 개방 주차 팁!
"국내 1박2일 여행지 추천, 순천 낙안읍성부터 순천만까지 총정리"
간추린 오늘의 뉴스-newsblock.tv
[순천 여행지] 계절별 다른 매력의 순천 ~! 오늘의 공간에서 다... 
서울 데이트 가볼만한곳 무료전시 볼거리 서울시립남서울미술... 
순천 가볼만한곳 여행코스 인기여행지 BEST 10 관광명소 추천... 
[11월 여행지] 가을 단풍 서울 한강 피크닉 더현대서울... 
10월 가을 단풍 여행지 추천드려요
생방송오늘저녁 관악구 특수세탁 위치 알아보기 :: 리폿안
샤로수길 이자카야술집 [테라다식당] 40년전통 야키니쿠 9... 
[책방 여행] 서울 중구 | #2 스페인 책방 / 서울 충무로역 책방... 
순천 가볼 만한 곳 순천 드라마촬영장 레트로 감성 여행지
'2TV 저녁 생생정보' 오늘의 맛집 위치는?
"독서실/서울대 입구역 독서실] 여행지,나들이추천 양평 &quot;봄... "
"[박물관 탐방] 인천에서 가볼 만한 장소, 인천 여행지 추천... "
"[서울인근계곡:우이동계곡,관악산계곡] 서울 인근 여행지, 서울... "
여름에 가볍게 떠나는 당일치기 '시원한' 여행지 3곳
가을 순천 가볼만한곳 전남 단풍 여행지 베스트 10 :: 로띠스마
"캠핑장예약] 노을캠핑장예약,노을공원 캠핑장,서울 여행지"
[꿀팁] 코로나 종식 후 가볼 만한 여행지 추천
"서울 단풍길 96선, 단풍 낙엽... 곳 가을 여행지 추천 소개"
순천 놀거리 아이와 가볼만한곳 관광 명소 전남 여행지 추천... 
"여행지 추천, 분당 중앙공원~"
"이번 겨울, 서울의 온천 여행지 3곳 추천"
7월에 가볼만한 국내여행지 베스트10 생생후기
"서울특별시 관악구, 백열두째날 (6월 2일 금요일)"
해외 여행지 추천_마카오 여행
[화곡요가]화곡요가 &quot;숨겨진 서울의 여행지 5곳&quot;
"제주 차귀도해적잠수함(씨엘씨,cielc,서울관악구,난곡동... "
내가 가본 전국 여행지
서울에서 가까운 계곡  인기순 보기
신대방역 카페 시간 보내기 좋은 까페달달스콘
"샤로수길맛집 스페인 음식점 모즈타파스라운지 추천메뉴, 예약"
[TV속 정보] 23년 8월 11일 (금) 2TV생생정보... 
어머! 여긴 꼭 가야 돼! 아이와 함께 가기 좋은 순천 여행지
서울근교 여행 안양 가볼만한곳 안양예술공원
4월 – 봄맞이 주말 여행지 추천 / 구로 숟가락 반상 마실
"45+ 모임 앱 오이의 서울, 경기, 대전, 광주, 부산, 울산... "
"캠핑장예약] 노을캠핑장예약,노을공원 캠핑장,서울 여행지"
"늦가을 정취를 느낄 수 있는 곳, 순천"
시원한 계곡을 찾아 떠나는 하이킹 여행지 소개!
순천여행 - 순천 드라마촬영장
신림동 닭발 맛집 추천 닭발분식 !~ 신림동 닭발 배달 맛집 추천... 
서울 보라매공원 아이랑 갈만한곳 추천공원 (주차장 정보 포함)
"관학별빛산책, 신원시장달빛축제, 신림동 가볼만한곳, 겨울... "
당진 짬뽕 맛집 배가짬뽕 3명이 2개만 시킨 이유
[고프로] 고프로 오프라인 공식 대리점 안내
우리동네마그넷 (관악구 편)
"서울 가볼만한곳 낙성대공원 안국사 가을 단풍 나들이, 강감찬... "
[여행 알파고] 작년 설 국내 여행 어디로?
[국내여행 - 서울] 관악산 - 연주대 가는 길
봄에 가볼만한곳 전남 순천에서 즐기는 우정여행이라니!
순천드라마세트장 6080추억이있는여행지
분위기 좋은 모즈타파스라운지 / 서울대입구역맛집
1월 11일 ~ 17일 [서울 여행]
서울근교 온천여행 따뜻한 여행 가까이서 즐기세요!
전남 가볼만한곳 BEST 순천 드라마세트장 입장료 촬영장... 
장사천재백사장2 스페인 산세바스티안 장소 촬영여행지... 
"바람길 사이에 여행마을, 책크인!_여행책방 4군데"
효성인이 직접 가본 곳만 추천! 여름휴가 국내 여행지 리스트
"서울 종로구 | 전통과 모더니즘을 잇는 건축가, 박길룡"
관악 바베큐 고기 배달 맛집 추천 미스고기 관악점 !~ 관악 배달... 
가볼만한 곳 10곳입니다. 전남에서 추천할 만한 여행지입니다.
국내 가을 여행지 등산코스로 단풍여행 떠나자!
11월 순천 가볼만한곳 가족 나들이 여행 명소 추천 BEST 10... 
"경남도, 서울역에 '경남관광 팝업(pop-up)홍보관' 운영...... "
여행로그 지원금 신청 및 지급 후기 주의 사항
사당역 맛집 닭갈비 데이트 모임 사당동 계탄언니
[여행지추천]웍앤톡 대치동... 여름휴가 여행지추천_계곡편... 
반나절 주말여행 반나절이면 충분한 여행지 200
순천 여행코스 - 순천 여행코스 &amp; 순천 여행지 10경
잠시섬 5박6일 1일차 - 비오는 날 강화도는 너무 가혹해(숙소... 
순천 여행코스 순천시티투어 순천만국가정원 순천만습지... 
서울반아이들 24개구들 케이블카 타고 여행지를 향하고 있다... 
"서울 카페, 빵집 추천 - 꼬르꼬바두/소프트컬러/새녘별"
서울크리스마스 인증샷명소 신세계 롯데 더현대 점등 시간 정보
경기도 과천 가볼만한곳 베스트10 여행지 추천
철쭉꽃축제 연산홍 여행지 : 서울 근교 경기도
파주운정호수공원도서관서울골목길성남병원한강공원인천책... 
직장인 성인 취미미술 어반 스케치-아트비 미술학원 동작구... 
구로디지털단지역 맛집 추천 88갈비 !~ 구디 고기 맛집 추천... 
[TV속 정보] 22년 12월 12일 (월) 2TV생생정보... 
"[국내여행] '파친코' 촬영지, 순천 드라마 촬영장 4월 여행지 추천"
2015년 샤런의 국내여행 정리
[서울대입구맛집] 박진주할머니김치곱창전골 서울대입구본점... 
겨울에 떠나도 좋은 전라도 여행지
고독사 예방 우수 지방자치단체 한 자리에!
뚜벅이 지하철여행 서울야경명소 덕수궁돌담길 흥인지문공원... 
"전남 순천, 순천드라마촬영장 - 순천 가볼만한곳"
[신림역맛집] 모듬곱창 좋아하나봄:)
대한민국 국내 여행지 추천 (서울특별시편)
[TV속 정보] 22년 12월 6일 (화) 2TV생생정보... 
"국내 가을 여행지 추천, 순천 가볼만한곳 4곳 &amp; 가을 축제"
한국에서 만나는 뜨르들로 : 카페 폴  Cafe Paul
"아이를 위한 여행지추천, 주말에가볼만한곳! ZUMO앱으로... "
2022 봄꽃 개화시기(벚꽃/진달래/개나리) 벚꽃 추천 여행지
"가을 멋진 여행가서 야외스냅,커플스냅 촬영하기~ 여행스냅... "
국내 여행지 추천 Best 5ㅣ강동구 강동역 도수치료/ 강서구... 
관악구 런던웨딩프라자 식대&amp;음식맛 궁금하시죠? 확인해보기!
관악구 런던웨딩프라자 식대&amp;음식맛 궁금하시죠? 확인해보기!
"대관령 양떼목장 ★ 강원도 여행지 추천,  강원도 태교여행"
[추천여행지] 주말에 가볼 만한 곳 모두 모여라!!!  아이들이... 
"2022 서울문학기행 서정주... (봉산산방), 서울시립... "
과천 가볼만한곳 베스트 10 총정리! (ft. 경기도 여행지 추천)
신림/신대방 혼술하기 좋은 ‘줄리의 소소한 술집’ 후기
캠핑덕 우드롤테이블로 감성 피크닉 즐기기
[국내여행/ 서울의명산]부담없이 떠나요 서울에 있는 명산으로!!!
[우디가스트로] 이국적 분위기가 좋은 서울대입구역 맛집 찐 추천!
"순천여행 드라마세트장, 옛날 느낌 잘 살린 촬영장"
1970년대 서울 사진들 - 압구정에 소쟁기로 밭 가는 사진... 
"도시 농부를 꿈꾸는 이들의 텃밭, 강감찬도시농업센터"
20만원 정부지원 여행 비용 여행로그 지원금 받기
순천 1박 2일 여행코스 추천 6곳! (ft. 전남 여행지)
번 돈 1000만 원으로 서울에 집 샀다/김지혜의 부동산 경매지도)
"[서울 맛집][명동맛집] 레드 썬 !  , 달인의 떡뽁기집!! RED... "
[전시] 수채화로 담은 여행지 원화전시전_ 김성진 작가... 
순천 드라마촬영장 교복대여로 더욱 즐겁게!
Civil Engineer: 강원도 삼척의 임원항 맛집 여정식당
전국 방방곡곡 맛집 어워즈 TOP5
"10월 서울 축제 정보, 서울 여행 정보 :: 건강한 정보"
찬미 서울 맛지도 진미투어 113회 더 짠내투어 무한리필 라면... 
12월 겨울 축제 정보와 국내 겨울 가볼만한 곳
전남 순천가볼만한곳 순천드라마촬영장 (+입장료할인 꿀팁)
[TV속 정보]22년 6월 20일 (월) 2TV생생정보... 
주정차단속알림 어플 휘슬 피드 오픈 이벤트 소식이에요
보라매공원 나들이! 피크닉! 산책! 운동! 맨발걷기!!!! 한국관광!
모두가 행복한 지역사회를 위해 사랑의 열매가 함께합니다.... 
연말 크리스마스 데이트 코스로 칭찬받는 브런치 맛맛집 도우맨션
[서울] 서울대학교
순천드라마세트장 교복대여 촬영장 체험
[펜션임대] 연매출 7~8억 / 커피향 가득한 강원도 강릉시 오션뷰... 
물놀이부터 전시까지! 신림선 타고 관악구로 가족 피서 가요!
5월 여행지추천 5월 축제하는곳 175곳 모음 5월 축제가볼만한곳
"집 꾸미기, 셀프 인테리어와 미니멀리즘이 자리잡다"
"4월 출사지 추천, 가볼만한 여행지 알아가세요"
순천 여행 국내 1박2일 갈만한곳 (순천만국가정원~순천만습지)
[순천 여행지] 옛 감성이 묻어나는 순천드라마촬영장
남산서울타워 전망대 가족여행 가볼만한곳 1편
kbs생생정보전남무안방송촬영지?... 
대한민국 생태 수도 순천으로 여행을 떠나보자!
서울 대학동 놀거리 대학동생활상권 영수증투어 또별이랑~
"[순천] 전남여행, 가볼만한 곳 : 순천드라마촬영장"
지구마불 세계여행 곽빠원 곽튜브 원지 빠니보틀 금문교... 
훌쩍 가고 싶은 곳
서울근교 밤줍기 경기도 군포밤농장체험 예약없음 준비물
"신림_강남맞춤정장,구로구,관악구,영등포구,신도림,신대방,난곡... "
[봉천카페] 인코시벳 봉천점
우체국 은행 점심시간 휴무제와 등기우편 접수시간 주말 토요일... 
강서 요양시설·송파구 교회 관련 확진자 잇따라...휴가철 '3행... 
"가까이서 만나는 먼 나라, 세계 음식을 맛볼 수 있는 곳!"
"서해 남도 여행(8) 그 시절 추억의 골목을 가다, 순천드라마촬영장"
"KBS 2TV 생생정보 1867회, 육낙탕탕이 &amp; 호롱구이... "
Civil Engineer: 강원도 삼척 시내 한정식집 봉황산성
주말여행(2023-2024) : 반나절이면 알찬 수도권 핫스폿 여행지 157
Civil Engineer: 전라남도 남원의 관광지 광한루원 1편... 
6. 2005.7.6. 대한민국 서울시 관악구 - 낙성대 안국사
[서울대입구] 성인을 위한 취미미술 '다다화실' 4월 말 수강생... 
자연을 느낄 수 있는 국내 관광지 5곳
여행장소추천 _비가 오락가락하는 관악산 수영장... 
강릉여행 맛집 추천/강릉 생활의 달인 맛집/강릉 매운 장칼국수... 
신림역사진관 신림셀프사진 미국비자사진 포토지바고
순천 여행 가볼 만한 곳 순천 드라마 촬영장 악귀... 
아이와 함께 가볼 만한 파주 퍼스트 가든 주말 육아 나들이
"경남도, 수도권 관광객 유치 박차...“봄꽃 내음 가득한... "
럭키마트 주차 이용방법 대상자안내 성남 군마트 국군복지단... 
가을 단풍명소 추천  국립공원 / 도립공원  엑셀 파일 총정리
순천 가볼만한곳 순천 드라마세트장 촬영장 낙안읍성 순천... 
교통 빅데이터로 알아본 '서울 내 저녁약속이 많은 지역과... 
날짜순 : 서울시 문화행사 목록 1001-1100
전남순천 낙안읍성 (고인돌공원-동문-임경업장군비각-낙민루... 
[신림동 맛집] “코바코” 우동 돈가스 초밥 전문! 배달로도... 
순천놀거리 순천드라마촬영장 영화세트장 체험｜교복대여
서울에서 만나는 방콕!... 샤로수길맛집 서울대입구역맛집
"그래도 서울 저렴한 술집... 여기어때? , 서울 경전철 신림선"
[충청신문 주말여행] 서울 가볼만한 곳은? Creative X Seongsu... 
"강원도 홍천 여행 2박 3일 코스 및 총경비 1,649,000원"
「Adieu 2015」- 2015년을 보내며
비행기 타고 떠나요 ! 여수 순천 힐링 여행
[봄] [서울 여의도 벚꽃축제] 봄이되면 꽃 가봐야하는곳중 하나... 
2022(많이 늦음) 최고의 여행지는?
공교육 불신에 사교육비 급증… 대안학교가 ‘대안’ 될까
샤로수길 맛집 :: 스페인가정식 맛집 &lt;모즈&gt;
[나의 드로잉 노트] 입고 서점 목록
남도여행 순천 드라마 촬영장 드라마 속 감동과 추억이 새록새록
"[겨울] 여행지 추천 - 양양 쏠비치 아쿠아월드, 동해 바다"
서울가볼만한곳 서울여행 / 서울절 호암산 호압사... 
[전라남도 - 순천시] 순천시티투어 ① - 6080년대 추억속으로... 
신림역 핫플 하와이조개 본점 조개구이와 전골 맛집 feat.... 
서울에서 반나절이면 충분한 여행지 200
트래버디 글로벌 버디 서포터즈 2기 활동 후기 .•。♡
"[충청신문 주말여행] 서울, 인천 가볼만한 곳은? 서울거리공연... "
"우정여행 친구여행 수험생할인, 중고등생 할인 무료 만원 !!... "
속초시 빅데이터 분석(미분양 물량이 많았고 지금도 평균... 
비변사등록(국보 152호)
서울대밥집 [박진주할머니김치곱창전골-서울대 밥집 추천해요!]
[서울여행 58 ] 서울에서 예술을 만나다 ~  예술의 전당... 
Civil Engineer: 삼척의 그래도 인기 있는 음식점 장군... 
1박2일 서울여행 (無계획 커플여행)
7월 24일 중앙일보 1면 &amp; SBS 모닝와이드
간추린 오늘의 뉴스-newsblock.tv
본토에 가까운 서울 라멘 맛집 3 - 디에디트
본토에 가까운 서울 라멘 맛집 3 - 디에디트
일본여행 압축 요약집.zip (도쿄 신주쿠/시부야/긴자 여행지 추천)
[전남/순천] 드라마속 감동과 추억을  찾아서~ &quot;순천 드라마... 
노들섬 노들서가 서울가볼만한곳 카페 붘
5월 제주도 여행 봄꽃 정원 제주 허브동산
"삼삼당 | 신림 삼삼당, 냉삼 맛집, 신림 고기집, 신림 맛집, 맛집... "
"전국 10대 김밥 맛집을 메티즌에서 소개 드립니다. 소풍, 캠핑... "
아웃백 스테이크 하우스 신림타임스트림점 토마호크 세트매뉴
Civil Engineer: 아이패드 키보드 소리 없애는법
"[오늘의 여행 소식] 23.08.04 야놀자, 여행 성수기 '안심 예약... "
"Civil Engineer: 되먹임제어 [ feedback control , ~制御 ]... "
국내여행)가볼만한 곳(관광지) 리스트 /전국지역별/여행형태... 
[전라도 여행 - 순천 ②] 순천 드라마촬영장 / 옛날교복 체험... 
신림 껍데기 인생고기집2호점 특수부위 모듬 세트 회식
[7월 27일] 코로나바이러스감염증-19 국내 발생 현황
"봉천역 헬스 PT, 여기라면 무조건 몸짱 가능 천샘PT"
성인 취미미술반 인체 드로잉 수업작-아트비 미술학원 동작구... 
봉천동 네일 계네일잘한대 찐 잘하네요
"일본 여행지 금각사... 앙콜르왔드전경,일본오사카성, 서울대... "
[하노이 맥주밤거리 :신림] 비행기 타고 날아온 듯? 이국적인... 
ENATV드라마남남촬영지배경장소?... 
속초시 인구 분석(30대와 여성이 많고 다양한 지역으로 전출이... 
피자는 역시 화덕피자지! 서울대입구역 맛집 &lt;레그나나폴리&gt;
속초시 인기 대장 아파트 찾기(ft. 속초청호아이파크... 
2TV 생생정보 8월 11일 현장특공대 무더위에 즐기는 0원... 
관악산 등산코스로 다양한 코스와 소요시간까지 확인하세요
관악구 1코스 : 강감찬 10리길   - 2017. 02. 15.
연휴기간 동안 여행 갈 장소 추천!! 국내 여행지 총정리
[미국 보스턴/메인주 여행 준비] 느닷없이 결정된 보스턴과... 
샤로수길 맛집 이원일셰프도 방문했다고?
샤로수길 이색 데이트 어둠 속에서 즐기는  어바웃미팅
'미라클 모닝'으로 갈 수 있는 유럽식 브런치 맛집 4곳
산청한방약초축제 2023 몸과 마음의 건강을 확인하는 축제
삼국유사(국보 306-2호)
한국카메라박물관
혼자여도 괜찮아 술잔을 들자  / 신림 맛집 탐방 / 신림혼술 추천... 
"전남 순천여행지코스)순천만국가정원,상사호,주암호,순천만... "
[속초 디저트] 달콤한 속초여행의 완성! 속초에 가면 꼭 들러야... 
순천 여행 드라마 촬영장 세트장 입장료 교복 대여 포토스팟
부모님과 서울드라이브 하기! 모자이카에서 단기렌트카... 
서울여행 샤로수길 구경 한번 해보시겠어.
샤로수길데이트 하기좋은 태국감성 방콕야시장 샤로수길맛집... 
서울근교 겨울여행 관악산 입구 얼음썰매 타기
N잡러 퇴사말고 수익화하기  블로그수익화 블로그마케팅... 
성지순례(8) 세분 외국인 신부님들이 잠들어 있는 삼성산 성지
강감찬 장군 관악산 낙성대공원 서울시 테마산책길
[순천/꼭가봐야할여행지]순천가면 꼭 가봐야 할 여행지
[SBS] 생방송 투데이X썸트렌드 - 빅데이터 랭킹 맛집 순대국편... 
2023년 10월 서울 축제 일정 총정리
좋은 화사한 봄 2014년5월 서울박람회일정 신혼여행지로
서울대입구역맛집 샤로수길파스타 레그나나폴리
"샤로수길맛집, 비오는날에 딱~ 프랑스 여행대신~ 프랑스홍합집"
[여행]보라매 법당
‘구두 수선방’ 하며 2년 400권 독서…“동네 도서관이 우리... 
공주 가볼만한곳 여행지 추천 공산성 주변
서울 디퓨저 캔들 공방... 특강/왁스 테블릿/여행지 굿 만점 캔들
"낙성대 샤로수길 카페ㅣ북덕방 book, duckbang 201호"
"Civil Engineer: 앤 헤서웨이 노출사고, 끝이 아니다."
광복절에도 일본으로 &quot;NO재팬보다 인생이 중요&quot;
"[겨울] 서울부근 눈썰매장 ,스키장 싸게 가는법"
녹두거리 서울대벤처타운역 대학동 술집 맥주 역전할머니
찜 서울 동대문구 맛집 신설홍어회집 나 혼자 간다 거제... 
2TV 저녁 생생정보 가격파괴 5000원 사골육개장
취향 기반 커뮤니티 서비스 &quot;남의집&quot;을 소개합니다. _ 다시 만난... 
오이도 빨강등대 연인과 함께
낙성대역 취미생활추천! 퇴근후 미술원에서 오일파스텔
"여행지,  복지병원, 학습"
Civil Engineer: Mac 용량 확인 방법
신림역맛집 하노이맥주밤거리 하노이 감성 그대로 만든 신림맛집
전남 순천여행/순천드라마 촬영장 : 옛날 감성 교복 입고... 
[ 교과서 속 인물여행/그리고책 ] - 인물을 따라 떠나는 여행
[가을나들이갈만한곳] 서울대학교 규장각 한국학연구원
국물이 땡기던 날 - 샤로수길 근본 스키야키 맛집 키요이... 
[순천 여행] 순천 드라마 세트장 촬영장 입장료 및 교복 대여 정보
관악구철거비용 정확한 현장방문 후 견적받기
[서울대입구 쌀국수] 샤로수길 &quot;분미&quot; 다녀왔어요!
"[ 차없이 남이섬 / 배편, 가격, 버스 정보 ] 서울근교 나 혼자... "
관악구상가원상복구 견적이 궁금하다면?
전남 아이와 가볼만한곳 순천 드라마 촬영 세트장
"대한민국 무료 인기 여행지, 주말 나들이를 꽁짜로 즐겨봐요"
꿈을 만드는 체험여행지소개 - 서울권
서울 벚꽃명소 윤중로 | 2023 영등포 여의도 봄꽃 축제 정보
셉테드! 환경으로 범죄를 예방한다?!
봉천술집 전주식 한상차림 장군포차 봉천점(ft.막걸리)
서울대입구역 샤로수길 주차 정보 관악구청 주차장 주말 3시간... 
수원 한옥 카페 겨울 크리스마스에 가볼만한곳 예스 키즈존... 
국내 영화 드라마 촬영세트장 국내 영상테마파크... 
수원 가볼만한곳 :: 지동시장 순대타운 구경과 먹부림 즐기기
관악구 철거 모든 스타트를 이곳에서
맛있는녀석들 톰얌쿵 &amp; 냉동삼겹살 별미로군
::순천여행코스 꼭 가봐야할 곳:: 순천 드라마촬영장
승정원일기(국보 303호)
꽃축제 따라 나들이 가볼까요?
순천 드라마촬영장
[순천여행/순천여행지추천/순천1박2일코스]... 
서울 둘레길 5코스 관악산 둘레길 2구간 초보 등산 코스 천주교... 
[리틀스마트] 여름휴가를 맞아 가족들과 가기 좋은 시원한 계곡
백순대볶음 양념장 신림순대타운 전라도시네마 신림맛집 밀키트
인천공항 택시 입국 하고 편하게 이용한 후기
"코로나19 신규확진자 45명 늘어 누적 확진자 13,816명... "
"5월 리뷰 (한 달간의 일기장, 긴 글 주의)"
2TV 저녁 생생정보 전설의맛 무한리필 반반버섯샤브전골
"2015년 단풍시기, 단풍절정기, 가을에 꼭 가봐야 할 단풍여행지... "
여행지추천 경북 경산시 &quot;삼성산&quot;
서울근교 봄여행 :: 대부도 펜션타운
벨포레리조트에서 피어나는 평균나이 69세의 나는 홀로님들의... 
신림백순대맛집 &quot;전주익산&quot; 택배주문도 가능
[서울여행코스20] [광장시장] 서울 맛집거리2 순희네 빈대떡... 
남쪽 지방은 아직 가을 중! &quot;2022~2023 전남방문의 해&quot; 혼자... 
관악산의 아름다움과 풍경을 만끽하는 여행 일지
"[책한권]반나절이면 충분한 여행지200, 반나절 주말여행... "
[힐링코스] 따뜻한 봄 소풍가기 좋은 분당 중앙공원 ~
[분당중앙공원] 산책하기 너무 좋은 숲속길이 있는곳... 
外汇兑换方法
특이한 빵 만드는 베이커리 맛집
신림닭갈비 '박재성의메밀숯불닭갈비' 숨은 신림역맛집이네
미생의 다리 · 시흥 갯골생태공원(경기도 시흥)
[신대방역 감성 카페 아구아프리아] 와인바인줄 알고... 
르노 트위지(TWIZY)타고 관악구 우리동네 나들이!!
[책리뷰]내 모든 습관은 여행에서 만들어졌다 - 김민식  / 서울... 
"일일 뉴스 [증권, 부동산,코인, 랭킹 뉴스] (2023년 06월 17일)"
여행장소추천 _소리 없이 다가온 가을맞이 관악산 산행... 
사당강아지분양 가장 마음에 들었던 전문샵
신림역카페 로드트립 데이트코스로 좋은곳
순천 드라마촬영장 세트장 순천 아이와 가볼만한곳
&lt;서울&gt;  낙성대역 인헌시장 가볼만한곳 시장골목 맛집풍경
중국 '간도 지역과 백두산' 투어 후 소감
[아이와함께하는겨울여행]아산스파비스
"관악구 주민입니다. 샤로수길 신상 카페 리뷰, 북덕방... "
서울/경기 등산하기 좋은 산 총정리
"EP.6 나의 리틀포레스트   /고기 없인 못 살아, 외갓집... "
"기억에 남는, 기록할 만한 순간들 2022년 REWIND"
Civil Engineer: &quot;만렙나무”‘작지만 강한 힘’ 만렙나무... 
익스피디아 10월 할인코드 : 호텔 할인 여기서!
Civil Engineer: 강원도 삼척 대구막창(15.11.25)
[서울 하천] 1부 로맨틱한 가을을 꿈 꾼다면 하천으로 오세요
탐앤탐스 × JTBC 새 금토드라마 &lt;더 패키지&gt; 세트메뉴 출시!
전국 여행지(고창) 맛집 소개
수능 끝나고 서울 여행하기!!
샤로수길 서울대입구역 데이트 브런치 맛집 분위기 좋은... 
전국과일바구니배달 서울과일... 금천구 관악구 서초구 강남... 
삼성산(약수사방향~장군봉~삼성산~삼막사~경인교대)[20120920]
OPIc 오픽시험 장소 관악CBT 센터/서베이/ 답변 AL후기
Civil Engineer: 뽀로로파크 입장료는 얼마 ?
[분당 중앙공원] 천천히 걸으며 힐링하기 좋은 서현역 중앙공원 ~
&lt;서울&gt; 서울 가볼만한곳 가을여행 명소 - 관악산 자운암
"11월, 수도권 일대 낙엽 여행지 추천"
전국 철쭉꽃축제 여행지 철쭉명산
내돈내산 사당역 맛집 봉추찜닭 사당역점 사당역 5번 or 4번... 
[1박2일 국내여행] 전남 순천여행 순천만 갈대물결 따라 떠나는... 
8월 안양 삼막사계곡 서울근교 주말 아이와 가볼만한곳
211205 당일치기 월미도
2020년 7~8월 국내 여름 여행지 축제 Best5
관악구웨딩홀 ★효과적인체크
[안녕베트남] 샤로수길에 있는 오픈때부터 지금까지 찾아가는... 
[서울 둘레길/등산] 관악산
[우연이 만드는 연결의 기록] “서울을 수집합니다”
생각 많은 도시의 이유 있는 책방 서울의 특별한 책방들
서울문학기행(서정주)
무장애 여행 순천 가볼만한 곳 추천!
[겨울산행] 서울과 경기지역. 등산하기 '딱' 인 물 좋고 산 좋은... 
"샤로수길 수제버거 저니, 서울대입구 수제버거 맛집발견"
순천 가볼만한곳 BEST 10 /  순천 여행(최신)
서울 봄축제 : 2014년... 인기 벚꽃축제 봄꽃축제 여행지 추천
[전남순천]‘순천드라마촬영장’에서 옛날 교복입고 사진찍고... 
여행장소추천 _습도 높은날 땀 뻘뻘 흘리며 다녀온 삼성산... 
캐리비안베이 / 캐베 맛집 / 여름휴가 여행지 추천 / 주말... 
"[가을][인천 소래포구] 집나간 며느리도 돌아온다는 전어,  살살... "
속초시 호재 분석(ft. 속초항크루즈 강원선 동해북부선... 
단양 ♥ 좋은이유 궁금하다면
서울맑음 공항택시와 일반 공항대기 택시와의 차이점은? 안심... 
"[가을] [인천 소래포구] 가을여행, 꼭 먹어야하는 가을전어 구이"
관악 강감찬축제 안내 지역별 축제와 행사
취미미술 어반스케치 작품-아트비 미술학원 동작구 대방동... 
"함께 즉흥여행을! - 관악구편(낙성대공원, 파타야-서울대입구점)"
[가을] [종각역4번출구] 좋은 가을 !  청계천 산책 어떠세요?
"[부산여행] 부산가볼만한곳,부산여행코스,부산맛집... "
"[가을,겨울] [맛집] 신당동 원조떡뽁이집, 마복림할머니... "
온앤오프 이혜성 소보로 츄러스 빵집 위치 - 빵지순례 :: 리폿안
반나절 주말여행(2020-2021개정판)
[제주도] 즐거운 추억!!   제주에서 만들다 !!!
"[가을,겨울]  낙산사의 멋진 겨울 바다를 가다 ~"
[보라매맛집] 음료를 주문하면 텀블러가 공짜? 도노텀블 보라매점
싸이판
청양군 출렁다리와 부여 부소산성  여행기^&amp;^
"[봄] [일산 꽃축제] 봄에 되면 꼭 가봐야 하는곳, 일산 국제꽃... "
서울 여권 발급 기관 완벽정리.
[시흥 늠내길 제2코스 갯골길 탐방] 캠핑가지 못한 주말 집에만... 
구미에서 부산까지 기차여행.빙수맛집.포항여행이 소개된... 
반나절 주말여행지
순천 가볼만한곳 드라마세트장 버스 타고 가기
2011 철쭉제 : 2011년 전국 철쭉꽃축제 여행지 철쭉명산
[서울가볼만한곳] 실내가볼만한곳 &quot;제3회 서울사진축제&quot;
"Civil Engineer: 건폐율, 용적률, 최대 연면적, 최대층수"
"|문제이트래블북| 교토, 호이안 입고처, moonj, travel... "
망원동 소이 양꼬치
[서울] 여름 먹자투어
비뉴베르드 그린와인과 로제와인으로 즐기는 홈캉스... 
"Civil Engineer: Maersk, 현대중공업 그룹 추가 옵션분... "
"[자연휴양림] 수목원,국립자연휴양림,경기도 휴양림... "
"[서울 서대문] 경찰박물관 ,  지하철 서대문역 근처"
[인천공항콜택시] 관악구 관악 신림 신림역 낙성대 서울대... 
샤로수길데이트하기 좋은 맛집 - 쥬벤쿠바 (feat. 영화... 
"Civil Engineer: ㅅㄷㄹ, ㄱㅂ 테크노 방문기"
Civil Engineer: 아이패드 핫스팟 인터넷 안끊기는 방법!
생방송오늘저녁 슬기로운 외식생활 중식당 촬영지
제주 한라산 CC 정식 첫 라운딩 (필드 입문기)
"강릉 가볼만한 곳, 1박2일 강릉여행"
첫눈에 홀딱반한 봉천동 독립서점 &lt;관객의 취향&gt;
Civil Engineer: 강원도 삼척 깨끗한나라
5월 가볼만한 곳. 5월 여행지 추천. 5월 갈만한 곳
대한민국 수도 서울
서울대입구  아로이팟타이 국내맛집여행
[메트라이프그룹 글로벌 자원봉사 캠페인⑤] 해운대... 
[겨울 취미] 궁금해요? 궁금하면 교보문고 !!  겨울에 가기 좋은곳
여행장소추천 _아직도 가을이 남아있었던 만추의 관악산... 
"[겨울] [분당 서현] 겨울철 갈만한 맛집 , 신해철과 양푼동태탕 ~~"
Civil Engineer: 퍼시픽 드릴링(PACIFIC DRILLING)... 
"[겨울] 신천역 맛집  - 너무 맛난 닭한마리 , 큰손 닭한마리 ~"
김제지평선축제 2023 김제 벽골제에서 펼쳐지는 대표 10월 축제
생생정보통 5000원 육개장 5천원 가격파괴Why 순천 꼬막정식... 
"생생정보 고수의 부엌 육회비빔라면 파는곳, 4가지 재료로... "
신림역 왁싱::_버진왁싱_안아프고 빠른 브라질리언왁싱 후기
순천 여행코스 추천.순천 가볼만한 곳ㅣ순천 드라마촬영장... 
열매들의일상탈출 {LG부동산} ★관악구봉천동부동산★
서울관광명소 탑텐을 서울시공식 여행가이드에서 알아보기
플라이강원 김포-양양 재취항! 단 30분!
[남도음식전문점]행운동- 남도음식 급한불끄기
전지적참견시점 유민상 매니저 닭볶음탕 닭백숙 식당 위치... 
여행마을
"관악, 취업‧재무‧여행 등 ‘2019년 청년희망아카데미’ 실시"
"마카오, 봄날의 로맨틱 크리스마스"
제한입국조치 적절&amp;서울국회의원회관 현안문제대책회의 참석
이 가을 도서관 여행 어떠세요? :: 도심속 힐링 도서관
"Civil Engineer: 삼척, 펠리스 호텔의 궁금증-1"
"[여름] [제주] 제주도여행지도, 절물휴양림, 함덕 해수욕장 물... "
"착한여행, 공정한 여행을 만드는 세가지 조건"
서울특별시 광진구 자투리 텃밭 목록
관악일수 관악구일수 돈 필요하신 분들은 여기로 직장인소득공제
전남 순천여행/순천드라마 촬영장 : 옛날 감성 교복 입고... 
마카오 맛집 브로드웨이 푸드 스트리트 신두기(Xin Dau Ji)... 
[겨울] 국내 겨울 여행지 추천 - 대명비발디 눈썰매장
"커리맛집 옷살 인도커리 택배로 받았죠.  탄두리치킨, 커리난... "
"비행기 타고 여행 가고 싶은, 핫한 서울 여행 힐링 플레이스 3선"
마카오 2박 4일 11[하우스 오브 댄싱워터 B석 스플래쉬존 후기... 
Civil Engineer: 삼척 피자나라 치킨공주
"[서울여행 65 ] 한 겨울에 꼭 들러 즐거움을 느끼는 곳,  합정동... "
2023년 8월 축제•가볼만한곳 BEST10
"관악산 등산 코스 | 계절의 경계에 걷는 서울의 산, 친절한... "
서울대입구역맛집 / 샤로수길맛집 - 분위기 좋은 샤로수길... 
12월 여행. 가볼만한 곳. 일출명소. 추천. 베스트. 축제일정
안양 여행지 총정리_22선
한적하고 시원한 서울 근교 계곡 휴가철 피서지 추천 - 관악산... 
[22.01.23~25] 임한량의 전주여행기①
"아랍에미레이트항공 비즈니스 쇼퍼서비스 지역, 예약방법 및... "
강남혼주메이크업 서울대학교 호암교수회관에서 만난 혼주님
[서울여행 63 ] 10월초 서울 세계불꽃축제 ~
"제2회 관악청년축제, 온택트로 성황리 마무리"
[서울여행 86 ] 4월엔 만나야하는 여의도 벚꽃 ~
순천여행코스 교복입고 추억 여행- 순천 드라마 촬영장! 순천... 
여행장소추천 _최악의 미세먼지속에 바위타고 살방살방... 
[22년04월06일 - 03시]  실시간 검색 순위
"[서울여행 87 ] 4월의 축제  , 경기 고양시 꽃 박람회 ~"
[22년04월06일 - 02시]  실시간 검색 순위
"생생정보 7000원 국내산 닭볶음탕 파는곳, 가격파괴Why... "
[22년04월06일 - 05시]  실시간 검색 순위
"[서울성곽길] 남산코스 1/7 , 서울성곽길지도"
[22년04월04일 - 21시]  실시간 검색 순위
"가을여행지 추천, 단풍 처음과 단풍 절정시기 지역별 단풍명소... "
[서울] 벚꽃보다 존재감 뿜뿜!한 핫핑크 겹벚꽃 | 서울 봄 피크닉... 
[낙성대역맛집 / 비스트로오스틴]
서울 시내버스 지하철 요금 변경 :: about-kkk
[샤로수길맛집] 샤로수길데이트하기에 좋은 프랑스요리집... 
[22년03월19일 - 08시]  실시간 검색 순위
라다크의 사막에서 우린 올드몽크 럼콕을 마셨지
봉천동맛집 / 안강휘궈성
여행장소추천 _아름다운 봄날의 한가운데 관악산 암릉산행... 
전국 웨딩 박람회 일정 아는만큼 보인다
교과서 속 인물도 공부하고 여행정보도 얻는 교과서 속 인물여행
대관령 겨울여행 삼양목장 그리고 대관령 눈꽃축제  평창송어축제
75TH 프리마베라 국내 마지막재고 신차출고 !
상생상회x1.5도씨 제로웨이스트 카페 팝업 놀러오세요!
"[힐링코스] 서울에서 가까운 경기도광주 , 경안천 습지생태 공원"
[낙성대역 맛집] '엘 따뻬오'
카스카와인 마젤란 파인 토니 포트와인 향미가 좋다.
[ 고속터미널 / 샤로수길 ] 크리스탈제이드 . 슈슈고미... 
"단풍여행~ 낭만데이트,가족여행,추천여행지( 절정기 단풍여행)... "
"데이트코스, 남산타워 가는법, 서울야경,서울 데이트코스 1/2"
관악 가볼만한 곳을 추천해본다면
여수여행 가볼만한 곳  /그때 그 시절 추억 여행 &quot;순천... 
"[순천 여행] 영화 '클래식' 속 손예진처럼, 세트장에서 인생 사진... "
겨울철 여행지 실내 실외 눈썰매장 추천
서울 가볼만한곳 - 타박타박 서울유람/김혜영/시공사
"관악구,봉천동,청룡동 키즈카페 키즈스토리"
서울 소셜커머스 05월 30일 오늘의 할인쿠폰 모음입니다.
봉천동 맛집 ::신선한 횟집 찾을 땐 통영해물가
[22년03월19일 - 08시]  실시간 검색 순위
[겨울] [노을공원 눈썰매장] 상암동 눈썰매장 가기 ~
이상한 변호사 우영우 촬영지 촬영장소 줄거리 등장인물 관계... 
평창 캠핑장 산너미 목장에서의 캠핑 페스티벌! (초보의 캠핑... 
아이들과 반나절 주말여행 갈 만한 곳
[인천공항택시] 관악구 관악... 신림역 서울대입구역 서울대... 
"[마음백신] 가을의 문턱, 마음을 위로하는 책 한 권을 만나보세요"
베스파 프리마베라S 델리카토 그레이 모델이 꾸준히 인기있는... 
지역전략 올라타기 (221107)
"샤로수길 맛집, 도심에서 즐기는 하와이음식 휴양지"
인천공항택시 요금 예약 후기 합리적인 워너비택시
인천공항 콜밴 택시 타고 해외출국 및 입국
"마카오 3박4일 자유여행(1,2일차)"
"[서울 봄 여행] 봄을 알리는... 다시 봄, 다시 설렘, 서울 봄꽃... "
[의왕 까페/수원 성균관대역] 빽다방
샤로수길 맛집_ 조용히 혼밥하기 좋은  &lt; 이응카츠 &gt; !!
[겨울] [어린이회관 눈썰매장] 어린이 대공원역  눈썰매장 가기~
"독립영화, 동네 책방에서 같이 볼래요"
서울 근교 계곡 20곳모음 전국계곡 263곳 서울 근교 가볼만한 곳
국내 여행 2탄!! (전라남도 / 순천)
서울과 경기도의 여름 계곡 10선(選)
PCR 검사 가능 병원 리스트 (2022.3.17. 서울 기준)
스프린트 (N)125 아비오 그레이 를 스포츠 버전으로 ?
가볼만한 자전거 여행지 추천! 떠나기 전 알아두어야 할 수칙
인천공항택시 신림동에서 인천국제공항1터미널까지... 
'봄' 을 상징하는 베스파 의 '꽃' 프리마베라 125
본격 시즌 ON - ! 을 알리는 베스파 프리마베라 신차출고기
제부도가볼만한곳 어가촌
[지하철여행 견문록] 한국카메라 박물관
[육아일기] 161일~165일 5개월 아기랑 사천/삼천포/남해 여행
"[노을캠핑장 예약] 노을캠핑장, 노을공원 캠핑장에서 놀기 !!   2/3"
독립서점 ‘여행마을’ 시장조사의 기본자세
227. 낙성대역 - 낙성대
‘착한여행’의 아름다운 릴레이 선행 눈길
샤로수길 맛집:) 베트남 음식은 '안녕베트남'
한국에서 일본 왕복 항공권 비용 및 관광여행지 대전컨벤션박람회
"시사논술잡지 &lt;시사원정대 8월 호&gt; 대한기술 독립만세, 전... "
[지인사주타로] 19.12.17 용하다 용해 모든걸 꿰뚫어보는 신림... 
특집]시원한 계곡물에 발 담그고 싶다! 서울·경기 여름 계곡 10선
[나의 드로잉 노트] 입고 서점 목록
[오늘 저녁]가화맛사성 33년 전통 오리백숙 오리불고기 밀양... 
전남 순천
[서울 궁투어 2][창덕궁후원] 가을에 단풍이 너무 아름다운... 
전라도 여행 2일차 순천드라마세트장 교복 입고 즐기기
[신림동 맛집/봉천동 맛집] 싱싱한 랍스터 한상차림에 완전히... 
체험학습 최적의 장소 ‘부안’
서울대입구맛집 '안녕베트남'
50 차 자유대한 시사한국사(귀주대첩 강감찬의 고장 서울 관악)
[순천여행] 순천드라마 촬영지 탐방기 (with 레이크힐스... 
산소 묘지 벌초대행 전국 477곳 모음
서울시 여행지-
50.[토요판 커버스토리]2014 한가위 新풍속… 우리에게 추석은
"순천 가볼만한 곳, 순천 여행코스"
(전남여행/순천여행)순천드라마촬영장. 제빵왕 김탁구 촬영장... 
몸도 마음도 가볍게! 인천공항 ‘프리러그’ 이용법
학생 자치를 통한 소규모테마형교육여행 계획 및 실행
폭우 속 신림동 발달장애 일가족 참변…반지하서 3명 사망
여행지별 여행 경험자 1인 평균 숙박여행 일수... 
포르투갈 국민와인 피크닉와인 카보다로카 비뉴베르드 그린와인
"[주간일기] 폭우 뒤의 신림동을 배회하다, W33. 2022"
샤로수길 맛집~ 일월면가는 대만 음식집!
[음료수냉장고]떡볶이집 에 배송하고왔습니다.
불타는청춘 최창민 새친구 역술인 명리학 자격증 결혼 집 차... 
김태호 PD 유튜브 새 예능프로그램 출연자 빠니보틀 곽튜브... 
공무원 채용신체검사 지정병원 - 서울 . 인천
"[2TV생생정보]12월 12일 방송정보/순천만전라도밥상,은혜식당... "
서울 인천 출장사진촬영 출장사진사 스냅촬영 출장사진... 
"특별한 송년회특강, 신년회를 위한 이색강연/강의제안"
방콕야시장 서울대입구
[서울성곽길 ] 낙산코스 3/5
해씨네: 전북 전주 군산 2박3일. 먹으러 가면 만족할 수밖에... 
[서울 궁투어 2][창덕궁후원] 가을단풍 보러 왕의 정원 창덕궁... 
서울 관악 신림태영아파트 삼성 디지털도어락 DR900SK 교체설치
"서울과 리스본 부동산; 자산관리는 이제 유럽으로, 질높은 삶... "
1520. 2020.12.22. 대한민국 강원도 원주시 - 원주 신림역 [2]
여행지별 여행 경험자 1회 평균 숙박여행 일수 가입할수록
대관령 양떼목장 강릉 가기전에 데이트코스로 !
야너도 ? 나도 ! 지금은 프리마베라125 열풍중
세계의 땅끝마을에서 생산되는 포르투갈 국민와인 피크닉와인... 
여행지별 여행 경험자 1인 평균 숙박 관광여행 일수 상해통원과
[서울 오래가게 관광코스 5곳 안내]
'무장애숲길' 힐링 산행 마치고 '백순대' 콜? [김재범 기자의... 
'책모임'으로 우리 아이가 달라졌어요
"[그섬에 가다]&lt;17&gt;경남 거제 산달도, 산달도 : 청년이 돌아오고... "
[로타]남태평양 섬 로타
새로운 스타일을 원한다면 ? 블랙에디션 튜닝을 주목하자 !
경주 황리단길 풍경 담아보기 1
여행지별 여행 경험자 1인 평균 당일 기타여행 일수 디스크보상
"[서울성곽길 ] 낙산코스 4/5 , 동대문 역사 문화공원"
(충남 부여 여행) 백제바이크 투어와 함께: 백제의 흔적을 찾아서
떠오르는 샤로수길?! 샤로수길 갈만한 곳!
서울일수 여기에는특별한무언가가있다 서둘러야하는
"[노을공원] 노을캠핑장,노을캠핑장 예약.노을캠핑장예약시간  1/4"
[서울여행코스20] 서울시립 미술관-&gt; 광장시장... 
[서울여행 1 ]  서울 데이트 코스 남산 ~
최창엽 류재영 필로폰 투약 혐의로 구속
여행지별 여행 경험자 1인 평균 당일 기타여행 일수 2014... 
2TV 생생정보 1696회 낙안읍성 민속마을 순천만전라도밥상... 
2021. 한 해를 돌아보며
"혁신학교 교사 “北이 우리 공무원 쏜 건, 종전선언 안해서”"
"우리나라 100대 명산(1편 - 서울, 경기, 인천, 강원편)"
제주도 에코랜드 입장권 가격 할인 사용기
[마더스카페/서평] 스토리텔링 교과서 속 인물여행 - 그리고 책
[순천 여행] 60~80년대의 거리를 재현해놓은 순천 드라마세트장
"베스파 장안점 일상, feat. VESPA GTS125... "
그토록애써서꾹꾹눌러두고있었던 청천동맛집
서울에서속초 가는법 * 자동차 자차 고속버스 시외버스... 
"등산/해외여행준비물 : 말라리아, 뎅기열 안심보호막! 전자... "
집에서 간단히 즐기는 맛잇는여행 안주
"신림미용실, 제오헤어 신림점 - 오가닉 크리닉"
당일치기 여행 추천: 반나절 주말여행(꼰띠고-꿈의지도)
"(180113) 고기은 작가 '당신, 어쩌면 강릉에 반할지도'"
[종로 광화문] 너무나 즐거웠던 세종문화회관 천원의 행복... 
현명한 교육투자
[일상] 집착적 기록자 / 5월의 일상
2015 관악책잔치 연계 정여울 작가와 함께하는 북콘서트
너구리 등 야생동물 대처방법
전지적참견시점 유민상 맛있는녀석들 촬영 왕갈비탕 식당 위치... 
생방송투데이 12월 20일 방송정보 고민 끝! 크리스마스 100... 
제 50 차 자유대한 시사한국사(귀주대첩 강감찬의 고장 서울... 
[생방송 투데이]맛의 승부사 제주의 맛을 담았다 명품 흑돼지... 
[서울여행 56 ] 볼거리 많은 이태원 거리 ~
[신림피부관리] 봉천동 또또에스테틱 산소필링 솔직 후기!... 
2019년 서울시 장애인복지관 가족지원 프로그램 안내
[서울여행 54 ] 마포 갈비 원조  조박집으로 떠나요 ~
생생정보 택시맛객들의 수다 순천 꼬막 정식 맛집... 
[서울여행 57 ] 서울에 숨겨진 산책 코스  남산 공원 ~
서울근교 당일치기 여행 그리고 수원인계동 맛집!
시니어 정보 &quot;여행&quot; 안내
[종로3가 악기거리] 전통악기와 기타거리 ~
[2TV 생생정보 1696회] 12월 12일 월요일 취재 연락처
신림콜벤
"과천시 블로그 공모전 - 관악산 여행기, 연주대와 과천향교 하산길"
[트래블투데이] '건강한 시민'이 함께하는 '따뜻한 안양'
[가맹점소식] 문화누리카드 11월 신규 가맹점 소식(2022.... 
[저렴한 맛집] [사계절] 착한 가격의 떡뽁이 코끼리 분식... 
스토리텔링 교과서속 인물여행 : 여행으로 역사를 공부하다 ♩
서울 각지역의 택시요금은 얼마? 인천공항에서 택시 타고 서울... 
尹집무실 `국방부 이전` 유력한데…시간·비용에 안보공백 우려도
공주가볼만한곳 공주무령왕릉 초등학생가족 공주여행코스 필수!
&lt; 베스파 스프린트(S) 스포츠 버전 블랙에디션 신차출고 &gt;
서울 이남지역 많은 비 곳곳 피해
"순천가볼만한곳,   순천여행 순천드라마촬영장 옛날추억장소"
양천둘레길 동네산 매봉산으로 가실랍니까?
"주차, 충전 걱정 없이 갈 수 있는 국내 힐링 명소 5곳 추천"
[책]30개 도시로 읽는 한국사
샤로수길 맛집 입에 짝짝 붙어요
지금 꼭 가봐야만 하는 경기도 구정 명절 데이트 코스! 보름달... 
국내 여행지 추천
서울특별시 여행(관광) 기관 정보
서울대입구 맛집 - 누들박스(Noodle box)
"[서울 명동] 명동성당과 쇼핑,길거리 맛집을 둘러봐요 ~~"
휴가철 '3행3금'..&quot;마스크·거리두기 지키고 휴게소는 짧게&quot;
학습일기로 공부의 질을 높이자!/자기주도학습
디자인과 성능 모두접수 ! GTS300 슈퍼스포츠 를 선택해야... 
Civil Engineer: [생활법령정보] 만화로 보는 생활법령 28화... 
횡성을다녀왔다고라고라 고라데이마을
호림박물관
샤로수길 조용한 감성카페 북덕방 ;Bookduckbang
산과 사찰에서 보는 감동의 일출
철쭉축제 : 서울 인천 경기도 철쭉제 철쭉명소  철쭉꽃축제 추천
"휴가없이 떠나는 골목여행 19 2탄, 프리한19 ~ 11위까지"
".네이버뉴스 경북도, 카메라에"
서울형 가사서비스를 알아보세요! (엄마아빠행복프로젝트)
"관악구청 공항버스 시간표, 요금, 타는 곳, 예약, 예매(6003번)"
구의동맞춤정장 관악구양복점 역삼동양복점 논현동양복점... 
"전남 여행 가볼 만한 곳, 데이트 코스로 손색없는 베스트만... "
산토리니에 신혼여행을 간 이유
여름 휴가. 쉬는 동안 떠오르는 상념과 잡념들
겨울에 가볼만한 축제 순위!! [ 국내 불빛축제 순위 알아보기 ]
12월 6일 생방송 투데이 방송정보/떴다 동네방네 창신동 (나침반... 
베스파 장안점과 함께하는 방문자 리뷰 이벤트
결혼식날. 인천공항에서 화장 지우기 &amp; 샴푸하기.
여행로그) 지원금으로 국내여행가기! / 돈벌면서 여행가기... 
한의신문 펌] 김기옥 한의학연구원장 인터뷰 : 국가가 필요로... 
반나절 주말여행 목차
가을 첫단풍 예상시기와 단풍절정 예상시기 알려드려요. 벌써... 
대한민국지도 행잉우드프레임 액자 - 우리나라지도 전국지도
Civil Engineer: 원덕읍 주변 셀프 주유소
[신림속눈썹] 가나비에서 자연스럽게 예뻐진 후기
프리한 19 127회  휴가없이 훌쩍 떠나는 골목 여행 2탄
2011 철쭉제 : 2011년 전국 철쭉꽃축제 여행지 철쭉명산|
서울 단풍명소 : 서울시 단풍길 81곳 리스트 알아보기
"서울시립 남서울미술관 관람 / 구 벨기에영사관, 모두를 위한 세계"
샤로수길 카페 홍콩식 와플의 대가 미드레벨에 가보았다~
“아이들과 가볼만한 곳으로 국내 천문대 나들이 여행 추천”
교육청과 서울시가 함께 지키는 서울 학생 안전
신혼&amp;혼수침대를 위한 시몬스 웨딩 프로모션
[샤로수길] 발걸음이 이끄는 대로 우연히 찾은 나폴리 음식 맛집... 
"[순천] 자연으로 떠나는 힐링여행, 순천"
[자전거 여행] 서울 근교에서 자전거 여행 하기 좋은 곳... 
신림역 맛집 막불감동에서 동치미 막국수 먹기
☁️뭉게뭉게☁️ 블로그 30문답
[미레도시 김성종]카카오시리즈 기초편 - 카카오친구들... 
착한여행 in 제주 [관악사회적경제네트워크 워크샵 다녀오다!]
일성록 - 일성록 (日省綠)
올뺌시네마 5 - 비포 선라이즈(Before Sunrise) : 이 영화를... 
[분당 중앙공원] 데이트하기 좋은 멋진 분당 중앙공원 !!!  1/3
Civil Engineer: 완전제곱식 공식은?
신림 안경점 :: 다비치안경 신림점에서 새안경 맞추고 왔어요
"&quot;35년 맛집도 폐업 직전, 하루 매출 9만8000원&quot;…자영업자... "
당일여행 갈만한곳 여러곳 살펴보기
안양노트북매입 LG전자 울트라PC 그램 14ZD950-GX70K... 
[겨울] [마포역 맛집] 코끼리 분식 !!!
휴가철 유기견…'120에 전화하세요'
"대불정여래밀인수증요의제보살만행수능엄경(권2,5)... "
호림박물관 - 소장품의 다양성과 질적인 면에서 그 우수성을... 
"[자전거길] 자전거탄 풍경, 자전거타고 하늘공원가기 1/4"
수도권 봄꽃 나들이 10 곳 추천 / 벚꽃 매화 개나리 장미 목련... 
"1-1. 대만 타이베이, 화려한 간판의 도시"
십칠사찬고금통요 - 십칠사찬고금통요 (十七史纂古今通要)
"관악오랑 [관악,동작] 8월 4주 동네정보퐁퐁"
낙성대공원 - 연인들과 신혼부부들을 위한 한적한 곳
03 - 21대 국회(2020년 7월)
도곡동 도배 장판 페인트 추천
봉천동마애미륵불 - 봉천동마애미륵불 (奉天洞磨崖彌勒佛)
서울대입구역 예스렌트카 관악점 :: 서울대입구역 바로 앞에... 
관악 힐링스테이트 정보모음!
"[겨울] [홍대맛집] 홍대볼만한곳~  홍대 맛집 , 미미네 떡뽁이... "
조선왕조실록 - 조선왕조실록 (朝鮮王朝實錄)
[서울 둘레길] 09# 주관적인 서울 둘레길 구간 순위 (총정리)
"[마포 코끼리 분식] 서울 맛집, 서울 마포역 맛집  !!"
[경기분당 정자맛집 청목나들애] 가족과 편안한 식사하기 좋은곳
[서울여행 67 ] 볼거리와 맛집이 많은 명동 ~
맛있는녀석들 톰얌쿵 &amp; 냉동삼겹살 먹방!! 맛집 탐방하기
자기소개하기
서울대입구역 샤로수길 맛집_와인과 안주가 좋은 '프랑스홍합집'
"서울,경기"
[서울성곽길 ] 낙산코스 2/5
[2016.01.12 21:20] 후기 남깁니다 여친3입니다ㅋㅋㅋㅋㅋ
Civil Engineer: 애프터스쿨- 샴푸(Shampoo) 가사
[서울성곽길] 남산코스를 걸어봐요~ 6/7
[서울여행 46 ] 홍대에서 만드는 멋진  추억  홍대 트릭아트 ~
[서울여행코스21] [데이트코스] [서울여행 101] 홍제동... 
[서울여행코스21] [데이트코스] [서울여행 101] 홍제동... 
지역전략 올라타기 : 보복여행객 잡아라… 봇물 터진 지역... 
"[서울여행코스15] 하늘공원-&gt; 홍대, 주말 나들이 상암동... "
[종로 광화문] 서울역사박물관 3/3
[서울여행 2 ]  평탄한길 걸으며 구경하기 좋은  낙산 성곽투어 ~
"[서울여행 62 ] 봄,가을  산보하기 너무 좋은 하늘공원... "
"[서울여행 59 ] 2시간 열심히... 있는, 과천 서울대공원 ~"
서울 명동 닭갈비 믿고먹는 유가네
"공주시 공주산성시장, 그리고 공산성을 가다."
[서울성곽길] 남산코스를 걸어봐요~ 3/7
[성장학교별_프레네스쿨별] 온라인 계절학교 발표회
[서울성곽길] 남산코스를 걸어봐요~ 4/7
[서울성곽길] 남산코스를 걸어봐요~ 5/7
"정부 활성화지원 전국행사장이 대박나게 생겼어요,"
"정보마당 수능 도시락 엄마표 식단, 정보마당 김포 꽃게 간장... "
사채 및 일수고 싶어요 자궁내막용종
오늘의 인물과 역사 - 11/22
양평스카이밸리펜션 자료 소개해드릴게요
서울특별시관광협회 뉴스레터 - Tourism &amp; Management... 
양평스카이밸리펜션 쉽게 정리하기하기
〔서울대입구 맛집〕해물아구찜과 해물아구지리도 소문같이... 
서현역) 맛난 인도음식점 아시아아시아~
"인크로스 기업정보 (디지털 광고, SKT 관련주)"
‘동상이몽’ 박성광♥이솔이 2세 계획 ‘올 6월’ 깜짝 고백... 
2022년 7호태풍 무란 경로·현재위치 '서울 오늘날씨... 
12월 6일 생방송 투데이 방송정보 하루 200인분 완판! MZ 취향... 
포르투갈 와인 카보다로카 비뉴베르드 마셔본 후기 : 포르투갈... 
생방송투데이 동네방네 창신동 도넛 소문의맛집 등갈비찜 세트... 
너무 자상한 남편 - 미즈내일 426호 기사 2009. 6. 1.
[6월 1주차] 자 이제 시작이야~
Civil Engineer: 관성력 구하는 공식 F=-ma 에서... 
Civil Engineer: So1 정보료가 뭐죠?
Civil Engineer: 클럽앤써(club answer) 가는 방법은?
"안산시 빌라 빈대퇴치,빈대박멸 후기!!!(고객센터:1522-7665)"
신림독학재수학원 잇올 스파르타 서울대센터(구 : 신림센터)... 
시흥수목장 중요한 ※체크포인트
"꽃보다청춘, 짠내투어, 하룻밤만 재워줘 등등  청년 무전 여행... "
서울근교 반나절 여행~
Civil Engineer: 그리스신화에 고인물에 비친 자기 모습에... 
Civil Engineer: 9로나누면 7이남고 15로나누면 4가남는... 
[샤로수길맛집] 샤로수길 유럽갬성 브런치카페 겸 와인바... 
[인천 문학경기장]  시원한 맥주가 너무 좋은곳
[맛집 본가] 얇은 우삼겹과  된장찌게 맛집 본가를 가다 ~
가족여행 고민은 고마해라~아이와 여행하기 좋은 곳은?
서울 근교 가볼 만한 곳 환상적인 일출 아름다운 연꽃 멋진... 
'책모임'으로 우리 아이가 달라졌어요
8월13일 국내 코로나19 신규 확진환자 56명...총 누적... 
100문 100답
고바이오랩 기업정보 (마이크로바이옴 관련주)
"봉천동 아늑하고 조용한 카페 추천, {YEOLLIN} 열린 카페"
연인들의 데이트코스 삼청동에는 뭐가 있을까요?
[고양이호텔/&quot;식빵굽는나비&quot;후기] 고양이호텔가격/애묘호텔후기
혜장국
리빙쇼당신의여섯시 1/25-1/29
“한국에선 온라인 쇼핑 포기했어요”
[무료전시회] 세종문화회관 노무현추모 전시회
[자전거길] 마포~분당 자전거여행을 떠나요~
여행명소. 주말나들이. 국내여행지. 등산지도코스. 관광지도
[신문기사] ‘구두 수선방’ 하며 2년 400권 독서…“동네... 
한국의 온천(溫泉 SPA) _한국온천협회
"[겨울 갈만한곳] 겨울철 별미 굴. 굴사냥, 합정역 8번출구"
주간일기 #26 단양여행 커플지도 전주전집 신림오뎅바... 
서울일수 강남일수 발품팔지말고 여기로 결정하자 중복가입조회
자연속 여유찾는 '슬로시티' 여행객 줄잇는다
[토요판 커버스토리]2014 한가위 新풍속… 우리에게 추석은
강원도 여행 홍천 서면 프리미엄 펜션 반스힐
신림약국 드럭스토어 판도라 백아율 오리진크림 득템!
"[자전거길] 자전거탄 풍경, 자전거타고 하늘공원가기 2/4"
골프연습장 사이트 모음
"신림 헌혈, 헌혈의 집에서 전혈 했어요~"
나는 고구마
[정보] ▶K-ways WIDE 1월 정기 업데이트(v1.8.61) 풀버젼... 
"재즈JAZZ, 마일스 데이비스, 밴드, 존 레논... "
반나절 주말여행
비건 지향 부부의 제로 웨이스트 양평 여행 2
2TV생생정보 12월12일부터 12월16일까지 방송정보... 
[당산] 내 사랑 @두더지손가게
서울일수 개인이라 안전하다 실버무진단플랜
☆자연을 느낄 수 있는 국내 관광지 5곳☆
나를 설레게 하는 것들을 찾아서
[보행자카운터] 밀양 위양지 및 영남루 방문객 피플 카운터... 
쟈딕앤볼테르 @ 쟈딕앤볼테르 선글라스 * ZADIG&amp;VOLTAIRE ZV... 
[포르투갈와인] 카보다로카 비뉴베르드 그린와인으로... 
구로동전기누전 구로동누전출장수리 구로동누전차단기교체... 
"프랑스 런던, 텍사스 파리를 아시나요? 같은 이름 다른 세상... "
[일상] 2023년 4월 하반기。
‘구두 수선방’ 하며 2년 400권 독서…“동네 도서관이 우리... 
"2011 서울에서 단풍구경하기 좋은 곳, 서울 단풍구경, 서울... "
'생방송투데이' 샤로수길 모로코 양갈비 스테이크 vs 쿠바 한... 
서울여행/근교여행/바캉스보다 '북캉스' 해보세요~
울리불리
[서울대입구역] 행운동 조개 : 조개구이는 회전율
리트머스/하와이언펀치
"남들 다 하는, 밋밋한 휴가는 가라! 여행의 진화 컨셉트 여행 정보"
일상배상 책임보험 으로 처리받은 베스파 사고수리 작업기
[W3] 내 조건에 맞는 웨딩홀 찾아보기
구정 끝나야 비로소 올리는 새해맞이 대천 여행 - 20220101
"셀리드 기업정보 (면역항암제, 코로나백신 관련주)"
강릉여행
순천의 관광지 드라마찰영지
"[맛집] [종로5가역 8번출구] 광장시장 맛집, 마약김밥... "
메모리스클래식 견적&amp;비용이 궁금하시죠? 내용정리~!
이제는 인성교육 시대! 품위 있는 아이가 성공한다
그랜드 C4 피카소 가족 체험기 / 영등포 여의도 동작구 관악구... 
독일 베를린 여행 무덤뷰 호텔 NIU Dwarf 6박7일 투숙기... 
수도2모작기계이앙재배시 육묘일수가 묘소질생육 및 수량에... 
125cc 스쿠터 최고사양  피아지오 메들리S 125 를 알아보자 !
"봄꽃축제, 지하철로 떠나자"
"[명동맛집] 명동역5번출구, 소문난 쭈꾸미 ~"
신림 쭈꾸미 전문점 MR.쭈꾸미보쌈에서 피로도회복하고... 
도시들
베스파 사고났는데 탁송좀 해주세요! 왕십리 텐즈힐이에요 .
[ 열선그립 / 비상등 스위치 / 블랙박스 GTS125 신차출고... 
[K-방역] 방역과 일상화된 공포의 패러독스(paradox)
마음을 위로합니다! 서울이 함께합니다! (책과 함께)
"[노을공원] 노을공원 캠핑장, 노을캠핑장 예약 4/4"
[관악오랑 신림동쓰리룸] 신림동쓰리룸 9월 행사 캘린더
[경북] 한미FTA 찬성의원 명단 [01] 강길부(울산 울주군)... 
[비틈 스쿨] 비틈 미디어 2기 Before I Die 취재기자단 - 6주차
안양 맛집 베스트 10 추천! (ft. 경기도 여행)
"[냉면맛집] 한남동 맛집, 동아냉면 !!!! ,30분 기다림은 기본"
건설기초안전교육 이수증 무조건 해야하더라구요
서울대입구 샤로수길 카페 토스트 ; 달달한 커스타드 푸딩에... 
레저와 관련된 소셜커머스 05월 30일 오늘의 할인쿠폰... 
할매집 :: 편안한 분위기와 아름다운 메뉴에서 맛을 즐길 수... 
봄여행 #봄여행주간 #여행할인 #남산타워 #에버랜드 #서울랜드
"전국 4,100개소 무료 캠핑장 및 야영장(유료 야영,캠핑장)"
근대식 건축물
해외여행 입국 PCR검사 3일 -&gt; 1일 이내 변경. 확인하세요.
kt금호렌터카 Giga Wi-Fi 지점 안내 및 함께 하면 좋은 추천 앱
범국가적 지식 활용 우수사례 공유로 정책 품질을 높이다!... 
[여행] 엄마 따라 '종종종'…민속촌 나들이
에펠탑의 마법 VIDEO: PARIS IN WINTER under the SNOW... 
강남구청장 예비 후보 등록했습니다(3월 30일)
"휴가없이 떠나는 골목여행 19 2탄, 프리한19 ~ 11위까지"
약손명가 신림점 스페셜 웨딩케어♥
조명숙 교감 -여명학교 [역경의열매] 국민일보 2015.10.25
"삼척시, 서울동작관악교육지원청과 업무협약 체결"
세상을 바꿀 대한민국 물류스타트업 33選
"2010년 1월  관악산 등산로 - 낙산 스위트 호텔,코엑스맛집... "
"삼척시-서울 동작관악교육지원청, 2015년 업무협약체결"
서울일수 안전하네요 br 갈아타라는데
"연예인스케쥴, 축제스케쥴, 공연스케쥴, 대회스케쥴 [9월 10... "
서울 박람회 전자방명록 둘째날 2월22일 2탄... 
네이버 인기 검색어
2021년 매듭짓기
산악인들과 국내 여행객들을 위한 우리나라 명산 지도 세트... 
[종묘] 조선시대 제사를 지내던곳 !!
전국 철죽축제 : 인기 철죽꽃 축제 명산 추천
[홍보왕 김사장] 우리 매장이 활용하면 좋은 O2O 서비스는?... 
"[광장시장 맛집] 마약김밥,순희네빈대떡,매운탕  1/2"
[서울대입구역 독립책방] 여행마을
'디지털인문학' 카테고리의 글 목록 :: 바로바로의 중얼중얼
"[칼국수 맛집 29곳] / 설보손칼국수, 선미옥바지락칼국수... "
2022.05.04 신문기사 스크랩 (유통)
가장 행복한 여름 휴가는 어디로?
일수도 있는데 제3차슈퍼로봇대전a에서는 아빠의료실비
민둥산 억새풀축제 2015.11.01 with 정선아리랑열차 (핵스압... 
오늘의 포토뉴스[08/01/18](1)금요일[화보]
숲 해설가와 함께 숲의 이야기를 들으러 떠나자!
일백마블 지역감각 : 서울형 모아어린이집 올해 245곳... 
서울당일일수 송파일수 불안함없이 안준다하든데
약손명가 신림점 스페셜웨딩케어 관리후기♥ / 약손명가 후기... 
서울시방역택시 여름 휴가에 딱 ! 속초 가족여행 안전한 운행
"23년 3월, 꽃"
"[동작구 블로그 공모전] 오르고, 걷고, 달리고!! 내가 만든... "
제주도여행/신림미용실/살롱오디너리 순지쌤
서울일수 서인간일수록 100 10만에서
21-10-20 장전뉴스
[노을공원 캠핑장] 노을공원 캠핑장 예약하기 ~ 2/2
"[종각역4번출구] 제주참치 , 4인이 고등어 참치회 먹기 좋은곳"
오래전에 일수를 빌렸썼습니다 현수막24060
[을지로입구역 5번출구 ]  명동에 숨겨진 조용한 커피숍... 
[을지로입구역 5번출구]  일번지 곱창 대창
동네에서 여행해볼까? &quot;은평마을여행&quot; 참여자 모집 시작
[마포역 맛집 ] 설렁탕  너무 맛난 마포옥~
업소대출 서울 지역 전문 힘든일일수록 자기신체손해실손의
[명동] 볼거리 먹거리가 많은 명동으로 떠나요~
동대문일수 남대문일수 서울일수 짱짱맨 30대의료실비
서울일수 인천일수 충분히 이해하고 35세가정주부
[아이들과 갈만한곳] [과자박물관 선유도역] 아이들이 좋아하는... 
"가평] 주말나들이, 연인들의 데이트코스 아침고요 수목원을 가다."
출산 전 출산용품보다 먼저 준비한 것(ft. 인테리어 우선순위)
2020년 12월 30일 오후 5시 23분에 저장한 글입니다.
"홍도, 흑산도 여행기 [행정안전부와 한국관광공사 주최... "
7.15~7.20 폭염과 도시공원
[신림9동맛집/대학동맛집] 합리적인 금액의 브런치와 와인을... 
2014년 10월 8일 오전 11시 35분에 저장한 글입니다.
내이웃이 하는 반찬가게 &quot; 반찬하는 날 &quot;  + 주말이야기
"[데이트코스] [한강 여의나루역] 자전거 타기 좋은곳, 물놀이... "
자연속 여유찾는 '슬로시티' 여행객 줄잇는다
서울 여성일수 추천좀해주세요 써보신곳 의료실비라면
철쭉축제 : 인기 철쭉꽃 축제 명산 추천
"[서현 전설의골뱅이] 서현역 맛집 , 전설의 골뱅이 ~"
"[대전]‘걷기 여행’… 제주 올레길 뺨치는 코스, 한번 와 볼래유!"
"산업정보 올라타기 (22.4.14) : KG그룹, 쌍용차 인수 유리"
"[뉴시스]서울 학교, 해외 수학여행에 126억원(2009.9.23)"
