"[장성군] 청정 전남 으뜸마을' 장성군 북이면 송산마을, 태양광... "
"[전남 장성군]백양사,[전남 담양군]청운식당+해동주조장"
[전남 장성군 황룡강] 광주 근교 가을 데이트 장소 추천... 
여행 한 컷 - 전남 장성군 체험학습 여행(아이와 어른 모두... 
[ 전남 장성군 – 여행지 ] 백양사
9월 여행지 추천 전남 여행 장성댐 장성호 관광지 수변길... 
"전남 장성군,  '백양사 템플스테이'가 '전남 대표 웰니스 관광지... "
전남 장성 가볼만한곳 황룡강... 홍길동테마파크 등 여행지 추천
[전라도 여행지] 전남 장성군에서 찾은 홍길동의 발자국 &lt;홍길동... 
국내 여행지 추천 지금 가볼만한곳 전남 장성 황룡강 가을꽃축제
"전남 10월 가을여행지 장성 백양사,임권택 시네마테크"
전남 장성군 늦가을 백양사 (11.12.2011)
8월 장성 가볼만한곳 여름 전남 여행지 추천
[전남 장성군] 백양사 근처 한옥 지붕 단열시공 / 수성연질폼... 
[전남여행/장성군여행]농촌... 가볼만한곳/전남 여행지 추천... 
전남 장성군 맛집 식당 추천 리스트
[전남 장성군 백양사] 여름에 가야하는 곳!! 인생샷건지기
9월 국내 여행지 추천 전남 가볼만한곳 영화 촬영지 장성... 
11월 여행지 단풍 명소 전라남도 여행 전남 장성 백양사
장성 감성여행지 장성호 수변길마켓 수변공원
전남 바다뷰 차박 여행지 추천 - 광주 근교 바닷가 앞 차박... 
전남 장성 가볼만한곳... 장성호수변길 축령산휴양림 - 봄여행지
국내 여름 여행지 추천 장성 남창계곡부터 전남 계곡 갈만한... 
[전북 정읍/전남 장성군 가볼만한 곳] 급하게 단풍 엔징 맞이한... 
"[전남/장성] 백암산(白巖山) 산행 후기, 백양사 여행 사진... "
[전라남도 여행지]  전남 장성군에서 걷는 숲속길 &lt;축령산 휴향림&gt;
전남 펜션 장성 감성숙소 서른두달 광주 근교 불멍
"전남 가볼만한 곳 가을 여행지 6곳, 축제 일정 총정리!"
5월 전남 여행지 추천 장성 황룡강 길동무 꽃길축제 꽃구경
전남 장성 여행 현지인 추천 숨은 맛집 등 가볼만한곳
전남 장성 펜션 힐링 가득했던 라온펜션
[전남 여행지 추천] 무더운 여름을 달래주는 시원한 물줄기... 
"국내 전남, 광주 근교 여름 휴가 계곡 물놀이 여행지 추천"
[가을 단풍여행지] 전남 장성 가을에 가볼 만한 곳 백양사... 
전남 장성 가볼만한곳 여름 여행지 추천 목록
[전남 장성여행] 장성 황룡강 가을꽃축제 추천해요!
"생태공원 꽃길축제 정보, 양귀비 수레국화 가득한 전남여행지추천"
전라도 단풍 명소 추천 여행지 장성 백양사 고창 선운사 내장산... 
국내 당일치기 여행 전라도 여행지 장성 홍길동테마파크
노란꽃잔치 생태공원 공설운동장 그라운드골프장 전남여행지
전남 여행지 추천 가을 단풍 해남 가볼만한곳 대흥사
황룡강 주차장 백양사 장성호 출렁다리 6월추천여행지
"전라도 가을 여행 꿀팁 : 10, 11월 추천 여행지 &amp; 2023 단풍... "
전남 장성군 당일치기 여행 - 축령산 편백나무 숲길 걸어보기... 
[전남 장성군] 방장산자연휴양림
"전남장성볼거리]장성 1월,2월 겨울 여행지:: 홍길동테마파크"
"[전남 추천여행지, 장성군 추천여행지, 가을단풍 추천여행지... "
전남 여행 장성군 장성호 수변길 겨울여행 추천
[이수근꽃다발 드림플라워] 주말커플여행지 추천! 전남 장성군... 
주말 여행지 추천 장성군 황룡강 안개꽃 양귀비 잔치
장성 여행 가볼만한곳 홍길동 테마파크 생가 전남 장성 여행지... 
국내 조용한 여행지 장성 가볼만한곳 장성 축령산 편백치유의숲
전남 겨울여행지 : 장성 금곡영화마을
장성 백양사 단풍 가을 전라남도 여행지 추천
전남 장성 가볼만한곳 황룡강 생태공원 걷기 외 4곳
[겨울 전남 여행] 선비의 기상을 느끼기 좋은 '장성 고산서원... 
전남 가볼만한곳 장성 백양사 내장산국립공원 단풍명소
전남가을가볼만한곳 담양인근가볼만한곳 단풍명소추천 장성... 
전남 가을여행지 추천 10월 가볼만한 곳 장성 황룡강... 
[전남 장성군] 평림댐 장미공원
시골감성한옥촌캉스명소는?전남추천여행지장성홍길동테마파크... 
"전남 여행지, 장성호출렁다리 장성호수변길 산책"
전남 단풍명소 산책하기 좋은 가을여행지 백양사
사계절 자연경관이 아름다운 고즈넉한 사찰 여행지 추천 [장성... 
"힐링 여행지 Best 4(Feat. 스파 도고, 인제 자작나무 숲, 축령산... "
[전남 장성군] 장성편백치유의숲
전남 여행지 :: 장성 금곡 영화마을
매화향기 따라 3월 국내 여행지 추천
"국내 여름 여행지 전남 계곡 추천 TOP 4 / 캠핑장, 글램핑 추천"
전라도 여행지 추천 백양사_전남 가볼만한 곳 추천
꽃축제 꽃길 축제 5월 전남 아이들과 가볼만한곳 여행지 추천
국내 겨울 온천여행 추천! 구례 더케이 지리산 가족호텔 등
아름다운 단풍 명소 장성 추천여행지 백양산 백양사
전남 여행 장성 가볼만한곳 장성 백양사 단풍 여행
전남 장성가볼만한곳 꽃길여행! 황룡강생태공원... 
"(편백 치유의 숲), 장성가볼만한곳(전남 2022년 7월 추천관광지③)"
아름다운 꽃들을 볼수 있는 장성 추천여행지 황룡강생태공원
전남 장성 가을여행 가볼만한곳 황룡강 꽃길
[전남 장성군/ 백양사 단풍여행]  아기단풍을 만나러 가다!... 
전남 전북 핑크뮬리 명소 여행지 가볼만한곳 고창 청농원 포함... 
"전라남도 장성 여행지 백양사 가을 단풍 명소, 전남 가을여행지"
"전라도 대표관광지 100선 소개/광주, 전북, 전남 대표 여행지... "
쌍암공원 벚꽃 나주 목사내아 구례 장성 겹벚꽃 외 전남 봄 여행지
"국내여행 5월 가볼만한곳 꽃구경,힐링 여행지 13곳"
전남 장성군 가볼만한곳 베스트 10
전남여행 장성 가볼만한곳 황룡강 생태공원 가을꽃축제 장성... 
[전남 장성군] 백양사
가을여행지 추천 장성 가볼만한곳 힐링하며 걷기좋은 백양사
[도장꽝!남도] 자연과의 조화가 일품인 힐링 한옥 여행지 추천
[도서관여행] 전남 장성군 북이도서관 (장성사거리도서관)
전남여행(장성군) ★ 금곡영화마을_축령산 아래에 자리잡은... 
2014 : 전남 장성군 장흥군 함평군 해남군 화순군 봄여행지... 
전남 추석명절 무료 할인 여행지 &amp; 문화 행사
[기고] 전남 여행지 추천~ 목포 가볼만한곳! 목포 김우진거리
전남 5월 여행지 광주 근교 장성 장성호 수변길 출렁다리 산책 굿!
전남 가을 여행지 장성백양단풍축제
[풍성한남도]감성캠퍼들이 추천하는 올 가을 꼭 가봐야할 전남
"전남장성군여행, 가을 여행, 남도 제일의 단풍 명소 &quot;백양사&quot;"
잊지 못할 한여름밤의 추억 전남 캠핑장 장성 오투스토리
"[전남 장성] 편백나무 숲을 걸으며 힐링하다, 축령산 편백나무 숲"
전남 장성 가볼만한곳 장성댐 장성호 수변길 옐로우출렁다리... 
전남축제 장성 황룡강 가을 꽃축제 기본 정보 황룡강생태공원... 
가을 여행지 단풍이 아름다운곳 선운사 외 7곳
[전남/장성] 가을 꽃의 향연 장성 황룡강 나들이
[한옥 여행] 전남 장성군 장성한옥 펜션 강추♡ 1. 물놀이... 
[전남 장성군] 백양사
[가을 출사지 추천] 출사의 계절에 놓칠 수 없는 여행지 추천 5
전남 장성 가볼만한곳 백양사 황룡강 가을꽃축제 필암서원... 
국내 여름 여행지 익사이팅하게 즐겨볼까?
전남 장성 서른두달 펜션
국내여행지베스트10  9월 여행지 추천 핑크뮬리 상사화 억새... 
[전남 장성군] 국립방장산자연휴양림
"[전라남도 장성군/Jangseong-gun] 백양사, 필암서원, 황룡강... "
"장성군, 2022 전남 대표 웰니스 관광지 신규 선정"
천년고찰 백암산 백양사 .. [전남 장성여행]
여자친구와 놀러가기 좋은 전남/전북 여행지 추천 5월축제
[7월 여행지] 이번 여름... 국내 여름 여행지 추천 (feat.... 
"전남 가을여행지 장성 가볼만한곳 (출렁다리, 백양사, 필암서원... "
장성 필그림 베이커리 카페 광주 근교 여행지
[도장꽝!남도] '사'자 직업? 아니 '사(寺)' 자 여행지!
전남 장성 가을 여행명소 가볼만한곳 백암산 백양사 단풍 절정
전남 가을여행지 아름다운 곳이 정말 많아요
국내 겨울 여행지 새하얀 눈꽃 명소 장성 축령산
5월 가정의 달 전남여행지
전남 장성 한옥펜션 스테이황룡 감성숙소
장성 평림댐 장미공원 걷기 좋은 길 전남 여행지 가볼만한곳 추천
"[경기도 가볼만 한 가을 여행지] 1,000년 고찰 칠장사"
장성황룡강 생태공원 꽃길축제 수국 양귀비 전남6월여행지... 
[겨울 여행지 추천] 국내 설경이 아름다운 출사지 4
[장성] - 가을 여행지 추천- 단풍 명소 내장산국립공원  백양사
전남사랑도민증으로 여수 순천 목포 국내여행 싸게 가기... 
전남 주요관광지 490개소 정보... 이벤트 (전남여행가GO... 
"2023 전국 가을 단풍시기, 단풍명소 Best 5 추천 여행지"
[전남 장성] 장성 맛집 추천지  닭 숯불구이 전문점 - 장성 옥정... 
[210124-기사모음(국내)] 전남 장성군
고창 가족여행지 추천 화동서원
전남 장성군 장흥 '토요시장'/우리동네 전통시장 가는 길/재래시장
10월 우리가족여행지 장성댐 장성호수변길 &amp; 출렁다리
"전남여행지 옐로우시티장성 장성호수변길,  옐로우... "
장성 가을에 가볼만한곳 백양사 주차장부터 쌍계루까지
"[전남 장성] 호수 따라 걷는 힐링로드, 장성호 수변길"
전남 9월에 가볼만한곳 장성호 관광지 장성호 수변길도 걸어... 
[전라도여행지추천] 전라도여행숙소 백양관광호텔~
우리나라 최고의 유명 숲길 여행지 5선/월정사 전나무숲길... 
전남 장성 가볼만한곳 여행 코스 리스트  4 (남창계곡 필암서원... 
전남 장성 가볼만한곳 필암서원 유물전시관
"5월, 6월여행지 추천/전남 장성 황룡강 꽃잔치, 황룡강... "
국내 7월 여행지로 연꽃 명소 10곳 추천
언택트 힐링 여행지 장성에서 즐기는  소도시 겨울 여행
"[ 전남 장성 장성댐 ]  장성호 수변길 산책코스, 옐로우 출렁다리"
전남 장성호 수변길 출렁다리 아이들과 가을여행지로 좋았던 곳... 
"전남 힐링 여행지 추천, 전남 장성 반고흐 벽화마을!"
광주 근교 가을여행지 : 전남 장성 가볼만한곳 황룡강 생태공원... 
[전남 장성여행] 장성 핫플레이스 트레킹 하기 좋은 장성호... 
[포이톡톡] 댕댕이 출입 가능한 국내 여행지 추천
3월축제 전남여행지 장성고로쇠축제 즐겨요
"가을 국내 여행지 추천! 강진 이한영 차 문화원, 순천만습지 등"
5월 여행지 추천:: 전남 나들이가기 좋은 핫플 장성 평림댐... 
국내여행지베스트10 가을 축제 포함 9월 10월 11월 가볼만한곳
전남 가을여행  꽃축제  장성군 황룡강 노란꽃잔치  핑크뮬리... 
전남 장성여행 장성 황룡강노란꽃잔치 꽃축제 다녀옴
전남여행(장성군) ★ 백양사(백암산/쌍계루)_가을이면 늘... 
늦가을 단풍여행가볼만한곳 장성군 백양사 애기단풍
"전북 정읍 단풍여행 명소 내장산, 전남 장성 백양산 단풍... "
2020년 단풍시기 : 전남 장성 내장산 백양사 단풍
초여름 푸른 녹음을 즐기기 좋은 여행지
"2023년 가을에 꼭 가야할 전국 단풍 명산, 명소 추천"
전남 장성군(111030) ★ 붉은 애기단풍나무가 아름답기로... 
장성호 수변길 전남 차박 하기좋은 장성 여행 떠나요
"필암서원, 장성호 출렁다리, 백양사(전남 10월추천관광지③)"
기차마을 세계장미축제 포함 전남 곡성 가볼만한곳
전남 장성 무농약 딸기쨈 사세요
가을단풍여행지 장성 백양사 단풍축제 정보
특별한 여행지 가족 건강 여행 축령산 편백숲 옆 더힐링나인... 
전남 계곡 갈만한 곳 추천... 국내 여름 휴가 물놀이 여행지)
장성 필암서원 세계문화유산 여행지 휴일 방문기
"차분한 가을 여행지 추천, 전남 장성 금곡 영화마을"
장성 ] 가을 / 풍경 / 출사지 / 여행지 / 11월 / 전라남도 / 장성군
내가 가본 전라남도 여행지
여름 국내 여행지 추천 국립공원 스탬프투어 프로그램 도전!
엄마와딸의 전라도 한바퀴- 장성펜션 추천 설경이 멋진 '예락원'
3월여행지추천 장성에서 열리는 고로쇠축제♪
[가을여행지추천] 백양사는 가을 최고의 단풍여행지 입니다.
[체험학습장소추천] 5~7세 아이를 위한 체험 여행지 추천
매화 여행지 BEST
"전남 장성 가볼만한 곳/ 장성 문화관광 / 장성 여행, 세계유산... "
장성 백양사 쌍계루 광주 근교 드라이브 여행지
가을전남여행지추천 백양사
장성 고로쇠축제 3월여행지추천 봄 한때 먹는 귀한 고로쇠 효능
전남 장성군 정읍식당
[2017 가을여행지] 장성 축령산 산소축제가 열리는 축령산... 
"전라도 단풍구경 가볼만한곳 Best 5, 가을 여행지 추천"
편백치유의숲 홍길동테마파크 등 1박 2일 전라도 여행지 추천
전남 가볼만한곳 전라남도 이달의 추천여행지 정리
전남 장성 황룡강 가을꽃축제 핑크뮬리 백일홍 코스모스 꽃밭이... 
3월축제 전남여행지 장성 백양 고로쇠 수액으로 건강챙기기!
내장산단풍  |  가을여행지 백양사에서 단풍 즐기기 :)
장성 1박 2일 여행코스 추천 7곳! (ft. 전남 여행지)
장성호 수변길마켓 가을  여행지
전남 가볼만한곳 베스트10 알아봐요
"전남 단풍구경하기 좋은 곳, 가을여행지 추천!"
전남 체험학습 떠나기 좋은 겨울여행지
"장성 백양사 단풍절정시기 / 11월 단풍테마여행지, 주차꿀팁"
"8월 여름휴가 여행 전남 장성 백양사 (푸르른 계곡, 주차정보... "
국내여행지베스트10 5월 6월 봄나들이 가볼만한곳 추천
[장성] 가을 추천여행지/ 광주 근교 황룡강 노란꽃잔치... 
전남 소도시 여행. 장성 반디앤블루 펜션에서의 1박 솔직 숙박... 
5월의 장미가 아름답게 피어 있는 장성의 명품  평림댐장미공원
죽기 전에 가봐야하는 풍경이 아름다운 국내 여행지
"장성 가볼만한 곳 축령산 편백나무 숲, 홍길동테마파크... "
국내 가을여행지 단풍구경 화담숲 모노레일 내장산단풍... 
당장 떠나고 싶은 가을여행지의 필수코스 '단풍- 억새꽃 축제'
광주 전남 전북 10월 축제 일정표. 전라도 가을축제와 여행지
"강바람 흘러, 산바람 넘어 전남 구례·   곡성·장성 신 8경"
장성 황룡강 가을꽃축제 개막식 초대가수 불꽃놀이... 
장성호 수변길 장성댐 출렁다리 광주 근교 전남 관광지 힐링여행
2023년 가을맞이 단풍절정 시기 여행지 추천 ! (단풍지도 포함)
경치가 다했네... 가을에 더 무르익는 여행지 추천
3월에 가볼만한 전라도여행지 매화향이 고운 장성 필암서원
전남 축제 장성 가볼만한 곳 데이트 황룡강 가을꽃축제
광주 근교 전남 장성 펜션 예락원
장성 홍길동 테마파크 오토 캠핑장 전남 장성 휴파크 한옥펜션... 
전남 영광 가볼만한곳 베스트10 여행지 추천
문화유산방문캠페인 장성 여행지 필암서원
전남 장성 가볼만한곳 장성... 캠핑장 글램핑 전남 카라반 장성빠지
백양사 올해 마지막 단풍 구경 뚜벅이 여행지 가는법
남쪽으로 떠나자! 남부지방 가을여행지 Best 18(2013년 수정)
담양 금성산성 오토캠핑장 포함 경치만 보고 뽑은 전남 캠핑장... 
장성에코힐/대화레저/전남물놀이/아기물놀이하기좋은곳... 
"장성 여행 홍길동 테마파크 카라반, 캠핑 가능"
국내여행 코스 및 여행지 정리
장성 겨울여행 조각 작품을 만날 수 있는 장성호 문화 예술공원
전남 서포터즈 활동 안내 및 SNS서포터즈 모집
[03/05/12] 전남 장성군 매실따기 현장 체험...
겨울캠핑장 추천 여행지
SNS 인기 여행지 Top 11
"[전남영암]왕벚165 , 종가집 밥상처럼"
'겨울사찰'에서 고즈넉한 분위기 만끽하기 [전라남도 장성군... 
전남 축제 장성 썸머 뮤직페스타 (여행스케치와 노브레인 출연)... 
가볍게 산책하기 좋은 함평 여행지는 어디일까?
전국 8경 및 명승고적 그리고 가볼만한 추천 여행지...
[황룡강 생태공원] 장성 봄나들이 가볼만한곳 봄 향기 물씬... 
10월 국내여행지 추천 10곳... 댑싸리 등 가을 여행지 가볼만한곳
"5월 여행지 추천 | 5월 가볼만한 곳, 합천 황매산(황매산철쭉제)... "
전남 백양사 방문기..
광주 서포터즈의 전남 가을여행지 장성 황룡강
[전남여행] 홍길동테마파크 분수 아이와함께 갈만한곳... 
"전남 장성 축령산 대덕 휴양관, 대곡산촌생태마을에서 피톤치드... "
전남 장성 카페: 수목원 카페 추천-[루몽드917]
장성 가볼만한곳  장성 남창계곡  감나무집 전남 계곡 평상
#전남여행지 광주탈모전문가 주민경 이학박사가 장성... 
"전남 장성 백양사 단풍 추천 방문 시기, 쌍계루 애기단풍 현재... "
광주 근교 장성 식물원 카페 추천 루몽드917
가을 추천 여행지
장성백양단풍축제 장성만의 작고 고운 애기단풍을 만나보자
8월의 끝자락에 깃든 푸른 자연의 풍경이 아름다운 장성호... 
전남 광주근교 장성 대형 카페추천 브런치카페 모모... 
"전남 장성 (담양,여수) 더힐링나인 풀빌라펜션 조용하고... "
[장성군]아시아에서 3번째 : 장성군 축령산 편백 숲 국내... 
겨울여행 겨울방학 여행지 연말연시 가볼만한 곳 6인실 8인실 독채
명소/걷기 좋은 길/홍길동테마파크/전남대표축제/주차정보
"전라도 여행지 추천, 장성 노란 꽃축제 좋은데?"
온가족 여름물놀이 전남 수상 레저 명소 전남 빠지 추천 (장성... 
장성 백양사 단풍시기 축제 내장산
[전남 장성-4] 축령산 편백나무숲
♥ 전남 장성 남창계곡 여행 ㆍㆍ 2011.5.28 청산회 회원들과... 
전라도 가을 여행지 추천 핫플레이스부터 숨은명소까지
정읍 내장산 단풍 절정 시기 가볼만한곳 장성 백양사
장성 내장산 백양사 애기단풍의 고운 이유 11월 여행지추천... 
축령산 백양사 필암서원…장성군 올해 관광객 1천만시대 연다
[전남 장성] 방장산 산행 (방장산자연휴양림~정상) 다자녀가족
장성 백양사(2016.11): 전라남도 단풍의 대표 명소
전남 계곡 폭포 여름 휴가 물놀이 국내 여행지 추천 5 :: 로띠스마
내장산 국립공원 백양사) 2022년 단풍시기 10월 가을 전남 축제
떠날 때나 여행지에서 꼭 봐야 할 『대한민국 정원여행지도』
"장성군 백양사 템플스테이, 치유 관광 활성화 기대"
전남 함평 가볼만한곳 베스트10 여행지 추천
전라도 여행 장성 오토 캠핑장 글램핑 카라반 숙소 추천 장성... 
[전남 장성] 22년 가을 끝자락 단풍 다 떨어지는 마당에 돈 주고... 
전남 장성 자연과 함께하는 별장 풀빌라: 더 힐링나인
장흥물축제부터 남창계곡까지 국내 여름 휴가지 추천!
(10월 7~31일) 올가을 치유 여행으로 몸과 마음 회복하세요... 
여름휴가는 전남 장성 축령산 편백 휴양림  &lt;feat. 당일치기... 
(전남/장성) 가을여행지~ 백양사 단풍
"장성 가볼만한곳 황룡강 생태공원, 축령산 편백치유의숲 여행"
전남 겨울 명소 눈이 오면 아름다운 곳
"광주 근교, 전남 장성 가볼 만한 곳 : 황룡강 노란 꽃 잔치"
"구례 지리산 피아골 단풍축제 &amp; 장성 백양 단풍축제, 전남 단풍... "
장성 봄여행지 '장성공원 벚꽃길'
12월 전남 가볼만한곳 겨울 축제 명소 추천
[TV속 정보] 23년 9월 4일 (월) 2TV생생정보... 
[가을여행지 추천] 남도의 가을여행지 백양사의 아름다운 단풍
[장성 가볼만한곳]무지개마켓 in 장성 오데온odeon 셀러모집
장성 축령산 편백치유의숲 힐링여행 하기 좋은 전남 장성... 
"백양사의 만추 [장성가볼만한곳,백양사단풍,추천여행지]"
세량지 세량제 담양 메타프로방스  보성녹차밭  전남 드라이브코스
[전남/함평] 1박2일 함평 여행하면서 먹은 맛집 추천... 
뜨끈한 게 최고여라~ 겨울 실내 데이트 장성편백힐링스파
"전남드라이브코스 장성가볼만한곳 , 황룡강생태공원, 장성댐... "
단풍여행(장성호-전주전통식당-백양사)1탄
"내장산국립공원 (한국관광 100선, 내장산생태탐방원... "
장성 가족여행지 추천☆
"숲속 언택트 추천 웰니스 여행지 4, 국립산림치유원... "
2014년 광주전남 추천여행지
함평 맛집 추천 베스트 7 (ft. 전남 여행)
전남 장성 맛집 단풍이온다 치돈 먹으러가요
여름 휴가철 전국 농촌체험농장 소개(전남편)
오늘(3월 23일)의 추천 여행지(294) - 전남 장성 백양사 고불매... 
호남선 계룡역 ↔ 백양사역 무궁화호 왕복 / 2022.02.05
"국내가을여행지, 장성 황룡강 노란꽃 잔치 축제 START"
"전남 화순 겨울여행지 추천! 만연사,세량지,장성외딴집"
"[경남 함양 / 함양 랜선여행] 함양 남계서원, 조금 느린 여행으로... "
"아름다운 5월, 장성 황룡강 생태공원 나들이 (ft. 황룡강... "
요즘 더 눈에 들어오는 비대면 웰니스 여행지 9
[전남 장성 맛집] 캠핑분위기풍기는 닭구이 맛집 ‘옥정가든’
내장산 케이블카 여행꿀팁 5가지 + 내장산 가을단풍이 특별한... 
전남 장성 가볼만한곳 맑은 하늘 아래 필암서원
11월 국내여행지 어디로 떠날 것인가
"옐로우시티 장성, 한국관광공사 지정 산림치유 웰니스여행지... "
장성 계곡 남창계곡 물놀이하기 좋은 곳 무료주차장 광주 계곡... 
드론으로 본 장성설경 Best 3 소개합니다
전남 장성 여행 갈만한곳 장성호 수변길/맛집/카페
장성호 출렁다리와 장성호 수변길 장성 겨울여행지 장성댐... 
"장성 황룡강 노란꽃잔치 (가을꽃축제), 10월 전라도 여행지 추천"
영광 맛집 추천 베스트 7 (ft. 전남 여행)
10월~11월 국내여행지 놓치면 안되는 BEST 11곳
"전남,장성.나주여행④/장선농촌전통테마마을 자라뫼마을... "
◆ 전남 장성 황룡강 가을 꽃축제 (23.10.7~10.15)
봄여행지 - 장성카페 푸른하늘모퉁이
영광 펜션 추천 베스트 3 (ft. 전남 여행 숙소)
"한국인의 밥상 장성군 조선시대 설야멱, 낙지호롱구이, 게구이... "
&lt;전남 장성/여행지추천&gt; 오늘의 여행지 :-) 가까운 장성에 위치한... 
전남 단풍 명소 내장산 국립공원 장성 백암산 백양사 쌍계루... 
"장성 겨울 낭만여행지, 겨울 왕국 같은 장성호 문화예술공원"
전남 장성 나들이 가볼만한곳 황룡강 호수변길 출렁다리 근사한... 
전남 장성 여행지 눈내린 설경이 아름다운 백양사
단풍으로 물든 내장산 백양사 단풍축제
백양사 단풍시기 장성 애기단풍 쌍계루 11월 여행지 추천
"우리 곁의  한시 (1,035권)"
장성에서 즐기는 노란꽃잔치 당일여행
"장성 외딴집, 동화 속 겨울 풍경 같은 곳 그리고 집 하나"
[전남 장성]임권택 시네테마파크 &amp; 장성호 문화예술공원
[전남 장성 가볼만한곳] 핑크뮬리와 꽃이 가득한 황룡강생태공원
(2022년 단풍여행) 국립공원 탐방로별 사전예약 운영기간 및... 
스마트폰으로 마을 총회를...? 2019 디지털 사회혁신 우수사례... 
"[국내여행] 단풍, 억새풀 테마별 국내 가을 여행지"
[전남 장성] 장성 글램핑 추천:-) &quot;불태산 돔 글램핑&quot; 광주근교여행
가을 백양사 단풍 여행 애기단풍으로 물들다.
장성 터미널 시간표 주차정보 요금 안내
여름 휴가철 전국 농촌체험농장 소개(전남편)
"장성 황룡강 가을꽃축제 아름다운 핑크 뮬리, 팜파스, 백일홍까지"
2015년 샤런의 국내여행 정리
싱그러움과 푸르름 속의 백양사 여행
"매화여행 (feat. 고불매, 화엄매, 선암매)"
[2020 서포터즈] 추억만 가져가세요~ 힐링 여행지... 
[이야기가 있는 여행] 환절기 건강 지켜주는 피톤치드 여행
"장성 청백한옥에서, 시골 감성 가득 촌캉스 즐기세요"
장성 황룡강 생태공원 축제 아니어도 가볼만한곳 feat. 주차
[2020 서포터즈] 스릴만점 수상레저들! 장성 '함동수상레저'
곳을 찾아 떠나요♬ - 7월에 떠나기 좋은 국내 여행지 BEST 5
장성댐 장성호 수변길 출렁다리 걷기 좋은 전남 관광지
담양펜션 더힐링나인 - 럭셔리 풀빌라펜션
숲으로 가자~! 몸과 마음을 건강하게 하는 숲 활용법
전남 영암 농업기술센터 왕인농업대학 로컬푸드 6차산업... 
전남 단풍명소 BEST 7 무조건 가볼만한 곳
"3. 석가탄신일 사찰여행지_전라도,경상도"
전남 장성 백양사에 가서 ‘백양사수변길’을 걷고 2020년... 
애기단풍으로  물든  장성백양사
전남 펜션 5월 가정의달 맞이 가족여행에 풀빌라펜션
장성 남창계곡 남창감나무집농원에서 묵은지 닭볶음탕을!
장성 황룡강 생태공원 노란 꽃 잔치 #인생사진 #국내여행지
광주장거리택시 장성 상무대 이용방법
[축제 취소]장성 썸머뮤직페스타 노브레인 딕펑스 여행스케치... 
"전남,장성여행⑧ 장성호관광지/장성문화예술공원/"
장성 가볼만한 곳. 백양사의 여름 그리고 맛집 단풍두부까지... 
한적한 여름 휴가지 장성 삼척 문경에서 꼭 가봐야할 3 곳
알뜰 여행코스 l 가벼운 발걸음만큼 가볍게 떠나는 여행... 
여행 인플루언서 혀니 2021년 결산
전남여행 전남담양 담양여행코스 메타프로방스 새벽식당... 
"2022 단풍시기, 무족권 가야 할 전국 단풍명소 가을여행지... "
"11월 전라도지역 축제/행사/여행지, 전남11월축제... "
[추천1_사찰순례-사찰여행지] 조계종 25교구 본사
피난여행-장성장미공원.삼척장미공원.속초설악동.
#동백여행사 차를 타고 전남 백양사에 애기단풍을 보러... 
광주 근교 여행지 추천[장성호/옐로우 출렁다리]
장성 여행지 총정리_16선
[백양사] 장성 백양 단풍축제에 다녀왔습니다.
오감만족 국내여행으로 좋은 찾아가는 양조장 30곳
해외 갈 필요있나요? 우리나라에 있는 아름다운 '장성 산림 8경... 
장성 백양사 전국 단풍 절정 시기 10월 11월 다녀온 후기... 
장성 백양사
장성호 맛집 호반가든 민물매운탕을 맛 보고 가세요
국내 가을 여행지 추천 &quot;전라도 관광명소 &quot;
[늦가을여행추천] 11월 국내 늦가을여행지 추천 BEST
"여행자의도시 담양 여행코스 1박2일여행지 소쇄원, 관방제림... "
[한국 전통 특집] 가장 가깝고 편리한 전통(청소년 매거진 모두)
곳을 찾아 떠나요♬ - 7월에 떠나기 좋은 국내 여행지 BEST 5
"2021년 단풍 시기, 가볼 만한 단풍 명소/단풍 여행지/단풍... "
비행기 타지 않아도 되는 국내 여행 '해외를 품은 전남여행' 추천
11월10일(일) TS산악회 백암산 백양사 장성호 수변길 옐로우... 
정읍 1박 2일 여행코스 추천 7곳! (ft. 전북 여행지)
"[10월여행추천] 전라도, 경상도 10월여행지추천"
장성여행 장성가는길 축령산 장성호 백영사 남창계곡
장성축령산  장성 가볼만한곳     편백나무숲에서... 
[트래블투데이] 앞으로가 기대되는 대한민국 여행지
"지붕없는 미술관, 전남 장성 반고흐벽화마을 어때요~?"
전라도 여행지 추천 여름 휴가지 베스트 8
[장성의 맛집] 신수양가든
[겨울여행지] 백양사
전라도 5-6월 예쁜 꽃 명소 광주근교 나들이
장성 가볼만한곳 장성 축령산 편백숲 홍길동테마파크 가족여행... 
장성호 장성댐 수변길 산책하기좋아 출렁다리 광주 근처... 
[경기도 남양주 가족여행] 축령산자연휴양림 캠핑 - 축령산 등산
[전남 장성 백양사] 시원한 계곡이 흐르는 전남 주말 드라이브... 
"내돈내산/장성펜션,광주근교촌캉스:촌캉스 즐기러 독채펜션 및... "
전라도여행지추천! 고창 고인돌박물관부터 정읍... 
[반듯씨의 반듯한 사생활] 공유마당으로 떠나는 여행_단풍놀이편
"사색에 취하는 전남 여행, 남도한바퀴와 만나 더욱 다채로워진... "
[ 전남 장성 여행 ] 장성 평림댐 테마공원 캠핑장 후기 ~!!
국내 겨울 여행지 커플펜션 힐링되는곳
[장성명소] 여름 장마에도 황룡강 연지에  연꽃이 활짝 피었습니다
20190825 장성 라온글램핑에서 특별한 하룻밤
전남 장성에 황금빛출렁다리가 완공되어 좋은 여행코스로... 
"광주근교 드라이브, 장성 장미공원"
장성스카이라이프 저렴한 요금에 약 180개 채널시청가능
장성 가볼만한 곳. 장성여행지 추천. 장성 1박2일. 장성 힐링여행
전남 담양 가볼만한 곳 죽녹원 장성 백양사 당일치기 코스
광주 근교 가볼만한곳 : 장성 황룡강 생태공원 힐링 여행 데이트
전남 가볼만한곳 장성 백양사 단풍축제
대한민국 명승 (제1호 ~100호) [가고싶은 여행지]
[ 전남/장성여행 ] 숲의 치유 효과가 뛰어난 장성 축령산 편백숲... 
대한민국 구석구석~ 여름 휴가 잘 보내는 휴가지 22곳
백양사 아기단풍 절정 시기 촬영일자 22년 10월 30일
♥ 백양사 산행  -  학우회 친구들과 함께한 가을 단풍 여행  ♥
국내기차여행 전남 장성 가볼만한곳 곰재정상
장성한옥펜션 경이궁한옥펜션&amp;카라반 광주 근교 펜션 추천해요
수상 레저스포츠의 천국 장성호와 함동저수지
3월 여행지. 갈만한 곳. 3월 축제. 제주도 여행. 봄 소식. 매화.... 
✎ 나만 알고 싶은 장성 글램핑 : ☾⋆⁺ 빌라달모어 ₊⋆✩
내가 좋아하는 영화 / &quot;가을로&quot;
장성 필암서원의 봄
전라도 단풍명소 내장산국립공원  장성 백양사 쌍계루 반영사진... 
가을바람 따라 떠나는 가을꽃 명소 5선
삼성노블카운티/11월송일봉작가와함께테마여행을 떠나요
[7월 여행지] 이번 여름... 국내 여름 여행지 추천 (feat.... 
장성 가볼만한곳 백양사 벚꽃 등 봄여행지
오늘(11월 7일)의 추천 여행지(179) - 장성 백양사길 단풍... 
국립장성숲체원과 방장산휴양림 장성 가볼만한곳으로 추천합니다
전남가볼만한곳 장성노란꽃축제
장성 남창계곡 남창농원 맛집 계곡 식당 물놀이장 장성 빠지... 
단풍으로 물든 가을에 떠나는 국내단풍여행지 추천 !
광주근교여행 전남 장성 애견동반 독채펜션 : 오소펜션
영화 속 영국을 가다
2023년 올해 단풍시기 절정 언제? 명소까지 한번에 정리
[10월여행추천] 10월여행지추천 / 10월 가볼만한 곳
"전남 장성, 전북 정읍 주말 나들이 가볼만한 곳 여행 스냅... "
［전남 장성여행］ 백양사 쌍계루의 비온 후 풍경
장성호 가는 길의 노포 맛집! 장성 미락단지 등나무집 우렁쌈밥∼
전남 장성여행 황룡강 길동무 꽃길축제와 가볼만한 곳
"내장산 백양사,꼭 추천하고 싶은 가을 여행지"
담양 펜션  여행지에서 멋진시간 풀빌라펜션으로~
죽기 전에 시리즈 3탄 꼭 가봐야할 국내여행지 TOP100
장성 맛집 :@ 진품한우 장성 여행지 필수코스
(장성 여행) 내장산 백양사. (2014년2월23일)
전남 단풍명소 장성의 아름다운 곳곳!
전남 장성 가볼만한곳 :: 순백의 雪國 “외딴집”... 
[광주 근교 야경] 장성 황룡강 생태공원 산책
[전남여행] 백양사의 가을[남도여행지추천/쌍계루반영... 
휴가철 갈만한 이색 여행지
[가을풍경] 단풍이 아름다운곳으로 가을여행을 떠나가보세요.
장성 황룡 시장 5일장 장날 맛집 투어와 황룡강 피크닉
장성여행  가볼만한곳 필암서원?
전남장성으로의  여행
[가을 여행지 추천] 가족끼리 친구끼리 연인끼리!... 
◀ 국내 최고의 단풍여행지  내장산 백양사 ! 테마 여행 꿀팁... 
마법의 숲을 거닐다 - 장성 축령산 트레킹
"장성군, 옐로우시티 장성의 색(色)다른 매력에 빠져보세요!"
전남 가볼만한곳 전라남도 이달의 추천 관광지 3월~9월 봄... 
세계문화유산 장성 필암서원에서  선비문화체험여행 1박2일... 
이색적인 돔 글램핑 아이들과 장성 불태산 글램핑에 다녀왔어요
장성 축령산 편백나무 숲길 트레킹 주차장 나무테크길 쉬운코스
(공유) 귀성길 여행지 'IC 지척에 이런 명소들이'
장성 맛집 베스트10 장소
캐나다 토론토/골프쇼/서울식물원/Buthan부탄/
주말에 가면 좋을 단풍축제는 어디?
[장성 여행] 장성 가볼만한곳 장성 카페 랜반커피. 인생샷... 
장성 백양사는 여름 여행지로도 좋습니다
가을여행 2014 가을 축제 모음
장성 황룡강 노란꽃잔치 가을 꽃축제 전라도 야경 문보트 타고... 
백성을 훔친 도적. 우리가 몰랐던 홍길동 이야기~!
뿌뿌의 일상다반사 :: [ 전남 장성 가볼만한곳 ] 여러나라들의... 
자라백 구매 가이드 완벽한 상품 선택을 위한 안내서 - daryu
백양사 단풍
[전남여행/장성] @백양사 약사암 @험난했던 산행후 상쾌하게... 
장성 대형카페 | 메이플힐 | 풀멍하기 좋은 뷰맛집
가볼만한 가을여행지추천 : 명성산(민둥산)억새축제... 
단풍 명소 대명소노 단풍여행! 소노벨 변산 더선셋..
뀨와 함께한 즐거운 장성 여행 1탄/행복드림관광농원 숙박 후기
장성군에 위치한 '정글주애바나나' 동물원 후기
장성 여행 장성호수변길 머나먼 출렁다리 옐로우시티 로컬푸드... 
국내가을여행지 추천 단풍명소 백암산 백양사단풍의... 
"가을 단풍여행지 추천,오대산일출, 단풍 드라이브코스 총정리!"
금곡영화마을 태백산맥 촬영지 장성 가볼만한곳
[장성 가볼만한곳]무지개마켓 in 장성카페 오데온
[천연기념물 제486호] 장성 백양사 고불매
가을축제 가을여행지 추천 억세꽃축제와 코스모스축제 대관령... 
"[전남 장성] 치유의 숲, 눈 덮힌 편백나무 숲을 산책하다."
생생정보 장성의맛 보리밥과 돼지주물럭 택시맛객 pick 장성... 
"(여행)광주근교 감성 캠핑느낌 그대로, 불태산글램핑"
장성 축령산 편백나무 숲길
‘하얀 나라’로 변신한 ‘옐로우 시티’ 전남 장성
&quot; 노랑 물결 수선화 섬 / 신안군 4월 여행지 / 신안군 4월... 
담양 독채형 풀빌라 펜션 [더힐링나인] 온수풀+ 축령산 편백나무숲
"[담양/장성] 감성 한옥카페 갑을원, 장성 황룡강 친수공원"
장성군 삼계면 평림댐 장미공원 공원 - 달콤한여행
장성대형카페 루몽드917(수국카페)
축제&gt; 2014년 가을 단풍축제
내장산 단풍(내장사 지구) - 한발 늦었지만 그래도 이뽀.. ^^;;
담양 펜션 신축 감성 풀빌라 장성 숙소 더힐링나인 편백숲... 
편백숲길 트래킹 남창계곡 - 입암산성 - 갓바위/장성 여행지 추천!
장성펜션 자연을 느낄 수 있는 통나무펜션&amp;편백쉼터
국내 최고의 단풍여행지 내장산 백양사! 테마여행 꿀팁 ! #2... 
"전남장성여행, 가을여행 추천지 &quot;장성호&quot;에서~~!!"
전국일주 첫째날 전라도로 출발~!
해남군 양조장에는 무슨 일이
[여행지소개] 이제 얼마 남지 않은 단풍! 가을 단풍놀이 명소!
"황룡강생태공원.전남가볼만한곳.5월,6월여행지.2022.05.21(토)"
겨울왕국이 떠오르는 국내 여행지 5
비대면 봄 여행지 ▶▶▶ 옐로우 시티 장성의 힐링 여행지
2박3일 전국 추리 일주 백양사 휴게소 촬영지 위치 어디?
장성가볼만한곳 장성8경 장성여행 1박2일여행지 백양관광호텔
여행지. 갈만한 곳. 4월 축제. 제주도 여행. 봄 소식. 진달래.... 
광주 근교 드라이브 장성 가볼만한곳 장성 축령산 편백나무숲... 
[전남 장성맛집] 토종닭 김치 닭도리탕으로 몸보신 해보시지요
2020.08월 결산
"전남 신안 여행, 계절 따라 만나는 신안 가볼만한곳 리스트 7"
자연친화도시 장성에 대해 알아가기
장성군 가볼만한곳 필암서원 유물전시관 ^^
&lt;장성 여행&gt; 꽃이 활짝 핀 장성호 수변길: 주차장
"장성 필암서원, 유네스코 세계유산 등재"
우리나라 아름다운 여행지
"[10월 국내가을여행추천] 전남 가볼만한 곳, 제1회... "
장성 가볼만한곳 2경과 황금정식
장성군 북하면 백암산(장성) 산 - 달콤한여행
[지구투어] 가을 단풍 여행 기차 타고 떠나자
"축제 정리, 광주 근교 가볼 만한 곳 추천! 가을 여행지 어디로 갈까?"
"가을철, 떠나기 좋은 단풍 여행지"
2월 여행지. 2월 축제. 제주도 여행. 봄 소식. 납매. 매화.... 
[장성 여행] 광주 근교 카페. 장성 카페 따리네시아.
걷기여행] 담양으로 떠나는 등산여행! 담양 등산 여행지 추천
장성 카페52 광주 근교 데이트하기 좋은 카페
겨울여행지 장성 편백나무숲 축령산휴양림
장성 가볼만한곳/장성황룡강 노란꽃잔치.
광주 전남 봄여행지 2104 : 인기 봄꽃축제 봄축제 봄나들이 장소
내장산 백양사 오토캠핑장
장성 가볼만한곳 베스트10 좋아요
장성 황룡전적 박수량백비 요월정원림 가볼만한곳
1980년 광주로 돌아가 보겠습니다 - 광주 서구 상무지구... 
"장성 백양사 단풍, 가을의 그 고운 색으로 가득한 풍경"
전라남도 장성 가볼만한곳 백양사 남창계곡 장성 축령산... 
"주산지, 간월재 억새평원, 내장산 단풍. 나의 최애 가을여행지."
1월 가볼만한 여행지. 일몰일출명소. 겨울 눈산행지. 가볼만한... 
"[국내여행] #230 곡성 태안사 (대한불교조계종, 곡성단풍)"
장성 터미널 시간표 자세히 알아보기
가보고 싶은 여행지
[장성맛집] 전남 장성 솔잎향기 - 백양사 근처의 어느 식당에서... 
* 담양여행)) 전남 담양도 당일치기 여행이 가능하다②_소쇄원... 
가을을 만끽하고 싶다면 전남으로 와! 전남 단풍명소!
장성호 수변길/장성호 오른쪽 수변길
"가을 단풍여행 전라도로 떠나요(내장산, 덕유산, 지리산 피아골)"
가보고 싶은 곳. 주말나들이. 여행지. 등산지도코스. 관광지도
[고속도로휴게소 주변 산 &amp; 여행지 | 백양사휴게소(논산 방향)... 
[커플여행지 장성글램핑]준비할거하나없는 장성 산아래글램핑
장성 가볼만한곳 편백나무숲 남창계곡 전남 여름 여행 코스
데이트코스/전남 가볼만한 곳/마리나베이펜션/전남영광갈만한... 
내장산 단풍 절정시기 축제 등산코스 케이블카
"전남영광 맛집-고목나무... 맛집, 전남영광맛집/마리나베이펜션... "
전라도 여행지 추천 장성 인생샷 스팟 가득해
전국유명 여행지 100선
"K채널 / 장성군, ‘1000만 관광’ 향해 달린다!"
여름휴가
크래프트 막걸리 천국! 위드미페스티벌 우리술 집중 탐구
비가 오면 생각나는 장성호 수변길/Yellow City 장성/비오는... 
국어 교과서 수록 도서 읽고 떠나는 학년별 추천 여행지
전남 장성 편백나무숲 여행 축령산 중앙임도숲길 트레킹
대한민국 농촌마을대상을 수상한 장성 농촌체험마을 웰촌... 
#전북 고창가볼만한 곳#학원농장#메밀밭#코스모스... 
진도 가볼만한곳 - KTX 기차타고 떠나는 1박 2일 국내여행지 추천
전남 장성호 출렁다리 - 트레킹 마니아들 &quot;최고의 수변길&quot;…두... 
"[파티존] 가을여행지 추천/단풍여행, 고택여행, 기차여행... "
하늘공원 안성팜랜드 청산수목원 등 &lt;핑크뮬리 팜파스 군락지... 
전남 장성 가볼만한곳 ‘황룡강 생태공원‘ 반려견 동반산책... 
힐링하기 좋은 장성 여행지 추천 : 장성 축령산 편백숲
광주근교 가볼만한곳)장성 평림댐 장미공원 개화시기및 상황
"전남 펜션 추천 장성 달빛펜션, 독채에서 프라이빗하게 즐기는... "
장성맛집 젠시오 수타면 중화요리 광주근교 장성호미락마을
풀빌라펜션 더힐링나인 딱~
가을 캠핑지 추천 l 내년 가을 캠핑 여행지 미리 찜하기! 장성... 
장성군 킨텍스 대한민국 국제관광 박람회 참가
추석 연휴 가볼만한 여행지
단풍여행지 정보 지금이 적기 빨리 다녀오세요...
"다가올 여름 휴가, 국내 계곡 추천 베스트!"
장성 일주일 살기 (장성펜션추천 + 관광지추천)
[friday] IC 지척에 이런 명소들이… 막힐 땐 '삐딱선' 타세요
[YellowCity 장성] 황룡강의 연지에 연꽃이 한창
옐로장성_노랑파티 한마당
국내 가을 여행지 50선 [1편-10선]
남도맛기행 8권역 &quot;2023 남도 따라가는 가을 여행&quot; 미션투어... 
꽃과 함게 만난 백양사.
무궁화호 #.1442 열차로 즐긴 서부경전선-호남선 눈꽃... 
"장성 가볼 만한 곳, 황룡강 생태공원 해바라기, 광주 근교... "
장성 백양사 남창계곡 홍길동테마파크 전남 장성 가볼만한곳
"봄꽃감상 여행계획 1탄 - 매화, 벚꽃"
광주근교 산책코스 장성호 출렁다리 수변길
장성 아이와 가볼만한 곳 - 홍길동 테마파크 추천합니다
◀ 국내 최고의 단풍여행지 내장산 백양사! 테마여행 꿀팁 ! #4... 
(전라도여행지추천) 함평 모평한옥마을
[ 전남 장성 가볼만한곳 ] 여러나라들의 꽃구경 할수 있는... 
☆찾아가는양조장☆청산녹수《우리술을 우리가 사랑하면... 
2022 고속도로 타고 떠나는 힐링 안심여행_스탬프 투어(이벤트)
가을 겨울 국내 여행지 추천 베스트 5 자연속 힐링여행 11월... 
휴가갈때 참고
전라도 11월 축제 : 인기 광주 전남 전북 가을 행사 여행지 추천
가보고 싶은 여행지
"전라남도 장성 가볼만한곳, 장성호 수변길 옐로우 출렁다리... "
전라도 독채펜션 장성 필암서원 볼거리 추천
장성 백양사 단풍축제 단풍절정시기 2022 백양단풍축제와 함께... 
내장산 횡단기 - 백양사 : 가을의 색을 만나다
"광주 근교 여행, 핫플 가득한 장성여행코스"
정읍 7개 여행지 1박 2일! (ft. 전북 여행지)
장성 백양사 전라도 계곡 캠핑장 템플스테이 광주 근교... 
5월 가정의 달 맞이 행복 나들이  BEST 5!!
"[논산여행] 겨울날 즐기는 실내/외 공간, 논산... "
우리나라 여행지
2019년 5월 전국 축제 및 행사일정
"광주 근교 취사 가능한 계곡, 물놀이장 6곳 정보 - 먹깨비 투어"
담양펜션 단풍명소와 함께 ~ ( 커플펜션 )
가을단풍명소 백양사 절정시기는 요번주가 피크일듯!!
"장성여행, 백암산 백양사 단풍_단풍명소 트래킹"
[내장산국립공원] 백양사 울긋불긋 오색단풍
광주 서포터즈가 다녀온 장성황룡강노란꽃잔치2018
"전남 장성 가볼만한곳 여행지, 장성호수변공원과 출렁다리"
"담양 경비행기 패러글라이딩, 곡성 기차마을 패러글라이딩... "
"전남 장성 황룡강 가을꽃축제 백일홍, 코스모스 길"
(장성맛집)장성호 미락단지내  맛집ㆍ 담백한 맛 일품 향토음식... 
장성 감성숙소 황룡스테이 한옥에서의 하룻밤보내기
장성 중화요리 맛집 장성호 미락단지 젠시오
"장성군, ‘1천만 관광 시대’ 선언"
전라도 여행지 광주근교 장성 굴짬뽕 맛집 추천 동서식당
장성 백양사[애기단풍/쌍계루 반영/가을 여행지/가을단풍]
제주 수국 명소 부럽지 않은 전라도 수국 명소 가볼만한곳... 
올해 최고 무궁화 명소는 전남 장성 ‘무궁화공원’
운정과 함께 &quot;느릿느릿 가도 좋은 1번 국도 여행지&quot;와 편백나무... 
전국 46군데 눈썰매장 정보
[가을추천여행지] 백양사의 가을
2023 장성 황룡강 가을꽃축제 설운도 양지은 콘서트 불타는... 
장성 토루펜션  물놀이 수영장펜션
"[장성 / 백양사] 가을여행지 장성 백양사, 가을축제... "
[전라남도 장성] 광주 근교 시원하게 기분 전환 하고 싶다면?... 
슬로 트립 여행지 TOP10
2022년 11월 25일(금) 한눈에 보는 호남뉴스: 전남 관광지... 
전남 가볼만한곳 장성황룡강 노란꽃잔치 가을 나들이
장성펜션 :: 작년에 이어 올해도 간 내돈내산 장성숙소 블루베리... 
전라도지역축제일정표 : 2009년광주전라도축제여행지추천
그곳에는 아름다운 자연이 살아있다! - 여행정보
전북 순창 가볼만한곳 강천산 주변 강천사 근처 순창고추장... 
장성호 수변길.장성호 출렁다리 옐로우출렁다리 방장산... 
전국체험학습장
[여행 Tip6] 자연휴양림을 아시나요?
대한민국 숙박세일 페스타 2023 숙박대전 여기어때 야놀자... 
[장성] 따뜻한 섬 온도
장성 여행 코스 백양사 절 방장산 자연휴양림 등
가을에 장성 황룡강을 가야하는 다섯 가지 이유!
장성 황룡강으로 꽃보러 가세요!
전남 설경명소 장성 외딴집
(장성여행)장성가볼만한곳 고산서원 성리학6대가 노사 기정진... 
어디로가볼까?-25번호남고속도로:장성-담양-순천-여수
국내 당일치기 여행 나주 가볼만한곳 영산강 유채꽃
광주광역시 1박2일 여행코스 추천 7곳!
[장성 여행] 가을꽃 다 모와놓은 황룡강 생태공원! 장성... 
유네스코 세계유산 한국의 서원 장성 필암서원
[전남여행/장성] @백암산 백양사(白巖山 白羊寺) @아름다운... 
I LOVE 국립공원.(봉&amp;봉의 국립공원 탐방기)
전라도 캠핑장 추천 여름 여행 떠나보자
장성 맛집 고돈상회 / 광주근교 장성 여행 / 장성... 
겨울철 국내여행 검색은 이걸로 끝! 겨울여행 추천 비대면... 
담양펜션/장성풀빌라 더힐링나인 H룸 뷰도 좋고 온수풀... 
"[장성 카페] 아트리움_atrium, 수영장st카페/장성카페추천... "
장성호 문화예술공원 임권택시네마테크 장성 여행
광주 근교 맛집 장성호 미락마을 장어거리 미락단지 장어맛집... 
함평 생고기 비빔밥 시식評 그리고 함평읍 천지 한우비빔밥... 
전라남도
가을 꽃보러 황룡강~!!
전남 장성 드라이브 명소 &quot;내장산 단풍고개&quot; 그리고 담양가는 길
광주 카페 추천 베스트 6 (ft. 광주광역시 분위기 좋은 카페)
[여행] 장성 ➌ 숲속의 장성호 수변길과 장성댐 출렁길 따라... 
자연이 함께하는 ‘겨울시즌 비대면 안심관광지 25선’... 
붉은 단풍이 아름답다는 장성 '백양사'의 이른 가을 풍경
전남단풍구경 가을빛이 맴도는 아름다운 경치
장성 가볼만한곳 황룡강 생태공원 꽃길축제
장성 데이트코스로 산책하기좋은 장성호 수변길
"광주근교 장성 솔내음물댄동산 캠핑장추천 , 봄 캠핑으로... "
11월축제 : 인기 광주 전남지역 인기 행사 여행지 추천
"오분명상, 유혹을 극복하는 방법.이슈톡세계에서 가장오래된... "
150501 고창 청보리밭축제
[장성 카페] 풍경도 좋고 여유를 느끼기 좋은 장성 여행에... 
코로나 알까
[장성 가볼만한곳] 소박한 영화 촬영지 '금곡 영화마을'
"[캠핑장 추천] 오토캠핑장(전라도&amp;경상도), 따스한 지역에... "
황룡강 생태공원
정읍 가볼만한곳 BEST 7 /  정읍 여행(최신)
[7-1] [新택리지] 전남 영광군  +  전남 특산가 (全南特産歌)
장성황룡강 노란꽃잔치를 알아보고 장성 가볼만한곳인 장성... 
광주근교 나들이 장성 황룡강 10월 가을꽃축제 힐링허브정원... 
장성풀빌라펜션 뷰가 좋은 버틀러라운지 장성 더힐링나인 풀빌라
여름에 놀러갈 곳
장성 글램핑으로 추천하는 불태산 글램핑에서 힐링을 ♬
전라도 갈만한곳 : 광주 전남 전북 행사일정 여행지
장성 황룡강 가을꽃 축제가 열려요!
○ 12. 5박 6일 여행기 - 장성 여행 백양사 고불총림... 
"[山] 2023, 笠岩山 … 2. 입암산성"
장성 무궁화공원 전국서 무궁화 가장 아름다운 곳 선정
단풍 명소 BEST 6 이번 가을 여기는 꼭 가야해
장성 황룡강 생태공원 연꽃정원 수국꽃길 은행나무길은 7월... 
"장성 불태산 캠핑장 이용후기 장점과 단점 (feat. 앵무새,거북이)"
세계유네스코 등재 유산으로 필암서원 유물전시관
장성호 수변길 산책 (장성여행코스)
'한국 치유관광 페스타' 개최
2022. summer vacation
"행사정보/하는곳, 5월 봄축제/봄꽃축제/봄여행지추천!"
장성 불태산 돔 글램핑 광주근교여행 추천
전남 수영장 펜션 1박이 아쉬웠던 장성시우키즈펜션
함평 맛집 추천 7곳
"주왕산, 내장산, 간월재 억새평원 나의 최애 가을 여행지"
장성에 핀 오뉴월 꽃 구경하러 SRT 기차 타고 여행가요
장성 황룡강 노란꽃잔치(2018)
전남 담양 가볼만한곳 BEST 5 소쇄원부터 죽녹원까지
깊어가는 가을 걷기 좋고 힐링되는 명소 3곳 추천
"전라도 여행지/ 민중의 영웅을 찾아서, 홍길동은 실존인물이였다."
민속박물관에서 이색 박물관까지... 박물관 총집합
장성 펜션 편백나무숲 호수전망 풀빌라 더힐링나인
태안 태배길과 비대면관광지 9선
장성에서 광주 퀵서비스 혼적으로 배송 도와드렸어요
충남 예산군 네번째로 길다는 예당호 출렁다리
"[나여기] 단풍명소, 백양사 가을가볼만한곳 추천"
장성카페 스테이196 stay196 :: 야외정원이 멋진 카페!... 
(호남의금강산 내장산단풍18選) 晩秋의상징 내장산단풍18選
"장성 애견동반 여행 ::장성 황룡강 생태공원, 데이트 코스 추천... "
경제사회동향(2023-5-22)
광주근교 단풍 &quot;장성 백양사 단풍&quot; 내장산에 백양사 단풍 후기... 
광주 근교 가볼만한곳 모음 맛집과 카페도 추천
10월 가볼만한곳 베스트10 중에서 TOP5
광주 근교 장성 가볼만한 곳 산책하기 좋은 함동저수지... 
반드시 잡는다 EBS한국영화특선 영화리뷰 (스포 有)
장성호수변길 산책 스릴만점 장성호 옐로우출렁다리... 
장성 가볼만한곳 백양사 남창계곡 홍길동테마파크 장성 캠핑장... 
가을빛으로 물든 무등산 단풍터널·백양사 쌍계루···남도... 
&lt;장성&gt; 옐로우시티 장성여행 가볼만한곳 - 황룡강 생태공원
5월에 가볼만한 국내여행지 장성 황룡강 길동무 꽃길 축제
단풍
"대한민국 방방곡곡 여행박람회 강원도, 전북,광주, 전남 에서... "
추천! 가을정취를 느낄 수 있는 여행지 BEST 5
장성펜션 예락원힐링펜션
신안 가족여행지 저녁노을 미술관
"장성여행 [백련동 편백농원] 한국인의밥상 출연, 백련동 시골밥상"
"장성 가볼만 한 곳 - 황룡강 꽃강, 필암서원, 장성호 출렁다리... "
"광주 근교 드라이브, 산책하기 좋은 곳 내장산 국립공원 장성... "
장성 백양사 고불매 개화상태
노란연꽃~ 엘로우시티 장성!
장성호 수변길 출렁다리 호수 뷰 보면서 걷기 좋은 곳
백암산(내장산국립공원) 백양사
[고속도로휴게소 주변 산 &amp; 여행지ㅣ백양사휴게소(논산 방향)... 
&lt;장성&gt; 백양사의 가을 소경
올 여름 휴가 계획은 ? - Guru's Blog
[여행육아]방장산 연휴 여행 어떠세요?
내장산국립공원 가을단풍  랜선여행하지죠.
거제가볼만한곳  외국 분위기의 아름다운 일출을 볼 수있는... 
백양사와 내장동 내장사
[전남장성][全羅南道長城]북이면행정복지센터 부근의  빈센트... 
전라도 여행 장성 백양사♬내장산 국립공원의 겨울에 가본 절.
세계유네스코 등재 장성필암서원 세계문화유산으로 디자인하다.
장성 편백치유의숲 가까운 숙소 방장산 자연휴양림 가볼만한곳
"국내맛집여행 거제도 성포항 낚시, 성포위판장, 용화횟집... "
"2017 산정호수 명성산 억새꽃 축제 일정, 주차"
"한국관광공사, 건강하고 안전하게··· ‘웰니스관광 비대면... "
"[2021서포터즈] 알록달록 색깔맞춤, 계절따라 떠나는 신안... "
담양펜션 온수 풀빌라 더힐링나인펜션
"축령산 백련동농원 편백나무숲 전남여행,장성여행-3부-[코콕... "
"[장성 여행] 한국의 9대 서원, 도아랑 함께한 장성 필암서원... "
수학여행으로 본 근현대
생생정보 장성 백련동편백농원 삼채 가을빛묵은지 장성호... 
광주 근교 아이와 가볼만한 곳  핑크뮬리 해바라기 장성 황룡강... 
내장산국립공원 - '호남의 5대 명산'을 품고 있는 공원
11월축제 : 광주 전라남도 전남 11월 축제 행사 인기 여행지 추천
장성 황룡강 가을꽃축제 야경 예쁜 야간 포토존 많은... 
[가을여행추천5탄] 볼거리와 먹거리가 가득한 - 전라도 가을 여행
&lt;장성&gt; 장성 여행명소 가볼만한곳 여행명소 - 백양사
[겨울여행지] 백양사 설경
겨울 풀빌라 펜션 더힐링나인
1박2일 추천 여행지 172곳 총정리
커플펜션 추천_겨울 여행을 떠나도 좋아!
연두도 좋고 연꽃도 좋고
코리아플라워파크빛축제.
[전남장성/힐링여행] 아이들과 가족여행 산이네민박
"전남 장성여행 황룡강 노란꽃축제는 취소, 꽃은 만발!!"
잘 먹고 잘 쉬기 좋은 힐링 여행지
(호남권)가볼만한 캠핑장-1
[전남 장성 여행] 핑크뮬리부터 해바라기까지 황룡강 생태공원... 
[엠지아이티] 드론 날릴만한 국내여행지 (전라도편)
담양펜션 온수풀빌라 더힐링나인
[장성여행] 광주근교 분위기있는 한옥카페 '구르미머무는'
"이색 마을, 풍물 마을 모음"
장성 봄 여행지 유네스코 세계유산 필암서원의 매화향이... 
[축제 소개] 가을의 끝자락에서 즐기는 가을 축제!
[생방송 오늘저녁] 2022 9월 13일 (화) 방송정보
가을에는 역시 단풍축제! 국내 나들이 장소 추천
p :: [오늘 저녁]소리로 맛보다 자연밥상 섭 캐는 잠수부 자연산... 
&lt;특집&gt;고유가가 전남관광산업에 미치는 영향 및 대응방안 -1... 
광주 근교 맛집 '장성 학교가자'
개미랑 노는 베짱이 치유의 숲 편백나무 숲길 산책코스 한국화... 
"[일상다반사] 오메~ 단풍들겄네, 전국 가을 단풍 명소!"
건강하고 안전하게…'웰니스관광 비대면 안심관광지 9선' 추천... 
장성 황룡강노란꽃잔치 꽃축제 보고 장성맛집 찍고
[사월의 숲] 국내 최대의 인공조림 편백숲 축령산으로
수십억 송이 계절꽃 피어난 장성 황룡강…16일까지 가을축제
[댐아래 오리마을 &amp; 게장백반] 장성에서 만난 오리 맛집... 
"전남 단풍명소, 장성 백양사로 힐링 여행!"
장성 황룡강 가을꽃축제 초대 가수 불꽃놀이 낙화놀이
2015년가을여행! 전국가을축제입니다
남도에서는 남도한식 장성맛집 유진회관
[담양여행] 장성 모던 스파펜션 &quot;반디앤블루(Bandi and Blue)&quot;
[전라남도]SNS서포터즈 위촉장 수여식 및 SNS전문교육... 
강원도 여행지
백암산 백양사 겨울 풍경 (2014.01.05)
"[부름 생활 꿀정보] 훌쩍 다가온 여름, 어떻게 더위를 탈출할까?"
활짝 만개한 장성 노란 꽃 축제 - 단풍 축제(11/2~11/11)
걷기 자료
여행 2일차-단풍명소 장선 &quot;백양사&quot; 방문후기
장성 &quot; 오데온 (odeon) &quot; 제주도같은 넓고 시원한 뷰 / 신상카페... 
장성 황룡강 생태공원 전라남도 꽃구경 여행 봄 데이트... 
우리술 프리미엄 막걸리 추천 - 청산녹수 산소 막걸리 라인업 소개
장성 펜션 : 레드브릿지 낭만가득 영화같은 숙박지
"[캠핑장,오토캠핑장]가인야영장[백양사오토캠핑장]"
"장성 초동순두부 줄서서 먹는 맛집, 대기 2번이 대기 1번보다... "
"[가을여행지추천]장성황룡강생태공원,팜파스,황화코스모스... "
백양사 &amp; 내장산 단풍 시기 &amp; 주변 숙소
장성황룡강 노란꽃잔치.축제취소/해바라기 절정 노란꽃 세상... 
내장산단풍+내장사 당일여행 / 가을에 흠뻑 빠지다
돈까스에 반한 장성 밥집 온다
장성 여행 가을에 가기 좋은 카페 구르미 머무는
장성여행 &gt; 단풍구경 in 새싹꿈터 + 장성호 관광지 + 백양사... 
가을의 낭만을 만끽하자! 국내외 단풍 명소
장성 황룡강 가을꽃축제 황룡강 야경과 꽃길 걷기대회
장성 남창계곡 광주 주변 계곡 내장산국립공원에 있어요
장성 백암산 산행.(2014.01.19...93번째)
좋은여행 ~ 정읍 내장산~ 단풍구경
"장성 카라반 / 장성 행복드림 관광농원 , 광주 근교 캠핑 장성... "
호수변 공원 - 광주 / 장성 여행 ( 4 )
[장성신협] 청춘 체크카드 이벤트 &quot;청춘을돌려다오 ♪&quot;
(영상) 가족들과 가기 좋은 치유 여행지는?(장성 축령산... 
아름다운 길 100 選
한국의 아름다운 길 100선. 무주 구천동 국도 37호선 드라이브... 
장성 축령산 편백숲 삼나무산림욕 장성가볼만한곳
"한반도 첫 수도, 고창 가볼만한 곳 베스트 10"
따뜻해진 봄 날씨에 가기 좋은 전남 등산지 추천
국내가족여행 추천 장소 알아보자!
## 최 장수 프로그램 장성아카데미를 찾아가다##전남... 
환상의 드라이브코스 = 장성 백양사
* [여행] 죽기전 꼭 한번 가봐야할 곳 백양사(白羊寺) *
[ 코로나로 집콕 중이라고 ? No ! ] 조용하게 자연을 배경으로... 
담양펜션/담양풀빌라/ 담양가족펜션/메타프로방스/ 담양여행... 
전라도 가볼만한곳 : 인기 광주 전남 전북 축제 행사 여행지 추천
[전남 장성] 방장산 자연휴양림
"장성 홍길동테마파크, 문수산·통안천이 품은 배산임수의 전형"
전남여행 가을에는 자연과 함께 하기!
"로컬푸드, 지역 특산물 유통망으로 자리 잡을  수 있을까?"
가을 단풍놀이 보기 참 좋은 계절! 2016 전국 가을... 
장성 여행 백양사근처 레드브릿지 펜션
"장성꽃축제,가을축제 노란꽃 잔치 장성 옐로우시티"
아차산 동행숲길·강화 동검도…'비대면 안심관광지’
완도김 필수 밥반찬 남도장터 완도김
장성출렁다리도 보고 장성맛집인 '학교가자'에서 맛난... 
[국내여행] 가을 오색 팔레트 국내여행 단풍명소추천
"장성 백양사 템플스테이, 치유 관광 활성화 기대"
(장성맛집 )&lt;십남매농원의토종닭&gt;[단체민박]윤현주미녀힐링강사... 
담양펜션 ◀▶ 담양풀빌라펜션 - 더힐링나인
"5월 국내여행지 추천 전북 고창군, 청보리밭 풍천장어 복분자"
여름철 계곡산행여행지와 주의점
여름철 광주 근교 가볼만한 곳
장성 축령산 편백나무숲에서 힐링하세요.
장성 맛집 '젠시오 수타면 중화요리' 내돈내산
3월축제 2014 : 광주 전남 전북 지역 3월 인기 행사 여행지 추천
"가을여행,장성 제22회백양 단풍축제!~ 11.2(금)~11.11(일)/장성... "
10월 전라도축제 : 광주 전남지역 인기 가을여행지 추천
[1박2일 여행지 추천]1박2일 여행지-200여 곳 모음
[고창여행] 고창 가볼만한 곳 베스트 10
장성여행에서 빼놓을 수 있는 장성삼채를 만나다..
담양 가족여행
정읍 가볼만한곳 - 단풍 명소 내장산 국립공원
[전남장성]장성황룡강노란꽃잔치 코스모스 핑크뮬리... 
[가을특집] 추천 가볼 만한 곳 ‘한국의 서원’
장성 축령산
[장성]  백양사  단풍명소 애기단풍 멋져요!
전남 장성 황룡강 꽃길축제 5월 24일~26일 3일동안 한다
장성황룡강노란꽃잔치는 장성 산소축제 필암서원과 함께 즐겨요.
부모님과 여행하기 3탄(가족여행) ; 5월 전국축제
[11월여행추천] 11월축제추천 / 11월 가볼만한곳
장성가족펜션 '홍길동건강펜션'에서 산림욕과 함께 힐링여행
"축제, 신록 예찬하며 낭만에 빠지다"
장성홍길동테마파크 고흥팔영산악회 장성여행
"고즈넉한 장성, 고산서원을 가다"
남도산행(1) 입암산성길...
[단풍명소/단풍산행지 추천] 2017 단풍시기 확인하고 가을... 
선조들의 역사적 숨결 흐르는 장성 향교를 찾아
국내여행 165건
전국 캠핑장 리스트 (기타 시도)
[장성] 구르미머무는 :: 장성카페맛집 마당넓은 한옥대형카페... 
[전라남도 여행지 추천] 보성 녹차밭과 순천의 낙안읍성
장성더힐링나인 E방후기: 4살아이의 행복한 아기상어된 가족... 
산악동호회 국내 내장산 버스투어 여행 25인승 전세버스 후기
[전남장성]황룡강생태공원 봄꽃10억송이 봄꽃축제
"담양 여행코스,당일치기로 아름다운 풍경과 먹방까지~"
장성여행에는 장성삼채! 삼채효능 만큼이나 꼭 가면 좋은... 
관광적자 14조원 10년 이면 140조원이 됩니다. 지역경제... 
여름철 숨은 비경 싱그러운 백양사 풍경!
[가맹점소식] 문화누리카드 11월 신규 가맹점 소식(2022.... 
봄여행지 걷기좋은길 장성 축령산 삼나무편백숲
관광공사 추천‘1월의 가볼만한 곳’
광주 전남 전북 지역 인기 봄축제 봄꽃여행지 추천 2016년
[2023년06월26일] 투자관련 핵심뉴스 (4)
2016 국내 피서지는 여기!
■ 푸른 섬나라 오키나와 기행 ■
함께 즐겨요! 전국 가을 축제 정보
가을단풍축제추천 어디어디가있을까?
백양사 맛집 :: 백양사 근처 맛집 백양전통식당
&quot;한 잔도 안돼요&quot;...
[가을특집] 추천 가볼 만한 곳 ‘한국의 서원’ ⑥장성 필암서원
[장성] 남창계곡- 아이들 물놀이 장소로 좋아!!
[전남포인트] 홀로 외로이 떨어져 있음에 더 아름다워 찾는 곳... 
"전라남도 새꿈도시 팸투어 귀농, 귀촌으로 담양, 장성 어디 갈까?"
전남 가을축제. 장성 황룡강 노란꽃잔치 10억 송이... 
"겨울여행, 비대면 안심관광지 25선!"
우리나라 전통이 그대로! 전라북도 남원여행!
광주단풍여행 백양사 단풍 놀이 광주근교 단풍여행 백양사... 
"장성 가볼만한 곳 | 필암서원에서 홍길동테마파크까지, 장성 여행"
사진찍기 좋은 명소 - 문화체육관광부 추천
담양호와 무등산 드라이브
오늘(5월 8일)의 추천 여행지(340) - 담양 메타쉐쿼이아길과... 
10월 인사말 모음 문구 모음집
남도 11월추천관광지 오메! 단풍들것네 보성... 
[장성글램핑] 전남 글램핑추천 장성산아래글램핑
전남장성가볼만한곳 명소들을 소개합니다! ^^
[단풍여행/단풍축제] 짧아진 가을을 잡아라! '가을'제대로 즐기기
전남 고창 장성 당일치기 버스여행 - 축령산 편백숲
다시보는 백양사 쌍계루
"장성맛집추천,백양사근처맛집,전남맛집,백양사음식점"
[장성신협]청춘체크카드 이벤트 &quot;청춘을돌려다오 ♪&quot;2017
여행꿀팁/10월축제 * 단풍/먹거리/문화축제 일정 및 장소정리 !
눈과 입으로 즐기는 다양한  &quot;가을 여행&quot; 속으로 떠나보자.
"순창고추장, 어디에서 맛볼 수 있을까?"
포항미용학원 단풍시기 추천!
"광주 근교 드라이브, 산책하기 좋은 곳 내장산 국립공원 장성... "
개미랑 노는 베짱이 장성 반고흐 벽화거리 어디? 지붕 없는... 
충북 단양군 영춘면 남천리의 가을과겨울
장성 가볼만한곳! 광주근교 장성 맛집 손달옥한방왕족발
“눈도 입도 가을의 절정 만끽하세요”
고창/장성 방장산 등산코스
03. 초등 동기 회갑 여행 1박2일(대부도)
내장산 등산지도 10곳 총모음 내장산 등산코스
애기 손처럼 예쁜 단풍숲 `백양사`
[보령여행] 서해의 또 다른 힐링성지 성주산자연휴양림
인터넷 신문 사이트모음
[내장산 등산지도]내장산 등산지도-10코스 총 모음
"日 홋카이도 최북단 고교생, 1975년부터 한국서 '만돌린 연주... "
단풍명소 내장산국립공원 백양사로 가을 단풍여행 다녀왔어요.
전남개발공사 : ) 전라남도 단풍 구경 갈 만한 곳
내장산 국립공원 백암산 상왕봉 산행 ①
내장산 백양사 단풍 절정시기 완전 예쁜 가을 남도 여행
호두과자와 함께 가을 여행 즐기세요~
다시보는 감동의 순간 백양사 쌍계루
전국에서 무궁화가 가장 아름다운 곳은 어디일까?
내장산 단풍여행
"전남 데이트 코스 추천, 전남 장성 반고흐벽화마을"
임권택 시네마테크 장성 가볼만한 곳 전라도 여행지 추천
장성 병풍산 편백 숲 트레킹길
"[ 전남/장성여행 ] 가을의 전령사 꽃무릇, 금곡영화마을"
오늘저녁 요술램프 주전자카페 커피한잔할래요
장성 황룡강 노란꽃잔치
"영산강 체험 2 - 마음의 평화를 찾다  담양, 장성"
"차박 캠핑 해볼까, 편백 산림욕 즐길까…집콕 생활에 지친 당신... "
가정의 달에 가볼만한 곳! 장성 황룡면 홍길동 테마파크∼
10월 가볼만한 곳. 한국관광공사. 통영 거제도 제주도여행... 
장성 축령산 (2010년 - 62차)
애기단풍추천 여행 장성 백양사 단풍축제 2019
담양펜션 메타978 다녀오길 정말 잘했어요
"진솔세상 ,진솔여행,추천여행지_가족,연인,커플,모임여행... "
[코알라의 전라도 오토캠핑] 전라도 오토캠핑을 앞두고 계획짜기
테마별 가을 여행지
사계절 힐링지 무등산 편백자연휴양림
장성 여행지 추천 꼭봐야할 장성 8경 고고씽~
