"@ 전북 부안군 / 변산 마실길... 팁, 가는 법, 포토스팟) 5월 여행지"
전북 부안군 변산반도에서 여름휴가
"전북 부안군 국내여행 1탄 (고마지구농촌테마공원, 격포항)"
4H 경진대회 부안군 홍보 영상 촬영! 전북 부안 여행지 추천
전북 부안군 포레도 치유정원
전북 부안군 변산반도 여행기
전북 부안군 1박2일 여행 '부안 수산물 시장... 
전라도 여행지 추천 전북 여행 부안청자박물관
11월 여행지 전북 여행 드라이브 코스 부안 곰소항
전북여행 전북 부안군 변산면 격포항 채석강 2022.11.12
전북 부안 채석강(彩石江) /전라북도 부안군 변산면 격포로... 
부안 가볼만한곳 전북 여행지 추천 국내 축제 부안 마실 축제
전북 여행지 추천 부안 내소사 입장료 유명한 가볼만한 절
전북 부안 가볼만한곳 전라도 10월 여행지 추천... 
전북 부안군 변산면 격포리에 있는 &quot;채석강&quot;의 겨울을 보러... 
전북 부안 가볼만한 곳 곰소염전 사진 명소 여행지
[차박 캠핑] 전북 부안군 여행(4/5) : 부안 가볼만한곳... 
부안 가볼만한곳 전북 여행지 추천 변산마실길 1코스... 
전주 근교 드라이브 I 전북 부안 여행지 당일치기 코스 추천
"[부안여행] 부안 수성당 유채꽃, 부안여행지, 전북 꽃구경"
여행지 부안마실축제 부안여행 수성당 전북 유채꽃 전북 여행지
전라도 여행지 추천 전북 드라이브 코스 부안 매창공원
전북 여행 부안 내소사 전나무숲길 국내 여행지
전라도 여행지 추천 전북 부안 가볼만한곳 변산반도... 
전라북도 여행지 추천 가볼만한곳 전북 드라이브 군산 새만금... 
전북 여행지 추천 부안 가볼만한곳 변산 마실길 6월 꽃구경... 
전북 부안 가볼만한곳 전라도 여행지 추천 5월 봄 축제... 
"전북 고창 가볼만한 9월 여행지, 선운사 꽃무릇"
전북 가을 여행지 추천
영화 &lt;변산&gt; 개봉! 변산이 위치한 전북 부안군의 가볼 만한 곳은?
[테마 여행 #8] 전북 부안군의 오디와 뽕 테마 여행
전북 부안 여행지 추천 위도 국가지질공원 암석 대월 습곡 등
[전북 부안군] 변산반도 가족여행 ① - 부안자연생태공원
전북 부안 변산반도 가볼만한곳 여행지 리스트
전북 여행 여행지 추천 변산반도 부안 변산해수욕장
부안 채석강 그리고 줄포만 갯벌생태공원 전북여행지
[여행지 펜션 추천] 전북 부안군 개암힐링찜질방 펜션+찜질방... 
"부안 가볼만한 곳 - 부안의 숨겨진 여행지, 부안군 줄포면... "
국내가족여행 전북여행지 코스로
고창 핑크뮬리 축제 꽃객프로젝트 전북 여행지 추천
전북 여행지 추천 국내 당일치기 여행 부안 내소사 솔섬 일몰
전북 여행지 가볼만한곳 변산반도 채석강
전북 여행지 추천 새만금 방조제 홍보관
전북여행지 코스로 부안 오복마실축제 어떠세요?
서해금빛열차타고 가볼만한 전북여행지5
전북 부안군 변산반도 여행... 변산반도 여행지(곰소염전)... 
전북 여행지 추천 부안 여행 부안 마실길 8코스 줄포생태공원
전북 부안 가볼만한 곳 주상절리와 페퍼라이트 등 멋진 경관을... 
목포 가볼 만한 곳 자연사 박물관 공부도 되는 여행지추천
"전북 부안 가볼 만한 곳｜시고르 잡화점, 곰소염전, 적벽강... "
국내여행 전북여행지 추천 격포항과 위도 지오트레일... 
전북 부안 변산반도 여행지 추천 아이들과 가볼 만한 곳 채석강
전라북도 부안군에 이런 박물관이 있다. 부안 청자 박물관
"[전북/부안] 내변산(內邊山) 산행 후기, 내소사 여행 사진... "
여행이좋다 :: 부안 여행지 추천 전라북도 한달살이 육일째
전북 부안 가볼만한곳 솔섬... 일몰 명소 연말 해넘이 바다 여행지
"전라북도 추석 비대면 여행지 - 전북 천리길, 생태관광지 추천"
전라도 여행지 추천 부안 여행 변산반도 국립공원 부안 내소사
전북부안여행. 부안개암사
"전북 여행지 격포해수욕장, 소노벨 격포 리조트 근처 바다... "
8월 국내 여행지 추천 부안여행 부안 바다 모항 갯벌 해수욕장... 
"[전북 부안] 자연 속에서 즐기는 힐링 쉼터, 줄포만갯벌생태공원"
가을 국내 여행지 추천 전북 임실 가볼만한곳 임실치즈테마파크
전북 여행 부안 가볼만한곳 변산해수욕장 부안 바다
2023 부안 마실축제 여행지 추천 부안 가볼만한곳 전라도 여행
부안 변산 해넘이채화대 격포해수욕장 전북여행지 추천... 
국내 조용한 여행지 : 전북 부안 곰소염전 한적한 사람없는 곳
전북 부안 가볼만한 곳 내소사... 가을 국내 가족여행지 추천
전라북도 여행지 추천 가족여행 가볼만한곳 전북 부안 변산... 
"전북 부안군 초밥 맛집, 부안초밥집, 영수증, 오도로초밥... "
전북 부안 변산 맛집 가볼만한 곳 &quot;조개미집&quot; 바지락 칼국수... 
전북 가볼만한곳 | 부안... 샤스타데이지 명소 주차 5월 여행지
5월 전북 부안 가볼만한곳 채석강 해식동굴 부안마실축제 등
"바다에 떠 있는 연꽃을 닮은 섬, 전북 부안 하섬 여행"
전북 부안 뚜벅이 혼자여행 코스 채석강 해식동굴 물때 궁항... 
7월 8월 국내 여행지 추천 전북 가볼만한곳 부안 여행 내소사... 
전북부안맛집 계화회관_백합전문점/조개요리
전북 부안 가볼만한곳 변산반도 채석강 해식동굴 물때표 보는법... 
여행 변산 가볼만한곳 전북 서해안 드라이브 서해 여행지 추천
전북 정읍 가볼만한곳 광주 전주 근교 전라도 여행 추천 신태인... 
전라도여행/ 변산반도 부안 채석강/ 해식동굴 물때확인하기
전북 부안 변산반도 국립공원 여행 전라도 여행 채석강 해식동굴
전라북도 여행지 추천 부안의 명소와 핫플 포토존 부안... 
"전북여행, 곰소항 근처 관광지, 주말 당일치기 여행지 추천... "
[맛집]전북 부안 남도꽃게장
전라도 여행지 추천 전북 부안 변산 소노벨 노블리안골드 숙소
전라도 여행지 추천 익산... 내소사 변산반도 채석강 전북 여행
여름 여행지 추천] 인생샷 촬영 포인트가 있는 바다 여행지... 
[전라북도/부안군] 전라도 여행가볼만한곳  변산반도 부안... 
따듯한 봄에 놓치면 안되는 4월 여행지 추천 장소 5곳!
"내소사,변산반도,변산반도여행지,전북에가볼만한곳... "
대한민국 대표 여행지 전북 부안 채석강 격포해수욕장
[전북여행/부안여행/부안여행지추천/전북여행지추천/곰소염전... 
"국내여행지 추천, 변산반도 국립공원 (전북 부안군)"
- 전북-부안군 내소사 - 여행안내 -
전북여행-변산반도 부안군| 채석강과 솔섬낙조
강추 섬여행~ 여름 휴가 도보여행  '고슴도치 섬' 전북 부안군... 
정읍 놀거리 아이와 가볼만한곳 관광 명소 전북 여행지 추천... 
전북 부안군 김인경원조바지락죽 솔직 후기 (feat. 변산반도)
[변산반도]채석강과 적벽강/전북 부안 여행지-이태백이 노닐다
[전북여행/부안군] 전북 부안 당일치기 힐링 여행 ▶ 채석강... 
전북 부안 변산해수욕장 포함 부안 가볼 만한 여행지입니다.
전북여행지추천[군산여행♥군산세관♥군산근대미술관... 
전라북도 부안군 가족여행 변산해수욕장 주변 숙박 추천
부안 볼거리 아이들과 갈만한곳 전북 여행지 명소 추천 10... 
"모항갯벌해수욕장, 부안군 변산반도 무료 노지 캠핑여행지로... "
전북 부안 가볼만한곳 2023 부안마실축제 외 부안 여행
첫 여행지 부안 매창공원. 전국여행 도착지 부안. 전북 가볼... 
"전북 부안군 변산반도 여행... 해물탕),변산반도 여행지(채석강... "
봄꽃 개화시기 직접 다녀온 봄꽃여행지 BEST 10
"전북 부안군 관광(곰소항, 내소사, 채석강 등)"
부안 가볼만한 곳- 주변의 산세가 아름다워 고즈넉하게... 
"전북 부안 가볼만한곳, 휘목 미술관 카페"
[국내여행지추천지] 버스대절해서 전북부안군 개화도를 가다 !
[겨울바다 부안 변산반도 격포항]국내여행지 채석강/전주근교... 
변산반도 부안 수성당 유채꽃밭 적벽강 전라도 여행지 추천... 
[전북부안|여행지] 소노벨 변산 호텔앤리조트 스위트오션뷰... 
&lt;부안&gt; 국내 가볼만한곳 서해안 섬여행지 전북바다 위도 배편... 
&lt;부안&gt;서해안 섬여행지 추천 전북바다 아이와 가볼만한곳-위도... 
전북 부안 곰소젓갈발효축제 일정 근처여행지 알아보기!
&lt;부안&gt; 서해안 바다 여행지 추천 전북 변산반도 여행 - 격포항... 
폭설내린 내소사의 아름다운 설경 |전북여행
부안누에타운 - 가족 나들이로 좋은 전북 여행지
국내 1박2일 여름 여행지- 전북 부안 변산반도
&lt;부안&gt; 서해안 섬여행지 추천 전북 부안바다 - 위도... 
봄 여행지 추천 봄꽃구경 전국 70곳 인기순 모음 3월 4월 5월... 
&lt;부안&gt;전북 가볼만한곳 변산반도 여행지 추천 드라이브 코스... 
국내 힐링여행 전북 여행 드라이브 코스 전북 부안 개암사
&lt;부안&gt; 국내 여행지 추천 전북해변 변산반도국립공원-적벽강... 
전북 정읍 가볼만한곳 베스트10 여행지 추천
가을 맞이 국내여행지 추천 : 고양시 자매결연도시
부안 여행 가볼만한곳 채석강 부안위도 대월습곡 전북여행지추천
여름 국내 여행지 추천 1박2일 부안여행 전북 가볼만한곳
전북 부안 가볼만한곳 채석강 변산 일마레 리조트 &amp; 베이커리 등
전북 부안 여행 아이들과 함께 가볼만한 곳 농촌체험 추천
"전북 여행지 천리길을 걷다 ;  부안 마실길 채석강, 솔섬, 수성당... "
[여행지 추천/풍천장어/고창] 전북 고창에서 풍천장어와 함께... 
전북 변산 일마레변산리조트 / 일마레제빵소 (ft. 가족여행지로... 
"부안 격포항, 부안 여행지, 서해바다 [전라북도 부안군] - 14.09.27"
여자친구와 놀러가기 좋은 전남/전북 여행지 추천 5월축제
"국내여행 5월 가볼만한곳 꽃구경,힐링 여행지 13곳"
여행지 추천 국내여행지베스트10 5월 꽃구경 서울 경남 전북등
전북부안여행-변산반도 채석강과 해식절벽과동굴 그리고 격포항
"[전북 부안] 부안이 사랑한 찐빵, 슬지제빵소"
"우리나라 갈대밭 여행지 4선/순천만습지, 신성리 갈대밭... "
전북 부안 여행 주말에 아이와 가볼 만한 곳... 
]전북]부안군 당일 여행~★ 개암사+생생정보통 미스터 리에 나온... 
가을여행지 부안 변산반도펜션 및 횟집 등 후기
부안 여행 자연경관이 아름다운 변산반도국립공원 격포항... 
[스마트도어 monban] '전북 부안군 격포항 여객 터미널... 
"전북 이색여행, 어슬렁어슬렁 길 투어(천리길 연계 코스... "
전북 계곡&amp;해수욕장 살펴볼까요? 더운 여름을 시원하게 보낼 수... 
"전북 부안, 부안숙박 브라운도트 프리미엄 골드 숙박&amp;무료조식... "
"[전북 부안] 격포해수욕장 근처 바지락죽 맛집, 부안 맛집... "
&lt;부안&gt; 국내 가볼만한곳 서해안 섬여행지 전북바다 고슴도치섬... 
&lt;부안&gt; 서해안 여행지 추천 전북 갯벌 일몰명소... 
부안 가볼만한곳 베스트10 추천 전북 여행지
전북 부안 여행 :) 강아지랑 부안군 반려동물 놀이터에서... 
전북 군산 여행 가볼만한곳 BTS뮤비 촬영지 새만금홍보관
전북부안 글로리즈펜션
전북 부안 변산반도 가볼만한곳 변산 해수욕장 채석강 등
바다와 산을 동시에 즐기는 여행지 3선/통영 사량도 지리산... 
부안 핑크뮬리 (전북10월여행지추천)
"전북 부안 여행지 추천 새만금홍보관, 부안댐물문화관... "
전북 김제 가볼만한곳 베스트10 여행지 추천
전북여행/부안 모항 해수욕장과 해나루 가족 호텔
농촌체험과 부안상설시장 구경으로 알찼던 전북 부안 여행
전북 군산 가볼만한곳 드라이브 하기 좋은 새만금방조제 후기
[전북 부안] 여기가 바로 국내 노을 맛집&amp;찐빵 맛집!
'2022 전북 아시아·태평양... 전라북도 가을 비대면 여행지'
국내여행지베스트10  9월 여행지 추천 핑크뮬리 상사화 억새... 
"부안펜션 태왕리조트, 멋진 노을뷰 변산여행지 부안가족펜션"
"전북 가 볼 만한 곳, 채석강, 격포항 요트 마리나, 전북여행"
전북여행 부안 실내 가볼 만한 곳 부안누에타운
전북 부안 가볼만한곳(변산... 격포해수욕장) 전라북도 여행지추천
전북 부안군 변산면 헐리우드펜션 5%할인받고 예약하기
전북 여행 가볼만한곳 : 부안 변산반도 채석강 해식동굴 물때
가성비값 아이들 체험공간 추천해요~ 변산반도 근교 여행지
전국 유명 사찰 여행지 부안 내소사 &amp; 맛집 카페
여행기 - Trip to 전북 부안군 변산 [맛집/숙소 추천]
"전북 변산 숙소, 소노벨 변산 대명리조트 호텔 스위트 오션뷰... "
새싹트는 봄 따라 식욕 솟네! 입맛 돋는 봄 여행지 5곳
남원 지리산 허브밸리 고창 라벤더축제 청농원 5월 전북여행지... 
‘無車 여행지’ 전북…관광지-축제 등 85개 코스
"영화 &lt;변산&gt; 촬영지, 전북 부안에서 노을 보고 왔습니다."
[전라북도여행] 전북 베스트 여행지 13
군산 새만금방조제 드라이브 하기 좋은 서해안 여행지
9월 여행지 추천으로 하순 금호리조트 아쿠아나와 무창포... 
전북 여행지 추천 변산반도 국립공원 채석강 내소사 부안 여행... 
가족여행 전북 캠핑장 여름 물놀이 모항해수욕장
[애견동반여행] 4월 말 충남 부안군 변산반도에서 1박 2일
"즐기는 일마레 제빵소 :) 일마레 변산리조트, 서해 여행지 추천!"
젓갈정식 밥상과 함께하는 부안여행지 곰소염전 가는 길
"[전북 부안] 전북에서 두 번째로 큰 미술관, 야외 조각 공원이... "
부안군 귀농귀촌 홍보영상 공모전
야경을 볼수 있는 부안 추천여행지 매창공원
바람섬_여행지 드라이브 애견동반 부안 브런치카페
"‘인생샷’ 남기고 싶은 여행지, 여기 어때?"
부안군
전라도여행추천_6월여행지추천_국립변산자연휴양림_내소사
전북 부안 가족 친구 여행코스 가볼만한 곳 변산온천산장... 
"변산반도, 2018 가을여행주간 국내 가을여행지 추천!"
전북 부안 변산반도 채석강 ft.물때 시간표
부안군 솔섬~
[03/04/20] 전북 부안군 변산반도 채석강...
"전북 부안 가볼만한곳 채석강, 내소사 등등"
전북 가을축제 곰소젓갈발효축제 초대가수 및 부안 여행지... 
전북 부안 가볼만한곳 - 신재생에너지테마파크에서 만나는... 
전북 여행 가볼만한곳 : 부안 내소사 절 변산반도 국립공원
전북여행 부안 _ 변산반도... 격포해수욕장) 가볼 만한 여행지
크리스마스에 연인과 함께 가면 좋은 전라북도 여행지 6곳을... 
전북 가볼만한곳 부안 여행코스 &amp; 부안마실축제 2019
전북 부안 곰소염전과 곰소항 그리고 나룻산공원
"(2022년 1월여행) 전북 부안 드라이브, 드라이브 코스. 부안... "
[전북여행지] 부안 내소사
"가을 여행지 부안 내소사, 가을 단풍 명소 핫해!"
전북 부안 여름여행지 Best7 - 부안에서 피서 즐기는 방법
부안 여행 오복마실축제 가족여행지 로 계획 中~
국내 여행지 추천 : 전라도 부안 격포 해수욕장 해변 변산반도... 
전북 부안여행 3일차_소노벨변산 오션플레이 솔직후기... 
채석강 해식동굴 전북 부안 여행지로 추천해요
"부안군 곰소항 현정이네횟집, 서비스가 놀랍다"
부안  닭이봉전망대_부안군지질공원안내소_격포항_채석강
［전북맛집/부안맛집］ 갑오징어 돌판구이와 백합죽이 별미인... 
2023 새만금 팸투어 전북 군산 부안 가볼만한곳 1박2일 여행... 
전북 부안 5월 여행지 꽃구경 추천 - 파란곳간 | 변산마실길
국내 봄 여행지 추천 2019 봄꽃축제 70곳 전국 모음
전북 부안 솔섬
부안 누에타운! 변산해수욕장 근처 아이랑 전북 여행지 추천!
"전북 부안 여행 곰소젓갈 단지 부안 젓갈 맛집, 전북 여행, 가족... "
[부안영상테마파크/전북여행]사극 영화 드라마 단골 촬영장소... 
"부안 맛집 백합죽 원조, 계화회관 _ ft. 부안여행지"
"전북 여행지  익산,김제,부안,군산 후회없는 전라북도... "
"[양정민의 스포츠농담] 부안군의 아들에서, 부천의 주장이 된... "
"5월 걷기여행지, 격포항부터... 코리아 둘레길, 전북 부안... "
부안 솔섬의 황홀한 낙조 풍경[여름 여행지 / 출사지 추천]
"전북 부안 '내소사' - 변산반도 가볼만한곳, 부안 관광지"
부안여행 부안 채석강 해식동굴 물때 채석강 주차... 
전북 부안 여행 '아름다운 모항 독채펜션' 숙소 후기
한국관광공사 추천여행지 4곳
부안 가볼만한 곳 전북 핑크뮬리 무료 부안군 줄포만갯벌생태공원
전북 부안 숙소 신규 오픈한 부안관광호텔 즐거운 호캉스
전북천리길 스탬프투어 부안군 완주 인증서 및 기념품
전북 드라이브코스 부안 적벽강 수성당 유채꽃밭 하섬 바다
전북 부안 가볼만한 곳 내소사 겨울 여행지 추천
"부안여행 곰소염전 &amp; 곰소항, 국내여행지추천"
부안수국 그리고 부안추천여행지:  슬지제빵소 곰소염전... 
배안타도 되는 섬 / 부안 채석강 / 부안 여행 /전북 여행지 추천
맛나게 먹었던 집/개암사 가는 길/부안여행/전북 부안 가볼만한 곳
[전북]부안 가볼만한곳 변산마실길 '샤스타데이지'
"전북가볼만한곳,전북여행지추천으로  부안변산반도의... "
&lt;부안&gt; 전북 가볼만한곳 부안 일출 여행지 추천 코스 - 계화도 솔섬
전북기념물제28호) 초등 4학년 사회교과서 수록 여행지... 
전북여행-개암사ㅣ한 박자 느리게 피는 부안 벚꽃과 함께... 
"부안군(채석강, 내소사), 고창군(선운사, 고창읍성, 신재효... "
[전북 부안 카페] 부안 필수 코스로 자리 잡은 - 슬지제빵소... 
"#전주맛집,블로거가 소개하는 7월 변산반도 여행지~"
전북여행지추천`맛과멋이 있는 아름다운 여행/전라도가볼만한곳
여행지 - 5월 사진촬영지 [촬영지소개/봄사진여행/5월여행지... 
"전라도 여행지 추천 변산해수욕장 캠핑, 맛조개 잡기까지... "
광주 근교 여행지 부안 맛집 선은재 삼계탕
"［변산반도］ 변산반도 최고의 여행지.. 채석강, 적벽강"
"전북 여행지 소개, 전북 부안 모항마을"
"부안 석불산 꽃무릇축제, 소나무숲 배경 아늑한 정원 속... "
"국내여행지 전북 가볼만한 곳 Best4 : 담양 죽녹원, 부안... "
부안 가볼만한곳 국내 가족 여행 추천 변산해수찜 가격 예약
"2023년 가을에 꼭 가야할 전국 단풍 명산, 명소 추천"
"부안 내소사, 템플스테이와 맛집이 가능한 여행지+전나무숲길... "
가을바다여행 전북 부안 변산반도 채석강 물때 시간 필수!
2023 새만금 팸투어 전주 군산 1박2일 여행지코스 가볼만한곳
"전북 부안 여행지 추천, 전북 부안 부안댐"
부안군│부안 가볼만한곳 내소사 변산반도 국립공원 여행지... 
전북 부안 내소사 아름다운 길
"전북 부안 변산마실길 샤스타데이지 보고 왔어요, 현재 개화... "
"전북 힐링 여행지, 전북 부안 자연생태공원"
전북 여행 부안 채석강 해식동굴 격포해수욕장 격포항
"[부안여행] 별에서 온 도민준도 몰랐던 부안 시간여행지, 23번... "
홍보대사 남상일과 떠나는 안심여행지도 - 비대면 여행지 ③
가을 주말 여행지 추천! 대한민국 구석구석 어플 사용법
"전북 부안 애견 동반 카페 곰소리11, 곰소항, 소금 빵, 곰소염전... "
전북 변산 내소사 단풍 보며 걷기 좋겠어
채석강_(전북 부안 여행 #3)
[전북] 적벽강 (赤壁江)
[광주 근교] 전북 가볼만한 곳 - 부안 변산해수욕장
[광주 근교] 전북 가볼만한 곳 - 채석강
[전북/부안] 변산대명리조트로 출발~!! 예리의 변산여행 - ①
[전북/부안] 2대로 내려오는 찐빵집 ‘슬지제빵소’ 주말... 
2020년 마지막 여행은 어디로? 여행지 추천
채석강. 격포 해수욕장. 변산 해수욕장. 여름 여행지 추천
전북 부안 여행 부안 회 센터... 지질공원 전북 주말여행 가족... 
하드론이 추천하는 이달의 여행지 변산반도 &amp; 변산반도 맛집
"전북 체험학습 여행지, 전북 부안 누에타운!"
"전북 부안 가볼만한곳 10곳 :: 채석강, 격포해수욕장, 적벽강... "
집현면 직원MT-전북 군산 고군산군도와 새만금방조제
전북 부안 변산 여행 가볼만한곳 솔섬 &amp; 궁항 전라좌수영
전북여행지 곰소항추천~!
부안 가을 가볼만한곳 전북 단풍 놀이 명소 여행지 추천 10... 
여름 국내 여행지 추천 국립공원 스탬프투어 프로그램 도전!
"전북 부안 휘목미술관, 경치와... 여행, 전북 여행, 예술품... "
전북 부안 수성당 유채꽃 풍경 . 부안 여행 가볼만한 곳
국내여행지 추천 전북 부안 가볼만한곳 변산반도국립공원... 
"[부안여행] 부안여행코스, 산과 들 그리고 바다의 고장"
변산해수욕장 부안군 변산면 전북
"2020 경자년을 추억하다, 국내 사진과 여행지"
"[부안여행] 부안 변산반도 국립공원 내소사, 내소사 전나무길"
부안 채석강 적벽강 일원 해식동굴 바다 전북 변산반도 여행... 
전북 부안에서는 1박 2일 동안 7개의 여행 코스를 추천합니다.
전북여행지 전나무숲길이 좋은 내소사 딸과 함께한 첫 여행!
전북 부안 적벽강 변산 가볼만한곳 전라도 여행지 추천
"국내 여행지 추천 부안 변산 가볼만한곳, 변산 해수욕장 변산반도"
"전북 부안 여행... 부안, 전북 여행, 가족 연인 아이들과... "
[부안] 전북 오션뷰 변산반도 캠핑장 &amp; 스페셜 모텔
"고즈넉한 내소사에 흩날리는 로맨틱한 벚꽃잎, 전북부안 벚꽃명소"
"전북 부안누에타운 부안관광지 추천, 가족들과 전북 여행 일정... "
"부안 변산반도 채석강, 주차 및 물때 정보, 해식동굴 포토존... "
전북 겨울 데이트 겨울 여행 추천 당일치기 바다 부안 서해바다... 
"부안변산여행 노을맛집 국내여행지, 드라마이순신세트장... "
부안바다풍경일러스트장패드 전북기념품 부안기념품
부안 이색 여행지 부안청자박물관
"전라도여행지 추천 , 대명리조트 변산"
"전북 고창여행 코스/ 고창읍성, 무장읍성, 보리나라 학원농장... "
[전주 서신동 우리휘트니스] 봄에 가기 좋은 전북 여행지
전북 변산반도 채석강 둘러보기
전라도 여행지 추천 가볼만한곳 BEST7 주차정보 이용요금... 
[전북/부안] 아구찜 먹으러! '격포아구'
9월 여행지 추천 부안 마실길 상사화 와 변산해수욕장 차박 풍경
6월여행지_6월가볼만한곳__전라도여행_채석강
"부안군 채석강 낚시 후기, 변산반도 격포 해수욕장 갯바위 방문... "
영광가볼만한곳 전남여행지추천 백제불교도래지
"전북 부안군 변산반도 가족여행1탄 - 곰소염전, 곰소항... "
"전북 변산반도 부안여행  찐맛집 내소식당, 내소사"
관광버스 여행지소개 -  전북부안 곰소항
전라도 여행지 가볼만한곳 부안 내소사 :: 전나무숲길 예쁜... 
여름 여행지 추천! 전북 부안 내소사 전나무숲
전라북도 여행지 계절의 풍미를 느낄수 있는 전북여행지 추천
전북여행-전라북도여행지|전라북도 여행지 총정리~!! 전라북도... 
"5월말 6월 국내 여행지 추천 가족여행 베스트5 (수국, 라벤더... "
새만금환경생태단지 전북 부안 가볼만한 곳 여름여행지추천
&lt;전북 부안&gt; 아이와 부안... 부안 여행지. 곰소염전 전망대.
전북 부안 찐빵 맛집 카페 ‘슬지제빵소’
"변산반도 국립공원 겨울 여행지~모항, 변산 마실 길 5코스"
전북 여행지 펜션 추천 / 변산반도 예쁜 펜션 로맨스타운펜션
"전북 부안여행 - 채석강, 격포해수욕 (변산반도 가볼만한곳 맛집... "
전북 부안 가볼만한 곳 가을 여행지 7곳 추천(10월 곰소젓갈... 
[여행지-닭이봉전망대] 전망대에 올라서니 격포항이 한눈에... 
군산 여행지 비응마파지길 새만금방조제
솔섬 일몰 [부안/전북 0909]
여행지 채석강 해식동굴 :: 동굴포토존 전라도 핫플 여행지... 
전라도 여행지 추천 부안 개암사 벚꽃 축제
"12월 국내 여행지 추천 10곳 :: 겨울 바다 여행, 해넘이(일몰)... "
23.05 전북 부안 변산마실길 2구간 샤스타데이지 개화현황 및... 
전북 부안 가볼만한곳 곰소염전 인생샷 명소
전북 여행 프롤로그 여수 세계박람회 관람하고 전북여행하기... 
[맛집]부안 변산 명인바지락죽 바지락회비빔밥
전북 빵지순례 변산카페 일마레제빵소 부안 변산반도 여행... 
"전북 변산반도 부안 가볼 만한 곳, 초등학생이 좋아한... "
소노벨 변산 리조트 후기 부안 변산반도 숙소
전북 천리길 마실길 5코스 - 부안 모항 갯벌 체험길
"전북 부안 겨울여행, 한적한 언택트 여행지 부안 개암사 겨울 풍경"
채석강 베니키아채석강스타힐스호텔 리뷰 / 가족여행지 추천... 
부안 독채 펜션 감성숙소 송송에서 촌캉스
주차 : 전북 부안 로하스 스파 펜션 오션뷰 숙소 노을 맛집 추천
전북 부안 곰소 염전 주변 젓갈정식 맛집 방문기
전북 부안맛집 격포횟집 격포어촌계회센터 신선해요
[전북 부안] 바라한 펜션 복층 스파 오션뷰 서해안 겨울바다
"5월 국내여행지 추천 전북 고창군, 청보리밭 풍천장어 복분자"
겨울 국내 여행지 베스트 10 &lt;12월부터 1월 여행지 추천 리스트&gt;
수능 끝나고 가자! 친구랑 갈만한곳 힐링 여행코스 추천 3
"아이랑 4,5월 추천 여행지 _ 부안여행 소노벨 변산 오션플레이... "
[맛집]오션뷰 디저트카페 티라
전북 부안 변산반도에서 가볼 만한 채석강
"부안여행 매창공원, 부안군 부안마실축제 장소 위치 전라북도... "
전북 변산반도 여행 부안 내소사 전나무길 : 우리나라 3대... 
"전북여행 부안 가볼만한 곳, 곰소젓갈 발효축제"
"전북 힐링 여행지, 전북 부안 변산반도국립공원"
[Vol 16] 휴가를 특별하게 보내는 가장 강력한 방법 | PLAN... 
"전북 부안 힐링 여행지, 부안 휘목아트타운"
"무림태풍의 문화 예술 :: 문학과 바다와 절개가 있는 고장,전북... "
SRT 선정 BEST 여행지 '같이 가줄래'
국내 가족여행 여름 휴가 추천 부안 변산 반도 가볼만한곳 변산... 
"전북 부안 최고의 포토존, [채석강 &amp; 해식동굴]"
[이슈] 예지미인이 소개하는 바다내음가득한 봄맞이추천여행지... 
[전북가족나들이여행지추천]사극 촬영의 메카 부안... 
내소사 전나무 숲길 &amp; 내소사 풍경 (부안군 변산)
"전북 문화재 여행지, 전북 부안 수성당"
부안 가볼만한곳 변산 해수욕장 부안 여름 바다
겨울철 산행과 해돋이와 일몰에 좋은 산과 여행지
국내 여행지의 숨은 명소 소개
2023년 가볼만한 한국 여행지 5곳
"“축구도 A, 사업도 A”···김호남 부천FC 선수 성공비결은... "
[부안] 고사포야영장 / 채석강 / 변산반도캠핑장... 
7월 여행지 추천! 국내 계곡 여행지 베스트 5 # 한국관광공사 추천
전라도 12월 축제와 여행지 / 전남 12월 축제 / 전북 12월... 
[전북/부안] 샤스타 데이지가 만발한 변산마실길 2코스
6월 SNS 인기 여행지 Top 11 (한국관광공사 선정)
전라북도 가을 비대면 여행 - 부안군 추천 드라이브 코스
"애견동반여행  전북 변산반도 채석강, 격포항, 군산 이성당... "
전북여행-부안자전거여행ㅣ느림의 설레임으로 만나는 부안... 
변산반도펜션 여행지 중에 &quot;해넘이&quot; 하기 좋은 곳은 어디인가요?
전북 부안여행 '변산반도 해안도로 &amp; 모항해수욕장' - 부안... 
"전북 여행, 가볼 만한 곳 추천 - 부안 줄포만 갯벌생태공원"
전북에 숨겨진 여행지로 떠나는 착한 여행 참여학생
전북 부안 변산 현지인 맛집 변산물회해물국밥
전북 월별 여행지 추천
전북 부안 곰소 맛집 투어 ~ 곰소 등대길 밥상 젓갈 뷔페 좋아요!
부안마실축제 축제일정 5월4일~5월6일 부안가볼만한곳 전북축제
전북 부안 갈만한곳 여행지 여행지도 숙박시설 추천...
싱싱한 먹거리와 섬 특유의 정통이 살아있는 위도 여행
한국에 이런 곳이?! 관광 사진 공모전 수상작 공개
[부안혼행] 뚜벅이가 가볼만한 곳 부안 여행지 7선(feat.... 
210807 전북여행지 추천 ] 여름휴가로 변산 격포해수욕장 주변... 
전북여행 : 여름방학 가족여행지 추천 1탄 - 부안 격포
"[전북여행지추천] 부안 채석강,이순신촬영지... "
전북 부안군 수성당유채꽃 자연생태관광지 - 달콤한여행
7월 국내 여행지 추천 10곳 :: 여름 휴가지 물놀이장 바다... 
전북 아이와 가볼만한곳 부안 누에타운 곤충탐사과학관
한국관광공사 추천 - 국내여행지 100선(계절별)
전북 부안군 줄포2리 자연생태공원
부안 솔섬 일몰 보며 전북 1박2일 여행 마무리 그리고 매빅... 
[전북/부안 맛집] 젓갈 반찬이 맛있는 엄마손해물칼국수
관광명소 변산해수욕장. 부안 가볼 만한 바다. 전북 가볼 만한 여행
[동네한바퀴 부안군편] 풍경이 아름답기로 소문난 부안군
홍보대사 남상일과 떠나는 안심여행지도 - 비대면 여행지 ①
"11월 국내여행지 추천 10곳 :: 가을 단풍 여행, 은행나무 명소... "
부안여행 탄소중립ESG친환경전북여행 부안숙소 청호수마을... 
국립공원 스탬프투어 시즌2 격포항 격포 해수욕장 부안 채석강
전라북도 여행지 계절의 풍미를 느낄수 있는 전북여행지추천
세월의 절경을 품은 산과 바다를 따라~ 변산 마실길과 격포항
[맛집]모항횟집 생선회
전북 부안 변산반도 1박2일 갯벌체험 가기전 설레임으로...
[전북 부안 가볼만한 곳] 10분 등산해서 포토존 도착!! 줄 설... 
[전북/부안맛집] 숯불에 구워먹는 금동숯불삼겹살... 
논뷰가 보이는 슬지네제빵소. 전북 가볼 만한 여행.
"[전북부안|맛집] 일몰이 멋있는 채석강 맛집, 서해바다횟집"
[전북 부안 내소사 &amp; 군산 복성루 여행기] 아름다운 내소사... 
[여름휴가/전북여행] 연휴에... 위해 매력만점 전북 계곡 총정리!
[전북 부안] 여름&amp;가을 여행지 추천/상사화 들판 변산 마실길... 
변산반도 여행 숙소 추천 애견동반 가볼만한곳 부안 애뜰 펜션
(전라도 여행지 추천)전북 부안 가볼만한곳 휘목미술관 전북... 
전북여행 가볼만한곳 친환경 탄소중립 부안 새만금환경생태단지
2023 여름철 섬캉스&amp;섬여행을 위해 떠나고 싶은 섬
[전북에가볼만한곳]고슴도치의섬 가족여행지추천 위도에... 
백합먹고~ 바다보며 힐링하기 [전라북도 부안군 겨울힐링여행]
전라북도 여행지 부안 내소사 / 능가산 내소사
"부안 변산반도 국립공원 노을길 적벽강과 수성당, 일몰 명소 솔섬"
국내 여행 추천 전주근교 여행 부안 샤스타 데이지 변산... 
"[전라북도 여행] 전북 부안... 채석강, 곰소염전/ 국내여행지추천"
부안 새만금 환경생태단지 추천 3가지 이유
"여행의묘미 는 여행지의 멋과맛 즐기는 것,  부안 카페... "
[펌] 이국적인 국내여행지 1탄 best10
국내리조트) 변산리조트 / 변산소노벨
부안 가볼만한곳 서해안 채석강 해식동굴 격포항 격포해수욕장
전남 여행지 추천 내소사 석가탄신일+어버이날!! 데이트... 
"변산반도 맛집 백합식당, 깔끔하고 건강한 맛의 백합 요리"
[8월의 추천여행지] 시원한 폭포여행
"부안 모항 갯벌 해수욕장 캠핑장, 갯벌체험장 모항 서해바다"
2023 새만금 팸투어 1박 2일 부안 여행 가볼만한곳- 2일차
국내여행지베스트10 순천 와온해변 외 인생샷 명소 여름... 
[여행]모항레저타운 펜션
전북 부안여행 | 부안 사진찍기 좋은 핫플 카페 슬지제빵소... 
누울 수 있는 바다 보이는 부안 카페 마사. 전북 가볼 만한 여행.
부안 맛집 슬지제빵소 찐빵과 곰소염전
"부안,변산반도 겨울여행/변산반도 여행지 추천/금구원 조각공원"
전라북도 바다여행 부안 변산반도 변산해수욕장(+전북천리길... 
부안 가볼만한곳 부안1박2일여행지추천
&lt;전북 부안&gt; 아이와... 변산반도 생태탐방원 주변 여행지. 부안... 
전북 서해안권의 아름다운 이야기
[전북 부안] 소노벨 변산 오션플레이 워터파크
"변산반도펜션- 부산, 경남도민 여러분이 주로 찾는 눈여행지... "
봄 맞이 새만금 여행지
[#121] 한국 - 전북 - 부안... [來蘇寺 / 겨울여행지 / 내소사의 겨울]
전북 풀빌라 Best 추천
"여름여행지추천, 동굴여행모음"
전북 전라도 가볼만한곳 부안 채석강 해식동굴 포함 베스트7
아름다운 부안바다 품속 격포항 채석강
수려한 경관을 자랑하는 고마저수지 - 전북 부안
전북 가볼만한곳 부안 청자박물관 여름 실내 데이트 추천
&lt;부안&gt; 전북여행 아이와 가볼만한곳 부안 설숭어축제... 
[전북부안맛집] 곰소염전의 깨끗한 천일염으로 만든... 
"완벽한 가족여행지,돌아온 무료캠핑 차박천국, 변산해수욕장"
"엄마와 전북 부안 여행, 채석강"
[전라북도 여행] 전북 부안... 구시포항/국내여행지추천
'Draw Your Dream 너의 꿈을 펼쳐라!' 2023 새만금 「제25회... 
[전북 변산] 내돈내산 오션뷰 전망의 갬성맛집 카페 마르
전북 부안 가볼만한 곳 - 사색하면서 돌아볼 수 있는 여행지... 
이번 겨울에는 이곳으로! 국내 겨울 여행지 추천
전북 부안 실내 아이와 가볼만한곳 누에타운 전라도 여행지 추천
"〔전북부안.정읍〕부안 모항,내소사,곰소갯벌,정읍 내장산-눈을... "
부안 :: 대한불교조계종 내소사 전나무숲길 산책
전북 드라이브 코스 부안 여행 곰소항과 곰소염전
내소사
바로 옆 격포해수욕장 부안 여행. 전북 가볼 만한 여행.
전북 부안 당일치기 여행코스 가볼만한곳 - 변산반도국립공원... 
바다길포차'/ 부안숙소 - 소노벨변산(전북 부안 가볼만한 곳)
전북 부안 순대국밥 맛집 할매피순대 재방문 내돈내산
[전북 군산/부안 ]  선유도해수욕장 / 복성루 / 내소사
전북 코로나 비대면 가을 여행지 추천 7곳
부안 변산해수욕장 사랑의 낙조공원 노을 보기 좋은 일몰명소
대한민국 숨겨진 여행지 100을 보면서 - 3
부안 여행 :)  가을 여행지로 추천 하는 울긋불긋 단풍 명소... 
[감성 국내여행지] 전주여행 한번 더 가볼까? I 제제의미학... 
[전북부안가볼만한곳]천년고찰 내소사
"[부안] 봄해언니네 / 광어앤칩스, 간장꽃게알덮밥, 양념새우장덮밥"
com]선정 2022 대한민국 국내여행지 Top10&quot;: 순위에 들어온... 
"전북여행, 부안 여행 변산 오션뷰 풀빌라펜션 추천 &quot;안녕모항&quot;"
전북 가을단풍 여행지- 부안 내소사
바다 여행 전북 부안 변산 격포항 채석강 일몰
전북 부안 변산반도 가볼만한곳 소개드려요.
내소사 겨울 여행 전북 부안 내소사 숙박 입장료 템플스테이
부안 여행 곰소염전 젓갈 단지 곰소항
&lt;부안&gt; 국내 가볼만한곳 서해안 전북바다 섬여행명소-위도... 
선종을 추모하며-2(삶과 여행지기-부안군 통일천사 통일기원 탐방)
"변산반도 가볼만한 곳 부안 줄포만 갯벌생태공원 노을, 갈대"
국내 바다 여행 변산여행 격포해수욕장 부안 채석강 해식동굴
여름에 걸으면 행복할 도보여행지 2탄
[가을여행]국립변산자연휴양림-격포항-모항-내소사
[전북여행] 부안 변산반도에서 보낸 짧지만 알찼던 1박 2일... 
전북 부안 채석강 '백합식당' 백합죽
2TV생생정보맛집여행촬영지주소전화 수완좋은부안여행... 
군산 여행지- 도보로 시간여행
솔섬일몰 부안솔섬일몰가는길 부안여행 가을출사여행지
부안가볼만한곳_부안의 유명 사찰 내소사☆
부안스파펜션 바다보며 힐링한 더블힐링펜션
부안 숙소 온수풀 루프탑 수영장 스파 오션뷰가 끝내주는... 
"전북 여행지 줄포 자연 생태공원, 오토캠핑장, 프라하의 연인... "
5월 여행지추천 유채꽃명소 부안 수성당
"전북여행지추천! 김제가볼만한곳 금산사,벽골제 그리고... "
"고슴도치섬 위도, 반려동물 동반 여행지 각광"
부안붉은노을축제 2023 변산해수욕장에서 아름다운 노을을... 
부안여행 변산반도숙소 내소사 근처 나비의꿈 한옥펜션... 
5월 넷째주의 추천 여행지(1) - 부안 변산마실길 1코스... 
▶직접체험해본◀ 전북투어패스+포레도 패키지티켓 부안여행... 
전국 2023년 8월 축제 국내여행 가볼만한곳 리스트 10... 
&lt;부안&gt; 국내 가볼만한곳 서해안 섬여행 전북바다-위도... 
공세리성당/부안/아산가볼만한곳/전북·충북가볼만한곳
[부안군여행] 부안군여행코스 부안 변산반도 직소폭포 채석강... 
7월 국내 여행지 추천 일출(동해)과 일몰(서해) 명소 여긴... 
부안 위도를 꼭 가보고 싶은 여행지로 꼽는 이유!!!
이번 휴가는 어디로? 여름 바다 여행지 추천!
전북  베스트 7 ft 추천  여행  맛집 부안 변산명인바지락죽
부안 변산반도 호텔 격포해수욕장 숙소 &quot;호텔원변산(구... 
[변산해수욕장] 변산가볼만한곳 부안여행 변산반도
"전북여행 새만금팸투어 첫날 - 김제, 부안, 선유도"
전라도 가볼만한곳 부안 여행 곰소염전
전북 부안 변산반도 숙소 숙박 추천 베스트 5 :: 로띠스마
"전주, 군산, 남원, 무주, 전북 여행 펜션 추천드림"
온 가족이 즐거운 '부안' 랜선 여행!
부안여행 : 개성주악 맛집인 ‘봄해언니네’ 한식디저트카페
부안 채석강 해식동굴 사진찍을수있는 시간
국내 겨울 여행지-부안 가볼만한곳: 전북 서해안 국가지질공원... 
2023 새만금 팸투어 1박 2일 부안 군산 여행 가볼만한곳-1일차
"전북/부안 가볼만한곳, 부안댐"
7월 전북여행 • 부안 가볼 만한 곳 • 부안 격포항 노을 명소... 
"전라도 여행, 군산 선유도, 고창 고인돌, 변산반도 새만금, 내소사"
"가볼만한곳 내소사, 변산 채석강 포함 부안 베스트 여행지 6곳"
국내 여행지 추천 단풍 명소 부안 내소사 전나무숲길
생생정보통 화성 쌍갈비수타짬뽕 부안해수찜 찜질방 강서구... 
[추천 여행지] 여명의 아름다움 가득한 전국 일출 명소 모음
(부안)곰소 염전과 슬지제빵소
/고창읍성/학원청보리밭/고창선운사/전라도여행지추천... 
서해안 가볼만한곳 변산반도와 군산선유도
국내 기네스 여행지는 어디~?
"[부안] 여행 변산반도 국립공원 격포해수욕장, 채석강 해식동굴... "
전북부안맛집:) 격포어촌계회센터에서 싸고 맛있게!... 
부안 여행 _소노벨 변산 리조트 스위트 숙소와 즐길거리 tip... 
"부안 수성당, 주상절리 부안 적벽강 여행. 전북 가볼 만한 여행."
전북 여행 - 세계 청소년들이 이용할 &quot;잼버리 공원&quot; - 취미... 
"전북 고창 여행 - 상하목장, 구시포항 , 고창 명사십리"
"유네스코 세계지질공원 부안 적벽강, 채석강"
"전북 부안 당일치기 여행, 환상적인 드라이브 코스 변산반도 8곳"
당신이 몰랐던 변산반도 부안에서 놓쳐서는 안 될 4가지
꽁꽁 숨어 있다는 외국 같은 느낌의 국내 여행지 5곳 - 하루뉴스
2023새만금팸투어 둘쨋날-국립새만금간척박물관... 
전북여행 부안 고창 아이와 1박2일 여행코스
"공정여행 착한여행, 2019 전북트래블마트 방문후기"
부안 맛집 추천 베스트 7 (ft. 전북 여행)
현대모비스와 떠나는 가을 드라이브
"새만금방조제, 군산 여행코스 드라이브로 비응항 어시장까지~"
"부안 카페, 핫플레이스 '슬지제빵소'"
"[전북] 2022, 군산 · 부안 … Prologue"
[#국민홍보단 9월] 가을이 오면~ 가을에 가볼 만한 바다 BEST 5... 
전북 부안군 모항입니다.
부안 줄포만갯벌생태공원
"고창 겨울 낭만 여행지, 서해안 바람공원에서 만난 움직이는 섬... "
[부안] 고사포해수욕장 바다 데이트 고사포 야영장 예약 방법
[부안캠핑] 바다야영장 #애견동반캠핑장 #부안차박 #전북여행... 
서해바다 추천 서해 섬여행 전라도 여행지 부안위도 대월습곡
겨울 전북 여행 추천! (익산&amp;삼례&amp;부안)
2TV생생정보 11월 22일 가게 정보 l 맛있으면 0칼로리 쌍갈비... 
"[전북/부안 변산반도 여행]-소노벨 변산 리조트, 스위트 오션뷰... "
"전라도 바다여행 부안 변산반도 가볼만한곳-격포항,채석강(전북... "
겨울 여행지 베스트 10 최신
전북 - 산수유가 활짝 핀... 변산반도 봄꽃여행/봄꽃추천여행지]
세계 최장 새만금방조제에서 즐기는 드라이브 코스
내소사와 내소사 전나무 숲길 변산반도 국립공원 추천 여행지
부안 여행 서해 바다 추천 변산해수욕장 곰소염전
"전북 정읍여행 - 송참봉 조선마을, 동학 농민운동 기념관... "
부안가족여행추천 부안어반하임펜션 : 오션뷰 복층 제트스파... 
"2023새만금팸투어 부안가볼만한곳 - 개암사, 부안청자박물관... "
아이와 갈만한 가족 여행지 부안 변산 해수욕장 오토캠핑장
격포 여행지 추천! 격포항수산시장 77수산
(전북 부안 여행) 전나무 숲 길이 아름다운 부안 내소사
"트래블로거, 전북을 탐하다"
전라북도여행지추천 ESG 친환경 여행
꽁꽁 숨어 있다는 이국적인 느낌의 국내 여행지 4곳 - 하루뉴스
대한민국 베스트셀러 여행지
"[전북 부안] 맛을 찾아 떠난  변산반도..격포항횟집, 넝쿨젓갈... "
격포해수욕장 맛집 새전주횟집 회 정식 한상
봄여행지 - 변산마실길2코스(송포항)
전북 가볼만한곳 베스트10 안내 - 즐거운 여행 Trip Story
05.27 전북부안채석강 여행 기록
부안상설시장 옥상 테마정원 - 쉿~ 전통시장 속 숨은 공간
[전북여행] 부안 변산반도에서 보낸 짧지만 알찼던 1박 2일... 
[전북 부안] 변산반도 우정 여행 ㅣ '어바인 펜션' 내돈내산 후기... 
부안여행지 변산반도국립공원 강추
[부안여행/변산여행] 격포항 주변 아침식사 가능한 백합식당
부안군의 '내소사'숲길
"[포유캠핑카 여행후기] 전라북도 부안군, 곰소염전 : 전주... "
걷기 좋은길ㅣ트래킹 하기 좋은 길 소개 한국관광공사 두루누비
"2021 전라북도 블로그 기자단이 추천하는 - 랜선여행,  따로... "
"서해안 일출과 일몰 명소,제부도 당진왜목마을등"
전북 고창 송악 천연기념물  아름다운 꽃무릇 선운사
대학생 겨울방학 커밍순! 해외여행 대신할 우유니 같은... 
가족과 가기 좋은 여행지 전북 변산반도국립공원
(추천여행지)(애호박찌개)(한우육회)(영광군탕수육맛집)... 
"군산 드라이브 여행지 추천, 전북 군산 새만금방조제"
전라북도 여행자의 '집' - 여행지에서 느끼는 일상의 여유
전북 부안 여행 갈만한 곳(적벽강외 3)
국내여행 코스 및 여행지 정리
"부안 가볼만한곳 여행코스 채석강, 격포해수욕장, 솔섬, 격포항"
전북 부안 가볼만한곳 고사포해수욕장 변산반도 국립공원 캠핑장
자동차 전국일주 여행지 베스트 20 with 쉐보레 트레일블레이저
전북 고창군 '선운 하늘채 펜션'
[추천여행지] 주말에 가볼 만한 곳 모두 모여라!!!  아이들이... 
"부안 변산반도 채석강,격포해수욕장 ; 일몰도 예쁘고, 물때... "
체험여행 농촌체험마을 숲속예술학교 소소교육농장 외 500여곳
대명리조트 변산
[부안] 상설시장 세계 길거리음식 포차축제 후기정보
부안여행 채석강 해식동굴 물때 및 주차TIP
전북 여행 : 오션뷰가 있는 감성 숙소 '부안 바라한 펜션'
"선선한 바람 따라 가을맞이 단풍여행, 나만 알고 싶은 가을여행지"
새만금개발공사가 있는 새만금 선유도 집트랙까지
[부안여행지] 아름다운 일몰을 감상할 수 있었던 격포해수욕장
어버이날여행지 / 전라도가족여행 / 군산가족여행... 
"5월, 떠나기 좋은 테마별 주말 가족여행지 (3)"
제가  추천하는 일몰 예쁜 한국 여행지 BEST10
부안 펜션 변산 일마레리조트&amp;제빵소 소금빵 주변 여행지
"부안청자박물관, 위대한 하늘빛 부안고려청자 (7/29~11/30)"
"부안 격포해수욕장 맛집, 새전주횟집에서 즐기는 변산반도의... "
"올여름, 가족과 함께 에너지 여행을 떠나볼까요? [카드뉴스]"
"습곡, 암석에 새겨진 거대한 주름 - 전라북도 부안군 대월횡와습곡"
변산반도 마실길2코스 !! 요즘 핫한 &quot;샤스타데이지 &quot; 여행지 추천
*봄 여행지/5월 여행지 추천* 전북 부안여행... 
생방송오늘저녁 11월 9일 가게 정보 l 우리동네 간식장인 찐빵... 
변산반도 맛집 꽃게장 맛있게 먹고온 곳 '다해꽃게장'
[전북여행 부안 1박2일 여행추천 ] 부안여행코스 프로롤그 #3... 
전북 부안 고사포 해수욕장에서 조개캐보기 고사포야영장도 있네
전라도 가볼만한곳 베스트10 최고
〔부안/변산〕마실길1~2코스(안내소-변산해수욕장-송포항... 
[여행일지] 변산반도 생태탐방원 1박 2일
부안변산마실길 샤스타데이지 꽃길과  변산해수욕장
"[서해안 해변 마실길] 신석정,신석정고택,민가,부안군,부안읍... "
부안 변산반도 가볼만한곳 변산 마실길 샤스타 데이지 전북... 
전북 여행 부안 서림공원 메타세콰이어 길
떠나는 시원한 여름여행. 선현들의 정취가 깃든 계곡 여행지 5선
대명리조트 소노벨 변산 리얼후기
[식당기행] 변산반도 횟집 격포항 수산시장 33호 수영수산
"부안 가볼 만한 곳, 내소사 전나무 숲길(한국의 아름다운 길... "
&lt;부안 워터페스티벌&gt;물놀이 하러 가즈아
"부안 오복마실축제 2018, 전북 가볼만한곳~"
여름 휴가 피서 섬여행지 추천 찾아가고 싶은 섬 33섬에 대하여... 
"변산반도 맛집, 전망좋은집 (허영만 백반기행)"
[바캉스 특집] 새만금의 오토캠핑장과 야영장 10선
[맛집] 부안/ 곰소 젓갈단지 內 &lt;서해안젓갈&gt;
변산반도 가볼만한곳 부안 곰소염전
전북투어패스로 부안 알차게 여행해보자
변산 촬영지 해수욕장 변산해수욕장 전망대. 전북 가볼 만한 여행
"부안여행 가볼만한곳 모음, 부안 변산반도 국립공원 전북여행... "
"정읍,부안,고창 서남권 시티투어 전북 서남권 여행지소개"
변산 카페 909. 부안 수성당 적벽강 격포 바다 전망... 
부모님과 꼭 가봐야 할 여행지 추천 _ 부안 변산 해수찜
국내여름휴가 변산반도 채석강 전라도 부안가볼만한곳 부안맛집
부안여행 슬지제빵소 찐빵먹고 곰소염전 구경~
전라도 여행 부안 영상테마파크 드라마/영화 촬영지 임시휴관 중
영주 가볼만한곳 풍기 금선정 (영주) 국내여행지 추천(잠적... 
"뜻밖에 알게 된 예쁜 도시, 전라북도 부안군 당일치기로... "
[부안자연생태공원/부안여행]춤추는 갈대 향연으로의 초대
부안 바다여행 변산반도 채석강 해식동굴 부안 해넘이 솔섬길... 
"[전북여행/ 전북 부안]6살, 8개월 아이와 부안 여행... "
전라북도 여행의 아름다운추억과 함께 전북투어패스로... 
"아이와 밥 먹기 좋은 식당, 푸짐한 부안 군산식당의 백합 정식"
"전북 천리길 리스트, 소요시간(내장산 단풍 생태공원)"
부안 읍내 횟집 추천 현정이네 현지인이 가는 곳
"채석강 해식동굴 : 주차 꿀팁, 물때시간 (변산/부안 가볼만한곳)"
「2021년 찾아가고 싶은 33섬」 여름 휴가철 여행지... 
전라도 여행지 추천 부안 가볼만한곳 걷기좋은 내소사... 
전북 부안  전나무 숲길을 걸으며 찾은 내소사
"전북 부안여행 가볼만한곳, 숨겨진 명소 추천해요!(1탄)"
여행지 소개 글 입니다.
궁항 전라좌수영 세트 불멸의 이순신 세트장
인생에 한 번은 꼭 가봐야할 전라도 여행지!!
"&lt;전북 부안 맛집&gt; 간장게장과 새우장, 회덮밥 강추 ‘채석강... "
부안 펜션 따뜻한 겨울 여행 만들어 준 더블힐링펜션
곳을 찾아 떠나요♬ - 7월에 떠나기 좋은 국내 여행지 BEST 5
전북 부안여행 변산반도 부안영상테마파크
변산반도 맛집 격포횟집 격포항 어촌계회센터 B동 23호 군산횟집
쉽게 가는 여행 전북 군산 부안(변산)  여행 후기 국내여행지... 
"부안누에타운 : 아이와 함께 가볼만한 곳 ,부안 여행지, 부안... "
포천여행 가볼만한 곳 느린마을 전통술박물관 산사원(막걸리... 
"부안 곰소염전 - 국내여행지 추천, 인생샷 찍고 오기 :)"
부안펜션 보니타카라반 오션뷰 수영장 인피니티풀 감성숙소
전라도 부안 가볼만한곳 : 변산 해수욕장 바다 여행
부안 겨울 사찰 여행지 추천 눈 쌓인 내소사 절
샤스타데이지 꽃 가득한 부안군 변산 마실길과 수억년 시간이... 
"부안 여행 변산반도국립공원 채석강, 변산해변 아름다움에 반하다"
"3. 석가탄신일 사찰여행지_전라도,경상도"
전북여행7-변산반도 모항해수욕장
여행 가기 좋은 섬 찾아가고 싶은 섬 여행 추천 여행지 섬 지역... 
부안 변산반도 가볼만한곳 '모항갯벌체험장'
부안] 백합죽과 바지락칼국수 채석강 맛집 바다마을식당... 
"[전북 부안] 변산해수욕장이 한눈에 보이는 오션 뷰 카페, 카페... "
군산/부안여행.. 새만금방조제 드라이브..
부안 변산 맛집 채석강 바다마을 식당
부안군산 2박3일 여행
부안 변산 맛집_새전주 횟집 백합정식 한상차림
[2편] 대한민국 봄배경 여행지 소개
[국내여행] 전라북도 정읍으로 떠난 1박 2일 가족 여행... 
전나무 숲길 따라 걷는 내소사 - 옛 정취를 느껴보고 푸름에... 
전북 여행 부안 가볼만한곳 위도 섬여행 지오트레일
봄이 오는 채석강에서 느끼는 아타까움...
부안여행지 - 슬지제빵소
전라도 여행지 추천 지구 과학의 성지 : 격포리 해안 채석강
[영화 변산 촬영지]심뻑을 찾아 삼만리 변산치안센터... 
"변산반도펜션 , 부안펜션 , 모항레저타운... "
부안마실축제 부안 변산  여행코스
새만금 주변 해수욕장 동시 개장
8월 가볼 만한 곳…섬 여행지 6곳
권이종교수님과 마지막 여행지 강화도 탐방기를 영전에... 
10월 전북 축제 곰소젓갈발효축제 부안여행 가요.
제부도 - 매일 만날 수 있는 모세의 기적
전북 부안 여행코스 관광지 7곳 10월 국내 가을여행... 
2022년 가장 기억에 남는 국내 가볼만한곳 부안 내소사... 
#전북부안 할매피순대
국내 1박2일 여행지 추천 :: 일몰이 눈부시게 아름다운 변산반도
[천연기념물 제122호] 부안 도청리 호랑가시나무군락
화엽불상견(花葉不相見) 변산 마실길 상사화길
휴가철 맞이 &quot;올 여름 꼭 가봐야할 전통시장 50선&quot; 대공개!
부안여행 소노벨 변산 대명리조트 패밀리형 가족여행 추천
대한민국구석구석 / 3월 추천 가볼만한곳은 어디? 봄따라... 
"부안 숙소 격포해수욕장 뷰 호텔원 변산(구,채석강스타힐스 호텔)"
"바다의 날 맞이, 아이와 함께 가기 좋은 국내 해수욕장 추천"
격포 드라이브 - 격포항 / 채석강 / 부모님과 힐링산책
부안 적벽강 수성당 코스모스 아름다운 이곳이 유네스코... 
변산반도 적벽강
"보령 여행 죽도, 대천항 수산시장 당일치기 여행코스~"
"부안바다펜션, 상록해수욕장 스카이펜션"
"&lt;전북 군산&gt; 변산, 군산 첫 번째 여행지 새만금 방조제"
전북여행 변산반도 가볼만한곳 추천여행지 '내소사... 
부안마실축제 기본정보 가수 만나러 가세
등대스탬프투어 시즌4 부안 바다 변산 여행 격포항 북방파제 등대
부안여행/내소사
"전북 바다 캠핑장, 캠핑하기 좋은 곳 - 부안 모항해수욕장"
전북 부안 여행 가볼만한 곳 부아느로 레드투어로 즐겨요
땡처리여행 추천 | 순위 | 구매가이드 | 리뷰 | 가격 비교... 
"&lt;전북 부안&gt; 변산, 군산 두 번째 여행지 격포항"
부안 내소사 - 부안 여행지 내소사 전나무숲길 추천 :)
"꽃비나리는 절, 부안내소사를 가다 [여행후기]"
겨울에 놀러가기 좋은곳 겨울에 가볼만한 곳-모음
"정감록,  십승지十勝地   그리고 여행지   -후편-"
변산반도펜션_ 변산 봄여행 총정리! &amp; 펜션 고민?
별보기 좋은곳 국내 추천
"[부안여행] 부안여행코스, 산과 들 그리고 바다의 고장"
변산반도 채석강 전북 부안여행 가볼만한곳 추천 3번째 여행
부안 격포 해수욕장 채석강 여름 휴가 전라도 1박 2일 여행지... 
&lt;부안펜션/격포리&gt; 서해 뷰 테라스가 예쁜 “해시락 풀빌라”
[국내여행] 변산반도 당일치기 여행다움 패키지(채석강-내소사... 
(부안) 곰소젓갈 할인도매점
부안 변산해수욕장 광주근교 여행지 추천 아이들과 가볼만한 곳
부안 격포해수욕장 맛집 바다마을식당 :: 바지락칼국수... 
부안여행 천년고찰 내소사 부안청자방물관 곰소젓갈센터... 
새만금방조제/아리울예술창고
"'미술관에서 자볼까?' 펜션을 품은 미술관, '부안 휘목미술관'"
국내 힐링여행지 베스트 10
군산여행 강추코스 아구찜 맛집 고가네 아구
(아르코펜션) 오션뷰 워터슬라이드 수영장 추천 받아 놀고온... 
[부안 여행] 전나무 숲 길이 멋진 부안 내소사 걸어보기
부안 볼거리 부안누에타운에서 누에체험 아이와 가볼만한 체험관
[여행어플] 너목들보다 강력한 전북의 목소리? 듣고 걷는... 
무주 눈썰매장과 부안 내소사까지 전라북도 겨울여행지
부안 변산반도 가볼만한곳 격포해수욕장 :: 서해 바다 추천... 
전북 부안맛집/서해 제일의 고찰 내소사 근처 맛집인 웰빙의... 
부안 맛집~지인추천~채석강 맛집식당
완주여행 계곡에서 시원한 물놀이 즐기세요.
"문학과 바다와 절개가 있는 고장,전북 1박2일 투어 탐방기!"
"전북 캠핑장 부안 고사포야영장의 솔숲, 바다, 바람..."
여행지 추천 1
[한복 입고 부안여행] 홍길동이 숨겨놓은 푸르른 국내여행지... 
[부안여행]1일차 적벽강 채석강 해식동굴 사랑의낙조공원... 
"국립 변산자연휴양림. 연립동 숭어, 휴양림 배치, 주변 여행지"
전북 부안 펜션 변산 숙소 태왕리조트 루프탑 오션뷰 수영장 후기
[여행] 가을철에 가볼만한 곳 - 고향 맛거리 볼거리 8선
부안여행 숙소 스테이 변산바람꽃
곳을 찾아 떠나요♬ - 7월에 떠나기 좋은 국내 여행지 BEST 5
전북 부안 가볼만한곳 ::변산해수욕장 【23년9월29일】
[부안 내소사] 천년고찰 능가산자락에 위치한 내소사 - 아름다운... 
[부안 여행] 아이랑 함께 고려 청자를 만나볼 수 있는 부안... 
"전남 섬 여행지 추천, 전남 영광 안마도"
서해안 가볼만한곳 부안 곰소염전과 내소사  추천드려요
부안 고사포해수욕장 로하스스파펜션 여름 휴가지로 추천
8월 축제•가볼만한곳  BEST10
[부안여행] 전북 가을여행 추천 . 부안 줄포만 갯벌생태공원... 
"10월 전북여행 부안 곰소젓갈발효축제, 김장철준비 해요"
서해안 여행지 추천 서해안 가볼만한곳 베스트 10
[전북 부안 격포맛집] 변산반도 채석강 회센터 - 채석강... 
[현정이네횟집] 상다리 휘어지는 전북 부안 곰소항맛집
전북 한 달(20일) 여행하기 1(순창 채계산 출렁다리)
변산반도 가볼만한곳 부안 채석강 해식동굴 격포해수욕장... 
국립공원 스탬프투어 시즌2 부안 해수욕장 여행 고사포 해변
전북 부안 격포맛집 격포어촌계회센터 B동 18호 변산반도횟집... 
변산반도국립공원 여행 안내(지도)
"[전북] 2022, 군산 · 부안 … 3. 부안 반계선생 유적지"
격포횟집 격포어촌계회센터 B동 23호에 다녀왔어요.
변산반도 가볼만한곳ㅣ변산반도 국립공원 직소폭포 헛둘헛둘
6월 주말 나들이 아이와 함께 가볼 만한 곳 추천!
군산 가볼만한곳 선유도 비응항 새만금 방조제 국내 섬 여행
"▶▶전북 부안 맛집, 장사 잘되는 전북 부안 곰소 꽃게장집... "
"군산 부안 가볼만한곳 , 부안 채석강 ,영화 변산 촬영지"
변산카페 추억을나누며 전라도 부안여행 편한 분위기의 레트로... 
[전남 신안] 자은도의 해안누리길에서 천사를 만나다
"가을철 떠나기 좋은 새만금 역사여행지, 내소사"
"전북 부안 변산반도 여행코스,프롤로그"
"[전북/부안] 2011년 마지막 여행지, 내소사의 보물 3가지"
[부안군] 아름답고 예쁜펜션 !!! 커피프린스펜션!!!
[전라도 여행지 추천/변산반도 여행코스] 부안 채석강 가는 길... 
봄꽃여행지추천.3월여행지.    4월여행지.5월여행지.... 
샤스타데이지 명소 부안 변산 마실길 1코스 정보 총정리... 
아르코펜션 여름 휴가로 최고 부안 수영장 펜션 추천
새만금방조제 역사현장 새만금홍보관 - 새만금을 한눈에 볼 수... 
"전북 여행 추천, 부안 가볼만한 곳 매창공원"
"부안변산반도, 전북여행, 2012전북방문의해, 전북여행루트]"
전라도 5-6월 예쁜 꽃 명소 광주근교 나들이
[변산 여행] 소노벨 변산 객실 부대시설 후기
부안 서림공원 - 전북의 숨은 비경
올 가을 꼭 가봐야 할 '새만금 가을 관광명소 10선'
"방탄소년단 뮤직촬영지 - 새만금홍보관, 노마드축제... "
[6월 부안/변산반도 여행] 채석강이 바로 보이는 깔끔한 숙소... 
5월 가정의 달! 가족이랑 함께 있으면 얼마나 좋게요~?
[동파리&amp;여행]부안 가볼만한 곳 굴바위(풍화동굴)
4월 유채꽃명소 부안 수성당
전북여행-구석구석여행 | 14개... 관광지. 전북의 관광지는 어디?
전북 부안 신재생에너지 테마파크 신재생 에너지체험관 부안... 
"[부안/변산반도 여행] 죽기 전 꼭 먹어봐야할 게장, 젓갈 맛집... "
"전남 섬 여행지 추천, 전남 영광 안마도"
[서해안 가볼만한 곳] 전북 부안여행 군산여행_ 변산반도-채석강... 
2019 올해의 관광도시 전남 강진으로 떠나는 박물관여행... 
[SC 시민기자단] 약속의 땅 새만금 홍보관
"[변산반도 여행] 1박2일, 부안여행의 모든 것!!!"
농촌체험마을 전북 가볼만한곳
위도 펜션 - 해맑은바다펜션 2호점 - 국내 섬 여행
부안 가볼만한곳 베스트10 추천해요
[부안카페]부안여행 부안오션뷰카페 변산반도카페 카페마르
"생태공원 전북 부안 #새만금환경생태단지  8월 6일, 전 세계... "
전국 여행지_맛있는여행을찾아서~!!!
변산반도 채석강 부안 가볼만한곳 여긴 꼭 봐야 해!
[여름휴가] 서해안 최고여행지 격포해수욕장 가려면?
다시찾은 부안 채석강 격포해수욕장 즐기기
전북가볼만한곳 변산여행 변산해수찜 지금 딱 좋음
전북 부안아이와가볼만한곳 해오래 모항마을 방문기
봄빛을 받으며 해안을 따라 걷는 부안의 변산 마실길 4코스... 
부안 가볼만한곳 안변산과 바깥 변산 볼거리 베스트 5
[겨울여행특집] 전라도 겨울여행지
아이랑 가기 좋은 부안 여행 어반하임펜션 앞 바닷가
전북 부안에서 수원화성 축성 계획이 시작됐다고?
부안 가볼만한곳 부안 변산 마실길 종합안내드립니다.
"#192. 고사포 자동차 야영장...여름 휴가, 그리고 변산반도 여행!"
귀염뽕짝 원정대 4회 진성 산책로 촬영지 어디? 진성길... 
부안 카페 슬지제빵소 메뉴와 후기
변산반도 국립공원 일원을 둘러봅니다. 개암사란 사찰이 있네요.
[부안여행] 부안 변산마실길 1구간 / 샤스타데이지 맛집... 
"전북 무더위 심터, 부안 직소폭포"
서해 드라이브 부안여행 모항 갯벌 해수욕장 캠핑장 풍경
"[블로그 일기-부안 3차 투어객 모집] “10월의 변산, 숨은... "
[부안] 우리의 아름다운 문화유산 신비로운 고려청자를 느낄 수... 
전북투어패스로 즐기는 달보드레한 봄
"채석강, 꼭 보고 싶었던 버킷리스트 격포 (남도여행.. 9)"
소노벨 변산 오션플레이 할인 준비물 꼼꼼후기
부안 가볼만한곳 채석강 만조때도 좋다
"전북 산책하기 좋은 곳, 전북 부안 자연생태공원"
새해 희망 찾아 떠나는 여행지 5곳. /국내여행 18/
"4월 19일 전북여행[격포항]그리고 ,[곰소항] 아름다운[선운산]... "
전북전주 여권재발급 | 대한민국 신여권
"변산반도 가볼만한곳, 채석강 해식동굴 물때정보 산토리니느낌... "
부안 부안읍 부안 현지인 맛집 '솔가숯불갈비 부안직영점'
부안여행숙소/ 소노벨변산 호텔&amp;리조트_객실 투숙후기(패밀리... 
부안 가볼만한곳 베스트10 추천
새해 일출의 명소
"전북 가볼만한곳 부안 변산해수욕장, 내소사, 청자박물관"
전북 부안 변산 1박 2일 여행  부안 변산 가볼만한곳 총정리... 
[ 변산반도 펜션] 촌 모항 할리우드 펜션 지기의 산책
[군산여행/부안여행 변산반도국립공원]맑은 공기 마시며... 
대한민국 명승 (제1호 ~100호) [가고싶은 여행지]
대한민국 테마여행10선 시간여행권역 팸투어 전북여행
선유도펜션 추천 20가지 및 순위 구매 가이드 후기 가격 정보... 
"국내 힐링 여행, 걷기만 해도 기분 좋아지는 전북 부안 내소사"
전북 가볼만한곳 부안여행 부안마실축제 소개드려요.
석정문학관에서 만난 신석정의 문학의 향기
부안 채석강 맛집 바다마을 식당 바지락칼국수 내돈내산
여수엑스포 찍고 전북여행(채석강)
[전북/부안펜션]석양이 멋진 오션뷰 변산 바라한펜션
전북 부안 가볼만한곳 일출명소 변산반도 계화도
&lt;변산여행&gt; 왕의얼굴 촬영지인 부안영상테마파크에서~
2011.03.05 전북 부안으로..고고씨잉~♡
★ 가을 바다로 여행을 떠나요! ★
변산 부안누에타운 아이와 가볼만한 곳 가족여행지로 좋아요
"전북, 부안&gt;1박2일 둘째날"
2020년 서해 해넘이 명소 꽃지해수욕장 만리포해수욕장 등... 
고창 여행가볼만한곳/&quot;삼보죽염&quot; 우리의 건강지킴이 웰빙소금... 
"부안여행 변산마실길 1코스, 5월에는 샤스타데이지 보러가요... "
변산펜션 _ 프로방스펜션 추천 '가을 내소사' 단풍(부안펜션)
곰소 해산물 맛집 현정이네 횟집 회식장소 추천
(맛과 멋이 있는 여행) 변산여행 - 걷기좋은 내소사... 
부안 가볼만한 곳 채석강 . 석양이 아름다운 변산
변산해수욕장 변산 토박이 회맛집 JMT.
부안군 변산면 적벽강 (전북 서해안 국가지질공원)... 
부안 조개잡이 가볼만한곳 갯벌 체험 변산반도 채석강 해식동굴
개암사
"전북 주말에 가볼만한 곳, 전북 부안 궁항전라좌수영촬영세트장"
변산반도 여행_전나무향 가득한 아름다운 절집 내소사
"부안 가볼만한곳 내소사, 마실길, 맛집 외"
내소사 맛집 산촌식당 등산후 출출함을 달래줄 산채정식 좋아
"여행기, 첫째날"
전북 부안 가볼만한곳 1박2일 여행코스
부안 채석강 조개구이 . 소노벨 변산 격포해수욕장 맛집
[블로그 일기-이벤트 공지]“부안 변산으로 함께 여행 떠나요!”
낚시와 함께 즐기는 저수지 여행 4탄! &lt;청호저수지&gt;
"부안 여행 명소, 전북 부안 채석강"
변산 여행 가온리조트 내돈내산 후기.
[ 변산반도 여행 부안 내소사 ]  부안 당일 코스
부안 여행 현지인 추천 맛집_바다향횟집/신생반점 짬뽕/옛맛촌... 
[전북/부안] 부안 변산 마실길 데이지 사냥 성공 (2023년 5월... 
쉬는 날 서해안으로 낚시다니는 남자
변산권 여행/펜션.. 해루질
[경상남도 섬 / 통영 가볼만한 곳] 가을에 걷기 좋은 섬 9선... 
전북 부안/변산반도 카페 바람섬(브런치카페/솔섬 근처)
채석강 변산반도 겨울여행
"변산반도 맛집, 변산명인 바지락죽"
전라도 여행지 추천 베스트 50
전북 완주명소 100대 명산 대둔산 마천대 최단코스
부안 적벽강 수성당 유채꽃. 변산 적벽강 주상절리 &amp; 유채꽃밭... 
전라북도 부안 숙박업소 저렴한 숙소 챠르 모텔 (온돌방)
"[국내여행] 겨울 여행지, 국내 일몰 명소 추천 !"
"부안 도시락 전문점, 테이블라니 봄해언니네"
"서해안의 보물창고, 전북 부안 마실길"
부안 변산 가볼만한곳 적벽강 하섬 서해랑길 마실길 고사포... 
변산반도 맛집을 찾는다면 변산반도횟집 어때요
"world scout jamboree 개최지,부안 닭이봉 전망대 구경오세요"
부안 설숭어축제와 부안상설시장 나들이
서울에서 군산갔다가 부암사까지 흘러들어간 이야기
"차로 두시간, 충남 태안 먹방 여행을 떠나보세요."
부안 변산 삼락 여행 - 전북투어패스로 떠나자!
군산베스트 여행지 새만금홍보관
부안 내소사 입장료 위치 변산반도 국립공원 여행
"[2023세계잼버리] 소금빵, 천일염라떼가 있는 애견동반카페... "
새만금 지역여행 : 세상에서 가장 긴 방조제 새만금홍보관... 
"부안에 찐빵파는 대형카페, 슬지제빵소"
2월에는 여기! 국내 인기 스파 펜션 Best 5
부안 노지 캠핑 르노마스터 캠핑카 여행
군산식당_부안 격포항 현지인 추천 맛집
부안 내소사 전북 가볼만한 곳이에요
변산 마실 길. 채석강. 내소사&lt;당일여행&gt;
국내여행지 추천 BEST10!
변산카페 바다가 보이는 카페쿠숑 분위기좋은곳
변산반도펜션 오~메 바다에 단풍들었네
변산반도 부안 내소사. 전나무숲길 걸어 능가산 내소사 탐방
섬 여행지 6곳'...인천옹진... 경남통영 '사량도' 전북부안 '위도... 
부안여행 가볼만한곳 부안 모항경관 졸음쉼터 전망대 멋진... 
세 가족이 함께한 부안여행 - 변산반도 펜션 플로라
새만금방조제(전북 군산)
"변산 숙박, 숙소  모항레저타운 잊지 못하죠"
전북투어패스로 끝내는 가을 전라북도 여행 총정리
"가을에 떠나기 좋은 사찰 여행, 부안 내소사"
전북 변산반도 여행지 추천 :: 모항갯벌해수욕장
(부안)핑크뮬리가 있는 고마제저수지 호수뷰카페 ‘핀아드레’... 
변산반도펜션에서 여수까지
부안고기집&lt;원조부안집&gt;숙성고기가 진짜 맛있는 집! 푸짐하게... 
&lt;국내겨울여행지 / 전라도겨울여행지&gt; 가족과 함께라면 더 좋은곳!
"가을에 떠나기 좋은 여행지, 변산반도 1박 2일 여행기 (*물때표... "
[ 변산반도 채석강맛집  격포식당해안마루 ] 조개세트( 조개구이... 
10월 전라도 축제 변산반도 가볼만한곳 부안붉은노을축제
"[TV속 정보]2월 2일 (화) 2TV생생정보, MBC생방송오늘저녁... "
[전라북도가볼만한곳]부안 영화촬영지 부안영상테마파크
귀염뽕짝 원정대 고향의 맛 한상차림 맛집 식당 어디?
오늘일기 9일 차_수만 년의 역사를 고스란히 보여주는 전북... 
부안 여행 어반하임펜션 스파 펜션 E101 풀억세스룸 내 돈 내산
부안 격포항 횟집 격포어촌계회센터 내돈내산 회포장
"[변산반도 여행] 곰소 젓갈시장, 채석강, 새만금 방조제"
부안 변산반도 국립공원 적벽강 수성당 산책 (채석강에서 차로... 
솔섬 일몰 [부안 1209]
부안 위도 망월봉
국내여행지추천 부안 맛집탐방 2일차 게장정식 쓰리랑식당!!
