"좋은 여행지, 청정 자연... (23.1, 전북 완주군 #대아수목원)"
곳]전북 완주군 동상면&lt; 대아수목원 열대식물원&gt; 완주여행지... 
[전북 볼거리] 완주군 삼례면에는 삼례는 책이다.&quot;삼례 책마을&quot;
전북 완주군    ‘오성제와 오성한옥마을’... 
전북완주군   나에게 맞는 정보보기
전북완주군  삼례  로컬푸드한식맛집  &quot;새참수레&quot;
역사를 한눈에 볼 수 있는 전북 완주군 대한민국 술테마박물관
전북 완주군 현지인들이 추천하는 맛집_중화요리
전주여행#전주근교여행#완주가볼만한곳#전북완주군
"#완주군, 서울 종로... 운영.. &quot;MZ세대 공략&quot; #복지TV 전북방송"
[전북캠핑]수영장과 계곡이 있는 완주군 가족캠핑장... 
전북 여행지 추천 완주 가볼만한곳 대아수목원 오성한옥마을
전북 완주 여행지 추천 [삼례 문화 예술촌]
생방송 오늘저녁 전북 완주... 어디? 전라북도 완주군 전주식당
전북 완주 가볼만한곳... 비비정 예술열차 여행지 추천
전북 완주군    ‘삼례문화예술촌’           2023년 10월 28일
여니우렁각시 술테마박물관 완주채움농장 전북여행지추천
전주근교 전북여행지 추천 삼례문화예술촌
[전북여름여행지/완주여행]전북 완주군 고산면 물놀이 하기... 
"전북여행지추천 전주, 남원, 부안, 군산, 완주 동상계곡?"
"전북 완주 가볼 만한 곳... 비비정, 전라도 겨울 여행지 추천"
[전주디자인] 전북·전남 가을 여행지 추천 | 금산사 대둔산... 
[가족여행] 6월 전북 완주군 여행지 추천!
전라북도 여행지 추천 완주 삼례문화예술촌 전북 드라이브 코스
"전북 완주 대둔산 케이블카... 삼선계단,마천대)대전근교 여행지"
전북 여행지 추천 완주 캠핑장 고산문화공원 무궁화오토캠핑장
전북여행지 &amp; 완주군 볼거리 추천~★▽
BTS도 다녀간 완주군 가볼만한곳 추천 여행지 - 완주군 볼거리편
"전북 완주군, 1인 기준 최대 11만 원까지 할인받을 수 있는... "
여행코스 추천... 전라북도 완주군 관광지도... 완주 여행지 볼거리
전북여행지 추천 (구)삼례역의 변신으로 탄생한 여행자 쉼터... 
전북 완주 가볼만한곳 뷰 맛집 [오성한옥마을 &amp; 두베카페]
가을 단풍 여행지로 추천하는 대둔산
[여행지 추천] 전북 완주군 '대한민국 술 테마 박물관'을... 
[전라도여행지] 전북 완주군이 자랑하는 관광지 그 네 번째... 
전북 여행지 추천 완주 추천코스 삼례문화예술촌 외
전북 비대면 여행지 완주군 고산 창포마을 체험여행
전북 완주군 고산면 동산계곡 쪽으로 드라이브 갔다 왔어요... 
전주 근교 갈대숲 명소 전북 가을여행지 비비정
전북여행] 봄여행지로 좋은 대아수목원은 금낭화군락지
전북 여행지 추천 완주여행 코스 삼례문화예술촌 삼례카페... 
"가을여행지 추천, 전북 완주여행 고산자연휴양림 캠핑장 가을축제"
고산자연휴양림-전북 완주군-나래팜
전북 완주 가볼만한곳 삼례문화예술촌 외 6곳 전주근교여행지
가을 여행지 추천 - 단풍이 절정인 아름다운 대둔산의 절경을 볼... 
"좋은 여행지, 사색하기 좋은 책 the ORANGE 머묾 여행, 머무는... "
[ 국내여행지 베스트 ] 가을 단풍 명소 나혼자산다 촬영 전북... 
전북 전주 가볼만한곳 전주한옥마을 외 완주 여행지 추천... 
"봄 시즌 비대면 전북 안심여행지 - 완주 화암사, 싱그랭이 마을"
전북여행지추천 대아수목원 봄나들이가기좋은곳
전북 여행지 추천 완주 가볼만한곳 BTS도 다녀간 BTS성지... 
봉동장날 봉동시장... 전북 완주군 5일장 전통시장 봉동장
[도시여행] 역사와 현대를 함께 품은 전북 완주군 삼례 이야기
전북 완주군 / 대둔산 :) 가을여행_단풍여행지^^
전북 완주군 최고의 가족여행지 '콩쥐팥쥐한옥리조트' 다녀오다
전북 나들이 가볼만한 곳 5 반려견 동반 여행지
최초의 한옥 성당 완주 되재성당/ 전북여행 추천/ 완주여행지 추천
[전북맛집/완주군] 완주여행 맛집 추천. 대왕가든. 소곱창전골... 
BTS 2019 SUMMER PACKAGE in KOREA : 전북 완주군 아원고택... 
전라도여행지 완주군 만덕산 정수사~겨울여행
전북 완주 여행 코스 - 소양으로 떠나는 힐링 여행지 추천
전북 천리길 - 편안하게 걷기 좋은 완주 운문골 마실길 트레킹
전북 아이와 가볼만한곳 전주 근교 여행 완주 아쿠아틱파크... 
전북 완주 가볼만한 곳 완주 추천 여행지 국내 거대불상이 있는... 
전라북도 여행지 추천 - 알찬 전라북도 완주여행 - 떠나요... 
완주 여행지 추천 - BTS 힐링 성지로 알려져 있는 SNS... 
전북 여행지 완주 삼례문화예술촌
[전북 완주 소양]화심 순두부찌개 두부돈까스 화심두부... 
국내 여행지 추천 완주 여행 완주 편백나무숲
전북 완주 가볼만한곳 대한민국술테마박물관
전북 가볼만한곳 완주 BTS 힐링 성지 전주 근교 여행
전북 완주 아원고택 이나영 한옥 소양 카페 BTS 가볼만한곳
[탐식지도: 전북 완주] 솔이식당 + 고맙고 든든한 백반 한끼
전북 완주 오성한옥마을 소양고택 아원고택 솔직 후기 BTS... 
물고기마을과 완주힐조타운으로 떠나는 국내 여름 여행지 추천
전북 여행지 BTS 앨범 촬영지 완주 오성한옥마을 소양고택.... 
[전북] 완주 가볼 만한 곳-여행지 추천 /템플스테이 체험 / 완주... 
완주 가볼만한 곳 1박2일 여행 코스로 알차게 추천 해드립니다.
전라도여행 전북여행지 추천 전주근교 한옥카페 소양고택... 
완주 대아수목원 5월 봄 여행지 추천으로 가볼만한곳
국내여행지 전라도 완주 백화도량 종남산 송광사 석가탄신일 연등
[전북여행지/완주여행]삼례문화예술촌
"9월, 10월 국내여행지 베스트10 추천 : 서울근교 포함... "
전북여행지 세계순례대회 아름다운 순례길 7코스 돌아보기
전북여행[완주여행♥대둔산케이블카♥겨울가족여행지추천]... 
국내 겨울 여행지 추천 레트로... 떠난 전북 완주 여행
가을 여행지 추천 전주 근교 여행 오성한옥마을 오성제
"봄에는 꼭 가봐야 할 전북여행지 추천 코스, 지리산 고로쇠부터... "
전북 완주군 가볼만한곳 베스트 10
전북 완주 가볼만한곳... 포함 6곳 전주근교여행지 추천
완주 주말 여행지]전북 완주 종남산 송광사 소양벚꽃길 따라... 
"속 얼음동굴, 해마다 살이 찌는 돌탑? 신비로운 전북여행지 두 곳"
전북의 가을속으로[마이산/대둔산/내장산/전북 단풍 여행지]
전북 완주군 이서면 코로나새대(covid19) 최고의 가족여행지... 
전북 여행지 추천 완주 소양고택 고즈넉한 두베카페
[ 주말가볼만한곳 1박2일 여행지 ]  전북여행  완주 창포마을
여행이좋다 :: 전북 완주 여행지 추천 완주 비비정 그리고... 
인스타그램 성지! '2021 국내 최고 여행지'로 선정된 10곳
전북 익산여행지 가볼만한곳 SRT 익산역
완주 대아수목원 - 식물원 내 꽃사진(전북 완주 여행지)
전북 완주 가볼만한곳 대아수목원 삼례문화예술촌... 
전북 완주 가볼만한곳 1박 2일 여행 코스 모아보기
KTX 타고 국내 기차 여행 전북 완주 가볼만한곳
국내 여름여행지 추천 전북 완주 운주계곡 평상 대여 당일치기... 
전주 근교 여행 및 완주 가볼만한곳 ft. 전북 도립미술관 볼거리
전북 완주군 상관면 공기마을 편백숲
전북 완주여행지]완주 삼례문화예술촌 근대문화유산을 찾아서..
전북 겨울 설경 끝판왕 국내여행지 추천 TOP 5
전북 완주 가볼 만한 곳- 라포하임키즈풀빌라
다양한 체험으로 힐링이 가능했던 힐링 여행지 추천 BEST5
경북 가을여행지 추천 문경새재 도립공원 코스따라 단풍명소 여행
전북 완주여행지- 카메라영상박물관
"국내 봄여행지, 초록 봄빛과 어우러진 완주여행... "
"[전북/완주] 송광사 벚꽃길+가는길+전라북도여행지 ,전북여행-②"
전북 1박2일 여행코스 - 익산 완주 추천 여행지
전북 완주여행지 강소형 잠재관광지 대한민국술테마박물관... 
전북 완주 1박2일 여행 코스 1편 완주승마장 신토불이회관... 
[JJC전북뉴스]완주군 서울국제관광박람회 관광설명회 효과 톡톡
"전북 완주 가볼만한곳, 오성한옥마을 소양고택 두베카페 전북... "
"전북 완주군 봄꽃 여행 : 구이저수지 둘레길, 모악호수마을... "
[전북 볼거리] 어린이들을 위한 세계적인 동화 작가들이 모였다.... 
전북 전주와 완주로 떠나는 자연 속 힐링 여행 :: 대아수목원... 
전북 여행지 완주군 위봉사
완주 전주 당일치기 여행 코스 완주여행 전주여행 10월 여행지
여름여행지 전북 완주 구이저수지둘레길 아마존 미술관 등
전북 완주 뚜벅이 당일치기 여행 코스&amp;가볼만한곳 추천
완주 아원고택 전북여행 중에
국내 겨울 여행지 추위를 잊어버리게 하는 5장소!
전주근교 완주구이 여행지추천
편백나무숲+유황족욕탕 :: 힐링여행지로 전북 완주 가볼만한곳!!
‘無車 여행지’ 전북…관광지-축제 등 85개 코스
"#전주 여행, 겨울방학여행지, 전북관광자유이용권"
자연을 벗 삼아 걷는 편백 숲길 4km - 완주군 상관면 공기마을
"전북 완주 가볼만한곳 대둔산 케이블카 주차장, 가격, 등산코스"
전북 정읍 가볼만한곳 베스트10 여행지 추천
"5월 가족여행지, 1박 2일 여행지 추천 ☆ 고산자연휴양림 전북... "
전북 완주 여행지 아원고택 아원 갤러리 카페
전북 완주군 운주계곡  법용유원지 다녀왔어여~~^^
전북 전주근교여행 완주 가볼만한곳 대아수목원 자연휴양림
전주 근교 여행 여름 완주 여행 위봉폭포 7월 국내 여행지 추천
[전북여행지] 고산자연휴양림-추천할만한 완주여행지
전라도여행지 추천 완주... 상관편백숲 등 당일치기 전북여행
[JJC전북뉴스] 완주군 ‘완주와 썸타기’ 온라인 이벤트 진행
전북 여행지 상관 편백나무숲 치유의 숲
늦여름 전북 완주 여행 : 대아수목원·위봉폭포·오성... 
"전북 이색여행, 어슬렁어슬렁 길 투어(천리길 연계 코스... "
국내 여름휴가 가족여행 가볼만한곳 전북 완주 무궁화오토캠핑장
[ 완주군 가보자 GO! - 위봉산성과 오성제 편 ]
&lt;전북여행지추천&gt; 완주물고기마을 2탄 물고기밖에 모르는 바보
전북 김제 가볼만한곳 베스트10 여행지 추천
"전북여행-전주 여행지|전북관광자유이용권,주말 나들이를 부탁해!"
완주 가볼만한곳 소양 오성한옥마을 BTS 썸머 패키지 촬영지... 
전주 가볼만한곳 베스트10 추천 전북 여행지
전북 완주 여행 가볼만한곳 위봉폭포 위봉산성 드라이브... 
[완주] 당일치기 여행 코스 BEST 5 :: 전라도 여름 여행지
국내여행지 추천 대전 가볼만한곳 '대둔산' 케이블카/ 천국으로... 
완주군 삼례 로컬푸드 친환경재료 엄마의 손맛 한식뷔페... 
전북 계곡&amp;해수욕장 살펴볼까요? 더운 여름을 시원하게 보낼 수... 
전주 근교 가볼만한곳 아쿠아틱파크 아마존 외 여름 여행지
전북 아이와 가볼만한 곳 - 완주 산속등대 복합문화공간
완주 오성한옥마을 BTS 촬영지 오성제
전북 여행지 추천! 삼례문화예술촌과 뷰가 좋은 카페 '애뜨락'
"위봉폭포, 위봉사, 소양오성한옥마을 전북 10월 여행지 추천"
여름 국내 여행지 추천 당일치기 전북 완주 가볼만한곳... 
전북 여행 완주 관광 고래가 찾아간 소양 산속등대 슨슨카페
"전북 역사여행지 - 천주교 성지, 익산 나바위성당"
"인생샷도 남겨봐요! #완주 #전주 #전북여행코스, #BTS힐링성지"
전주 근교 전시회 완주 여행지 전북 도립미술관
전주 완주 인근 여행지 갈만한 곳_삼례문화예술촌
"전라도 여행지 추천 내장산과 대둔산, 선운사와 백양사로... "
전라도 여행 전북 가볼만한곳 완주 여행 소병진소목학교
전북 여행지 추천 삼례문화 예술촌
[완주 여행지 추천] 완주 숲쟁이협동조합... 
완주 가볼만한곳  대아수목원 삼례문화예술촌 비비정예술열차... 
[걷기 좋은 전북 천리길] 완주 운문골 마실길
[ 전북 완주 대둔산 ] 가족 가을여행으로 다녀오기 좋은 대둔산... 
전북 완주 여행 완산9경 위봉폭포
운주계곡 평상 펜션 수영장 대전근교 전북 완주 계곡 당일치기... 
"그윽한 5월 가족 여행지 추천 ☆  대아수목원 힐링 여행, 전북"
6월 여행지 추천 Best 24
완주여행ㅣ철쭉이 만발한 숨은 여행지 화산 꽃동산
어린이날 가볼만한곳 5월 야외 여행지 추천 장소 BEST5
대둔산 케이블카 / 대둔산 설경 / 전라북도 완주군 여행지... 
KBS동네한바퀴 완주여행지 :: 전북 완주 '봄을 닮았다 그대... 
전북 완주 여행 데이트 코스 비비정예술열차&amp; 비비정 낙조는 덤
전북 단풍명소 베스트 3 대둔산 내장산 강천산
전북 완주군 BTS성지순례길ㆍ스탬프 투어
전라북도여행 완주 전북도립미술관
연휴 기분전환 힐링 여행지 추천 전국 100선 모음 가을 여행지
혼자 서울 여행 삼례문화창고 꼴라보하우스 문래
전북여행 다듬이할머니공연과 농가식당 창포마을
[전북 완주군] 삼례추천관광지 삼례성당 / 삼례문화예술촌
익산 1박 2일 여행코스 추천 7곳! (ft. 전북 여행지)
전북 완주 블랙야크 100대 명산 모악산 최단 등산코스... 
전북 완주 오성한옥마을 한옥 소양고택 아원고택 숙박 민박... 
대둔산 여행지 힐링하기 좋은 곳 등산길
[가을여행지 추천] 전주 한옥스테이에서 책읽고 커피마시는... 
전북 전주 추천 여행지
완주 가볼만한곳 전주.대전 근교 농촌체험 여행지 오복마을... 
전북 전주 근교 완주여행 대한민국 술테마박물관 + 술 빚기 체험
"전북여행, 완주 대아수목원, 가족 봄꽃나들이 갈만한곳"
[전북/완주] 국내 최대 금낭화 자생군락지 대아수목원 ((전북주... 
"한옥 갤러리카페(아원뮤지엄 입장료, 관람시간) 감성여행지"
[ 전북 완주 화심순두부 본점 ] 완주 순두부찌개 맛집
송광사 템플스테이 여행 대웅전 연꽃 피는시기 주말 여행지 추천
전주 가볼만한곳 베스트 10 (ft. 전북 여행지 추천)
익산보석대축제에서 완주까지 - 전북투어패스 당일치기여행!
전주 1박 2일 여행코스 추천 7곳! (ft. 전북 여행지)
완주산속등대 산속에왠등대 오성한옥마을 가는길 전북여행지
전북 완주 가볼만한곳 운주계곡 솔밭가든
[완주군 소양면]소양고택
"[농어촌에 풍덩] 오늘 떠나는 이 도시, 전북 완주"
전북 가볼만한곳 전주 여행... 완주놀토피아 / 전라도여행지추천
9월 여행지 완주 가볼만한곳 위봉산성 위봉폭포 BTS 힐링성지
5월 가정의 달을 맞아 가족과 함께 가볼만한 농촌 여행지 소개
[완주봉동콜택시] 완주군여행 '아원고택'
[전북서포터즈] 하늘정원의 전북여행 - 아름다운 그곳에서의 이틀
국내여행지 전북 가볼만한곳 당일여행 완주 산속등대
[전북 완주] W푸드테라피센터 (with.농가레스토랑)
실내여행지 추천 l 추운... 실내에서 놀아요~ 겨울 실내여행지 추천
우리나라에서 가장 아름다운 여행지들
"전라도 여행지 추천, 완주 아원고택과 가볼만한곳 10"
[전북 완주] BTS 힐링성지 3탄! - 소양오성마을 가는법
되재성당 (전북 완주)
전북 완주 여행지 송광사 연꽃
전북 여행지 추천 무궁화테마식물원/완주 여행 고산자연휴양림... 
전북 완주명소 100대 명산 대둔산 마천대 최단코스
근교 가볼만한곳 아쿠아틱파크 아마존 정보 및 外 여름 여행지
전북 완주 연꽃 여행지 홍련암
전북 완주 가볼만한곳 어연스테이 숙소 / 온수풀빌라 펜션... 
전라도 여행지 추천 다양한 미술작품을 만날 수 있는 전북도립... 
"사찰여행 - 완주 화암사, 고아한 정토사찰"
완주 맛집 화심순두부 완주 필수여행지 ! 순두부찌개 맛있음 ♥
전북 여행지 추천 삼례문화예술촌/ 전라예술제 다녀왔어요
용담댐 용담조각공원 용담댐하늘오토캠핑장 / 전북여행지추천
전북여행지추천 임실군 옥정호 출렁다리와 환상의섬 붕어섬... 
전라도 여행지 추천 | 잔잔한 기운으로 역사를 품고 있는 사찰... 
전북 힐링 여행지 추천 : 전북 완주 무궁화테마식물원
"전북여행, 전북여행지 추천, 오늘은 전주시 소개"
한국인이 꼭 가봐야 할 국내 여행지 100선 7탄
1박2일 가평청평관광여행지 가평연수원에서 워크샵 수목원... 
전북 강소형 잠재관광지 완주 구이저수지 둘레길
생생정보전북완주방송촬영지?대둔산고산휴양림송광사위봉폭... 
"[전북 완주] &lt;아원고택... 코스, 고택체험, 한옥스테이, 3월 여행지)"
"금낭화물결 넘실, 완주 대아수목원 가는 길 [ 전북 완주여행... "
결혼식참석 빙자 1박2일 워크샵(전북완주)
상관리조트 @호텔식 레스토랑 '피노' ★국내 힐링 여행지 추천★
"[100대 명산 #028] 전라북도 김제시, 완주군, 전주시 모악산... "
2023년 7월 8월 계곡여행지 계곡산행지 추천
전북 여행지추천/ 완주 볼거리 산속여우빛축제 힐조타운... 
전북 여행지 추천 완주 가볼만한곳 BEST5(삼례문화예술촌... 
아이들과 함께 가 볼 만한 전북여행지 [삼례문화예술촌]
[전북 완주 삼례 여행] 완주(전주 근교) 가볼만한 곳... 
"2023년 가을에 꼭 가야할 전국 단풍 명산, 명소 추천"
"겨울이라 더 좋은 여행지, 겨울 국내 여행지 추천!"
[공출판사 공가희 작가님을 만나다!]
[2019.9.9] 신혼여행(국내) : 전북 남원 광안루
반차 쓰고 떠나는 전북 완주 삼례여행 / 코레일 두번째 이야기... 
"전북 여행 완주 여행지 추천, 완주 위봉산성"
완주 1박 2일 여행코스 추천 7곳! (ft. 전북 여행지)
"[전북 완주] 피톤치드 가득한 힐링 여행지, 완주 상관 공기마을... "
전북 5월에 가볼만한곳 완주 대아수목원
전북 완주 여행 삼례책마을 이색 데이트
"전북 여행 가볼만한곳 완주 삼례문화예술촌, 군산 당골 한옥카페"
완주쌈밥 맛집 여니 우렁각시 가족외식 장소 추천하는 식당
전북 완주 가볼만한곳 로컬푸드부터 웰니스체험까지
전북 여행지 추천 여기는 어때요?
전주근교여행 완주 가볼만한곳 삼례비비정 예술열차 이색데이트
안전한 여름휴가 보낼 수 있는 안전 농촌여행지 추천
감성여행도시 완주에서 즐기는 완주5樂(락) 추천 명소!
"가을맞이 특별한 국내 여행, 마음이 풍요로워지는 한옥 여행지 5곳"
전북 농촌 여행 완주 소양 카페해월 완주 동물체험 계곡있는 곳
"미리보는 단풍, 되돌아 보는 작년 대둔산/추천 가을여행지"
가볼 만한 여름 출사 여행지
전북여행-완주|가족여행은 전북관광자유이용권과 함께
[설연휴휴식] 어머니의 명절증후군을 말끔히 날려줄 효도여행지... 
"2021-04-29. 완주군 화산면 &lt;화산꽃동산&gt;, 완주가볼만한 곳"
[국내여행]말숙이가 추천하는 전라도 여행지 6곳!!
옛날 놀이하고 전통 간식 만들고···전북으로 ‘농촌여행’... 
"▷ 전북 어디까지 가봤니?... 익산시, 완주군, 진안군, 무주군)"
에코레일열차 타고 떠나는 완주 여행 대승한지마을 한옥스테이
완주군 남부권/소양/상관/구이/이서/여행지
(영상) 숨은 보석 같은 힐링 여행지 전라북도 완주군 구이면 여행
"[정책소식] 완주군, '구이저수지둘레길' 스탬프투어 1일 개시"
문화와 역사가 녹아 있는 힐링여행지 전통마을숲 9곳
가을단풍 때면 대충 찍어도 화보사진 나오는 추천여행지
겨울 가족 여행지로 이색체험 농촌마을 10곳을 추천해요
"〔전북여행〕고산자연휴양림,무릉도원이 따로 있나?"
완주 소양 카페해월 전북 아이와함께 자연체험 가볼만한곳
전북 완주 등산 : 대둔산 마천대
눈보라 속 겨울 대둔산 설국 [겨울 여행지 추천 / 겨울 대둔산]
&lt;전북 완주&gt; 구름다리와 삼선계단이 있는 가을의  대둔산 여행
"테마여행지 3곳 :: 어린이회관, 대아수목원, 전북도립미술관"
"[기고] 로컬푸드부터 와일드푸드까지, 완주군 이야기 (전북의... "
춘향테마파크 고산자연휴양림까지 전북여행지 다녀오기
전북 완주 볼거리가많고 포토스팟이 많은 : 대한민국... 
전북 가볼만한곳 장수 여행코스 9곳
여행을 완주하다 완주 숙소 소양고택 사진 찍기 좋은 두베카페... 
대전 근교 계곡 펜션 폭포수가 떨어지는 당일치기 힐링 여행지
"논산 비대면여행지 ‘을문이 효자공원’의 전설, 병암유원지"
"국내 여행 쿨톤 vs 웜톤, 나의 여행톤은?｜인제 원대리 자작나무... "
완주 가볼만한곳 가을여행지 위봉폭포 위봉사
정보의 바다 :: 진안 가볼만한곳 베스트10 전북 진안 여행코스... 
"1박 2일 여행지 추천, 캠핑 어때?"
"오복(五福)이 있는 전북 완주 오복마을, 그 속에 숨겨진 다섯... "
전북여행 가볼만한곳 완주 삼례문화예술촌 삼례책마을 문학투어
[등산]전북 완주군 대둔산
전북 완주 BTS 힐링성지 대한민국술테마박물관
전북 임실 등산코스 가볼만한곳 오봉산 국사봉 옥정호 붕어섬!
전북 가볼만한곳 전주 근교 한옥 완주 아원고택 갤러리
"전북 완주 이색 체험여행 대한민국 술테마 박물관, 구이저수지... "
전북 완주 숙소 그랜드호텔 요금과 숙박하면 스낵바 무료
완주와일드앤로컬푸드축제 2023 완주 10월 축제로 가볼만한곳
전북 임실 가볼만한곳 필봉마을굿축제
"오신날 가볼만한곳 화암사,송광사,관촉사 등 국내 사찰여행지~"
광주 전남 전북 10월 축제 일정표. 전라도 가을축제와 여행지
[전북 완주] 가을을 타는 남자의 힐링 여행 1부 - 소양면... 
[완주여행/전주여행/전주근교여행/전북여행/전라도여행]... 
3월 여행지 추천 3월 축제 일정 행사정보 61곳 전국 모음
[전주 여행] 전주 근교 드라이브 코스 추천! 완주 상관 편백나무숲
대한민국 술테마박물관 전북여행의 새로운테마 (완주여행) 상편
"전북 힐링 여행지, 전북 완주 대아수목원"
완주맛집 새롭게 오픈한 삼산회관 완주삼봉점 완주한식... 
&quot;완주 삼례 문화예술촌&quot; - 예술적인 감성이 깃든 여행지의... 
6월은 여행가는 달 K-culture 매력 만끽 국내여행지 추천
"완주 위봉산성, 전주 턱밑에 위치한 '별 볼 일 있는' 여행지"
전북 벚꽃 여행지 / 전북 가볼만한곳 / 전북 봄꽃 여행 / 완주... 
전북여행-전라북도여행지|전라북도 여행지 총정리~!! 전라북도... 
"전북 고즈넉한 여행지, 전북 완주 초남이성지"
전북 완주 1박2일 여행 코스 2편 소양고택 오성한옥마을... 
"겨울이라서 더욱 매력 있는 여행지 top10 ,2탄"
[전북]엄청난 위용을 자랑하는 위봉폭포
완주여행...완주의 대변신을 주목하시라! 쉬어가삼[례... 
"[전라북도 전주시, 완주군, 충청남도 논산시] 전주한옥마을... "
전주 근교여행 완주 가볼만한곳 송광사 BTS촬영지... 
[완주여행] 안심사_전라북도 완주군 전통사찰
"[4월여행추천] 벚꽃, 진달래, 유채따라 가본 봄꽃 여행지와... "
홍보대사 남상일과 떠나는 안심여행지도 - 비대면 여행지 ①
전북 완주 가볼만한곳 Best7 힐링 여행코스
[전북여행] 6월 아이들과 꼭 함께 가야할 힐링 숲 나들이... 
전주 근교 여행지 추천 완주 소양 아원고택 갤러리 카페
전북 벚꽃 여행지 추천 / 완주 벚꽃 명소 / 완주 만경강변... 
전북 완주여행지 역사와 현대의 문화예술을 엿보는... 
늦여름 마지막 휴가 즐길 최고여행지 (전북의 재발견)
완주이색체험 - 완주 술렁술렁브루어리 - 전통주(떠먹는 막걸리)... 
전주 근교 완주 여행 BTS힐링여행지 오스갤러리 아원고택
6월 여행가는달 완주 삼례 비비정 석양 노을 가볼만한곳
주말 당일치기 여행지 * 삼례문화예술촌{모모미술관}
전북 완주 윈터푸드페스티벌 겨울축제 즐기러... 
여름 여행지 I 운주 계곡 솔밭가든 전주근교 아이들이랑 가기... 
"전북 여행지 추천, 완주 대둔산"
전북 완주  소양고택 두베카페 플리커책방까지 힐링여행 코스
2017 완주군 군민기자단 지식공유 나들이
[전북여행] 전북 완주 송광사(松廣寺)
전북 계곡 추천 완주 큰황골가든 펜션 방갈로 바베큐 캠핑식당... 
'76번 째' 여행지 [우석대학교]
완주 가볼만한 곳 - 한옥 갤러리 카페 소양 아원 고택
한국관광공사 추천 - 국내여행지 100선(계절별)
[정책소식] 완주군 결혼이주여성 9명 검정고시 전원 합격!
"완주군, 언론매체 촬영·취재 쇄도"
전북 월별 여행지 추천
[전북 고산면] *고산자연휴양림* 강추! 계곡과 야외 고기굽기... 
대전 근교 가볼만한곳 완주 화산꽃동산 철쭉명소 5월 가볼만한곳
전북 완주여행  아이와 함께 갈만한곳 삼례문화예술촌
"BTS가 띄운 완주, 아원고택 말고도 볼거리 많다"
전주근처여행지추천_완주군 상관편백나무숲(머리가 맑아짐)
국내 힐링 여행 혼자서도 갈만한곳 5곳 다녀온 팁!
전주 근교 여행 코스 완주 대아정 위봉산성 전북 드라이브코스
완주여행 가볼만한곳 BEST 7 아원고택 소양카페 소양고택 등
[여름휴가/전북여행] 연휴에... 위해 매력만점 전북 계곡 총정리!
[완주] 전북/완주 : 완주여행코스 (대한민국술테마박물관... 
삼례 맛집 완주 추어탕 미꾸라지튀김 보양식 한도령본가추어탕
"전북 완주여행 비비정, 오성한옥마을, 먹거리 완주맛집"
"전북 등산 여행지, 전북 진안 운장산 어때요~? :)"
[여행트리가 추천하는 여행지(전라북도 완주 편)]
[전북 완주] 문화복합지구 누에
전북 완주 가볼만한 곳... 아원고택 오성제 등 BTS힐링여행지
"완주 가볼만한 곳 -삼례문화예술촌, 삼례책마을, 그림책미술관... "
완주여행 치유농장 드림뜰힐링팜 먹이주기 카페해월
전북 완주 캠핑장 추천! 고산자연휴양림 고산문화공원 무궁화... 
국내여행 코스 및 여행지 정리
"완주여행 오스갤러리 카페 , 오성제 저수지"
완주 대둔산 케이블카 운영시간 초보자 등산코스 추천
"전북 완주 삼례 : 비비낙안, 비비정농가레스토랑(BTS성지... "
[아이와 가볼만한 전북완주여행]삼례문화예술촌... 
전북 완주 ‘호젓한 산책’
5월 전북 대표 명소 완주대자식물원
"전북여행,봄나들이 갈만한곳 &quot;대아수목원&quot;"
"단오, 창포의 은은한 아름다움에 빠지다. 전북 완주 창포마을"
완주 향수원 예약 필수인 오리 주물럭 로컬 맛집
겨울방학여행지 : 전북관광자유이용권으로  전주 여행 하기!
"이승기, 이수근, 엄태웅이 감탄한 전국최고 단풍여행지는?"
"전주아이와 갈만한곳 2곳 (전주어린이회관, 편백나무숲)"
완주 카페라온 조경이 예쁜 오성제뷰 대형 카페
전북 완주 맛집 쭈꾸미화 불맛 제대로 중독성 있는 매운맛
"대한민국 최초 한옥성당, 완주 되재성당지"
홍보대사 남상일과 떠나는 안심여행지도 - 비대면 여행지 ②
완주 가볼만한곳 벚꽃길이 예쁜 송광사와 만경강변
"순례 홀로 또 함께, 느바기가 되어 전북으로 가을축제를 떠나자"
전주한옥마을을 더 특별하게! 태조 이성계 유적지 탐방 '왕의... 
전북 완주 ‘호젓한 산책’
사계절 내내 가족 여행하기 좋은 전북 완주 &lt;대한민국 술... 
전라도 여행지 추천 남원... 완주 편백나무숲 국내 여행지
"전북 등산 여행지 추천, 전북 김제 모악산 도립공원"
"[여행가중계]‘한국 방문의 해, 여름 성수기’ 훈풍 부는 여행가"
전북 전주 근교 가볼만한곳 완주 운주계곡은 잊어라!... 
올 1월호 ‘베스트 여행지 5곳’.
전북 겨울 여행 추천 대둔산 대중교통
다양한 체험이 가득!…‘가정의 달’ 5월 여행하기 좋은 농촌... 
"2021 최고의 여행지 awards 10 아름다운 전북 완주,소양고택"
‘BTS 다녀간 길’ 따라···완주 여행지 ‘들썩’
7월 - 전북여행 : 가족... 있는 명소와 맛집 추천 - 7월 여름 여행지
"BTS 힐링 순례지 완주! 고즈넉한 완주여행코스, 완주... "
전북 완주 가볼만한곳 대아수목원 소양고택 카페 등 8곳 여행
"완주 오성한옥마을 코스 BTS 촬영지, 아원고택-오성제-위봉산성"
[감성 국내여행지] 전주여행 한번 더 가볼까? I 제제의미학... 
"휴가지, 평상대여 이용후기, 전북 가볼만한곳, 전북 여행지"
"[전라북도여행] 전북 완주여행, 소양 오스갤러리 소양 아원고택... "
전라북도 완주여행 체험학습 추천 드림뜰힐링팜
완주군의 대표 사계절 여행지 산수유꽃 만개한 전주8경 ☞삼례... 
[전북 완주 대아저수지 백숙] 인스타 뷰맛집 묶은지... 
"관광+힐링 모두 한 번에 잡을 수 있는 완주, 완주 여행지 추천"
순천 완주고속도로 황전 휴게소 던킨 도너츠 전망대
"송광사 눈내리는 겨울 사찰여행(전북 완주여행, 전주근교여행)"
[완주여행] 위봉사_전라북도 완주군 전통사찰
국내 여행지 추천/대둔산 자연 휴양림 &amp; 짚라인
[2023.11.2~11.4] 2박3일간의 희귀버스 투어기-전남편
"[전북 완주] 화심순두부찌개, 삼례장터 구경"
[대둔산설경/완주대둔산]-전북... 겨울사진여행/겨울추천여행지
국내 여름 여행지 추천 조용한 1박2일 여행지 완주 공기마을... 
"국내여행지추천,소양두베카페,두베레스토랑... "
완주 가볼만한곳 전주근교여행 | 대한민국 술테마박물관 | 전북... 
[ 기차 여행 - 삼례역 ] 전북 완주에 있는 전라선 무궁화 기차만... 
아름다운 국토 사진 공모전 6회 *국내여행 추천여행지
"완주와 전주, 그리고 남원 사진 찍기 좋은 여행지(1일차 일정)"
전주 아이와 가볼만한곳 놀토피아 완주 아이랑 에너지 발산
1등급 마을로 선정된 전북 완주 안덕마을 웰촌
"7, 8월 국내여행지 추천 ㅣ 완주 오성한옥마을 두베카페 소양고택"
국내 당일치기 여행 전북 완주 가볼만한곳 모악산 전북도립미술... 
전북 당일치기 여행 :: 완주 바베큐 글램핑 :: 완주힐조타운
완주 가볼만한곳 대아수목원 외 완주여행코스
"BTS는 모르는, 완주의 숨구멍"
"[전북/완주] 전주 근교여행 소양 BTS 힐링스팟, 한옥 갤러리... "
전라북도 여행지 추천 ㅣ 완주 계곡 백숙 하나로가든
[완주여행] 완주군대표 관광지 위봉산성과 위봉폭포 BTS... 
전주 근교 가볼만한곳 완주 놀토피아 외~
완주여행지 BTS 힐링성지 위봉산성 그리고 고즈넉한 위봉사... 
[전북 완주] 삼례예술문화촌 (with.쉬어가삼[례:])
완주 힐링여행 편백나무숲길 명소
완주군 추천여행
전북가볼만한곳 전주근교여행 완주추천코스 완주소양고택 외 4곳
완주 위봉산성 - BTS 화보 촬영장소 예쁜 국내 여행지
"홍천, 제주도, 증평, 완주, 인천 웰니스 힐링 여행지 추천"
2021년 벚꽃 개화시기 비교 자료 / 전북 벚꽃 명소 추천
전북 완주 대둔산 케이블카 최단등산코스로 겨울 눈꽃 설산... 
완주여행 완주대아수목원 &amp; 봉강요 도자기체험 국내힐링여행지
완주 만경강 비비정과 삼례문화예술촌의 겨울 풍경을... 
"[리뷰] the RED 예쁨 여행-김수진, 김애진, 정은주 지음"
bts 뮤비촬영지 완주 여행지 위봉산성
전북 전주 근교 여행: 신상 한옥펜션 완주 공유한옥
걸어서 세계여행 - 전북 완주 여행지 추천 (종합편)
"전라도여행지추천 완주가볼만한곳 삼례문화예술촌, 삼례책마을... "
"취향 저격 전북 가을여행 - 내장산, 주천생태공원,핑크뮬리... "
"가득한 별빛 속으로 여행을 떠나요! 겨울 밤, 별 보기 좋은 여행지"
"추석연휴, 온 가족이 함께 즐기기 좋은 문화여행지 총정리!"
"전주 근교 가볼만한곳 완주 평상대여 수영장, 운주계곡... "
"전북 가볼만한곳 진안 마이산 ~ 용담댐, 전북방문의해"
BTS 뮤직비디오 아원고택의 고장 완주를 완주하다... 
전북 완주 가볼 만한 곳 대아수목원 힐링 여행 (ft. 금낭화... 
"전주여행 필수코스 저렴한 완주 용진로컬푸드몰, 황금연못... "
가을철 국내여행 가볼만한곳 완주 삼례 비비정
3월 여행지 대전 근교 전주 근교 드라이브로 추천하는 완주여행... 
"전주, 군산, 남원, 무주, 전북 여행 펜션 추천드림"
국내 당일치기 여행 추천 전북 완주 가볼만한곳 감성투어코스... 
전주카페 추천베스트6 (전북 베이커리카페)
전북 완주가볼만한곳  아원고택 소양오성한옥마을 오성제... 
전주 맛집 추천 10 리스트 (ft. 전북 여행)
"전북 완주 가볼만한 곳, 볼거리가 한가득인 대한민국... "
리뷰(review) 전주 근교 여행 완주 가볼만한곳 BTS 방탄소년단... 
언택트 여행지 어슬렁 어슬렁 전북 길 테마여행 구이저수지... 
전북 완주 소양고택_전주한옥스테이/두베카페/플리커책방
국내 소도시여행 전라북도 완주 배낭여행 삼례문화예술촌... 
완주 가볼만한곳 국내 배낭여행 추천 전통시장 나들이 삼례시장
"전북 완주, 늦가을 정취 가득한 '모악산'으로 떠나는 랜선여행"
".[본문스크랩] 겨울여행지 추천, 가볼만한 눈꽃여행지!"
"새처럼 하늘을 가르는 짜릿한 비행, '완주 패러글라이딩'"
완주 봄 여행 감성 여행지 가볼만한곳 BEST5 다녀옴
전북 전주 근교 완주 가볼만한곳 국내 여행 오성제 저수지 BTS... 
"공정여행 착한여행, 2019 전북트래블마트 방문후기"
전북완주 아원고택 한옥스테이 오스갤러리 BTS힐링성지
전북_완주) #3. 경천면의 자연농 식물기반지구 밭 일월 - '밭 日月'
[완주여행] 5월여행지 부처님오신날 송광사
"[완주] 전주 근교, 완주 여행지 추천 분위기 너무 좋은 오스갤러리"
전북 / 완주 가볼만한곳 삼례문화예술촌
완주 가볼만한곳 전주 근교 여행 드라이브 오성한옥마을... 
겨울 놀러 갈만한곳 겨울 풍경이 아름다웠던 BEST 5추천
[완주패러글라이딩] 완주여행 패러체험비행 유튜브 촬영하고... 
전북 완주의 금고당천
장성 무궁화공원 전국서 무궁화 가장 아름다운 곳 선정
(완주 가볼만한 곳 ⑤) BTS 힐링성지- 감성 여행지/‘오성... 
여행지)대전근교 대둔산 테이블카
전라도 여행지 추천 대둔산 케이블카와 구름다리
완주 가을 여행지 &amp; 원구만 십 리 길  걷기 좋은 가을길
전주 근교 완주 숙소 가볼만한곳 신축 전북호텔 여행
전라북도 여행 아이와 함께 가볼만한곳 완주 놀토피아
완주 상관저수지 수변길
전북 완주 ‘호젓한 산책’
전국 인기여행지 추천. 가볼만한 곳. 첫사랑 꽃잎
전주 근교 카페 완주 상관 카페 넓은 정원과 함께하는 정원... 
완주 가볼만한곳 술테마박물관 볼게 많네 추천!
겨울여행지추천★ 낭만적인 겨울여행으로 초대할께요~~^^
예술과 체험이 있는 완주 가볼만한곳 삼례문화예술촌
[문화이슈] 함께해야 즐거운 문화콘텐츠
전북여행중 만난 완주로컬푸드직매장은 주부놀이터
1박 2일 여행을 떠나며 (1)
[전주 근교가볼만한 곳] 전북 완주 여행  아원고택
전북 드라이브코스 진안 모래재 부귀 메타쉐콰이어길
6월 국내여행 완주가볼만한곳 삼례 복합문화공간 쉬어가삼:례
걸으면서 힐링하고 싶은 여행코스 낙동강 역사 너울길
전북 완주*호젓한 산책* &amp; [13년 전] 북한산에서08.4.14
완주 여행 가볼만한곳 BTS힐링성지 포함 5곳
삼례책마을 ‘북하우스’
"충남&amp;전북 1박 2일 핫플여행_논산, 익산, 완주"
[전북여행] 전북가볼만한곳  &quot;완주 상관편백나무숲&quot;
전주 근교 가볼만한곳 완주 오성한옥마을 두베카페
"전북 시티투어 총정리 - 전북하루여행, 만원의 행복"
200607 1박2일 시즌4 촬영지 중 전북 완주 삼례문화예술촌
"[완주 여행] 완주 가볼만한 곳 : 완주 , 전주 1박 2일 여행지, BTS... "
[전북 완주] 고산자연휴양림 (with. 놀토피아)
[홍성은]여행하기 좋은 완주! 여행하기 좋은 동네! 하루종일... 
전주 카페 투어  완주 호수 뷰와 정원이 예쁜 라온 카페
방탄소년단 BTS 화보 촬영지 완주 위봉산성 그리고... 
전북 완주ㅡ기차 타고 전남 완주로 떠나는 4가지 테마 여행
전북 완주여행 [오스갤러리] 갤러리겸 카페 동화속 풍경❤️
"완주 여행 : 추어탕 맛집 한도령본가추어탕, 추어탕이 이렇게... "
전주 펜션 추천 베스트 3 (ft. 전북 여행 숙소/한옥마을)
전주 근교 가볼만한곳 전주 여행 완주 아쿠아틱파크까지~
전북도립미술관/ 전주 아이랑 가볼만 한 곳 / 완주 가볼만 한 곳... 
BTS촬영지로 유명한 갤러리카페 아원고택 전북 완주여행... 
"완주여행지,전북방문의해,전라북도관광,전북관광지,정신병원... "
@2021.05 전북캠핑_완주 동상힐링캠핑장
전북 가볼만한곳 하면 바로 이곳! : 전북 완주 둔산공원
제8탄  설레는 크리스마스 미리미리 준비하기  [전북 완주... 
"[전북여행] 완주 대아수목원 , 오지에도 봄은 온다"
[완주여행] 전주 근교 아이랑 물놀이하기 좋은 고산 자연휴양림... 
전북 완주여행 소양면 위봉폭포 들러봤어요
완주 우산정사 - 300년된 용솔과 삼정승소나무가 반기는 곳
전주 근교 완주 펜션 한옥독채 고택에 반하다 리안정
산속여우빛 * 전주근교여행 * 전북 여행지 추천 * 완주여행
"완주 산행) 전북 대둔산 케이블카, 금강구름다리, 삼선계단... "
"쉼의 미학 완도 여행, 가볼 만한 곳 - 삼례문화예술촌... "
전주 근교 완주 가볼만한 곳 아원고택 갤러리 카페 내돈내산... 
완주 숙박 한옥스테이 리안정 고즈넉한 고택 뷰
전주 가볼만한곳 &amp; 완주 여행 아마존 포함 국내 1박2일 여행
[전라북도 방방곡곡 계절여행] 완주편(전북분원 김남윤)(18.... 
겨울 전북 여행 추천! (익산&amp;삼례&amp;부안)
전라도여행지추천 완주 아원고택 BTS 힐링 성지
"‘좋은 여행지’ 전북 완주 ￭정여립, 불온의 이름을 호명하다... "
완주 여행지 총정리_19선
방탄도 다녀간 완주 여행지 best5 추천
[오늘의 여행 소식] 23.11.30 &quot;韓여행서 빈대 발견시 전액 환불... 
겨울 여행지 대관령 삼양목장 대둔산 덕유산 자작나무숲
진안 맛집 추천 베스트 5 (ft. 전북 여행)
산채 정식 전북 완주 대둔산 맛집 추천 오늘방송 정보 다시보기
전주 근처 가볼만한곳 완주 삼례문화예술촌
마음한가득 진경산수화 풍경 : 가을 단풍여행지 대둔산 케이블카
전라북도 완주 동상계곡 - 여름 물놀이하기 좋은 완주 계곡
완주 가볼만한곳 창포마을 등 국내 여름휴가 추천
아름다운 완주 여행 고려 문하시중 문성공 최아 시조의... 
완주 여행 가볼만한곳 오성한옥마을 두베카페 소양고택
"CNN 선정, 꼭 가봐야 할 한국 여행지"
완주여행 전북투어패스로 예술작품도 구경하고 영화도 보고!
[전북여행] 대둔산단풍
전주 카페 추천 베스트 6 (ft. 전북 베이커리 카페)
"4월 여행지 추천, 피톤치드와 홍삼의 향기를 체험하는 진안여행"
전라북도 여행자의 '집' - 여행지에서 느끼는 일상의 여유
전북 전주 Tour(2023. 3. 5)
"전북 힐링 여행지, 전북 완주 대아수목원!"
전라도 가볼만한곳 베스트10 최고
"[완주여행] 주말 가족여행, 봄내음 가득한 완주군 대아수목원으로!"
전북 사찰 여행 명소 추천 - 백화도량 완주 송광사
인생에 한 번은 꼭 가봐야할 전라도 여행지!!
"완주 힐링무인호텔, 몸만 가면 되는 호텔에서 글램핑이 가능한... "
두부탕수육 60년전통 전북 완주 화심리 원조화심두부 18회
"전북 완주 송광사 평지사찰, 천년고찰 보물 4점(사천왕상,종루... "
"전주근교여행, 완주 가볼 만한 곳, BTS 힐링 성지 아원고택... "
런닝맨.1박2일.무한도전이 전북에서 촬영한다면?
[완주/대흥리] 소양 오성제
완주군청소년문화의집 운영 프로그램
몸과 마음의 치유를 찾아서 떠난 ‘안덕 힐링마을’
겨울산비경.겨울산행가볼만한곳.겨울산출사지.전북여행.... 
[⭐농어촌에 이런 일이] 맛 따라~ 길 따라~ 웰촌으로 떠나는... 
"2021 전라북도 블로그 기자단이 추천하는 - 랜선여행,  따로... "
삼례 책마을
[ 완주여행 ] 건강한 밥상을 책임지는 완주로컬푸드... 
"[전북여행, 완주여행] 가족들과 함께 가면 좋을 봄꽃여행지... "
완주여행ㅣ봄날의 산책으로 좋은 완주 아원고택
"&lt;여행&gt;휴식이 필요하다면, 전북으로! 완주•진안 1박2일 여행코스"
"[기자단] 농촌으로 떠나는 여름휴가, 웰촌과 함께"
"전북 완주 가볼만한곳 이색체험 술빚기, 한방체험... "
전북 완주 가볼만한곳 _ BTS 힐링성지 &amp; 오성한옥마을 1박2일... 
전주 독채펜션 &quot;쉬는시간&quot; 방문후기
2박 3일 여유로운 전주-완주여행 코스 :: 3일차_전주빵집투어... 
완주 놀토피아 신나게 즐기고 완주 한옥 숙소  일박 풀코스
"겨울방학여행지 추천:전북관광자유이용권으로 전주,완주 여행... "
"전북 천리길 리스트, 소요시간(내장산 단풍 생태공원)"
"전북 완주 삼례책마을 북하우스, 그림책미술관에서 아날로그... "
"완주사찰 갈만한 곳, 부처님 오신날(송광사, 위봉사, 봉서사)"
대둔산축제 - 완주군의 이미지를 널리 홍보하고자..
"마운틴뷰를 감상하며 수영,족구를 즐길 수있는 완주단체펜션... "
(완주 소식) 유용한 완주 11월 완주 소식 : 완주... 
[전주 패러글라이딩] 전주여행 나의 첫 패러글라이딩 체험 후기 ~~
달래축제 진달래꽃축제 하는곳 모음
전주 근교 완주 드라이브코스 봄여행지 대아저수지
"전라북도 전주 여행 코스, 국내여행 전북 특별한 관광지"
[전시]복합문화지구 누에 ｜'어반스케치로 떠나는 전라북도 여행'
완주 BTS 모바일 스탬프 투어 코스 선물 방법 소개
전북 완주 가볼만한곳 삼례문화예술촌
[전북 겨울여행] 겨울 설경이 매력적인 전북 생태관광 · 천리길... 
(상무안경) 행복한 한해 마무리 12월 특별한 여행지 BEST5!!
"BTS 힐링성지 : 완주 고산 창포마을, 영숙백숙"
전북 여행 꼭 들러야 할 대둔산 이색카페 (카페 나마스테)
[겨울방학여행지/ 전주여행] 전북관광자유이용권으로 알뜰하게... 
"마음을 위로받는 청정자연에서의 쉼, 언택트 농어촌휴양마을"
전주여행코스로 찾은 완주 특별한 여행(놀토피아~)
[완주] 예술로 리프레쉬하다.'완주 예술여행' /가족여행 추천
"관광지의 변신은 무죄, 재탄생 여행지"
"로컬푸드, 지역 특산물 유통망으로 자리 잡을  수 있을까?"
"[대둔산 여행] 해외여행 전문 클럽, '떠나자 배낭여행' 1박 2일... "
대둔산 케이블카
[秋캉스] 우리는 휴게소로 여행 간다?…가을 여행주간 이색... 
완주 가볼만한곳 여름 휴가 추천 완주 여행 3곳
"전북여행-완주|대한민국 천주교회의 산역사, 최초의 한옥성당... "
"전북 가볼만한곳 진안 여행 9곳 마이산 탑사, 부귀... "
전북 축제 7월 일정표 (전북 축제 가볼만한 곳)
여행이좋다 :: 완주 여행코스 전라북도 완주 가볼만한곳 여행후기
전라북도 주간소식 - 전북에서 전하는 11월 첫째 주 소식
6월 전북 축제 일정표 (전라북도 6월 축제)
안심하고 떠나는 비대면 전라도 여행지 5선 소개
완주 대둔산 도립공원 케이블카 요금과  금강 구름다리 삼선계단
전라도 완주 계곡 물놀이 후 먹는 묵은지 닭볶음탕 찐 맛
휴가철 맞이 &quot;올 여름 꼭 가봐야할 전통시장 50선&quot; 대공개!
[국내여행 전북여행] 완주 갈만한 곳 : 아원고택
"임실 당일치기 여행지 추천 - 오봉산가든, 국사봉전망대... "
"전라도 익산, 전주 1박2일 가족여행1 / 천주교 성지순례"
완주 캠핑장 완주펜션 숲속의 힐링 쉼터 예원 캠핑장
"전주 추억만들기 장소, 낚시카페, 한국전통문화전당VR"
"전북 가볼만한곳 완주 안덕마을 한증막, 안덕민속한의원... "
전주 여행코스 겨울 아이들과 함께 하는 완주 여행
[전라북도 여행지추천] 전북 완주 대둔산
2021완주방문의해 기차여행 완주관광 완주맛집 완주여행코스
"전주근교 완주 소양 한옥마을 아원고택, 주차장 카페 숙소예약"
계절마다 아름다운 꽃이 피는 칠곡군 자매도시공원
공기 좋은 곳으로 나들이 떠나요! 전북 완주 공기마을 편백나무숲
가을여행지 운치를 즐기자
1박2일 여행지 리스트
"마음의 때까지 씻어 내리는 힐링 타운, 완주 ‘힐조타운’"
완주당일치기 여행 BTS힐링성지 위봉산성
[여행어플] 너목들보다 강력한 전북의 목소리? 듣고 걷는... 
"겨울 산행 여행지 추천, 전북 완주 모악산"
완주 와일드푸드축제 2017 전북여행지로 문화체육관광부... 
전주 갈만한곳 완주 와일드푸드 축제&amp;여행코스~
가을여행지 대둔산 케이블카 타고 단풍구경
만경강철교 만경강 비비정 삼례여행지
완주군 #무인빵집 #화산애빵긋 #3(完).B컷
국내 가족 여행지 추천 진안 운장산 자연휴양림 숲나들e 국내... 
전북 #전주시 기행
"9월 국내여행추천, 전북 완주 특별한관광지 후기!... "
"전주근교여행, 완주가볼만한곳 소양카페 : LP카페 소리나무"
시원한 계곡과 다양한 관광지 방문하기 좋은 완주펜션[곶감펜션]
투대문! 사전투표의 모든 것
전주단체펜션 가족여행 전주숙소 추천 빌라드소양
"전주 근교, 완주 나들이 여행지 추천 , 숙박 , 갤러리... "
시간과 예술이 만나는 곳 :: 삼례문화예술촌
완주 가볼만한곳 전북도립미술관
[사진으로 떠나는 겨울여행] ‘낭만 트래블러’ 대한민국
전주 근교 여행 완주 가볼만한곳 상관편백나무숲(편백숲)... 
"겨울 여행, 놓칠 수 없는 '한국의 설경 베스트 5'"
"겨울 여행, 놓칠 수 없는 '한국의 설경 베스트 5'"
2월 여행지 추천 (2월에 가볼만한 여행지)
[ 전북여행 ] 봄여행 완주가볼만한곳 - 대아수목원
"백신 맞고 농촌여행 가자!…자연에서 힐링하고, 1만원... "
문화가 숨쉬는 힐링의 성지... 완주 오성한옥마을
전주 가볼만한 곳 '완주 아원고택' 자연 즐기기
5월 가정의 달! 가족이랑 함께 있으면 얼마나 좋게요~?
2018년 전라도 6월 축제 일정표 (전라도 여행지 추천)
담양 국수거리  - 담양 여행 필수 맛집 거리로 추천합니다
"[임실여행] 피톤치드로 몸 속까지 건강해지는 힐링여행지, 임실... "
[전북여행] 전북의 아름다운 공원 '대둔산 도립공원'
"전북 완주 가볼만한 곳, 전북 완주 비비정"
"전북여행-전북|2016 내나라 여행박람회에서 만난 전북, 그... "
온고지신하여 환골탈태한 완주
[BTS로 인해 재 탄생하고 있는 전라북도 완주군....]
전북 가을여행 완주와일드푸드축제
제15회 진안고원 운장산 고로쇠축제(2019.3.16~3.17) :: 전북... 
이국적인 국내 여행지! 여권없이 국내에서 해외여행즐기자!... 
14색의 매력을 가진 전라북도에서 전북투어패스로 여행하기!
전북투어패스로 완주 여행하기
완주 맛집 소양 전주본가 갈비탕 수육 파전 포장 펜션에서 즐기기
전북 완주 여행~ 초록이 짙은 삼례 비비정
"완주여행, 고산자연휴양림에서 힐링해요!"
전북 완주여행 코스추천 - 오성한옥마을 소양고택 가희당... 
전북여행-구석구석여행 | 14개... 관광지. 전북의 관광지는 어디?
[전라북도추천여행지] 가볼만한 전북 여행지역은 어디가 있을까요
주말여행으로 좋은 전북 완주여행 코스
전주 근교 숙소 추천!  ‘범바우’ 에어비앤비
전북완주여행 대아저수지 가을 풍경
충남 여행지 추천 대둔산 야생화 노루귀
가을 단풍명소 추천  국립공원 / 도립공원  엑셀 파일 총정리
소양면_오성한옥마을(프로그램 기획·운영)
"완주 감성 여행지 6선 가수 이선희, 아나운서 이금희씨가... "
전주여행 : 아원고택 비오는날 전주근교여행 완주군여행... 
단풍여행지 대둔산 케이블카 타기 대둔산 등산코스
"전주 근교 여행 완주 삼례문화예술촌 , 데이트코스"
전주 근교 여행 완주 위봉산성 BTS 화보 촬영지
언택트 관광지 100선! 올 여름 주목해야할 여행지!
"전북 산책하기 좋은 곳, 전북 완주 지사울공원"
전주 근교 물놀이 완주 워터파크 아쿠아틱파크 아마존
"한옥스테이 하기좋은 완주 오성 한옥마을 아원고택 , 소양고택"
주말 갈만한곳 완주 소양 카페 두베 방탄소년단 BTS 화보 촬영지
"완주당일치기여행 코스 두베카페, 위봉산성, 위봉폭포"
완주 대둔산에서 배 빵빵하게 먹은 후기(대둔산골)
[힐링솔루션] 해외보다 훨씬 아름다운 국내 여행지 추천
[전북도청 홍보영상 촬영] 뮤지컬수컴퍼니 이상흔 배우님
"[전북 완주여행] 위봉산 자락 숨겨진 2단 폭포, 위봉폭포"
[전북전주여행/완주여행] 아름다운 경치와 유기농 먹거리... 
가족들과 가볼만한 곳 완주 추천여행지 - 술박물관
오감만족 체험 여행! 다섯 가지 복이 있는 완주 ‘오복마을‘
2023년8월22일 배리어프리 기사
딱! 이 PD가 간다&gt;색다른 만추 여행지 :: 보물상자
&lt;완주여행2&gt;삼례문화예술촌'삼삼예예미미' - 양곡창고를... 
전주 가볼만한곳 보다 완주 여행코스 맘에 쏘옥 ~ ~
"전주근교 수영장펜션,완주 동상계곡 펜션 : 오가네펜션"
완주 봉동 : 전북 가볼만한 곳
210922~24 여름(가을)휴가 3일차 / 본앤하이리와 아원고택
국내여행지 행복했던곳
"화심순두부 본점, 원조 현지인 맛집 맛있는 찌개와 돈까스"
완주 대아 수목원 - 자연과 함께 힐링하는 길 전라북도 수목원
[가을여행지 추천] 호남의 금강산- 대둔산 여행
전북전주 여권재발급 | 대한민국 신여권
올해 여름휴가 여행 만족도 '전라권 2위' &amp; &quot;여행지에서 LG전자
"전북 가볼만한곳 완주 당일여행 완주방문의 해, 삼례 문화예술촌"
"[가을축제/푸드 페스티벌] 풍성한 축제의 계절 가을, 맛있는... "
전북 완주 삼례읍 비비정예술열차 비비레스토랑&amp;비비정카페
실궁복합문화지구 안의 Filling Art Museum과... 
단풍시기 단풍절정기 단풍여행지 전국 75여곳 모음
큰황골가든 완주 여행 전주 근교 완주 계곡 애들데리고... 
대둔산 얼음골 계곡 유원지 노협찬 후기
"여름에 가기 좋은 캠핑장 추천, 물놀이 캠핑장 계곡 캠핑장"
전북 완주 소양 아원고택 (오성 한옥마을) - BTS도 다녀간 그곳.... 
완주여행# 고산자연휴양림 무궁화테마식물원 무궁화전시관... 
여행작가가 추천하는 6월 이색명소 비밀여행!
2022년 단풍 절정 시기 및 가을 단풍 여행지
"[군산에서 대구] 초원사진관, 진포해양테마공원... "
삼례가볼만한곳 ★ 삼례여행 삼례문화예술촌 둘러보기 1
[완주 가볼만한 곳] 국내 힐링 여행지 추천! BTS도 다녀간 완주... 
전주 근교 가족/친구 1박2일 여행지 고산 자연휴양림
전라도 여행지 추천 꼭 가고싶어~
★여름 휴가때 갈만한곳 추천[휴가철가볼만한곳][휴가철 여행지... 
"[여의도,진해,경주,제주도] 벚꽃축제와 함께 하는 2012년 봄... "
운주계곡 솔뫼농원으로 짧은 휴가 다녀왔어요.
전북 완주 여행 가볼만한곳 추천
7월 연꽃 여행지 추천 완주 홍련암
전주여행지에서 가져갈 특별한 기념품! 전주한옥마을 한지부채!
빛조절이 좋았던 연꽃피는시기 여행 완주 가볼만한곳 송광사의... 
올 가을 꼭 가봐야 할 '새만금 가을 관광명소 10선'
대전지역 가족여행
대둔산 도립공원 대둔산 케이블카
"[가을 여행지 추천] 힐링의 종결자 &quot;완주 소양고택, 두베&quot;"
[1박2일] 국민예능 1박2일이 소개한 전라북도 여행지 총정리... 
전주 아원고택 - 전주 당일치기여행지/국내 가볼만한 곳 추천
완주 편백나무숲 (상관 공기마을) 전주 근교드라이브 코스로... 
겨울시즌 비대면 안심관광지 25선
잘 먹고 잘 살자8 - 전북(2)
한국관광 100선 어디까지 가봤니? - 전북 관광명소 6곳 선정
[겨울여행특집] 전라도 겨울여행지
11월 국내여행지 추천 BEST 5
완주 펜션 추천 :: 완주 더펜션퍼스트에 다녀오다 :: 전주 근교... 
겨울 전주여행 가족과 함께 하는 여행지
"전북 여름에 가볼만한곳-연꽃명소 나들이/덕진공원,송광사"
여행로그 : 전주 Jeonju
여행
완주당일치기여행 풍경이 아름다운 완주 두베카페
전북 가볼만한곳 대둔산
주말 겨울 여행지 추천! '최고의 설경 뷰포인트' 대한민국... 
[ 국내여행지추천 ] - 완주상관 편백 숲
"노을 맛집, BTS 성지_전북 완주"
국내 여행지 이야기 - 전라도 인기 여행지
논산의 가볼만한곳 대둔산을 소개합니다
전라도 여행지 추천 . 1박2일 여행 전북 가볼만한곳 다솜차반... 
[동네작가 : 우혜정] 요리로 떠나보는 동남아 여행~
"대전근교가볼만한곳 , 대둔산케이블카 탑승후기 (가격 정보 안내)"
여행이좋다 :: 필수 전북 완주 관광코스 삼례문화예술촌 삼례... 
삼례문화예술촌 -완주 전주 근처 여행지
완주 가볼만한곳 추천:고산자연휴양림
누구나 그림 속 풍경이 되는 전주 '원색장마을'
완주 삼봉지구 카페 커피로드뷰
전주완주여행 아원고택 미술관카페와 한옥 스테이
"전주 근교 카페 / 완주 구이 카페 , 다양한 빵 종류가 많은... "
전북 완주 여행 소양 카페 산속등대 복합문화공간 아이와... 
9월 여행지 추천 (9월 국내여행지 추천)
전북투어패스로 끝내는 가을 전라북도 여행 총정리
1박2일여행지 딱 좋다!
(전북여행/전주·완주여행)... 전주자연생태박물관과 완주군명소... 
[완주여행/완주 가볼만한곳]오성한옥마을
완주 위봉폭포 가을축제 보고 갈만한 여행지
완주 불명산 (화암사) 산행 480m : 전북 완주 가볼만한곳 완주... 
금산 가볼만한곳 월영산출렁다리 포함 베스트5 관광
2021년 국내 봄여행지 &amp; 비대면 안심 관광지 25선
완주 소양고택  한옥스테이 힐링의 정석이네
"완주 가볼만한 곳, 전북 완주 대한민국 술테마박물관 어때요?"
살고 싶은 도시만들기 프로젝트-지역창조경제 사례 4가지
"미리 알아보는, 가을이 숨겨 놓은 전라북도 단풍 명소"
테라스가 예쁜 소양 두베카페
몸과 마음이 건강해지는 식도락 여행으로 딱! 좋은 '새참수레'
가족과 함께 가볼만한 농촌 여행지는 어디?
"전주 여행지 추천, 비비정마을에 있는 비비낙안... "
전북김제   겨울여행으로  모악산 &quot;금산사&quot;추천
전주 근교 데이트코스 완주 소양오성마을 두베카페 ~
완주 소양 화심순두부본점
『전주 가볼만한곳』 완주 오성한옥마을 소양고택을 다녀오다.
소양면_산속등대(기반조성)
1박2일 국내여행 - 호연재 완주 캠핑장
전주 완주여행 : 소양고택의 아름다운 갤러리카페 &lt; 두베카페... 
전주여행 - 소양한옥티롤 베테랑 두이모 한옥마을 야시장 먹거리
[위클리 진안] 12월 마지막주 진안군 주간소식!
가을산행 대둔산케이블카영상 가을단풍여행지..
여름여행지추천 아름다운 불빛과 여름밤을!!
11월 여행지 추천 (11월에 가볼만한 여행지)
전주 근교여행 완주여행 추천코스 7곳
"1박2일 여행(덕유산자연휴양림, 덕유산케이블카, 향적봉, 완주... "
"가을 문턱 피크닉 특집, 소풍가기 좋은 가을 축제 및 명소 모음"
완주 두억행복드림마을 전통문화예술 민속체험 가능한곳
가을여행지추천 이곳은 어떠세요?
[운주계곡] 전주근교여행지 수영장펜션 수영장평상... 
숨알명! 나만 알고싶은 보물같은 명소_가족과 함께 힐링타임!
"[TV속 정보]2월 2일 (화) 2TV생생정보, MBC생방송오늘저녁... "
미술관 여행
가을여행지추천 여기여기!
완주 가볼만한곳 : 공공건축상 받은 완주 삼례문화예술촌
전라북도의 중심에서 창조경제를 외치다! 전북지방조달청
[카페] 완주 소양 뷰 좋은 대형 카페 &quot;카페라온&quot;
"(안)못난이들,  KTX타고 뿌리공원, 대둔산, 장태산 휴양림 여행.... "
완주여행# 국립농업과학원 곤충박물관 무료입장 위치 이용 후기
노바써니(배혜림) 작가 프로필
"전주가족여행지, 여긴 어떠세요?"
대둔산 수락계곡 야생화 만나러 논산여행
전라도여행지코스 로맨틱한 시간 보내세요!
"[람뷰후기] 완주단체펜션, 완주수영장펜션 고덕펜션 추천."
"완주 소양고택, 한옥스테이 + 두베카페,오스갤러리  _ 여자셋의... "
"원광보건대학교 추천여행지 - 전주모악산, 따뜻한 어머니의 산... "
일상의 포착Ⅰ :: Various (2020. 08. 11 ~ 2020. 08. 30)
완주 가볼만한곳 - 5월추천여행지 대아수목원 (전북여행)
[유연길] 완주 고산 창포마을(농촌체험휴양마을)
"(100대명산) 대둔산 도립공원…금강구름다리 마천대, 칠성봉... "
"완주 9경, 완주관광지, 완주지도가 다 있는 완주관광안내센터"
전북 완주 작지만 아늑한 사찰 - 소양면 송광사
[순창 볼거리] 호남 최초의 산림 박물관이 순창군에 있습니다.... 
"전주갈만한곳, 걷기 좋은 당일치기 여행 코스"
2021년 국내 봄 여행지 &amp; 안심 관광지로 봄나들이 가자 !!
생활 속 거리두기가 가능한 힐링 여행지 '2021 봄 시즌 비대면... 
겨울방학여행지 전주/완주 여행에는 전북관광자유이용권... 
강진 여행 강진농협 로컬푸드 직매장에서 장보기
국내 겨울여행 가볼만한 곳 -겨울여행지 베스트 50 지역별 리스트
[DAY15] 여행과 관광
죽기전에 가봐야 할 국내여행 100곳 1월~12월
1월 여행지 추천 (1월에 가볼만한 여행지)
완주여행 / 농촌의 희망 비비정 농가레스토랑 고향집 어머니... 
운주계곡펜션 도담골펜션농원 완주수영장펜션 여름휴가지로... 
"전북 걷기 좋은 곳, 전북 완주 둔산공원!"
2박3일 완주/구례/하동 여행의  첫번째 Ⅰ 완주 소양 오성제... 
단풍철 완주 가을여행지 대둔산 단풍절정 시기
"완주 아원고택, 아원 갤러리 카페, 감성 한옥 숙소 전주 근교... "
리정의 책 속에 파묻혀 지낼 수 있는 북스테이 #리정작가 #리정... 
관촌 맛집 된장짜장 된장짬뽕 맛집진미반점
남해여행 - 남해편백 자연휴양림
"가을 단풍여행지 추천,오대산일출, 단풍 드라이브코스 총정리!"
전북*완주가볼만한곳... orz 완주여행 ` 전북완주 ` 전북여행... 
사수판다 :: 7월 여행하기 좋은곳 (7월 여행지 추천)
꾸미지 않는 자연의 맛 &quot;완주 삼례 맛집 새참수레&quot;
다소곳하고 기분 좋아지는 절집 - 완주 송광사
CNN 선정 아름다운 여행지ㅡ강진 가우도
"전라도 여행지 추천 - 대둔산 케이블카, 삼선계단 와우!"
전북 천리길 완주 편백숲길 - 사회적 거리두기하면서 힐링할 수... 
진안 가볼만한곳 베스트10 참고
CNN이 선정한 한국 최고의 여행지 50선! Best 26~50 : 여행을... 
전북 완주여행
"완주 놀토피아 고산면 키즈카페 실내놀이터 클라이밍, 주말... "
완주 상관편백나무숲 공기마을 국내 힐링 여행 완주 가볼만한곳
"완주 가볼만한 곳, 삼례문화예술촌"
완주 모악산 웰니스 축제! 지친 일상에서 행복을 찾고 힐링한... 
사시사철 주말여행
예향 평생교육원
"전주 4성급(2개), 3성급(8개) 호텔 총 10개 실제후기 장단점... "
전북여행-완주|전북에 흐르는 순례의 역사를 찾아 떠나다... 
완주여행 복합문화공간 산속등대 슨슨카페 추천
"전북 완주 소양고택에서 멈춤, 그리고 쉼 하다."
여름철갈만한곳_여름휴가지_주말가족여행추천_한국관광공사 선정
전주시 관광 덕진구 완주군
12월 여행지 추천 (12월에 가볼만한 여행지)
(생태자연먹거리공동체여행7)전북 완주 비비정 마을... 
여름휴가철여행지  추천 - 고산자연휴양림
대둔산.
소양 한옥카페 티롤
KORAIL 내일로 여행자를 위한 전북관광패스 특별할인 [대전대... 
완주여행# 전북도립미술관 JMA FRIEDNS 체험프로그램... 
"1박2일 완주, 전주 여행 첫번째 Ⅰ 완주 갤러리 카페 아원고택... "
완주 하늘숲오토캠핑장 수영장 앞 평상 대여로 하루 종일 물놀이!
완주 고을 둘러보기 - 전주를 감싸고 있는 완주고을에서 역사와... 
전라북도 홍보대사 남상일과 떠나는 안심여행지도 - 방역 우수... 
우리나라 지도보기 국내 여행지도 보며 봄꽃 축제 봄 튤립... 
완주 소양한옥마을 정취 느낀 가든축제 성료
전국에서 무궁화가 가장 아름다운 곳은 어디일까?
5대강 발원지 여행지
전주 근교 여행 대아수목원 &amp; 완주 펜션 숲속의궁전
"&lt;2016.10.27&gt;대둔산, 추경, 신비로운 한폭의 산수화"
1월 가볼만한 여행지. 일몰일출명소. 겨울 눈산행지. 가볼만한... 
완주 여행지 맛집]농가레스토랑 비비정 외할머니의 손맛 그대로... 
[전주한옥펜션] 다가자펜션/ 전주여행/ 전주숙소/ 전주펜션... 
대둔산 수락계곡 가족 여행코스 다녀왔고 펜션에서 삽겹살 냠냠
삼례예술촌 답사
&quot;식도락 즐기기 좋은 여행지&quot; 영·호남권
여행지. 갈만한 곳. 4월 축제. 제주도 여행. 봄 소식. 진달래.... 
올 봄 ‘비대면 안심여행지 25선’
전주 호텔 추천 베스트 6 (ft. 전북 여행/한옥마을 숙소)
완주 용진 시골집국수
"국내 여름 휴가, 휴양지 계곡추천 !!"
전북여행 완주 송광사 -완주 가볼만한곳(완주여행)
[전북 임실 여행으로 가볼만한 곳] 옥정호
"[완주] 또 갈 때가 됐다, 다시 만난 완주 여행"
130대 명산 48번째 여행지 대둔산
전북 알뜰 여행코스 - 쓸수록 이득! 카드 한 장으로 떠나보자!
"전북진안 숨은 비경, 드라마영화 촬영지로 각광받는 곳"
전북정책-10가지 행복뉴스| 전라북도를 아름답게 수놓은... 
"고산자연휴양림에서 쉬면서 송광사와 모악산, 완주힐조타운을... "
"윤성규 환경부장관이 제안하는 여름철 휴가, 생태관광지에서... "
"[전주여행] 완주 소양한옥티롤, 나룻배 포토존이 있는 고즈넉한... "
완주 가볼만한 여행지추천]근대역사와 문화가 공존하는 곳... 
"(3월 여행하기 좋은곳,3월에 가볼만한 여행지,3월 여행지 추천)"
대아리977 안골산장  물놀이 여행지
"전주 완주 여행 2박 3일  2일차 코스 (영숙백숙, 아원고택)"
전주 완주 한식맛집 코다리밥상&amp;코다리냉면
인기여행지 추천 베스트 가볼만한 곳. 부산알림이 심쿵
[봄꽃여행] 꽃피는 봄이오면! 떠나라~ 꽃향기 가득한 봄꽃... 
"1909 | 전북 완주 1박2일 가족여행, 완주 여행 코스 추천... "
"송광사] 연꽃과 여우러진 사찰, 완주 가볼만한 곳, 전라도 여행지"
"두베카페] 징검다리로 이어지는 카페, 완주여행, 전주근교 여행지"
익산 글램핑 2 가지 LIST (수파크 주노)
전주 근교 나들이 완주 술테마박물관 어른들이 더 좋아해~
2023년 10월 12일 목요일 IPES 뉴스클리핑
"완주, 쉬어가삼[례:]"
완주 가볼만한곳 제8회 완주와일드푸드축제 2018
계절별 가볼만한 곳
호남의 황토색 정서가 배어있는 금평저수지 - 전북 김제
한국에서 가봐야 할 아름다운 곳 50-CNN 선정
완주 삼례 맛집 '비비정' 이색레스토랑 (feat.피자돈까스♥)
한국관광공사 추천 '12월의 가볼만한곳' - 4색 온천
[전주/완주 여행] 완주 여행 가볼만한 곳 ‘대한민국... 
"국내여행지추천)당일치기 전주여행(전주한옥마을,완주카페... "
완주 가볼만한곳 전주 실내 여행코스 겨울방학 신나게!
가보고 싶은 여행지
CNN이 선정한 대한민국 여행지 50선 추천 여행지-
열린관광지! 착한브랜드 대상!대가야역사테마관광지
(문체부) 선정 『가족과 함께 놀러갈만한 여행지』
사천 가볼만한곳 베스트10 추천해요
완주 감성여행지 Best3 대아수목원 봉강도예 오성한옥마을
"피톤치드가 부족할 땐, 완주에서 완충하세요!"
"(2월가볼만한곳,2월에 가볼만한 여행지,2월 여행지 추천)"
소양고택 한옥스테이 / 두베카페 / 책방 완벽꼼꼼리뷰
2013 완주마을 나들이 큰잔치
[전라북도/완주군/소양면] 소양고택 / 두베카페 / 아원고택... 
"완주여행: 소양고택,두베카페 내돈내산 여행"
"완주 2박3일 가족여행 독채 숙소, 맛집, 대형카페, 계곡 정리... "
[전북 글램핑] 주노글램핑 완주점:: 가족힐링여행 성공!!!
"2016년 4월 축제일정표 (4월 여행지 베스트, 4월 여행하기... "
다시마밥 만드는법 잡곡 추천 말리니 지역자원특화사업단
"전주/완주 1박 2일 여행코스 DAY2 (현대옥, 남천교, 청연루... "
[전북 김제/여름방학 여행] 일석이조 여름방학 여행지... 
캠핑장과 수영장있는 완주펜션 소풍펜션
부모님 모시고 갈 만한 장소 추천 5곳
쌍룡부터 콩쥐팥쥐까지..들을수록 신비한 전라북도 설화여행지... 
주말에 힐링이 필요해~~ /주말가족나들이추천 / 힐링여행추천
"완주 소양고택 두베카페, 전주 근교 한옥 여행 ♥"
한국인이 가봐야 할 국내 여행지 100
지리산펜션/곡성펜션/여수엑스포펜션 - 2박3일 전라도여행지추... 
한국의 숨겨진 보물 같은 관광 명소 탐험기
(스압) 2023 5월 마지막 - 6월 첫 번째 주 일상 요약
전주 가볼만한곳 한옥의 정취가 묻어나는 여행지 전주 갈만한곳
[전주/완주 여행] 완주 소양면 여행코스 '산속등대 복합문화공간'
"전주 1박2일 여행코스 - 1월 추천, 여행지&amp;맛집 Best 5곳 ♥"
전주 근처 완주 맛집 오성한옥마을 입구 대통밥 1번지
가을여행지 추천 완주 가볼만한곳 아원갤러리 소양고택... 
[전북전주] 당일치기 전주 근교 카페 추천
국내여행)가볼만한 곳(관광지) 리스트 /전국지역별/여행형태... 
"마음을 주지 않고는, 전북 완주"
완주 가볼만한곳 베스트10 알아봐요
2011년 9월 전라도지역축제 전남전북축제 가을축제여행지
전북 여행 2박3일(군산&amp;고군산군도&amp;완주&amp;전주&amp;익산&amp;진안)
[맛있는TV] 겨울여행지 맛 편 / 맛있는 골목(부산대앞 돼지국밥... 
"[완주] 요즘 대세는 전주말고 완주여행 2 (두베카페, 소양고택... "
