"전북 익산시, 웅포면 '야생 차나무 군락지'가 감성 이색여행지... "
"[아시아뉴스전북] 익산시, 댕댕이와 함께 떠나기 좋은 여행지... "
전북 아이와 가볼만한곳 익산 서동공원 여행지추천
전북 여행지 추천 익산 여행 드라이브 익산 미륵사지석탑
전북 익산 여행 익산 가볼만한곳 전북 여행지 추천... 
[전북 익산] 아름다운 낮과 밤... 핫플레이스까지 가득 담은 여행지
국내여행지 전북 익산근대역사관
(전북 익산시) 힐링하는 복합문화공간 익산 왕궁포레스트
국내여행 전북여행지 추천 익산 가볼 만한 곳 익산 아가페 정원
국내 1박2일 여행지 전북 익산 가볼만한곳 1월 여행
익산 여행 미륵사지 국립익산박물관 전북 여행지 추천
"#익산시, '제3회 화상영어... 대회' 온라인 개최 #복지TV 전북방송"
익산 교도소세트장 전북 여행지 핫플 전주근교 갈만한곳
전북 여행지 추천 익산 아가페정원 전북 드라이브코스
전북 가을 여행지 익산 핑크뮬리 명소 중앙체육공원 신흥근린공원
전라북도 여행지 추천  전북 익산 고스락 힐링하며~
전북 여행지 추천 익산 꽃 피면 달 생각하고 촬영지 구룡마을... 
전라도 여행지 추천 왕궁리유적 전북 익산 볼거리 가볼만한곳
전북 익산여행 걷기 좋은 힐링여행지 미륵사지 석탑
전북 익산 가볼만한곳 달빛소리수목원 겨울 여행지
전북 가을 여행지 추천
익산교도소세트장 전북 익산 아이들과가볼만한곳 가족여행지추천
전북 익산 아가페정원 산책하기 좋은 여행지 가볼만한곳
전북 10월 여행지 가볼만한곳 왕궁리유적 국립익산박물관... 
익산 왕궁포레스트 실내식물원 놀거리 전북 여행지 추천
전북 여행지 추천 익산 가볼만한곳 보석박물관 드라이브 체험... 
"[뉴스더원/문화] 전북 익산시,  용안생태습지공원에서 다채로운... "
전북 군산 가볼 만한 곳  시내 원도심 시간 여행지 코스
전북 &gt; 1202_익산시
[전북-익산]당일치기 여행지 추천│가을 여행 명소 바람개비 마을
익산 여행지 추천-구룡마을 대나무 숲
익산시 1박2일 여행... 전북 익산 가볼만한곳 여행지 추천...... 
KTX 익산역~도심 거리 투어 | 전북 익산시 [전라북도 여행... 
전라도 여행지 추천 전북 가볼만한곳 익산 보석테마관광지 익산... 
&lt;익산&gt; 전북 여행지 추천 축제 아이와 가볼만한곳 놀거리... 
전북여행/가을여행지 추천/익산천만송이국화축제
전북여행지 추천 익산 가볼만한곳 당일여행 영등 코스프레... 
전북 익산 영화 드라마 촬영지로 유명한 여행지 교도소 세트장
전라도 여행지 추천 전북 익산 가볼만한곳 국립익산박물관
전북 가볼만한곳 익산 왕궁리유적 전북 여행 전라도 여행지 추천
전북 여행지 추천 가볼 만한 곳 여산휴게소(순천방향) 고속도로... 
국내당일치기여행 전북여행지추천 익산시티투어
"[전북-익산]당일치기 여행지 추천2│드라마, 영화 촬영지... "
전북 익산 가볼만한 곳... 반려견 동반 겨울 여행지
"국립 익산 박물관 미륵사지 석탑, 익산 여행지 추천 (ft. 기념품)"
주말 기차여행 전북 여행지 익산 아이와 가볼만한곳 익산역... 
전북 익산 가볼만한곳 국내 최초 교도소 세트장 영화 촬영지
익산 왕궁포레스트 실내식물원 전북 여행지 추천 익산 가볼만한곳
익산 아가페정원 전북 여행 가을나들이
8월 전라북도 여행지 추천 익산 교도소세트장 전북 아이와... 
전북 익산 여행 무료관람... 드라마 세트장 이색체험 여행지
전북 가볼만한곳 익산 고스락 포함 여행지 추천 5곳
&lt;익산&gt; 전북 가볼만한곳 여행지 추천 드라이브 코스... 
전북 여행지 추천 익산 미륵사지 석탑 황홀한 일몰경
전북 익산여행코스... 달빛소리수목원 국내 가족여행지 추천
전라도 여행지 추천 전북 아이와 함께 가볼만한곳 국립익산박물관
"전북 익산시, 가을꽃 향기를 머금은 새로운 가을 명소 '함벽정... "
전북여행지추천/전북유적지 익산시웅포면 입점리고분
전북 가볼만한곳 부모님과 함께 가을꽃 여행지... 
가을 여행지 추천 익산 아가페 정원 메타세쿼이아 산책길
전라도 여행지 익산 미륵사지 석탑 국립익산박물관
전북 익산 가볼만한곳 익산 핑크뮬리 달빛소리수목원 카페 입장료
"(전북) 익산여행지 국립익산박물관, 미륵사지석탑(무료관람)"
전북 익산시 여행지
"전북 익산, 익산가볼만한곳 유네스코 세계유산 미륵사지"
［전북 가볼만한 곳］익산 고스락 여행지 놀거리 추천
전북 가볼만한곳 국내 유일의 익산 보석박물관 실내 여행지 추천
정보의 바다 :: 전북 가볼만한곳 베스트10 전북 여행지 추천... 
전북 나들이 가볼만한 곳 5 반려견 동반 여행지
익산 왕궁포레스트 실내식물원 전북 여행지 대학생 둘의 방문... 
국내 당일치기 여행 전북 가볼 만한 곳 익산여행
전북 익산 고스락 카페 항아리 수목원
전라도 여행지 추천 익산... 내소사 변산반도 채석강 전북 여행
전북여행지- 익산 가볼만한곳 보석박물관 주얼팰리스
달빛소리 수목원_ 전북 민간정원 꽃과 나무가 가득한 익산... 
익산보석박물관과 함께 7월 국내 여행지로 익산중앙체육공원과... 
전북 익산 여행지 추천 익산 가볼만한 곳 사진찍기 좋은 곳 영화... 
전북 익산여행지 가볼만한곳 SRT 익산역
"전북여행지,익산 가볼만한곳 봄비에 운치가 더해진 나바위성당"
실외놀이터 보석박물관옆 익산아이랑 전북익산여행지
익산 고스락 이화동산 카페 전라도 여행지 추천
전북 익산_ 축제 박물관 맛집 수목원까지 알차게 즐기는 국내... 
전북 익산 가볼만한곳 미륵사지 아가페 정원 고스락 카페 여행지
겨울 여행지 추천 국내여행지베스트 10 한국여행 12월 1월... 
"2019 익산 서동축제, 전북 5월 여행지 서동공원에서"
"[익산여행] 구룡마을 대나무숲, 대나무숲길, 미륵사지 근처 여행지"
10월 꽃구경 : 전북 익산 천만송이 국화축제
전북 드라이브 코스 이색체험 볼거리 추천 익산 교도소세트장... 
전북 가을 여행 익산 핑크뮬리 명소 신흥근린공원 중앙체육공원... 
[익산시 내일로 홍보단]... 정원까지! Ι 익산 여행지 추천
"전북여행지 추천,익산 왕궁리 탑리마을~"
[익산시 내일로 홍보단] 익산에서  꼭 가봐야 할 여행지 2탄
전북여름여행지 -전북의 길여행 가볼만한곳 모음
"전북 익산시, 해바라기 활짝 여름 힐링 '용안생태습지'"
전라도여행지 추천 전북특별한관광지 &lt;익산 가볼만한곳&gt; 13곳... 
"전북 익산시 토지, 금강과 베어포트cc 골프장 가까운 토지 매매"
인스타그램 성지! '2021 국내 최고 여행지'로 선정된 10곳
국내여행지추천 익산 보석박물관으로 떠나는 전북 여행
"[전북여행] 6월 전북, 안즐기면 후회할 전북의 매력 여행지... "
익산 가볼만한곳 베스트10 전북 여행지 추천
전라북도 여행지 추천 으뜸 유기농 전통장 익산 고스락
전북 여행지 단풍 막차 타러 익산 다녀왔어요 : 아가페 정원
[전라도 여행지 추천] 전북 익산시 금마면 내고향 도보여행
익산가볼만한곳_숨어 있는 보석 여행지 아가페 정원☆
"전북 익산 가볼 만한 곳 ㅣ 성당포구마을, 바람개비길... "
전북 가을 여행 익산 아가페정원 고스락 카페 볼거리... 
"전북 가볼만한곳 5월 여행지, 익산 서동축제 - 정헌율 익산시장... "
[익산시 내일로 홍보단] 익산에서 꼭 가봐야 할 여행지 1탄
"익산 고스락, 항아리뷰 명소로 떠나는 전북 익산 여행"
전북 여행지 추천 &lt;전북 특별한 관광지&gt; 익산 바람개비마을... 
전국 여행지 추천 익산 미륵사지 석탑 국립 익산 박물관
여행이좋다 :: 전북 익산 여행지 추천 교도소 세트장 체험
전북 익산 가볼만한곳 포토존 민간정원 아가페정원
[전북 익산] 익산맛집 황등시장비빔밥 ※영업시간 2시까지
"전북 익산, 익산가볼만한곳 교도소세트장"
백제문화가 살아 숨쉬는 익산여행지 추천!
익산 가볼만한곳 익산 고스락 전북 여행지 추천
익산시 깃발을 북극점에 꽂은 세계여행 작가 김완수를 만나다!
전라도 여행지 추천 익산 고스락
전라도 여행지 추천 익산 놀거리 서동공원
익산 가볼만한곳 무료 관람에 교도소 체험까지 전북... 
전북 익산 2023으뜸촌 가족여행지 농촌체험 추천... 
전라도 익산 여행 가볼만한곳 익산 볼거리 미륵사지 석탑
"[익산시 내일로 홍보단] 나쁜... 익산 가볼만한곳, 익산 여행지 추천"
익산 교도소 세트장 놀거리  전라도 여행지 가볼만한곳 추천
전북여행 익산 가볼만한곳 모아보기 : 고스락 미륵사지... 
전북 익산 미륵사지 석탑 세계유산 백제역사유적지구 여행
익산 교도소세트장! 데이트하기 좋은 전북여행지
전북 익산시 모현동물병원 동물상식 : 반려동물과 함께 여행가기
전북 김제 가볼만한곳 베스트10 여행지 추천
전주 가볼만한곳 베스트10 추천 전북 여행지
"전북 이색여행, 어슬렁어슬렁 길 투어(천리길 연계 코스... "
전북 캠핑장 추천 BEST 3 전북 농촌캠핑은 이곳으로 떠나보세요
'2022 전북 아시아·태평양... 전라북도 가을 비대면 여행지'
전북 익산 가볼만한곳 서동공원 미륵사지 쌈야채정식 맛집 청담옥
전북 여행지 추천 / 익산 가볼만한곳
익산 1박 2일 여행코스 추천 7곳! (ft. 전북 여행지)
익산 백제문화 역사 여행지 - 백제 무왕 서동생가터와 쌍릉
전국 메타세콰이아 명소 가을 여행지 가볼만한곳 단풍 명소
가을 여행지와 친구 소식
[익산 여행] 전북 익산에는 유네스코 세계유산이 있다. 익산... 
광주 근교 가볼만한곳 실내 여행지 익산 보석박물관 입장료 주차
전북특별자치도 가볼만한곳 : 익산 미륵사지 석탑 돌빛 축제
전북 익산 가볼만한곳 익산... 2018(5월 어린이날 가족여행지)
익산역 익산근대역사관 왕궁리유적 국내여행지 당일 가을여행
전북여행지추천 익산 구룡마을  춘포역  달빛소리수목원
전북 익산여행 가볼만한곳 가람 이병기선생 생가
전라북도 여행지 추천 아이데리고 갈만한곳 국립익산박물관... 
국내 가족여행 - 전북 익산 산림문화체험관과 곰돌이 유아숲
군산 가볼만한곳 베스트10 추천 전북 여행지
전북 가볼만한곳 익산 산들강 웅포마을(으뜸촌) 아이와 체험후기~
익산 가볼만한곳 고스락 포함 여행지 3곳
전북 익산 천만송이 국화 축제 기본정보 주차 생생 후기 볼거리... 
익산 추천 여행지로 뜬 성당포구 바람개비길 쭉~~거닐면서 낭만... 
7월 국내 여행지 추천 국내 당일치기 여행 익산 가볼만한곳... 
전북 익산 보석박물관 보석 테마관광지 입장료
익산 서동축제 2019 전북 5월 여행지 관광명소 추천
전북 가볼만한곳 익산 구룡마을 대나무숲
전북 익산 가볼만한곳 익산 교도소세트장 입장료 이색체험... 
전북여행 익산시티투어 타세요.
[익산시 내일로 홍보단] 익산 여행지 추천 - 익산 문화예술의거리
[익산시 내일로 홍보단] 익산 여행지 추천 - 익산 왕궁리 유적
"(일상, 여행)국내 대나무 숲 여행지 Best 10"
전북 가족여행지 추천 : 전북 익산 공룡테마공원
유유자적 힐링 여행지! 익산의 숨은 명소 3곳
[전라북도여행] 전북 베스트 여행지 13
전북 익산 감성여행 춘포역(폐역)
"[전북 익산] (익산 교도소 세트장) 강철부대, 7번방의 선물 등... "
전북 익산 주말나들이 / 함민복 시인님 / 1시간 왕복 여행지
전북 익산 여행 교도소세트장 죄수복 이색데이트
2021년 11월 축제일정 전국 93곳 모음 11월 여행지 추천... 
전주 가볼만한곳 베스트 10 (ft. 전북 여행지 추천)
"전북 여행지  익산,김제,부안,군산 후회없는 전라북도... "
익산 미륵사지 석탑 전북 여행 아이들과 가볼만한곳
제제가 추천하는 겨울여행지에서 한 해를 마무리해 볼까요?
전주 1박 2일 여행코스 추천 7곳! (ft. 전북 여행지)
익산 여행지 추천 4탄 익산 바람개비마을 금강용안지구... 
전북 익산 여행 함라마을 돌담길 옛 담장 따라 걷다
[전북 여행] 전북 익산에는 교도소가 있다. 익산 교도소 세트장
전북 여행 추천 - 전북 테마 관광 체험 결합 인기몰이! (전주... 
크리스마스에 연인과 함께 가면 좋은 전라북도 여행지 6곳을... 
"전북 익산 춘포역, 가장 오래된 간이역 여행 가볼만한곳"
전북 익산 맛집 투어 ~ 영등동 정성껏 담아낸 일본식 솥밥 소옽... 
전북 익산 여행 가볼만한 곳 미륵사지
전북여행 │ 성당포구마을 둘레길 걷기
가을 국내여행  익산 여행 / 전북 특별한 관광지 추천!
"익산 미륵산순두부 미륵사지, 익산박물관 근처 순두부 맛집"
블로그 체크인 챌린지 시즌1 마지막날 결산 및 Best 여행지와... 
국내 조용한 전라북도 여행지 추천 익산 가볼만한곳 우리나라... 
전북의 재래시장 익산 북부시장 - 봄 내음 가득한 오일장 나들이
고스락 이화동산 고스락핑크뮬리 고스락낫또볼 익산여행지 추천
"[트래블투데이] 백제 문화의 숨결, 전북 익산시"
익산 당일치기 여행 코스 : 달빛소리수목원 - 영등동 다이로움... 
전북 익산 가볼만한 곳 아가페정원 나들이 추천
&lt;익산&gt; 전북 가볼만한곳 영등동 놀거리 먹거리 - 다다영동... 
우리나라에서 가장 아름다운 여행지들
전북 익산 여행 아가페 정원 정향원 비밀의 숲
바람개비가 반기는 전북 익산 성당포구마을
익산 아가페정원 전북 익산여행 가볼만한곳 메타세콰이어길
전북 익산 유네스코 여행 미륵사지 석탑 + 전시관
"용안생태습지, 익산 반려견 동반여행지, 익산가볼만한곳"
[전북 익산] 아담한 미륵산(해발430m)탐방 &amp; 미륵사지 둘러보기
[당일익산여행] 익산여행 중 쉼이 필요하다./ 익산 서동공원
"전북 익산 여행 가볼만한곳, 미륵사지 석탑 및 서동공원 포함 6곳"
한국 관광  100선 전북 무주... 곤충 박물관 전라도 여행지 추천
"전북여행, 전북여행지 추천, 오늘은 전주시 소개"
"전북 힐링 여행지, 전북 익산 왕궁다원 :)"
익산 아가페정원 전북 가볼만한곳 메타세콰이어길 가을 여행
&lt;익산&gt; 전북 아이와 가볼만한곳 드라이브 여행 코스... 
전북 익산 가볼만한 곳 고스락 카페 추천
전라북도 익산 벚꽃여행지 웅포관광지곰개나루 벚꽃길 숭림사... 
{전북 익산시} 백제문화 최대의 가람으로서 유네스코... 
아들과 힐링하며 사진 찍기 좋은 곳 (Feat. 춘포 여행지 추천)
전북 익산 숙소 금마관 한옥펜션 &amp; 카페 금마커피
[ 전북여행 ] 익산 보석박물관 │ 오색빛깔 영롱한 보석들의 향연
전북여행지 역사탐방 익산 미륵사지 석탑과 익산박물관
익산 천만송이국화축제 10월 전북 가을여행지 추천
익산 가볼만한곳  미륵사지 &amp; 익산교도소세트장 / 전북 특별한... 
[익산시 내일로 홍보단] 익산 여행지 추천 - 구룡마을 대나무숲
"전북 익산 체험학습 여행지, 전북 익산 성당포구마을"
익산여행지 추천 &lt;아가페정원&gt;에서부터 &lt;서동궁&gt;과 &lt;오늘제빵소... 
"전북 힐링 여행지, 전북 익산 두동편백마을"
전북 익산 여행 가볼만한 곳... 천주교 성지순례 겨울 여행지 추천
"전북 힐링 여행지 추천, 전북 익산 두동편백나무숲!"
인화동 먹거리 삼례식당 &amp; 유기농 커피 전문점 카페 소담소담
"전북 익산 낭만 여행지, 전북 익산 용안 바람개비길"
익산 가볼만한곳 놀거리 전라도 여행지 추천 실내식물원... 
전북여행지 -익산 가볼만한곳 나바위성당 마애삼존불
전북 가볼만한곳 : 익산 달빛소리 수목원 핑크뮬리
[익산여행] 서동공원_익산여행지 추천/ 아이 데리고 가기 좋은곳
익산 아가페정원 전라도 여행지 힐링하기 좋았던 비밀정원
[국립익산박물관]전북여행지추천 미륵사지석탑과 함께 본... 
익산 사람이 추천하는 익산 여행지 ( 서동공원 / 마한박물관... 
전북 익산여행 가볼만한곳 보석박물관에서 만난 백제 금세공술
익산놀거리 익산문화재야행 기본정보 전북 익산 가볼만한곳
"전북여행지 익산 미륵사지석탑 - 입장료, 주차료 무료"
익산 당일치기 여행지와 맛집 소개 국립익산박물관 미륵사지... 
"전북 익산가볼만한곳: 익산국화축제,익산 중앙체육공원 핑크뮬리"
[전북 익산] 늘푸른수목원과 멋진 카페 왕궁다원
전북여행지추천 익산 천만송이국화축제
산들강웅포마을 전북 익산 아이들과 가볼만한곳 인절미만들기... 
"전북 무더운 여름 실내 여행지, 전북 익산 보석박물관"
전북 익산 여행 산책 코스 가볼만한곳으로 추천하는 고스락
전북축제 익산 가볼만한곳 미륵사지 미디어아트 페스타
함라마을돌담길 전라북도 익산시 함라면 함열리 문화재
&lt;익산&gt; 전북 9월 가볼만한곳 놀거리 드라이브 여행... 
광주 전남 전북 10월 축제 일정표. 전라도 가을축제와 여행지
전북 익산여행 아이들과 가볼만한곳 공룡테마공원... 
[익산시 내일로 홍보단] 올 여름 BEST 여행지 추천 - 익산편 1
전라도 여행지 추천 전주 한옥마을 익산미륵사지 임실옥정호... 
"[전북 익산] 익산 교도소... 돌담길까지, 익산 추천 여행지 Best 7"
전북 익산 아이와 갈만한곳 국립익산어린이박물관
익산 가볼만한 여행지 추천: 아가페정원
익산여행 왕궁보석테마관광지 둘러보기 다이노키즈월드... 
"여름방학, 가족여행지 추천 8선"
태풍 지난 뒤 아이들과 떠나고 싶은 주말여행지 (전북의 재발견)
익산 여행 # 전북 최대 오일장 전통시장 북부시장 나들이!... 
10월 국내 여행지 추천 가을 여행지 평강랜드 포천... 
전북여행 익산 보석박물관
전북 익산 여행 성당포구 바람개비 마을 드라이브 코스 추천
올해 여름휴가 여행 만족도 '전라권 2위' &amp; &quot;여행지에서 LG전자
[아이와 가볼만한 추천 여행지] 전북 익산 체험형 동물원... 
전라도 익산 여행지 50년 만에 개방된 메타세콰이어길... 
걸어서 익산 여행 – 낭산 다례원에서 장암마을 미륵산... 
전북 아이와 가볼만한곳 보석테마관광지 익산 보석박물관
전북 익산 미륵사지 석탑 당일치기 여행 코스 추천
&lt;익산시 내일로 홍보단&gt; 익산 여행 : 미륵사지
전북 익산 액션하우스 : 주말 아이와 가볼만한곳 익산놀거리
&lt;익산시 내일로 홍보단&gt; 익산 카페 : 왕궁다원
전주근교여행 익산여행지 가볼만한곳 : 익산 구룡마을 대나무숲... 
익산 여행지 추천 - 아가페 정원/ 메타세콰이어길
&lt;익산시 내일로 홍보단&gt; 익산 여행 : 왕궁리 유적
익산 달빛소리 수목원 전북 익산 가볼만한 곳 천만송이국화축제
"전북 어디까지 가봤니? 전라북도 여행 가이드 1(군산시, 익산시... "
KTX 여행지 익산 근대역사관 익산역 근처 놀거리 볼거리
[전북여행지추천] 익산 미륵산 등산여행
전라도 여행지 추천 익산 국립박물관 미륵사지 석탑 국보... 
"전북 익산 여행지 추천, 전북 익산 함벽정"
&lt;익산시 내일로 홍보단&gt; 익산 여행 : 구룡마을 대나무숲
전북 익산 여행 가볼만한곳 미륵사지 석탑 드라이브 코스 추천
[익산시내일로홍보단] 익산기차여행 2일차:: 교도소세트장... 
"'4대 종교 문화체험' 마무리…익산, 치유·힐링 여행지로 부상"
전북 익산시(옛 이리시) 맛집을 아시나요
【생생정보TV맛집여행지정보】... 
전남 익산 가볼만한 여행지 : 산책하기좋은 익산 미륵사지 석탑
전북 익산 특색있는 수목원 카페: 왕궁포레스트
"해돋이 명소, 새해 일출 여행지 Best 10"
[익산시 내일로 홍보단] 올 여름 BEST 여행지 추천 - 익산편 3
"익산아가페정원, 익산여행지, 익산메타세쿼이아산책길"
익산 여행 익산국화축제 5일까지 중앙체육공원 익산카페
전라북도 익산 주말여행 꿀 여행지 가볼만한 곳 추천
전주근교여행 완주 가볼만한곳 삼례비비정 예술열차 이색데이트
고스락 전북 익산 함열읍 익산대로 발효식품
전라도 여행지 추천 . 1박2일 여행 전북 가볼만한곳 다솜차반... 
[익산시 내일로 홍보단] 올 여름 BEST 여행지 추천 - 익산편 2
익산시 인구 익산 익산 관광 익산보석박물관
"전북 문화재 여행지, 전북 익산 왕궁리유적"
전북 익산 가볼만한 곳 용안생태습지공원 반려견 나들이 추천
유럽수국이 너무 예쁜 전북 익산 카페 블랜드미
"전북 힐링 여행지, 전북 익산 구룡나무 대나무숲"
전북 익산 여행/익산 영등동 상권 10월축제 둘러보기
전북.익산여행/가슴에 쉼표하나 찍을 수있는 여행지... 
[전북 익산여행] 익산 가볼 만한 곳 '익산 교도소 세트장'
"전북 여행 코스 익산 국화축제 &amp; 고백여행, 관광두레 곳간"
여기 가볼까? 전문가 추천 지역별 이색 가족여행지 대공개!
호러홀로그램페스티벌 완주 나라꽃무궁화축제 전북가볼만한곳
"전북 사적 여행지, 전북 익산 미륵사지"
국내 이색 골목여행지 Best.5!
10월 가볼만한곳 가을축제 전북 익산나들이 서동공원 백제유등... 
[익산시내일로홍보단] 익산기차여행 1일차:: 바람개비마을... 
[익산여행] 나훈아 고향역 황등역
"고즈넉한 전북 여행지 추천, 전북 익산 함라마을 돌담길"
전북여행 익산 가볼만한곳 천만송이 국화축제 중앙체육공원
"죽어가는 공간에 새 생명을? 이색적인 여행, 공간재생 여행지"
홍보대사 남상일과 떠나는 안심여행지도 - 비대면 여행지 ①
전북 아이와 가볼만한 곳 데이트 장소로 좋은 국립 익산 박물관
전라도 여행지 추천 국내 유일의 교도소 체험! 익산 교도소 세트장
국내 최북단 야생 녹차밭을 아시나요…'익산 웅포' 여행지 부상
익산 가볼만한곳 아가페정원 고스락 달빛소리수목원 5코스... 
다이노 키즈월드 익산 아이와 가볼만한 곳 무료 이벤트 정보 꿀팁
생방송오늘저녁 메타쉐커이아 익산 대한민국 보물정원 50년의... 
따라 강변 여행(전북 천리길) 익산 웅포곰개나루길
전북 익산 맛집 먹거리 추천 베스트 10 :: 로띠스마
전북 익산 천년고찰 사자사지 사자암 사자동천
[아시아뉴스전북] '백제왕궁 달빛'에 빠진 잼버리청소년...익산... 
익산 놀거리 문화예술의거리 익산근대역사관 전북 여행
전북 최대규모 관광농원 익산 &quot;왕궁포레스트&quot; 아이들과 가기... 
전북 익산 아가페정원 늦가을 메타세쿼이아길 당일 패키지여행
"오감오색 전북 한옥공연 마당 :: 천하맹인, 가인춘향, 광대열전... "
"[팔도장터관광열차]여행, 전통시장을 만나다 -익산구시장 편-"
[익산시내일로홍보단] 익산내일로여행 1일차 - 고스락... 
[익산시 내일로 홍보단] 익산에 왔다면 바로 여기... 
[익산시 내일로 홍보단] 옹기종기 익산 고스락
[익산여행지추천] 드라이브/데이트 코스 추천! 익산 교도소세트장
"9월 가족 여행지 추천! 한국관광공사가 선정한 전북 군산, 익산"
[익산시 내일로 홍보단] 푸르고 건강한 자연을 거닐 수 있는... 
익산가볼만한곳 보석박물관 미륵사지 6곳 전북투어패스로... 
"전라도 여행지 안내서 &quot;52주 여행, 사계절 빛나는 전라도 217&quot;"
익산숙소 청풍명월 한옥펜션 감성 독채
"익산 가을 여행 - 고스락, 함벽정 나들이"
홍보대사 남상일과 떠나는 안심여행지도 - 비대면 여행지 ②
전라북도 순환관광 버스 시간표 요금 코스 알아보기
"[익산 여행] 1,300평대 식물원, 아기랑 함께한 '왕궁포레스트'"
"여행지 추천_삼국시대에서 근대까지, 매력적인 익산의 이야기... "
전북 오래된 마을 역사와 현재&lt;12. 익산시 여산면&gt;
6시내고향 익산 황등 비빈밥 비빔밥 발길따라 고향기행 전북... 
전북 코로나 비대면 가을 여행지 추천 7곳
"추천,전북 추천 여행지,2박3일,국내여행,도보여행,여름휴가... "
7월 - 전북여행 : 가족... 있는 명소와 맛집 추천 - 7월 여름 여행지
[전북익산/금마면] 시골에 위치한 신상카페 글로리
[전라도 여행지 추천] 1박2일 알찬 코스
[익산] 본향 한정식 내돈내산 전라북도 익산여행 맛집 추천
"전북 봄 여행지 추천, 익산 구룡마을 대나무숲 어때요!"
떠날 때나 여행지에서 꼭 봐야 할 『대한민국 정원여행지도』
[전라도여행지추천][익산]  오늘의 제빵소와 서동축제
익산 가볼만한곳 교도소세트장 미륵사지 국립익산박물관... 
익산 아가페정원  메타세쿼이아길 산책 힐링여행지 예약없이 방문
익산 바람개비마을! 산책하기 좋은 익산 여행지
"전북 익산 여행, 익산 교도소세트장 이색 데이트 영화 드라마... "
*익산여행* 익산 가볼만한 곳/ 가을 여행지로 좋은 곳... 
"익산시, 한옥자원 활용 공연 ‘허균, 함라에 날아들다’ 선정"
전라도 갈대 억새 축제 여행지 추천 (광주 전남 전북 지역 억새... 
전주 근교 카페 익산 왕궁다원
전북여행 (1일차) - 2
익산 가볼만한 곳 가람 이병기 문학관 이병기선생묘소... 
"전북 익산여행 아이와 가볼만한곳 왕궁리 오층석탑, 백제... "
전라북도 익산 국내여행지추천 전북가볼만한곳 놀거리 맛집... 
가을 여행지 추천 국화축제와 함께하는 여행코스
대한민국 숨겨진 여행지 100을 보면서 - 3
춘포역 전라북도 익산시 춘포면 춘포1길 가족여행갈만한곳
"전북 아이와 가볼만한곳, 익산 액션하우스 동물 체험 익산 놀거리"
아이랑 가기 좋은 이색데이트 장소 익산교도소
대전 근교 가볼만한곳 익산 아가페정원 드라이브 놀거리 단풍... 
익산 가볼만한곳 미륵사지 국립익산박물관 등 여행 코스 추천
2023 익산 천만송이 국화축제 중앙체육공원
'익산 웅포' 여행지 부상
모현동 고기집 텐진야끼니꾸 익산모현점 와규 오마카세 세트... 
집배원이 추천하는 진짜 겨울 여행지와 맛집
"추천! 5월 가볼만한곳, 그윽한 차 향에 취해 봄 :: 전등사... "
익산 아이와 갈만한곳 추천 공룡테마공원
익산 가볼만한곳 교도소 세트장 외 여행 코스 정리~
익산 교도소세트장 입장료 없이 인생샷 뚜벅이 여행 체험 추천
익산 여행 왕궁다원 다녀가세요
선선한 가을에 천천히 둘러보기 좋은 전북 익산 태봉사
궁중해물손칼국수ㆍ솜리치킨ㆍ부부청국장 여행지에서 만난... 
서동공원_ 서동축제와 유등 전시가 열리는 익산 여행 나들이 명소
10월 국내 여행지 추천 전북 익산 가볼만한곳 달빛소리수목원... 
전북 익산시 웅포캠핑장에서 즐기는 익산투어 캠핑코스... 
"익산 카페 추천, 바나나푸딩이 맛있는 '카페덕기'"
전주 근교로 떠나는 더킹 촬영지 전북 익산 고스락
한국관광100선 전라권
전북 익산시 역사 위에 피어난 봄 캠핑코스 - 달콤한여행
선선한 가을에 힐링하기 좋은전북 익산 가볼만한 곳 심곡사
익산방문의 해 선포식 익산가볼만한곳 익산여행 소개
자연과 낭만이 있는 습지 여행 추천
[익산시 내일로 홍보단]익산 관광지 파헤치기!
지정 한국의 세계문화유산 리스트 총정리! (ft. 국내여행지 추천)
[전라] 여행지&amp;먹거리 :: curation by zrungee
대탈출 '강호동'처럼! 전라도 이색 의상대여 여행지
전북 맛집 베스트10 BEST
"[금강수상 여행지 소개] 국립생태원, 문헌서원, 교도소 세트장... "
전북 익산 용안 생태습지공원 아이와 가볼만한 곳
"논산여행 연무대 맛집 훈련소, 선샤인랜드 인근 백년가게 보은집"
익산 렌트카 여행 디알갤러리&amp;디알주얼카페 다녀왔어요.
[전북 익산 1박2일] 근대여행2 - 나바위 성당
익산 가볼만한곳 여행지 추천 수목원같은 숲길 &quot;아가페정원&quot;
[전북 익산 1박2일] 이색 여행2 - 익산 보석 박물관
익산 교도소세트장 - 전북 익산 가볼만한곳 추천
[전라북도 익산] 당일치기 가족여행 코스 맛집
익산 가볼만한 곳 :: 교도소 세트장
반려동물 여행 · 동반여행지에 관한 정보
익산시와 익산문화관광재단이... 1탄 익산 시간여행 이야기... 
익산 가볼만한곳 아가페정원 미륵사지석탑 등 기차 여행
익산시 최고봉 미륵산 산행과 놓치기 아까운 뷰 포인트
겨울 여행지 베스트 10 최신
"싱그러운 초록빛으로 물들다, 익산 웅포 곰돌이유아숲체험원"
익산맛집# 춘포면 우리한돈한우 정육점식당 방문기(메뉴포함)
전주카페 추천베스트6 (전북 베이커리카페)
"전북가볼만한곳,국립익산박물관 익산미륵사지... "
"[전북 익산 1박2일] 근대 여행1 - 근대역사관,  구 익옥수리조합... "
전북 익산 여행 함라한옥체험관 교도소세트장 미륵사지 석탑
[전북 익산 카페] 핑크뮬리 유럽수국이 예쁜  블랜드미... 
"[익산시 내일로 홍보단]... | 익산 가볼만한곳, 익산 여행지 추천"
"익산 여행-익산역, 익산문화예술의거리... "
익산시와 익산문화관광재단이... 2탄-익산 시간여행 이야기... 
[명소]익산 죄수복 교도관복 체험이 가능한 &quot;교도소 세트장&quot;
[익산_보석박물관] 전북 익산여행지 반짝반짝 보석 보러 갈까~
"공정여행 착한여행, 2019 전북트래블마트 방문후기"
"충남&amp;전북 1박 2일 핫플여행_논산, 익산, 완주"
전북 익산 맛집부터 볼거리까지 총망라한 여행기
[전라도여행지추천] 익산미륵사지석탑 국립익산박물관
익산 백제세계유산 가볼만한곳 국립익산박물관 등
익산 아이와 가볼만한곳 서동공원 주말 나들이
전북 익산 펜션 독채로 편안했던 고도한옥1987
"익산 여행지 백제세계유산 : 국립익산박물관, 왕궁리 유적... "
"[익산여행]모녀가 선택한 힐링여행지, 익산 구룡마을 대나무 숲"
"11월여행, 세종 도시 탈출 1박2일, 익산 아가페정원... "
겨울에도 나들이하기 좋은 익산 서동농촌테마공원과 액션하우스
익산 맥주축제 2023 다다영등 얼맥페스티벌
[전북익산] 가볼만한곳 &quot;미륵사지석탑&quot;(국립익산박물관... 
"익산시, 익산 IC와 여산휴게소에 백제왕도 익산관광지 홍보"
전북 익산 가볼 만한 곳-익산 미륵사지 석탑
아이와 가기 좋은 무료 놀이터 : 익산 공룡테마공원
4월 추천 여행지(실록)
전북여행 익산 아가페 정원 메타세콰이어 길이 멋진 곳 (무료입장)
"[전북 익산 1박2일] 백제 문화 여행1 - 미륵사지, 국립익산박물관"
전주 맛집 추천 10 리스트 (ft. 전북 여행)
익산 여행지 국립 익산박물관 관람 후기
여행이좋다 :: 익산 가볼만한곳 전라북도 익산여행코스 추천
전북 익산 당일치기 여행 영등동 상권 10월 축제 놀거리 볼거리
익산 여행 가장 오래된 간이역 춘포역(폐역)
백제왕궁박물관 왕궁리유적 익산 여행 역사 탐방 가볼만한곳
가장 드라마틱한 백제 왕릉 익산 쌍릉의 주인을 확인해 보세요
전북 익산 아이와 함께 가볼만한곳 가볼만한곳 미륵사지 석탑... 
전라도 여행지 추천 익산 가볼만한곳 2017 여름 내일로 여행... 
[주객투어] 익산 여행지 추천 : 익산 교도소 세트장 방문후기... 
익산 코다리 사장이 직접 모든 요리를 하는 &lt;코다리촌&gt; 다녀온... 
[익산]금마면 한옥펜션 대고하우스
전북 아이와 가볼만한곳 익산 미륵사지 석탑 국립익산박물관
익산 교도소 세트장 기대 이상! 생각보다 재밌음! (죄수복 체험)
백제와 현대의 그 경계 속에서 볼 거리가 풍성한 전북 익산... 
익산 여행 무료코스 미륵사지 아가페정원
5월에 가볼만한 국내 여행지 5곳을 소개합니다
전북 문화재 여행 - 익산 고도리 석조여래입상
전북여행: 익산 함라마을 옛... 걸으며 힐링하기 좋은 여행지
여행) 익산 보석박물관 관람 후기# 가볼만한곳 추천^^
"전북 시티투어 총정리 - 전북하루여행, 만원의 행복"
전북 익산 가볼만한 곳 여산숲정이성지 여산성당 수덕정... 
익산 아이랑 아가페정원 메타세콰이어
"익산여행/비밀의 숲 아가페정원, 메타쉐콰이어 길... "
익산 여행 미륵사지와 하늘숲 무인카페
[전북강아지동반여행] 익산/김제/전주/ 군산 장자도 강아지... 
전북 익산 가볼만한곳 신흥근린공원 핑크뮬리... 
"전북 119 안전체험관,오수의견관광지) 전북 특별한 관광지"
익산 가볼만한곳 익산서동공원 미륵사지석탑  핑크뮬리... 
전북 친환경 탄소중립 실천 여행 (익산)
익산교도소 세트장 드라마 영화 한 장면 처럼 죄수복 대여 컨셉... 
전주 펜션 추천 베스트 3 (ft. 전북 여행 숙소/한옥마을)
"전시관에서 만난 백제의 흔적, 익산 입점리 고분전시관"
전북 가볼만한곳 익산 여행코스와 영등동 축제
익산 미륵사지 석탑 국립익산박물관 역사 여행
"서울에서 1시간이면 OK, 익산 사진찍기 좋은 곳 5"
전국 은행나무 단풍 명소
[전북 익산여행] 가볼만한 곳 :: 7번방의 선물 촬영지♪ 익산... 
군산 호텔 추천 베스트 6 (ft. 전북 여행 숙소)
익산 드라이브 보석박물관 공룡박물관에서 교도소세트장까지
♬익산여행지 릴스 챌린지 이벤트♬
전라도 역사기행/전라도 관광 100선에 포함된 역사여행... 
[익산여행] 익산 왕궁리 유적(전북 가볼만한곳)
"익산, 아사달과 아사녀의 사랑 이야기가 있는 아사달공원과... "
9월 아이와 가볼만한곳 놀거리가 풍부했던 장소 5
"전북 익산 여행:: 1박2일, 기차 여행, 바람개비 마을, 나바위... "
익산근교카페 크로플맛집 세인트빈스
"산업단지와 사찰이 공존하는 공원, 옛스런 선과 실이 살아있는... "
익산 가볼만한곳 미륵사지 석탑 국립익산박물관 입장료 국내... 
익산 여행지 추천 당일치기 좋다~
[전북 익산 1박2일] 여행일정 및 후기 리스트
[전북여행-익산] 강철부대 촬영장 &lt;익산 교도소 세트장&gt;
신박한 운영으로 인기몰이 '익산시 유튜브가 대세
"8월말 국내여행, 실내여행지 추천 전북 익산보석박물관"
"전북,익산여행/두동교회,우리나라 단 두곳밖에 없는 &quot;ㄱ&quot;자교회"
반려동물과 함께 떠날 수 있는 여행지(한국관광공사)
당일치기] 익산에도 이런곳이? 숨겨진 익산 이색 여행지 BEST3
겨울 전북 여행 추천! (익산&amp;삼례&amp;부안)
군산 숙소 추천 베스트 5 (ft. 전북 여행 숙박)
전라도 여행지 추천 익산 놀거리 교도소세트장
5월 전북 익산 가볼만한곳 나바위성당(성지) 인생사진 명소
백제 무왕의 꿈을 지켜주던 요새 미륵산성 이야기
"[익산시 내일로 홍보단] 백제의... 가볼만한곳, 익산 여행지 추천"
(익산 신상카페) 크로플맛집인 ‘세인트빈스커피’ 여산점
"대전근교 여행지 / 유채꽃밭 , 성당포구"
[익산 가볼만한곳] 익산 데이트코스 익산교도소 세트장... 
익산 아이랑 가볼만한곳 교도소세트장
"전북여행 완주,전주 가볼만한곳 / 먹방 1박 2일 / 단풍여행"
익산 고스락 이화동산 항아리 카페 익산 여행 코스
"정겨운 우리나라, 국내여행 추천 정보"
"익산여행지 가볼만한 곳 :: 구룡마을대나무숲, 익산미륵사지"
전북 가볼만한곳 익산 아가페 정원 5월여행 전북 드라이브 코스
전주 카페 추천 베스트 6 (ft. 전북 베이커리 카페)
"전북 익산] 왕궁리 오층석탑, 하얀 벚나무를 뒤로하고.."
가을여행 가볼만한곳 /가을 여행지  갈대밭 금강
[2018전북10대뉴스] 자광... &quot;전주143타워개발사업 추진” 등
"전북 익산 가볼만한곳, 사진 찍기 좋은 여산남부교회"
[익산] 모텔 스테이오늘 비즈니스호텔
느리게 관찰해야만 물건의 진가를 알아챌 수 있는 곳... 37년째... 
전북 드라이브 코스 익산 가볼만한곳 미륵사지 석탑
익산 식물원 아가페정원 방문 예약 방법
[전북 여행] 전북 익산에는 유네스코 세계유산 백제역사지구.... 
"익산 여행지&amp;체험 및 포토존, 우리나라에 하나밖에 없다는 '익산... "
"익산펜션, 전북 익산에 위치하고 있는 한옥펜션 청담황토한옥펜션"
전북에서 즐기는 특별한 가을 여행 - 원광대학교 자연식물원
요즘갈만한곳 익산 철판낙지 철낙 생생정보 철판구이 전북 익산... 
당일치기 익산 여행 한반도 녹차 최북단 자생지 산림문화체험관
익산 한옥펜션! 노천탕이 매력적인 전북 독채펜션 1박 후기
아이들과 함께 가기 좋은 익산 가볼만한곳 익산보석박물관
[익산 여행 기록] 웨스턴라이프호텔/솔강원막국수/kt wiz... 
익산 여행지 총정리_20선
익산 서동축제 2019 일정 셔틀버스 정보 5월 여행지
익산 가볼만한 곳 아가페 정원 정양원 메타세쿼이아 군락지... 
전북투어패스권들고 당일치기 익산여행 가자!
익산 맛집 추천 10 (ft. 전북 여행)
"익산여행 산책하기좋은 금마저수지 전망, 서동농촌테마공원"
평화로움이 깃든 전북 익산 산들강웅포마을
익산역 가볼만한곳 익산문화예술의거리 레트로 익산여행
전북여행 -익산 나바위성당 / 나바위성지(익산여행)
익산펜션 익산숙소 :) 고즈넉한 함라 한옥체험관 추천
익산여행지 교도소세트장 체험 드라마 영화 촬영지
익산 가볼만한곳 아가페정원 고스락
익산 가볼만한곳 전주 근교 여행 놀거리 교도소세트장 이색체험
전라도 가볼만한곳 놀거리 실내식물원 익산 여행 왕궁포레스트... 
전북 익산 여행 바람개비 마을
"전북 천리길 리스트, 소요시간(내장산 단풍 생태공원)"
"익산 신상카페 안영순베이커리, 근교 드라이브 코스 추천"
"나바위성당 ㅣ 화산천주교회 [ 익산여행, 전라도 최초 성당... "
"익산시, '웅포관광지' 조성 민간투자 탄력"
익산 숙소 [정가한옥] 솔직후기(삼남매와 익산여행다녀온 찐후기)
익산 피부관리 진정 마사지로 생기up! ~ blb힐링뷰티샵
이국적인 매력이 가득! 국내여행 간지 터지는 BEST 5... 
"[익산] 전라도 익산 1박2일 여행지 추천 :: 블랜드미, 진미식당... "
[익산 당일치기여행] 여름에 가기좋은 '익산국립박물관... 
"전북정책-전북은 지금|주말에는 즐기세요, 만원으로 떠나는... "
군산 익산 여행 당일치기 가볼만한곳
전북 익산 교도소 세트장 입장료 및 주차정보와 후기
"전라북도 전주 여행 코스, 국내여행 전북 특별한 관광지"
익산여행지 전북가볼만한곳 익산어린이집 모현동어린이집... 
[익산] 전라도 익산 1박2일 여행지 추천 :: 모퉁이부엌... 
"체험농장 &amp; 펜션, 익산 대파니힐링팜"
"[익산여행]익산가볼만한곳,당일치기익산여행,전북의 아름다운... "
익산 대형카페 고바슨 익산전주팰리스점
"연화정도서관, 취향정, 연지정, 전주 7월에 가볼만한 여행지"
전라도 가볼만한곳 베스트10 최고
"익산 미륵사지 박물관 국립 박물관 (주차, 요금)"
익산 가볼 만한 곳 왕궁리유적지
"[익산여행] 보석박물관, 왕궁리유적지(세계유산... "
익산코다리 가족과 외식하기 좋은 곳
초록빛 언택트 힐링 쉼터 익산 두동편백나무숲을 소개합니다
김대건 신부가 처음 자리를 잡은 익산 가볼만한곳 나바위성지
익산 여행코스 문화예술의 거리 익산왕도미래유산센터 여행지... 
[익산 MZ 투어] GO100star(고백스타) / 대일분식... 
벚꽃엔딩이 오기 전에 캠핑 익산 여행지 벚꽃 명소 웅포나루
"봄에 가기 좋은 익산여행지, 원불교익산성지"
전라북도 익산 가볼만한곳 감성 풀빌라 펜션 소소하녹... 
[익산 서동축제 내일로 서포터즈] 익산 포토존 맛집! BLENDMI... 
"익산 가볼 만한 곳, 익산 교도소 세트장 탐방"
익산 산책하기 좋은 곳 서동생가터
[전북/완주] 국내 최대 금낭화 자생군락지 대아수목원 ((전북주... 
익산 가볼만한곳 베스트10 추천해요
[군산/익산여행] 익산 구룡마을 대나무숲 &amp; 미륵사지석탑... 
익산 캠핑장 웅포관광지 곰개나루터 캠핑장
"전북여행-전주|보따리당 vs 비단길 시장, 매월 둘째 주... "
"익산 서동축제 일정, 초대 가수"
전라도 익산 여행 코스 - 왕궁리유적. 미륵사지석탑. 교도소세트장
전라도 완도여행 1. :: 기차타고 쏘카 이용해서 완도여행 / 익산... 
익산 여행 미륵산 심곡사의 봄
전북 이색여행 - 익산 여산 숲정이 순교성지
"益山刑務所セット場 , &lt;익산교도소세트장&gt;"
전라도여행지추천 아이랑갈만한곳 그린로드 킹빈 체험이에요
익산보석대축제에서 완주까지 - 전북투어패스 당일치기여행!
익산 왕궁포레스트 입장료 아깝지 않은 대전 근교 아이랑... 
"백제 역사 여행 l 찬란한 역사의 순간 속으로, 백제 역사 여행지"
전북 익산 볼거리 여행 천주교 나바위 성지 성지순례
익산 모현동 '달콤 왕가탕후루' 딸기탕후루 후기
[드라이브 코스] ‘한국의 아름다운 도로’ 4곳
[익산맛집]마약밥이 나오는 본향
전북익산맛집 - 함라에서 백반이 맛있는 호남식당
[여행어플] 너목들보다 강력한 전북의 목소리? 듣고 걷는... 
군산 카페 추천 베스트 7 (ft. 전북 베이커리 카페)
"변산반도,태안해안국립공원 투어"
"전북 익산 가볼만한 곳, 전북 익산 함벽정"
비대면 관광지 가볼만한곳 익산 용안생태습지공원
"전북 익산 가볼만한곳 : 익산미륵사지(사적 제150호), 익산... "
"500만명의 관광객 감탄한 한옥마을, 전북 한옥마을의... "
여산 숲정이 순교성지와 여산 공용버스 시외버스 터미널 시간표
대전에서 목포 가는 srt  50년 만에 무료 개방한 익산 아가페... 
"익산여행 아가페정원 주말 당일 예약 후기, 포토존 포함"
CNN이 선정한 한국의 아름다운 여행지
익산 가볼만한곳 여행코스 추천 나바위성당 서동공원 용머리고을
익산식당 코다리촌 코다리 갈비조림 찐후기
"전북 용안 생태습지공원, 성당포구 바람개비마을, 금강자전거길... "
"[231129-전북 익산] 익산 4대 종교 문명 화해의 성지, 사랑의... "
「익산시 내일로 홍보단」 익산 힐링 여행 코스 + 여행 Tip
감빵생활 촬영지 국내 여행 추전치 전북 여행 전북 가볼 만한 곳
여행이좋다 :: 익산 여행코스 전라북도 30일 살기 열한번째 날
천만 송이 국화 향기 속으로! 익산 천만송이 국화축제 현장으로... 
"전라도 익산, 전주 1박2일 가족여행1 / 천주교 성지순례"
익산 가볼만한곳 KTX 타고 고스락 나바위 성당
익산 아날로그 감성여행 - 필름 카메라에 담은 나바위성당... 
국내여행지추천 ! 함라한옥마을 :)
"익산 가볼만한곳, 교도소세트장 체험 후기"
kbs생생정보경주익산여행방송촬영지?... 
익산천만송이국화축제 갔다가 근처 여행 코스 아가페정원 예약... 
"전라도 가을축제, 전라도 가을여행지 알아보아요"
"지역토박이도 잘 모르는 익산 오감만족 힐링 여행지, 여러분은... "
"익산의 맛, 소머리국밥과 순두부찌개 다 먹어도 돼~!"
전북 익산 미륵사지 맛집 맛동순두부 내돈내산 후기
익산 교도소 세트장 의상 대여 체험 입장료 무료
산들강웅포마을 갔다가 익산북부시장 익산장 오일장 구경하기
익산 유채꽃밭 현지인도 모르는 유채꽃만발 현장 찐후기
[전북 익산] 미륵사지 (with. 국립익산박물관)
전북투어패스의 모든것 (feat. 익산 자유이용시설... 
6시내고향 꿈이 이어지는 곳 발길따라 고향기행 전북 익산... 
영화 속으로 빠져든 국내여행!  인생샷 남길 영화촬영지
익산여행지 왕궁리 유적과 함라마을에서 즐기는 식도락♡
[관광벤처] '여행노트' 어플로 더욱 쉽게 즐기는 관광두레여행... 
익산 미륵사지 석탑과 국립익산박물관 어린이박물관
전라북도 가볼만한곳 전주 근교 국내 가족 여행 추천 이색체험... 
"조선시대 교육의 산실을 보여주는 공간, 익산 여산향교"
전북여행-구석구석여행 | 14개... 관광지. 전북의 관광지는 어디?
익산 어린이 과학관[전라북도교육청과학교육원]
전라도 익산 아이와 가볼 만한 실내 여행지 어린이 박물관
익산여행# 익산공룡테마공원 아이와함께 대형 놀이터 체험
4천원짜리 끝내주는 백반의 신토불이할매집 익산 미륵사지맛집
"전북 주말에 가볼만한 곳, 전북 익산 함라마을"
익산여행]김대건 신부가 첫발을 내딘 축복의 땅.나바위성당.... 
익산역 중앙시장 중식 맛집 이리왕반점 복합청년몰 상상노리터... 
"전북 아이들과 가볼만한 곳, 전북 익산 공룡테마공원!"
무주군신활력플러스사업단 산림아카데미개최  사람과 더불어숲... 
전북익산 용안생태습지공원 바람개비 자연생태공윈 갈대밭... 
[익산] 익산가볼만한곳 고스락 항아리정원 산책길
익산 가볼만한곳 금강수상관광 익산여행
익산 천만송이  국화축제 /사랑고백이벤트 로맨틱 가을여행지
11월축제 : 전라도 전라북도 전북 11월 축제 행사 인기 여행지... 
익산 가볼만한곳: 달빛소리수목원 / 힐링스팟 가득한 비밀의... 
"익산브런치맛집아필코웨스턴라이프점, 아필코정원뷰포토스팟... "
전북 익산 내일로 기차여행 여행지 추천 '익산근대역사관... 
익산당일치기여행 익산가볼만한 곳 익산데이트코스 익산... 
[23익산]익산 하루 여행2
전북전주 여권재발급 | 대한민국 신여권
[정보] 태안 '도시혁신대상 수상' 2년 연속
"스토베리에서 추천하는 대한민국 여행지, 익산 액션하우스!"
"깜빡 속을 뻔한 익산, 영광의 숨겨진 여행지 + 토박이도 잘... "
아이들과 함께 한 역사 기행
"전북 주말에 가볼만한 곳, 전북 익산 원광대학교자연식물원"
익산여행/전북여행 : 익산 미륵사지와 미륵사지 석탑... 
익산 아가페정양원 나만 알고 싶은 익산 여행지
"전북 숨은 여행 명소, 전북 익산 춘포역사"
익산 처음 여행 가이드
익산 가볼만한곳 미륵사지와 서동공원
익산코다리 코다리촌 익산식당
전북투어패스 카드 가지고 익산 시티투어버스를 떠나보자... 
"6월 익산여행지 추천 Top 5 - 달빛소리수목원, 보석박물관... "
오늘(11월 28일)의 추천 여행지(201) - 익산 교도소 세트장... 
익산 그릭요거트  어양동 감성카페 달산책
익산여행# 액션하우스 서동 생태 관광지 생태놀이터 아이와함께... 
익산 축제 여행 코스 추천 왕궁 포레스트 족욕 카페 저수지 뷰... 
사계절 아름다운 아가페정원 익산 가볼만한곳
전북투어패스 구매 및 사용 방법
[오늘의 여행 소식] 23.10.05 “물가 무서워도 일단 떠날거야”... 
익산 가볼만한곳 익산 교도소세트장 찜~
[전북 익산 여행] 전북 가볼 만한 곳 익산 미륵사지 &quot;대신... 
전북 계곡 추천 완주 큰황골가든 펜션 방갈로 바베큐 캠핑식당... 
익산 관음사(益山 観音寺)를 가다.
#성당포구#바람개비마을#익산시#1
익산 대형카페 팔봉동 카페덕기 바나나온실 야외 공간... 
"익산의 세계문화유산, 왕궁리유적에 가다"
"1박2일 익산-부여 여행코스 여행지, 맛집 총정리"
"전북 주말에 가볼만한 곳, 전북 익산 서동공원!"
함께가요~! 경치좋은 가을 여행지 추천!!
익산 숙박 깔끔한 사랑의 홈스텔
11월 여행지 추천 (11월에 가볼만한 여행지)
전북 익산 마크툽카페 메이드인헤븐 Made in Heaven... 
익산 가볼만한곳 영화 촬영지로 유명한 익산교도소세트장
백종원의 3대천왕에 인정 받은 황등비빔밥 익산 시장비빔밥
익산 미륵사지 석탑 가볼만한곳
[23익산]익산 하루 여행 1(코스)
"전북 문화재 가볼만한 곳, 익산 왕궁리유적 추천해요^_^"
[익산 서동축제 내일로 서포터즈] 가족들과의 특별한 나들이!... 
"익산 동산동 전일맥주, 안주가 다양한 동산동 맥주집"
"익산 중앙동 쌈재뼈, 익산역 근처 우렁쌈밥 대 존 맛집"
익산코다리 단체모임하기 좋은 곳
전북 익산 여행 가볼만한곳 교도소 세트장(익산 순환형... 
익산 가볼만한곳 교도소세트장
익산여행# 왕궁리유적 미륵사지 유네스코... 
"익산 영등동 한양화로, 소고기 맛집찾으신다면 고민말고 바로... "
익산 가볼만한곳 천만송이 국화축제
"익산 동산동 왕부, 실패없는 양꼬치 맛집"
"익산 송학동 백제갈비, 참숯에 구운 국내산 왕갈비"
익산 가볼만한곳 여행지 고스락 항아리 보고 왔삼
호남고속도로 여산휴게소 하행(순천방향)음식 맛집 오징어... 
"익산 동산동 오라이숯불닭갈비, 숯불에 구운 닭갈비 땡길땐... "
8월 축제•가볼만한곳  BEST10
백제왕궁박물관 아이랑 전북 익산 여행 실내 가볼만한곳
"익산 제과제빵 명인 안영순베이커리카페 , 빵 종류 / 빵 추천"
차박여행 시즌1 - #7 차박에 맛들리다.
"익산 영등동 이자카야 담, 분위기 좋은 술집"
서천 가볼만한곳 신성리갈대밭
전북 아이와 함께 가볼만한곳 익산 교도소세트장 드라마세트장... 
병원 한번 더 갈 각오로 달려간 익산 구룡마을 대나무숲... 
"전북 사진찍기 좋은 곳, 전북 익산 용안 바람개비길"
[전북 익산] 왕궁리유적 (with. 백제왕궁박물관)
유네스코 세계문화유산에 등재된 익산 미륵사지와 왕궁리유적
[여행 WITH 원광][공유]익산의 숨겨진 힐링명소 아가페 정양원... 
"익산 모현동 남원식당, 숯불에 구워먹는 한우 맛집"
최서림 시인
익산 백제왕궁박물관 왕궁리유적 익산 아이와 가볼만한곳... 
익산여행# 익산 물놀이터 바닥분수 금마 서동 유아 생태놀이터... 
국립익산박물관
"익산 신동 이가네 흑돼지, 참나무 장작 초벌 흑돼지 맛집"
"익산, 짬뽕 맛집 &lt;짬뽕 지존&gt;"
"익산여행코스 : 왕궁리5층석탑-벚꽃이 떨어지는 속도, 초속... "
익산 여산면 천호산 등산 주차 소요시간 등산로 백운사
전북 익산 가볼만한곳 미륵사지 석탑 국립익산박물관(애견 동반)
[익산시 내일로 홍보단] 익산 서동공원 빛 축제
익산 모현동 이자카야 맛집 부타 후기
"익산 서울횟집,서울회센타 ㅡ 바다의 보약 쭈꾸미가 제철인... "
6시내고향 꿈이이어지는곳 발길따라 고향기행 전북 익산... 
"익산 왕도미래유산센터, 일제강점기 건물 그대로 만나는... "
두동교회의 ㄱ자 예배당 이야기
익산보석대축제 2017 4월축제 익산으로 오세요
익산 웅포 캠핑장과 국내 최북단 야생 녹차밭 익산 웅포
[신팔도유람]전북의 유네스코 세계유산과 국가지질공원
[익산 가볼 만한 곳] 왕궁 보석테마관광지
남녀칠세부동석 - 두동교회 [익산여행]
익산 [보석박물관] :: 보는 눈이 즐거운 전북관광의 메카
2023 미륵사지 미디어 아트 페스타  익산 축제  가볼 만한 곳... 
한국의 전통문화를 살펴볼 수 있는 익산문화원(益山文化院)
[익산맛집] 전북 익산 미륵탑순두부 - 미륵사지 석탑을 바라보며... 
겨울이 아름다운 전북 익산! 예전 익산 배산 겨울 풍경과 설경... 
백제문화유적지-익산시 왕궁 역사발견지
"[익산여행]익산가볼만한곳,두동교회,전북의 아름다운 순례길"
핫플 다이노 키즈월드와 공룡테마파크 가족여행지로 딱이야!
[익산시 내일로 홍보단] 익산 왕궁리 유적지 오층석탑
익산 용안생태습지에서 천만송이 국화를 만나다.
10월 국화축제 가볼만한곳. 전남함평. 경남창원마산. 전북익산
익산 가볼만한곳 교도소세트장 고스락 등 여행 코스 BEST 12곳
익산여행# 보석박물관 전시사진 관람후기 아이와함께 가볼만한곳
2023 문화유산 미디어아트 익산 미륵사지 가을여행지 추천
익산여행 가볼만한곳 익산여행지 익산여행지도 익산여행정보
"전북 가볼만한 곳, 전북 익산 왕궁다원"
전북 최초 외국인 유학생 x 한국청년 익산 여행 서포터즈... 
[익산 아이와 가볼만한] 바나나 나무를 볼 수 있는 익산 대형... 
#안심여행 꿀팁과 함께면 즐거움이 2배! 놓치기 아쉬운 전국... 
익산 가을 여행지 가을이 시작하는 숭림사 풍경
반려견과 함께 걷는 길 전북 ‘눈치보지마시개 길’ 4곳
2023년은 익산 방문의 해! 가성비 좋은 전주-익산 연계... 
스트레스 날려버릴 최고의 여행장소(국립 익산 박물관)
"익산 최북단 녹차밭, 한옥마을, 미륵사지, 교도소세트장... "
특화된 관광지 5곳은 어디일까? (feat.올해의 여행지로 저장각)
[익산 여행/익산 여행 지도] 전북 익산 관광 / 익산 여행 추천 책자
가을여행 2014 가을 축제 모음
익산 고스락 삼만여평 장독 정원 여행
느리게 관찰해야만 물건의 진가를 알아챌 수 있는 곳... 37년째... 
익산 천만송이 국화축제 핑크뮬리까지 있어 곳곳이 포토존... 
"뭐먹을까?(익산여행지 완전정복, 익산맛집,익산카페)"
익산 달빛소리수목원 꽃보면서 한 바퀴 걷기
[익산]보석박물관
[전북익산맛집]함라 고운님 막걸리를 시키면 안주는 공짜
익산 가볼만한곳 베스트10 훌륭해요
익산 떡갈비 맛집 한옥떡갈비 떡갈비돈까스도 맛있네~
"전북 익산 경치 좋은 곳, 전북 익산용안바람개비길"
익산여행 이색놀거리 데이트 코스 교도소세트장 입장료 가는방법
익산 이색여행 | 석제품전시홍보관 (石製品展示広報館)
[익산]수파크 캠핑정육식당 ‘감성’ 빈손으로 가서 바베큐... 
전북 익산 한옥펜션 노천탕 펜션으로도 유명한 청담황토한옥
“댕댕이와 함께 익산에 오세요”…반려견 동반 프로그램... 
여행이좋다 :: 익산 사진 명소 항아리로 충분한 전북 익산... 
"익산여행 : 두동교회 'ㄱ'자 예배당이야기, 지방문화재자료... "
가을여행지추천] 익산 금마 미륵사지
사시사철 주말여행
여행이좋다 :: 전라북도 제4호 민간정원 익산 아가페정원
[국내여행지] 전라북도 익산토성★
[전라북도] 우리집 댕댕이와 함께하는 전북여행지도 1편
"[전라북도여행] 익산 가볼만한 곳, 익산 성당포구 바람개비 마을... "
[오늘의 여행 소식] 23.09.08 &quot;여행은 해외로&quot;...서비스수지... 
[익산여행] 반짝반짝 익산 보석방물관 다녀왔어요!... 
[익산시내일로홍보단] 익산내일로여행 2일차 - 익산근대역사관... 
전주 호텔 추천 베스트 6 (ft. 전북 여행/한옥마을 숙소)
익산에서 즐기는 가성비 촌캉스 | 카페 시트러스 | 아카페정원... 
"[오늘의 여행 소식] 23.11.27 &quot;은퇴한 마약탐지견 '로드', 새로운... "
[익산여행] 낭만 여행지 성당포구 바람개비마을
전라도 11월 축제 : 인기 광주 전남 전북 가을 행사 여행지 추천
전북 익산 가볼 만한 곳_드넓은 대지에 항아리 장관 '고스락'
전북의 재래시장 익산 북부시장
롯데렌터카 SRT지점(익산/대전역/평택/화성동탄/목포... 
수 있는 것들(在美 박평식)/ 집배원이 추천하는 진짜 겨울 여행지!
[6-1] [新택리지] 전북 군산시  +
익산영등맛집 샤브쌈주머니 영등동상권 코스프레축제
"[익산]너의 죄를 알라! 익산 여행, 교도소 세트장"
축제&gt; 2014년 가을 단풍축제
가보고 싶은 여행지
&lt;게스트 깨알 팁&gt; 열차로 떠나는 에어비앤비 1박2일
"익산 가볼만한곳, 50년의 비밀의 정원, 아가페 정원"
"익산여행, 익산 가볼만한곳, 보석박물관 &amp; 공룡테마공원... "
(전북여행/익산여행)익산교도소 촬영세트장. 7번방의 선물... 
"[전라북도여행] 익산 가볼만한 곳, 걷기좋은 돌담길... "
익산서동축제 2023 서동과 선화공주의 사랑이야기가 펼쳐진다
호주와인 롭돌란 트루컬러즈 쇼비뇽 블랑 가볍게 마시기 편한... 
익산 글램핑 2 가지 LIST (수파크 주노)
"[익산시 내일로 홍보단] 익산 가볼만한곳, 성당포구 바람개비길"
[한국관광 100선] 백제의 수수께끼를 마주하다 '익산 왕궁리유적'
익산 여행 용안생태습지공원
국립익산박물관 나들이 값진 문화재가 한가득
"[변산,목포,진도여행]아들과 함께한 남도여행"
익산 대형카페 | 메이드인헤븐 | 마크툽 카페로 익산 가볼만... 
봄 제철 별미 여행지 8곳
"익산 카페 덕기, 전라도 드라이브 추천"
전북 익산에서 친구들과 함께 가볼만한 여행지... 
하기 좋은 당일치기 익산 여행 코스! - 전북여행 PLAN C
리멤버! 역장 추천 맛집
전라북도 홍보대사 남상일과 떠나는 안심여행지도 - 방역 우수... 
전라북도 문화재 (왕궁미륵사지)
[놀토앱 유적지탐방] 익산 숭림사 (함라산 숭림사)
충신들의 유적지이자 배롱나무가 있는 익산 가볼만한곳... 
국립 익산 박물관 전북 익산 아이랑 함께하는 당일치기 여행
"[휴가지추천/여행지추천/쇼캣] 산, 들, 강, 바다로 떠나는... "
겨울 출사 이야기
문화유산방문캠페인 백제문화유산축전 주간 스탬프 찍자
"11월 전라도지역 축제/행사/여행지, 전남11월축제, 전북11월... "
[익산 갈만한곳] 전라북도 익산의 백제 문화유산탐방... 
익산 미륵사지석탑 포토존 +아이랑 가볼만한 곳
"익산 카페, 하이디 Heidi 정원카페"
익산 당일치기 기차여행 전라북도 가볼만한 미륵사지석탑 박물관
"[익산 펜션 청담황토한옥] 한옥&amp;독채 펜션 숙박 후기, 관광지가... "
국보 11호 익산 미륵사지 석탑_ 가족 여행지로도 좋아요!
계절별 가볼만한 곳
익산 춘포 도정공장/시간이 멈춘 공간 속 예술이 숨 쉬는 곳
[익산] 메타세콰이어길은 익산에도 있죠: 아가페정원 방문후기... 
더위 탈출! 자연 피서지 전북
군산요가/군산필라테스/나운동/루엔메디/주말여행코스추천
"백제역사유적지구 &lt;2&gt; 전북 익산 - 미륵사지, 왕궁리 유적"
여행이좋다 :: 숨은 익산 볼거리 익산 나바위성당 성지
집배원이 추천하는 진짜 겨울 여행지!
"오신날 가볼만한곳 화암사,송광사,관촉사 등 국내 사찰여행지~"
[전라북도익산/익산가볼만한곳] 아이와함께 하기 좋은... 
2011년 9월 전라도지역축제 전남전북축제 가을축제여행지
대구 가볼만한곳 베스트10 정리
막내 딸내미와 첫 외출(왕궁포레스트) 후기~!!
9월 익산여행 마지막 코스 추천지 중앙시장 짜장면은 꼭!
✍ 2021년 3월 9일 이세철의 출근길 뉴스/정책 브리핑
[전라북도 익산시-익산 웨스턴라이프 호텔] 전북 익산... 
(전북여행/익산여행)익산 나바위성당. 한국 최초의 사제인... 
"[스페셜경제]익산 겨울 여행, 추위에 속 채워줄 시래기 맛집... "
"역사가 숨쉬는 여행지 소개, 익산 토성으로 떠나요"
"특별한 기념일 맞이 여행 , 첫번째 이야기 ෆ˙ᵕ˙ෆ 익산... "
"[전북 익산] 절대 빼놓을 수 없는 곳, 이색 여행지 '교도소세트장'"
익산 가볼만한 곳 : 유천생태습지
여행작가가 추천하는/봄 제철 여행지
[익산 여행] 4000개 항아리 뷰 카페 고스락
익산 왕궁리 유적전시관
익산 가볼만한곳 - 국립익산박물관 미륵사지 입장료 주차장
"[논산/익산] 익산 왕궁포레스트, 식물원과 왕궁저수지 뷰가... "
군산맛집추천- 전북 국밥투어| 전주 콩나물국밥의 아성에... 
"서해안 고속도로 여행 3박 4일(광주, 김제, 익산, 보령)"
"혼자여행_자유여행_익산 미륵사지, 보석박물관, 춘포역, 담양... "
익산 여행 가볼만한곳 아가페정원
"[여행공방] 완주,익산 전북 힐링여행~"
"익산 가볼만한곳 왕궁리 유적 백제왕궁박물관, 익산보석박물관"
가볼만한 5월 골목 국내 여행지
익산시 춘포면 만경강 강 - 달콤한여행
금붕어 보러 반차 쓰고 익산 이리 카페 다녀오다?! (내돈내산)
10월축제 : 2011년 전북 가을축제행사여행지
익산산책로추천 - 익산시민공원
"[전라북도여행] 익산 가볼만한 곳, 서동공원 피크닉과... "
여행지 추천 - 익산 미륵사지 석탑 출토 은제관식과 망모당
"익산 바람개비마을 성당포구, 산책하기 좋은 익산 데이트코스"
익산 가볼만한곳 화산천주교회*나바위성당
익산시 성당면 익산교도소세트장 이색체험 - 달콤한여행
한국에서 가장 아름다운 장소 40- CNN
"익산 아이와 가볼만한곳, 익산 서동 농촌테마공원 놀이터 나들이"
익산 핫플 맛집 강연우동태찌개 미륵사지 3분
"2010년 11월 21일 &lt;풍경이 있는 여행&gt;충남 논산,전북 군산,익산"
"[전라북도여행] 익산 고스락, 숨쉬는 항아리들이 가득한... "
"꼬리에 꼬리를 무는 마룡의 익산여행, 사전예약 이벤트"
"[전라북도여행] 익산 가볼만한 곳, 익산 달빛소리 수목원... "
전북여행이 한자리에 2021 전북트래블마트 @순창국민체육센터
【전북 전주 소양 해월리 전원카페 최적지 토지 매매】 ALC... 
전라북도 익산 1박2일 커플여행 관광지 루트 교통 맛집 숙박정보
가을꽃축제 : 인기 가을꽃여행지 모음 (2009년 전국/지역)
가보고 싶은 여행지
[일상여행] '쉼'을 위한 특별한 '당일치기' 여행지
전국 여행지 목록
익산시 왕궁면 백제왕궁박물관 박물관 - 달콤한여행
[익산여행] - 나바위 성당.
전북 익산 가볼만한 곳 나바위성지 성당 성지순례 여행
무작정 떠나는 가까운 전북 당일치기 여행(feat. 봉동/익산/전주)
"촌캉스 여행, ‘익산 농촌체험휴양마을’ 인기"
(전북여행/익산여행)익산보석박물관. 보석 싫어하시는분 손들어... 
익산여행 추천 왕궁리유적과 백제왕궁박물관
"익산 산책하기 좋은 곳, 구룡마을 대나무숲 풍경"
★특집★ [원광대학교] 에 초청받다.
11월 축제일정 행사정보 180곳 모음 11월에 가볼만한여행지
"50년 만에 오픈된 비밀의 정원, 익산 아가페정원(Agape... "
전라도 갈만한곳 : 광주 전남 전북 행사일정 여행지
"경주여행코스, 경주여행지 포석정지"
익산시 왕궁면 소자파묘비 유적지/사적지 - 달콤한여행
2023익산방문의해 미륵사지 미디어아트페스타 서동축제 여행... 
메타세콰이어 방풍림
장성 가볼만한곳 베스트10 좋아요
"[익산숙소] 익산 감성독채펜션 금촌농장, 춘포텃밭에서 힐링... "
익산 가볼만한곳 베스트10 장소
익산여행] 미륵사지석탑에서 백제의 영화를 이야기하다./익산... 
익산 메타쉐콰이어 숲길이 멋진 아가페 정원의 가을 풍경
[익산시 내일로 홍보단] 익산 가족여행 겸 산책하기 좋은 장소... 
전라북도 익산 숨겨진 매력 가득했던 당일 여행 (2)
익산 백제역사유적지구 가보았던 익산 미륵사지 석탑 &amp; 국립... 
[끄적끄적] 공기 좋은 익산맛집! 모현동 고기집 '익산현식당... 
익산시 용안면 용안생태습지 자연생태관광지 - 달콤한여행
[익산시 내일로 홍보단] 익산시티투어버스로 즐기는... 
전북 10월축제 : 전라도 2013 가을 인기 행사 여행지 추천
진해 가볼만한곳 베스트10 좋아요
전북 가볼만한곳 베스트10
익산시 용안면 용안향교 대성전 유적지/사적지 - 달콤한여행
익산 아가페정원 정양원 드라이브 코스
【익산】 대형카페 '블랜드미' 유럽수국 8월 꽃 개화상황
"미륵사지 &amp; 국립익산박물관, &lt;弥勒寺跡 &amp; 国立益山博物館&gt;"
"익산시 웅포면 웅포관광지 캠핑장 야영장,오토캠핑장... "
[익산시 내일로 홍보단] 익산시티투어버스로 즐기는... 
제주 맛집 베스트10 좋아요
"익산, 시간속으로의  여행"
[ 익산 여행 - 아가페 정원 ] 익산 비밀의 정원에서 본 인생 역대... 
체리따기 체험 추천 BEST5 6월에 가기좋은 상콤달콤 데이트
집배원이 추천하는 진짜 겨울 여행지!
전라도 전북 10월 축제 행사 인기 여행지 추천 (2012년... 
영등동 맛집 - 돼지갈비 맛집 무한리필 농부애 갈비 어양점
2014년 광주 전남 전북 1월 겨울 행사 인기 여행지 추천
전주 여행지추천 1박2일 1일차(꼭 가봐야 할 곳만 모아서)
"익산 국립박물관 미륵사지석탑, 근처 맛집 여행"
[9월여행_유네스코세계문화유산] 익산 왕궁리유적
[익산시 내일로 홍보단] 익산시티투어버스로 즐기는... 
전라북도 북서부권 - 김제시·익산시·전주시·군산시... 
익산여행 / 익산금마면 금리단길 우정여행
지금 익산 여행 가볼만한곳 한국관광100선 우리나라 문화유산... 
"익산 가볼만한곳, 당일치기로 알차게!"
"익산 달빛소리수목원, 산책하기 좋은 익산 수목원 정원 카페"
"익산 갈만한곳, 보석 테마 관광지 익산 보석박물관 후기"
"익산 교도소세트장, 생각보다 더 재밌어요!"
모던한 감각을 그러모아둔 익산카페 1708아카이브
철원 맛집 베스트10 TOP
드라마 촬영지로 유명한 숨겨진 명소 - 익산 구룡마을 대나무숲
[가을 여행주간] 올 가을에 꼭 떠나야 할 여행지 17곳
"전라도 익산 가볼만한곳, 익산 미륵사지 석탑 국립 익산 박물관"
"전주 추천 여행지, 전주 걷기 좋은길 /한옥마을둘레길"
"익산식당, 코다리 찐맛집"
"[전북/익산] 아가페정원 데이트 장소로 추천, 가족 나들이... "
"관광공사, 여름특집 추천 가볼만한 여행지!"
농림수산식품부 추천 6월에 수확체험 하기 좋은... 
익산 미륵산 등산코스  사자암 원점 최단 코스
전라도 가볼만한곳 : 인기 광주 전남 전북 축제 행사 여행지 추천
전라북도 북서부권 - 김제시·익산시·전주시·군산시... 
"전라북도 관광유적지, 여행지 목록"
광주 전라도 전남 전북 4월 축제 인기 행사 여행지 추천
전라북도여행지 가볼만한 곳 추천13곳 진안고원길... 
뚜벅이 익산 당일치기 가볼만 한 곳: 익산 교도소 세트장
[전북 가볼만한 곳] 볼거리가 많은 익산의 구석구석 #3_본향... 
"익산 카페 추천, 익산 고스락 한옥카페 4,000개의 장독 정원"
익산 맛집 도원 살살 녹는 소고기
함양 맛집 베스트10 TOP
[익산 서동축제 내일로 서포터즈] 2023 가을 익산 여행 추천... 
"반려견과 동반여행, 한국관광공사 ‘눈치보시마시개 길’ 4곳... "
[익산 서동축제 내일로 서포터즈] 2023 가을 익산 여행 추천... 
전북 익산 여행 맛집추천 &lt;이화동산 고스락&gt; 멋진 정원이... 
[반할익산] ‘고백도시’ 익산에 반하는 1박2일 힐링 데이트 코스
"2023 익산 방문의 해 선포식, 익산 가볼만한곳 익산 여행 가보자!"
&lt;익산여행&gt; 교도소에서 펼쳐지는 극한의 공포..축제 &lt;호러... 
익산 가볼만한 곳 : 아가페정양원 (메타세콰이어길 가을 만끽)
익산 가볼만한곳 BEST 7 /  익산 여행(최신)
익산시 왕궁면 익산 왕궁리유적 [유네스코 세계유산] 유적지... 
축제 일정 : 11월 전북 지역 인기 행사 여행지 추천
전주 수목원 여름철 관람포인트&amp;포토스팟 추천 [전주사진 맛집]
홍천 맛집 베스트10 장소
