"전북 임실군 여행지 추천! 국사봉 등반과 붕어섬, 호수뷰 맛집... "
전북여행지추천 임실군 옥정호 출렁다리와 환상의섬 붕어섬... 
(전북 임실군) 사람과 동물이 함께하는 오수펫추모공원
전북 임실군 옥정호 붕어 섬
5월 전북여행 • 임실 가볼 만한 곳 • 임실군 옥정호 작약꽃밭... 
'바로버스'와 아이들과 함께하는 테마체험여행 [전북 임실군... 
전북 임실군의 여행지 추천 편안한 휴식처 만나보세요
전북 임실 가볼만한곳 옥정호 작약 포함 6 여행지 추천
"전북 여행지 추천 임실 사선대, 카페 포레드노드 외"
치즈 테마 파크/여름휴가/임실치즈/치즈마을/전북 임실군
전북 가을 여행지 추천
가을 국내 여행지 추천 전북 임실 가볼만한곳 임실치즈테마파크
전북 여행지 추천 임실군 작약꽃밭
전북 임실 여행지 옥정호 붕어섬 생태공원 출렁다리 꽃무릇이... 
"전북 반려견 동반 여행지, 산책로 추천!"
"옥정호, 전북 임실군 옥정호... 가는길, 전북 여행지, @실속여행@"
[전북/임실군] 겨울엔 알비노 붕어섬으로 변신  - 옥정호 붕어섬
외 임실 6월 7월 8월 가볼만한곳 전북 여행지 추천
성남저수지[전북 임실군 성수면 성수리](20220402)
임실치즈테마파크 국화축제 전북 여행지
5월여행지추천  전북 임실 옥정호 작약  그림처럼 아름다운 곳
&lt;임실&gt; 전북 아이와 가볼만한곳 임실 여행지 추천 코스 - 상이암
전북 임실군 붕어섬
10월 국내여행지 추천 전북 여행 임실 옥정호 국사봉전망대... 
전라도 여행지 추천 전북 가볼만한곳 드라이브 코스 임실... 
전북 여행지 추천 임실 가볼만한곳 붕어섬 생태공원 옥정호... 
전라북도 임실 가볼만한곳 전북 가을 여행지 추천 전주 근교... 
전북 임실 가볼만한곳 옥정호 출렁다리 붕어섬 요산공원
전북 임실치즈테마파크 즐거운 체험여행 후기
전북 임실 가볼만한곳 여행지 추천 [ 사선대조각공원 ]
전북 임실 산책하기 좋은 옥정호 붕어섬 생태공원 (feat.... 
옥정호 출렁다리 붕어섬 요산공원 / 전북 전주근교 겨울여행지
부부힐링여행 03. 전북 임실군을 돌아보다!
국내여행지 추천 전북 특별한 관광지 &lt;임실 가볼만한곳&gt;
내려다 보는 사선대와 가족여행지로 최고인 임실 여행지 [사선대]
가볼만한곳 임실 치즈테마파크 국화꽃향기/ 반려견동반여행지
전북여행지 추천 임실여행 필봉문화촌 섬진강길 걷기
가볼만한곳 옥정호 출렁다리 붕어섬 국사봉 전망대 등 전북 여행
임실 가볼만한곳 체험 여행 가능한 전북 여행지 추천 4
전북 임실 옥정호 출렁다리 붕어섬 생태공원
임실 옥정호 작약 작약꽃 개화 5월 전북 여행지
임실 치즈테마파크 애견 동반 가능한 여행지 피자 맛집 화덕쿡
전라도 여행지 추천 아이와 가볼만한곳 전북 임실 이색 농촌 체험
국내 혼자가기 좋은 여행지 - 전북 임실 사선대 관광지
임실 가볼만한곳 전북 겨울 여행지 임실산타축제 치즈테마파크... 
전북 여행지 추천 괜찮은 전북 드라이브코스 임실 옥정호 붕어섬
전북 임실 식도락 여행 다슬기 탕이 맛있는 현지인 추천 운암회관
"전라북도 추석 비대면 여행지 - 전북 천리길, 생태관광지 추천"
전북여행지추천! 전국민 엿먹이는 엿만들기 시골체험!... 
전북 임실 옥정호 출렁다리&amp;붕어섬생태공원_가을이 가기 전에... 
전북119안전체험관 아이와 가볼만한곳 임실 전북투어패스
전북 임실국화축제 임실치즈테마파크 가볼만한곳
임실 치즈테마파크 치즈마을 전북 여행지 추천 아이와 가볼만한곳
전북 아이와가볼만한곳 임실 사선대 조각공원 코스모스... 
임실 가볼만한곳 옥정호 작약 꽃밭 호수 뷰 5월 전북 여행지 추천
"9월, 10월 국내여행지 베스트10 추천 : 서울근교 포함... "
전북 임실 가볼만한곳 체험 가족여행 데이트 코스... 
[전북-임실] 가을 여행 사선대
전북 12월 추천관광지 당일치기 여행의 정석 임실로 어서... 
임실여행지 임실옥정호출렁다리 붕어섬생태공원
전북 여행지 추천  임실치즈테마파크 입장료는 없어요^^
[체험마을] 여름방학 마지막 여행지로 강력추천하는 전북체험마... 
"6월국내여행지추천 임실가볼만한곳 옥정호, 치즈테마파크"
"1박2일 가족여행지, 임실 가 볼만한 곳(2) / 필봉문화촌, 전북... "
겨울이 반가운 화려한 지역 축제! 가족 여행지 추천 리스트✨
전북 임실 산책하기 좋은 코스모스명소 사선대 조각공원
전북여행지 - 임실 옥정호 가는 길
(전북여행 추천) 임실 사선대 애견동반 여행지 추천
전북 임실 가볼만한곳 임실산타축제 치즈테마파크 겨울축제
전북 가을여행지 추천 임실치즈테마파크축제 아이와 함께하기... 
전북 임실 가볼 만한 곳 핫 플 여행지 추천 옥정호 붕어 섬 작약... 
임실 맛집 국수와 서비스 수육으로 유명한 행운집
전북 임실 볼거리 임실치즈테마파크 국화축제와 인근맛집 임실옥
전북 임실 치즈 마을 테마파크 국화 축제
12월 여행지 갈만한곳 BEST 5추천 아이가 좋아했던 장소!
"전북 이색여행, 어슬렁어슬렁 길 투어(천리길 연계 코스... "
전북 임실 추천 여행지 출렁출렁 &quot;옥정호 출렁다리 &amp; 붕어섬... 
여자친구와 놀러가기 좋은 전남/전북 여행지 추천 5월축제
관광지인 임실 여행 사선대 조각 공원. 전북 가볼 만한 여행지
"국내여행 5월 가볼만한곳 꽃구경,힐링 여행지 13곳"
"[가을 여행] 전북 생태관광, 천리길 가을 코스모스 명소 모음.zip"
[전북임실]겨울 가볼만한곳 추천. 눈 내려도 예쁜 임실 옥정호... 
새해 첫 여행지 전북임실 성수산에서
아이랑 가볼만한곳 임실치즈테마파크 5월 여행지 추천... 
"전북 임실여행, 옥정호출렁다리를 건너 붕어섬생태공원의... "
전북임실여행] 임실 10월 여행지::임실치즈테마파크
"7월 국내여행지 추천 : 임실 사선대, 옥정호 물안개길 (전북... "
전북 119안전체험관 [가족체험여행지/임실 가볼만한곳]
[DSLR출사] 전북 임실 - 임실치즈테마파크 출사
전북 정읍 가볼만한곳 베스트10 여행지 추천
전북 임실군 1박2일 여행코스 -  섬진강변 임실의 구석구석... 
전북의 숨은 명산 - 큰 꿈을 이루어 주는 성수산과 상이암
"전라북도 임실 여행 코스, 국내여행 전북 특별한 관광지"
임실군 옥정호  민물새우탕 맛집 옥정호산장
전북 여행지 추천! 삼례문화예술촌과 뷰가 좋은 카페 '애뜨락'
[전북여행지추천] 이국적인 분위기의 임실치즈테마파크... 
"전라도 여행지 추천,옥정호에서 자라는 초록물고기 붕어섬"
전북 계곡 갈만한 곳 추천... 7 (ft. 국내 여름 물놀이 여행지)
다는 법 | 6월 6일 현충일 조기 게양법과 전국 현충일 여행지
전북 가볼만한곳 임실 섬진강 시인의 길 따라 여행
"임실 산타축제, 국내 겨울 여행지 가볼만한곳 치즈테마파크"
임실 가볼만한곳 임실치즈테마파크 치즈체험 전북 여행지 추천
"공정여행 착한여행, 2019 전북트래블마트 방문후기"
전북 가볼만한곳 : 임실 옥정호 국사봉 전망대
임실 체험 여행 ㅣ 전북119안전체험관
[전북여행지] 옥정호의 겨울
♥ 임실군 &quot;옥정호 작약꽃밭&quot; 5월의 국내여행지 추천 ♥
"국내 여행지 추천 전북 임실치즈테마파크 (입장료, 4D)"
전주 놀거리 아이와 가볼만한곳 관광 명소 전북 여행지 추천... 
포레드노드. 사선대카페. 뷰맛집. 힐링카페. 전북여행지
"[전북/임실] 오늘부터 치즈축제 시작! 국화 가득, 포토존 가득... "
[임신영의 추천 여행지] &quot;365일 동화 속 치즈 세상 임실치즈... 
전북 여행 : 임실 옥정호 카페 오스하우스 여름 야외 데이트
전북 임실 가볼만한곳 옥정호 붕어섬 치즈테마파크 사선대 등... 
"임실 가볼만한곳 치즈테마파크, 전북119안전체험관 포함 5곳... "
"[전북 임실] 수려한 풍경과... 일심 추천 여행지, 관촌 사선대"
임실119안전체험관 체험공간 전북여행지
블로그 체크인 챌린지 시즌1 마지막날 결산 및 Best 여행지와... 
옥정호 붕어섬 출렁다리 사선대 등 여름 국내 여행지 추천
전북 아이와 함께 임실 아쿠아페스티벌 치즈테마파크  신나는... 
전북 여행지 임실 옥정호 붕어섬 운해
반려견 동반 여행지에서 같이 추억쌓기 어떠신가요... 
전북 5월 꽃구경 여행 임실 요산공원 가볼만한곳
산양 두 마리가 만든 전북 임실치즈마을
｢랜선여행｣ 가을 맞이 여행지 전북 장수 가볼 만한 곳!
전북 가볼만한곳 임실 옥정호 출렁다리 붕어섬생태공원... 
임실가볼만한곳 임실치즈테마파크 체험 C코스 후기 전북투어패스
전주 가볼만한곳 베스트 10 (ft. 전북 여행지 추천)
"전북가볼만한곳, 전북 임실여행 명소"
자연과 함께하는 농촌 여행지 추천! 가족과 함께 떠나요!
임실 맛집 터미널에 있어 접근성이 좋은 봉황숯불갈비
"드라이브코스, 전북과 전남을 잇는 섬진강변 도로(여름여행지)"
"[전북 임실] 치즈로 가득한 이색여행지, 임실 치즈테마파크"
전북 임실 가볼만한곳 임실치즈테마파크 치즈체험 임실... 
정읍 1박 2일 여행코스 추천 7곳! (ft. 전북 여행지)
전북 여행지 추천 / 임실치즈테마파크 - 임실치즈마을을 다녀오다
#전북임실 옥정호 붕어섬 출렁다리 #붕어섬생태공원
맛과 멋이 한 상 가득 2012전북방문의 해  -  전북 맛기행... 
임실치즈테마파크 치즈공주님과왕자님 이있는곳 전북여행지
전북 아이들과 가볼만한 여행지 추천 : 전북 임실... 
여행지-파란빛의 금붕어가 헤엄치는 옥정호의 금어섬[전북임실... 
전라북도 119 안전체험관 전북 임실 여행지 추천
"전북 임실 문화생활, 작은별 영화관 : 군민체육회관 ㅣ 엘리멘탈... "
"전북 힐링 여행지, 전북 임실 관촌사선대"
임실군 농촌신활력플러스사업단 농촌 체험 관광 홍보 기법론... 
한우리 독서지도맘이 추천하는 단기방학 추천 여행지!
대한민국 꼭꼭 숨겨진 여행지 베스트 7
전북 임실 여행지 추천 - 임실 옥정호 작약 꽃밭
전라북도 여행지 추천 섬진강 자전거길 장소인 순창 요강바위
전북 임실치즈테마파크 주차 식당 치즈 체험 여행
전북투어패스로 전북여행. 추천 여행지 가성비 여행하기
"전북 여행지 추천, 임실 옥정호 바다가 되고 싶은 넓은 호수"
전북 임실 옥정호 찾아가는 맛집 참게장 수육 정식... 
"5월 아이랑 꽃놀이 여행지 추천 임실 옥정호 작약밭 위치, 주차... "
전북 드라이브코스 임실 가볼만한곳 임실치즈테마파크... 
"전북여행, 전북여행지 추천, 오늘은 전주시 소개"
[임실여행]임실 가보고 싶은 여행지 진메마을..구담마을
가을 여행지 추천 임실 붕어섬생태공원 다녀왔어요
"국사봉전망대, 사선대, 요산공원, 저스트글램핑 외 여행지 추천"
전북 여행지 임실 사선대 조각공원 가을과겨울 그사이
임실 옥정호를 한 눈에 볼 수 있는 임실 뷰 카페 [미텐발트]
"[전북/임실] 임실 옥정호 여행지 추천, 카페고투 비밀의정원"
임실 가볼만한 곳 420m의 길이를 자랑하는 뷰 좋은 옥정호... 
"전북/임실 가볼만한곳 , 국사봉전망대 옥정호 붕어섬"
전라도 여행지 추천 전주 한옥마을 익산미륵사지 임실옥정호... 
전북 임실 국사봉(옥정호) 가성비 최고의 일출
임실 1박 2일 여행코스 추천 7곳! (ft. 전북 여행지)
전북 임실 가볼만한곳 국사봉 옥정호 붕어섬 전망대
"전북 여행지 임실 사선대, 전주 근교로 드라이브 하기 좋은... "
치즈 특산품 판매장 등 확인 / 전북 임실 여행 가볼만한 곳 추천
전북 여행지 임실 옥정호 국사봉 전망대
전북여행-임실덕치구담마을ㅣ매화 꽃 질무렵 찾은... 
전북 여행지 임실치즈테마파크 알고가면 좋은 꿀팁 top 3
":)) 아이들과 임실여행-섬진강댐 물 문화관, 임실실내여행지"
"주말 여행, 전북 임실 치즈테마파크~ 아이와 함께 가족여행 추천!"
전북 임실 가볼만한곳 필봉마을굿축제
전북 임실 가볼만한곳 임실 치즈테마파크  임실 옥정호 국사봉... 
"5월 가족여행지로 추천하는 전북 여행지,임실 운서정!"
전북 임실 가볼만한곳 사선대 옥정호 출렁다리 요산공원... 
자연경관이 빼어난 옥정(섬진)호 - 전북 임실
전북 가볼만한곳 장수 여행코스 9곳
"&lt;전북 임실&gt; 임실여행, 임실치즈마을, 치즈체험, 피자체험, 전북... "
전북 임실 가볼만한곳 이런 체험 어때? 전라북도 종합 사격장... 
전북여행지추천 진안 마이산
"[전북여행] ⑥ 고사포해수욕장 ,새만금 방조제 ,옥정호... "
임실 오수애견캠핑장 : 애견동반캠핑 카라반여행지 전북여행
전북 임실 가볼만한곳 국사봉 출렁다리 운해 바다 옥정호 붕어섬
전주 여름 가볼만한곳 베스트 10 추천! (ft. 전북 휴가 여행지)
"전북여행 임실붕어섬, 출렁다리에서 놀고 치즈테마파크에서... "
"전라북도 임실군 - 임실치즈테마파크. 가볼만한곳, 혼자여행."
전북여행-전라북도여행지|전라북도 여행지 총정리~!! 전라북도... 
전북 임실 아이와 꼭 가볼만한곳 임실치즈테마파크 사계절 축제
전북 내륙 가볼만한곳 - 임실 옥정호출렁다리/붕어섬생태공원... 
임실 여행 가볼만한곳 BEST 06 붕어섬 출렁다리 임실... 
어린이날 전북 임실 여행 가볼만한곳 걷기좋은 길 옥정호... 
광주 전남 전북 10월 축제 일정표. 전라도 가을축제와 여행지
전남 5월 여행지 임실 가볼 만한 곳 옥정호 작약 / 출렁다리... 
[전북-임실] 현지인 추천 전주 근교 계곡 바라보며 먹는... 
[#211] 한국 - 전북 - 임실... (외얏날)촬영지 / 추천사진여행지]
(여행) 전북 임실 - 옥정호 출렁다리 &amp; 붕어섬 생태공원... 
임실 가볼만한곳 전북 여행 임실치즈테마파크 옥정호 붕어섬... 
가을 여행지 추천 임실 가볼만한곳 임실 캠핑장과 왕의 숲... 
임실여행/임실가볼만한곳/임실1박2일 가족체험여행지추천... 
홍보대사 남상일과 떠나는 안심여행지도 - 비대면 여행지 ①
산타퍼레이드 부터 쿠킹클래스 까지 겨울 여행지 추천
"국내 여행지 베스트 10 추천... 전국 여행지 화담숲, 철원... "
전북임실여행_임실 가볼만한곳 임실치즈테마파크 놀거리... 
전라도 12월 축제와 여행지 / 전남 12월 축제 / 전북 12월... 
"자연휴양림, 전북 눈치보지마시개길 10곳 *반려견동반여행... "
옥정호출렁다리 :: [전북 임실] - 전주근교 가볼만한곳
남쪽으로 떠나자! 남부지방 가을여행지 Best 18(2013년 수정)
국내여행지베스트10 5월 6월 봄나들이 가볼만한곳 추천
"[DSLR출사] 전북 임실 - 사선대관광지 출사, 사랑의 꽃길"
전라북도 순환관광 버스 시간표 요금 코스 알아보기
임실 옥정호 출렁다리를 건너 붕어섬 생태공원 다녀오다
전북 임실 상이암 태조 이성계 리더십과 유적지 역사탐방
"오감오색 전북 한옥공연 마당 :: 천하맹인, 가인춘향, 광대열전... "
"BTS가 띄운 완주, 아원고택 말고도 볼거리 많다"
전라북도 여행지 임실 사선대 핑크뮬리 &amp; 포레드노드
"힐링 여행지 추천, 전북 임실 옥정호 어때요~?"
온 가족이 함께 떠나는 임실여행 :: 임실치즈테마파크... 
〔전북임실〕임실옥정호작약 상태-2022.5.11-전북작약... 
걸 알면서도 떠나고픈 그런 날 [겨울 여행지 / 전라도 여행 / 설경]
"'195' 번 째 여행지 [예원예술대학교 (예원예술대,예원예대)]"
"옥정호의 모든 뷰를 한 품에 안은, 애뜨락 카페"
전북 임실 맛집 식당 추천 리스트
전북 가볼만한곳 임실치즈테마파크 산타축제 아이와 겨울여행
옥정호출렁다리 임실엔치즈하우스 5월 가족 커플 임실여행... 
"[#047] - 전북 - 옥정호[玉井湖]... [5월추천출사지,추천여행지]"
원PD 걸어서 힐링여행 - 전북 임실 가볼만한 곳... 
임실가볼만한곳 옥정호 출렁다리 임실엔치즈하우스
임실 옥정호 작약꽃 작약핫플레이스
전북 가볼만한 곳! 임실치즈카페 현지인맛집 임실성당 성가리... 
"전라도 여행지 안내서 &quot;52주 여행, 사계절 빛나는 전라도 217&quot;"
국내여행지베스트10 순천 와온해변 외 인생샷 명소 여름... 
"[여행지 추천] 전북 오수, 남원 - 보고 먹고 체험까지 3박자 고루... "
남원)숲속에정원'아담원'카페 /임실) 옥정호바라보며... 
임실붕어섬생태공원 옥정호출렁다리
[펌] 이국적인 국내여행지 2탄 best5
젊음이 함께하는 오봉저수지 - 전북 임실
#전주맛집 블로거 신비주의 주말여행~ 사선대에서 차박캠핑... 
"전주 갈만한곳들, 근교여행지와 함께 모아서 보자"
[#047] 한국 - 전북 - 임실 : 구름... [외얏날/붕어섬/사진여행지... 
"국내여행지, 임실 옥정호 작약꽃 군락지"
"2023  추석, 추석 전야제 야외 나들이 다녀오다 임실 &lt;옥정호... "
전라북도 임실 가볼만한곳 사선대 국내 봄 여름 여행지 추천... 
5월 넷째주의 추천 여행지(2) - 임실 옥정호 붕어섬생태공원... 
"임실 옥정호 작약꽃 실시간 개화 상황, 요즘 여기가 핫하다며?"
전북 임실 가볼만한곳 임실치즈테마파크 산타축제 옥정호... 
2월 전라도 여행지 추천
임실 옥정호 붕어섬 출렁다리 전라북도 가볼만한곳 국사봉전망대
"[전북 여행지 추천] 진안 마이산 탑사, 운일암 반일암 계곡 및 펜션"
이국적인 분위기와 아이들과 함께 여행 코스로 추천하는 임실의... 
&lt;임실&gt; 전북 아이와 가볼만한곳 임실 드라이브 여행코스... 
전북 여행 가볼만한 곳 전주근교로 아이들과 가기 좋은 체험... 
"전북 임실여행2, 임실 가볼만한곳"
걷기 좋은 전북 천리길 - 임실 섬진강 길
임실 옥정호 붕어섬은 국사봉 전망대에서 보세요
임실 옥정호산장 매운탕 맛집 옥정호둘레길
전북 임실여행 1박2일 첫날여정 ; 필봉문화촌 풍물배우기 x... 
임실군 사선대 - 미세먼지 알리미 설치
전북 임실 가볼만한곳 여행코스 | 성수산 상이암 | 전북드라이... 
임실 5월의 꽃 작약이 피어있는 운암 옥정호 마음만은... 
전라북도 임실군 오수의견공원에 가서 댕선배님 만나고... 
"임실여행 코스 임실엔치즈하우스, 옥정호출렁다리 건너 붕어섬... "
임실 여행 가볼만한곳 BEST 06 붕어섬 출렁다리 임실... 
[전북소식]임실 옥정호 붕어섬 출렁다리 10월1일 개통
[코레일] 전북 임실 산타축제 일정 / 임실치즈테마파크 정보... 
전북 가볼만한곳 이성계리더십 | 이성계역사여행 전주 진안... 
섬진강변 절경이 아름다운 전북 임실 구담마을
전북 임실 Top 이색감성글램핑 버블숙소 저스트글램핑... 
반려견 동반여행지 추천 5곳은 어디? '강원 댕캉스 댕댕트립'
가을여행지 - 옥정호 출렁다리
봄여행지 - 전북임실 당일코스 추천!
임실 가볼만한곳 옥정호 출렁다리 최고의 여행 코스
전북 임실    ‘국사봉전망대’  &amp;   ‘옥정호 출렁다리’... 
"3월 갈만한 국내여행지 추천 (feat. 버릇처럼, 열두달 여행)"
전북 임실 가볼만한곳 임실치즈테마파크 등 아이와 여름여행 코스
〔전북임실〕옥정호 마실길(둘레길) - 학암리코스-운암면... 
[배낭메GO] 우당탕탕 형제 여행기 5탄 - 왕과 함께 걷다... 
임실여행 숙소 숲뷰 스테이배내 내돈내산
국내 필수 여행지
전북임실 아이와가볼만한곳 치즈테마파크... 
임실 산타축제 2022 기대만큼 행복한 크리스마스 여행지
[전북] 애견동반가능한 데미샘 자연휴양림
늦더위를 날릴 전북 관광지♂️ (임실옥정호/장수물빛공원... 
"전북 119 안전체험관,오수의견관광지) 전북 특별한 관광지"
가을글램핑 여행지 추천
"'눈치 보지 마시개'…전북, 반려동물 동반 여행지로 뜬다"
[임실축제] 오수 의견문화제 &amp; 2023 임실펫스타 by 오수의견공원
"전주, 군산, 남원, 무주, 전북 여행 펜션 추천드림"
국사봉 등산로에 있는 임실 옥정호 붕어섬 전망대에서 외앗날 뷰
임실 맛집 추천 현지인 베스트 7 (ft. 전북 여행)
전북 임실 등산코스 가볼만한곳 오봉산 국사봉 옥정호 붕어섬!
임실 가볼만한곳 치즈테마파크
최고의 여행지
전주 근교 가을 여행지 추천 ‘임실 사선대’
"전북 정읍여행 - 송참봉 조선마을, 동학 농민운동 기념관... "
전북 임실 가볼만한 곳 여행지 추천 옥정호 작약꽃 임실시장... 
전북투어패스 구매 및 사용 방법
옥정호 붕어섬 출렁다리
전북 여행 가볼만한곳 임실 국사봉 전망대 올라 옥정호 붕어섬... 
"전라북도 여름휴가 여행지 추천, 임실편"
"전북 시티투어 총정리 - 전북하루여행, 만원의 행복"
임실여행 임실산타축제 겨울 여행지 추천 임실치즈테마파크... 
전라북도 임실여행 119안전체험관 재난종합체험 어린이체험관
임실 가볼만한곳 옥정호 붕어섬 출렁다리 요산공원 당일치기 여행
전북 임실 가볼만한곳 [오수의 개 설화 관련 장소]
[4계절 여행지] 국사봉 일출과 옥정호 붕어섬
국내 가을 여행지 전라북도 가볼만한곳 임실 사선대
임실치즈테마파크 아쿠아페스티벌 포함 8곳 여행지 추천
임실 가볼만한곳 치즈테마파크 옥정호 붕어섬 요산공원... 
임실가볼만한곳 전라북도 여행지 추천 학정마을 전통쌀엿만들기
2022.  06.  06  임실 국사봉전망대~ 요산공원 붕어섬
[전북 임실] 국사봉 전망대 ‘옥정호’ 차박여행
"[여수 여행] 여수 2박3일 여행지, 여수맛집, 여수카페... "
[전북 임실] 드라이브코스와 마실길로 추천드리는 옥정호... 
임실 사선대 전주 근교 여행 피크닉 경치 좋은 전북 가볼만한곳
전북여행 임실치즈마을 벽화거리 다녀왔어요
진안 맛집 추천 베스트 5 (ft. 전북 여행)
"임실치즈 테마파크, 가을 국화 꽃 나들이"
&lt;전북축제&gt;임실N치즈축제 임실치즈 축제 내돈내산 - 방문후기
[전북여행/임실여행] 치즈가만들고싶다면? 피자가만들고싶다면?... 
"옥정호,붕어섬,국사봉전망대,요산공원 - 임실 여행"
[전북-임실] 옥정호 뷰맛집 카페 '미스티(Misty)'
"임실 가을 여행, 옥정호 출렁다리 주변 운암코스모스 명소 활짝"
"국내여행지베스트10 , 5월 꽃구경 가볼만한곳 장미 철쭉... "
[전북 임실] 진메마을 김용택 시인 생가는 공사 중
"[기자단] 농촌으로 떠나는 여름휴가, 웰촌과 함께"
5월 전라북도 주말 드라이브 추천 임실작약꽃밭
전라북도 임실 당일치기 여행코스 임실치즈테마파크 입장료... 
전라도 여행지 추천 임실 가볼만한곳 섬진강 따라 힐링여행 코스
전라도 여행지 추천｜치즈만 떠올리면 섭섭하지~ 치즈는 물론... 
"여름맞이 휴가계획, 국내 여행지 추천해드립니다!"
전주근교 임실 여행-전망좋은 옥정호 뷰 애견동반가능 이색... 
[시네마로드 ②] 길따라 영화따라…12월 여행길 5
자전거 타고 떠나는 가을 여행
아이와 같이 가볼만한 국내 여행지 국화가 이쁜 &lt;임실... 
[임실 / 옥정호 붕어섬] 옥정호마실길 국사봉전망대 붕어섬
임실 가볼만한곳 겨울여행지                                        임실... 
전북 가볼만한곳 임실치즈테마파크 산타축제 크리스마스 데이트
전북 임실여행 옥정호 운암대교 임실맛집 강남쌈밥 참게장... 
임실 가볼만한곳 여행지 추천 상이암 [아싸 신나는 여행]
"전북 천리길 리스트, 소요시간(내장산 단풍 생태공원)"
전북여행 임실 옥정호 붕어섬(국사봉 전망대)과 요산공원... 
20231021 정읍 내장산 단풍 상황 내장사 벽련암 서래봉 산행
[추천가을여행지] 국민관광지 사선대의 가을
임실...옥정호
"전라북도 전주 여행 코스, 국내여행 전북 특별한 관광지"
힐링 겨울 여행지/2021 비대면 안심관광지 25선겨울편(비대면... 
[임실여행]전북천리길 옥정호마실길 출렁다리를... 
"임실 가볼만한곳 치즈테마파크, 옥정호 붕어섬 출렁다리 개장... "
"5월, 6월에 꼭 가야하는 국내 여행지 베스트 5"
임실맛집 오봉가든 매운 닭강정같은 닭볶음 전북 임실여행
임실 옥정호 붕어섬 출렁다리 가볼만한곳 둘레길
"회문산(830m) 전라북도 순창군 구림면, 정읍시 산내면, 임실군... "
임실 가볼만한곳 임실치즈테마파크&amp;요산공원 포함 7곳 전북 여행
"전북 가볼만한곳 진안 여행 9곳 마이산 탑사, 부귀... "
전라북도 임실 가볼만한곳 여행지 드라이브코스 데이트장소... 
전라도여행지 완주군 만덕산 정수사~겨울여행
"[임실여행] 피톤치드로 몸 속까지 건강해지는 힐링여행지, 임실... "
전라도 여행지 추천 임실 김용택 시인 문학관부터 옥정호까지
"[10월여행추천] 전라도, 경상도 10월여행지추천"
[임실] 임실 가족 나들이 추천 옥정호 출렁다리와 붕어섬... 
[임실가볼만한곳]임실 옥정호 출렁다리 붕어섬 국사봉전망대
전주 근교 아이랑 나들이가기좋은 :  임실치즈테마파크
겨울여행코스 전북 임실산타축제 외 임실 가볼만한곳... 
[여행어플] 너목들보다 강력한 전북의 목소리? 듣고 걷는... 
반려동물과 함께 떠나면 좋을 가을 여행 명소 TOP5 알아보기
임실 산타축제 치즈마을  옥정호 출렁다리 붕어섬 국사봉전망대... 
전북여행 가볼만한곳 김제 임실축제여행 임실치즈테마파크
전라도여행 : 임실치즈테마파크 여행후기
[전라북도] 남원 근교 여행지 : 순창 채계산 출렁다리 / 임실... 
숨은일출명소 - 임실 국사봉전망대 / 옥정호 붕어섬전망대
전북 풀빌라 Best 추천
"임실 여행코스, 치즈와 더불어 가볼 만한 임실 여행지 4곳"
전북 한 달(20일) 여행하기 1(순창 채계산 출렁다리)
전북 임실치즈테마파크 천만송이 국화축제 단풍 가을명소
국내 10월 가을 여행지 추천 4탄 전라북도편!
"전북 아이와 가볼만한 곳 - 아름다운 자연과 볼거리, 체험이... "
임실 박사골 전통엿과 상주곶감 바꿔먹기
8월 축제•가볼만한곳  BEST10
"남원의 향기를 찾아 떠난 여행, ‘노봉혼불문학마을’"
겨울 인기 많은 축제 관련 정보 알아보기
랜선여행#4-섬진강 시인의 마을(임실~순창)
전북여행-구석구석여행 | 14개... 관광지. 전북의 관광지는 어디?
이국적인 풍경의 전북 임실치즈테마파크 다채로운 여행
[농촌 여행이야기] 임실치즈마을 팜파티 여행 후기
임실여행]치즈세상 임실치즈테마파크/임실가볼만한곳.
아이들이 좋아하는 맛있는 체험여행!
겨울 비대면 안심 여행지 25선
임실 옥정호 벚꽃길 전주근교 벚꽃드라이브 옥정호출렁다리
농촌체험마을 전북 가볼만한곳
임실테마파크 임실치즈마을 대한민국의 치즈 발상지 임실여행
임실치즈테마파크 포함 임실 가볼만한 6곳
겨울이 찾아 온 옥정호
"필봉1박2일 볼만한 가족여행지, 곳 임실 가  :)"
임실치즈테마파크 - 대한민국 원조치즈의 고장 임실
아이와 섬진강 따라 자전거 여행 #섬진강 끝들마을
2022 임실 산타 축제 위치 일정 주차
올 가을 꼭 가봐야 할 '새만금 가을 관광명소 10선'
[10월여행추천] 10월여행지추천 / 10월 가볼만한 곳
전라북도 임실 가볼만한 곳 [이웅재고가] 전라도 여행지로 추천!
임실여행 섬진강을 따라가보는 단풍여행 아름다운 길 물우마을... 
가보고 싶은 여행지 클릭하기......ㅎ
"[임실] 재래시장 순대국, 도봉집"
국내 여행지 전라북도 임실 가볼만한곳 임실치즈마을... 
(임실붕어섬) 10월 가을 나들이 옥정호 출렁다리 생태공원... 
"전북 임실 * 옥정호 뷰 좋은 민물 매운탕 맛집, 상록수"
전북전주 여권재발급 | 대한민국 신여권
&lt;10월연휴가볼만한곳&gt; 임실치즈축제 사선대 두번째 방문기... 
임실 가볼만한곳 임실엔치즈하우스 옥정호 출렁다리 붕어섬
임실 옥정호 붕어섬 전망대 (국사봉 전망대) 등산로 따라 외앗날... 
2018년 12월 임실산타축제 열리는 임실치즈테마파크... 
임실치즈테마파크
임실치즈마을에서 전주 근교 드라이브
임실 가볼만한곳 : 임실치즈테마파크 옥정호출렁다리 붕어섬... 
농어촌 체험마을 l 지금 바로 출~발~♪ 농어촌 체험마을여행
"전라북도 숨은 여행지, 마음이 힐링 되는 임실여행 1일 코스"
[여행] 김용택시인 생가 천담권역에 캠핑장 오픈예정(2017년... 
반려견 동반 여행 임실 오수의견 관광지 애견놀이터
"전남 곡성 여행, 옥정호 드라이브 with 아반떼 스포츠"
[전주] 덕진공원 그리고 옥정호
"전북 임실치즈테마파크,국화와 단풍,가을여행"
[오늘의 여행 소식] 23.10.12 올 추석연휴 국내외 여행 모두... 
힐링의 장소로 진화하는 고속도로 ‘테마휴게소’
[겨울여행특집] 전라도 겨울여행지
전북여행 임실 천리길 섬진강길 도보 여행 | 김용택 생가
2021 비대면 안심관광지 25선/ 지금 느끼는 이 겨울의 정취... 
"[ 전북 ] 2018, 효도관광 … 1. 임실 김용택시인 문학관"
[전북여행] 임실 옥정호 출렁다리 건너 붕어섬의 아름다움을... 
국내가족여행지 추천!
"[전북] 2020, 섬진강 … 2. 구담마을"
해외 여행지보다도 더 추천받는 국내 여행지는 어디?
가평 용추계곡
임실여행 - 오수의견공원
임실 가볼만한곳 베스트10 명소
찾아가는 성수산 삼청동 상이암 성수산자연휴양림 전북 임실여행
붕어섬 출렁다리 경험하러 떠나보세
"[전라도 여행] 5박 6일 전라도 여행 - 여행지 추천, 가볼 만한 곳... "
&quot;국내 맞아요?&quot; 여행객들 하나 같이 놀란다는 전국 여행 스팟
임실치즈테마파크 - 치즈만들기 체험
옥정호 작약 붕어섬 출렁다리 * 전라도 여행지 추천 가볼만한곳
[정읍] 제12회 정읍 구절초 축제 2017 /산책
"전북 임실 여행, 옥정호 붕어섬은 선계의 비경"
5월 꽃여행] 작약이 한가득 피고 있는 임실 옥정호 작약 꽃밭
[국내여행] 10월 가을여행지 추천 가을축제 1박2일여행... 
전라도 기행.  [임실 옥정호/ 붕어섬과 국사정]
&lt;#트레블숲&gt; 옥정호 마실길 중 붕어섬을 보며 걷는 국사봉
2022.  06.  06  전북 임실 가볼만한곳 -임실 치즈테마파크
"임실 여행 가볼만한곳 리스트 4 (임실치즈테마파크, 옥정호... "
전북 가볼만한곳 - 기차타고 떠나는 임실당일여행코스
"전북 여행, 치즈에 의한 치즈를 위한 임실 치즈테마파크"
임실)붕어섬 옥정호 출렁다리/10월 방문 찐후기
임실 옥정호 붕어섬 생태공원 출렁다리 힐링 트레킹
"[전북] 2021, 蟾津江 … 4. 김용택시인 문학관"
"전북 여행, 치즈에 의한 치즈를 위한 임실 치즈테마파크"
임실의 명소 베스트 10입니다. 가볼 만한 곳을 추천합니다.
전라북도 여행지로 겨울여행을 떠나보았답니다.
사람 중 &quot; 좋은 것은 가까이 있다 &quot; - 안도현님 산문집
전북 지정환 임실치즈마을 테마파크 피자만들기 도전
전주 근교 임실 숙소 숨펜션 옥정호뷰 내돈내산
"임실옥정호 출렁다리, 붕어섬둘레길, 국사봉."
[여행 계획 꿀팁] 산청살아보기 시작! 스탬프투어 앱 활용하기... 
"가을여행지추천 :: 선선한 바람따라, 갈만한 가을여행지... "
"전주갈만한곳, 걷기 좋은 당일치기 여행 코스"
[전북 임실 여행으로 가볼만한 곳] 옥정호
"가을 여행지 추천, 임실치즈테마파크 : 주차ㅣ국화... "
with 스위스] 한국에서 느끼는 스위스! 봄철 추천 여행지
2023년 5월축제 행사일정 총집합!
전주 근처 여행지 임실치즈테마파크 체험안해도 괜츈!
임실군 덕치면 진메마을 농.산.어촌 체험 - 달콤한여행
"5월 여행지 가볼만한곳 임실 작약꽃밭 : 위치, 주차, 포토존"
임실 가볼만한곳 작약꽃밭 요산공원 옥정호출렁다리 붕어섬... 
전북 아이와 가볼 만한 곳 임실치즈테마파크 식사와 체험까지~
경남 사천편 - 사천읍성과 사천왜성 &amp; 각산봉수대
[오늘의 반려동물 소식] 23.08.29 반려동물 위한 천연물 소재... 
전주 근교 반려견 동반 임실 가볼만한 곳 사선대 조각공원... 
전북 순창 가볼만한곳 강천산 주변 강천사 근처 순창고추장... 
함께해야 더 즐거운 가족여행지 5곳
댕댕이를 위한 최고여행지! 오수애견캠핑장 /애견동반캠핑장... 
임실 여행 가볼만한곳 옥정호 작약꽃밭
[전라북도] 우리집 댕댕이와 함께하는 전북여행지도 1편
전라북도 임실 라떼 맛집 '남매점빵'
"가야허허 마고여신 자궁웅곰의대천제국 여류 작가 책, 만화... "
"임실 겨울여행❤ 용궐산 근처, 섬진강 흐르는 가성비 숙소... "
임실 가볼만한곳 임실치즈테마파크 옥정호 출렁다리 붕어섬... 
"임실 가볼만한 곳 &lt;임실치즈테마파크, 화덕쿡&gt;"
임실 여행 옥정호 작약꽃밭은 내년에나~
[전라북도여행지]사진찍기좋고 치즈체험도 할수 있는... 
전북 관광지 아이와 가볼 만한 곳 임실 치즈 테마파크 5월 여행
뷰가 너무 좋은 상록수 /2023년 봄 전주여행 / 임실여행️
임실군 덕치면 사곡리남근석 유적지/사적지 - 달콤한여행
"전북 걷기 좋은 곳, 전북 임실 오수의견공원!"
전북 임실 옥정호 작약꽃 핫플레이스_옥정호 수변 작약꽃은... 
우리나라 아름다운 여행지
자연이 살아숨쉬는 곳 (전북 편)
붕어섬 출렁다리 국내여행 가볼만한 곳
코로나19 이후 국내 여행트랜드의 변화
"전국일주 (5일째-지리산,마이산)"
"[전북-정읍,임실] 옥정호 기억나무펜션, 옥정호산장"
임실 가을 여행 옥정호 전망대 카페 미텐발트 (+옥색의 호수뷰)
오수 휴게소 순천완주 고속도로[전주 방향]에는 반려동물... 
[순천만자연생태공원/겨울여행코스1]겨울여행 코스1... 
국내여행)가볼만한 곳(관광지) 리스트 /전국지역별/여행형태... 
임실 여름 추천 카페
국내 겨울 여행지 추천 전라북도 임실 1박2일 첫째날
"전라북도 여행지, 전주 인근 가볼만한 곳[옥정호,국사봉... "
임실 여행 :) 임실 가볼만한 곳 추천 화려한 꽃들이 가득한 임실... 
임실 가볼만한곳 BEST 10 /  임실 여행(최신)
[전라도] 설경이 아름다운 임실치즈테마파크 12.23~12.25... 
전라북도 관광지 추천 • 임실 애견동반 가볼만한 곳... 
입장료 무료 가족 여행 좋은곳 임실치즈 테마파크 마을
임실 가볼만한곳 BEST 5 /  임실 여행(최신)
관촌면 포레드노드
#전북의 속살 18  매화 꽃 흐르는 섬진강변 구담마을(feat.... 
사진찍기좋은곳 옥정호 임실가볼만한곳 마실길 태극물돌이
[필봉문화촌/임실가볼만한곳] 임실가족체험여행지 추천
(문체부) 선정 『가족과 함께 놀러갈만한 여행지』
제8회 오우회 삼척여행기/2018.06.09.~10.
원PD 걸어서 임실여행 - 임실 가볼만한 곳 #요산공원... 
[임실/성수면] 아이들과 방문하기 좋아요 ! 최장 미끄럼틀이... 
전북 꽃구경 매화 보러 임실 구담마을 다녀왔어용~!
"[전라북도여행] 임실 가볼만한 곳, 임실 여행코스  옥정호... "
"[임실 드라이브] 옥정호 작약 꽃밭, 요산공원 양귀비"
1500만 반려인 주목! 개와 함께 떠나기 좋은 여행지 6선
임실 치즈테마파크 여행❤ 치즈축제 전에!
임실N펫스타(의견문화제) 및 최갑석가요제
2021년 제9회 아름다운 우리국토사진공모전 수상작 결과는?
국내 가족 나들이 갈만한곳 인상 깊었던 BEST 5!
"[전라북도여행] 임실 사선대 노지캠핑 캠핑카여행, 차박여행... "
1500만 반려인 주목! 개와 함께 떠나기 좋은 여행지 6선
2011년 9월 전라도지역축제 전남전북축제 가을축제여행지
임실 가볼만한곳 BEST 7 /  임실 여행(최신)
"[임실 전통문화 체험 프로그램] 3월 21-22일, 강모와 효원의... "
경치 좋은 전주 근교 임실 카페 브리즈
영국을 철수시킨 5대국가 전북연맹 퇴영 세계최고가건물
임실 스테이배내 (staybaenae)
고려 태조 왕건과 조선 태조 이성계의 전설을  간직한... 
[이우영 기자] 전라북도 귀농귀촌상담과 농촌체험을 한자리에... 
김훈의 자전거 여행1(feat. 인문학 북클럽)
"[전북] 2021, 蟾津江 … 1. 채계산 출렁다리"
"전북 여행, 임실 옥정호 요산공원 양귀비 꽃이 활짝, 붕어섬... "
옥정호 붕어섬
"운정호 산장, 무청에 취한 새우 토속음식을 맛보다."
임실맛집 오봉가든_가을 단풍구경하고 한방백숙 몸보신♩
[임실/옥정호] 애뜨락
"[전라북도여행] 임실/전주 가볼만한 곳, 임실 옥정호 카페... "
[전북전주] 당일치기 전주 근교 카페 추천
임실 가볼만한곳 치즈테마파크 산타축제 국사봉전망대 옥정호... 
[2004. 3/12 ~ 3/14 섬진강 여행] 섬진강을 따라가며 보라.
[오며가며] 장거리 여행의 특별한 비결 _ 고속도로 휴게소 힐링
옥정호 한옥카페 애뜨락 애견실내동반가능
나만 알고싶은 국내여행지 가볼만한곳 Best10 핫플레이스는... 
임실 상이암-권희문 고택-호룡보루-장상윤 고택-말치 고개... 
전국 무료 노지 차박 캠핑 장소 주소 공개
&lt;임실여행&gt; 옥정호가 한눈에 보이는 호수뷰 감성카페... 
"동화속 버블호텔, 임실여행 저스트글램핑 평일후기(바베큐... "
&lt;임실여행&gt; 치즈테마파크에서 먹는 존맛 치즈한상~! &lt;프로마쥬... 
[전북 임실 나들이] 임실치즈마을 체험장 :: 임실치즈피자... 
&lt;임실여행&gt;옥정호가 한눈에! 갓성비 있는 복층 호수뷰 감성숙소... 
[전북 임실] 임실치즈마을
전국 여행지 목록
여수여행 - 1박2일 여행코스 [게장맛집-황소식당 / 오동도... 
&lt;임실여행&gt; 아이들과 가볼만한곳 스트링치즈&amp;피자체험!... 
옥정호 붕어섬에 나타나는 초록물고기~
전북 #전주시 기행
전북여행이 한자리에 2021 전북트래블마트 @순창국민체육센터
전북 가볼만한 곳) 임실 치즈 테마파크 (+나이키 덩크 free.99... 
전문가가 추천한 가볼만한 여행지
[내일로 서포터즈] 임실 1편
물이 없어 바닥을 드러낸 옥정호-밤도깨비 두번째 여행지
전국유명 여행지 100선
"[임실 여행] 피자 만들기 임실치즈마을, 치즈 공장으로 견학"
아이랑 가기 좋은 &quot;임실 치즈테마파크&quot; 다녀왔어요
"[임실카페] 아이들과 오면 좋은 사선대, 그 안에 있는 있는... "
원코스 시티투어016 전북 임실 대한민국을 여행하는... 
(상무안경) 풍요로운 10월 여행지 추천 BEST5 !!
전북 임실 여행 : 그랑게 / 옥정호뷰가 멋있는 전주 근교카페... 
[겨울여행] 임실 옥정호(玉井湖) 출렁다리 옥정호 물안갯길
Life is Journey
'쭉쭉' 늘어나는 치즈 만들고 보리밭 밟으며 추억 속으로
가을 단풍명소 구경하며 여행하기(전북)
[여행 Tip6] 자연휴양림을 아시나요?
하동 여행 코스 섬진강변 하동 송림공원 하동 숙소 숙박까지
전라도 갈만한곳 : 광주 전남 전북 행사일정 여행지
제6회 五友會! 강릉여행기/2016.06.11.~ 12.
임실 가볼만한곳 베스트10 최고
여행계획이 막막하다면 :: 스탬프투어
관광공사 '9월의 가볼만한 곳'선정
"마음사랑병원,전북,정신치료,여행지추천,휴가지추천... "
서럽도록 아름다운 강변의 마을  - 전북 임실 천담/구담마을
임실 가볼만한곳 임실여행코스 임실치즈테마파크 전라북도... 
한국관광100선 전라권
임실과 담양 〠〠
[임실여행] 임실치즈테마파크(임실 가볼만한곳)
임실 가볼만한곳 옥정호 카페 애뜨락
전국 46군데 눈썰매장 정보
[임실여행] 1박2일 가족여행 리뷰 1일차(2) (옥정호 호수뷰... 
"전라북도 관광유적지, 여행지 목록"
"전북 임실 1박 2일 여행 추천, 향교서원 문화재 활용사업! 어이... "
2021.11.7  스위스 전통의상을 입고 임실치즈테마파크를... 
전북 가볼만한곳 산타축제가 열리는 임실 치즈테마파크와... 
전북 10월축제 : 전라도 2013 가을 인기 행사 여행지 추천
[임실여행] 1박2일 가족여행 리뷰 2일차 (인생샷 가능한 카페... 
[임실여행] 1박2일 가족여행 리뷰 1일차(1) (옥정호산장 빠가탕... 
"전라북도 임실 가볼만한곳, 맛집, 숙소, 여행코스 추천"
임실가볼만 한곳/임실1박2일 가족체험 여행지: 필봉... 
박사골 마을의 비결은 엿!  임실 학정마을
"전주 드라이브코스 , 임실 가볼만한곳 문화공간 하루"
대한민국 숙박세일 페스타 2023 숙박대전 여기어때 야놀자... 
[창작공작소 8월호] 여름 휴가로 여행가서 스탬프투어하고... 
[임실여행] 주말에 1박으로 다녀오기에 좋은 임실여행 추천코스!
"🐶:나두 데꾸가!!!!! 전국 애견동반 캠핑, 글램핑장 소개🏕"
전주근교 글램핑 추천! 천국에 온 것 같은 저스트글램핑 찐후기
옥정호의 조어대
전라도 전북 10월 축제 행사 인기 여행지 추천 (2012년... 
전북 여행 추천 임실치즈테마파크 입장료 무료
전라도 가볼만한곳 : 인기 광주 전남 전북 축제 행사 여행지 추천
축제 여행 지도: 전국 축제... 알려드립니다! 국내 여행지 추천
"임실 가볼만한곳,국사봉에서 바라본 옥정호 붕어섬"
"국내여행지추천)당일치기 전주여행(전주한옥마을,완주카페... "
"산수유마을과 매화마을부터 쌍계사, 재첩국까지… 봄 향기 물씬... "
"임실 위치별 베스트 관광지 여행요리사, Hidden-source"
임실 나이브캣  -  임실 분위기 좋은 카페 추천 / 고양이 있는 카페
임실 가볼만한곳 전북 임실치즈테마파크 축제 부터... 
"임실여행,옥정호가는길 양요정"
호반과 낙엽
"전국 유명 드라이브코스, 백운산 절경 말티재길…미쉐린도... "
우리나라 여행지
"힐링하기 좋은 임실 가볼만한곳 ★ 임실치즈테마파크, 옥정호... "
제4회 혼불의 메아리 수상자 발표
"[전라북도여행] 임실치즈테마파크, 동화속 치즈마을에서 임실... "
국내 추천 여행지 소개
한국관광공사 여행 콘텐츠 정기 구독 서비스 '가볼래-터... 
여행지 소개 - 전주
임실 하늘 구름길 캠핑장 이용후기 장점과 단점 (feat.... 
전북 / 진안 / [테마가 있는 가족여행] 마이산
국내의 숨은 여행지 콕콕! 파헤치기
"옥정호출렁다리, 붕어섬출렁다리, 4K드론영상... "
전북 임실 정읍 가볼만한곳 흙집연 주변관광지
전라도 2월축제 : 광주 전남 전북 지역 인기 겨울 행사 여행지... 
7월 반려견과 함께하는 여행
한국관광공사 추천 가볼만한 호반 여행지    2007/09/27 08:45
"임실 당일치기여행, 치즈테마파크 옥정호출렁다리 붕어섬... "
반려견과 함께하는 동심으로의 산책 (임실 치즈테마파크)
임실 치즈테마파크 어린이날 행사 피자만들기 체험 김영철의... 
고두심이좋아서 임실 다슬기 수제비 식당 다슬기 맑은국... 
임실 여행 국사봉전망대 붕어섬 그리고 옥정호 풍경
"옥정호출렁다리, 붕어섬출렁다리, 4K드론영상, 전라도여행."
임실가볼만한곳 임실가족체험여행지 웰컴투중벵이골공연... 
"임실 가볼만한곳 국사봉 전망대, 임실치즈마을 치즈 만들기... "
&lt;전북마당&gt; 주말 나들이 진안
[임실치즈테마파크] 3주년 기념 데이트 동화같은 힐링명소
전북여행 / 치즈테마파크에서 임실치즈로 맛있는 피자 만들기
브롬톤과 섬진강 자전거길 여행 가을에 가볼만한 순창 요강바위
임실역과 옥정호의 비경
수학여행에 교육을 가미한 교육열차 임실군 투어 (현대해양... 
임실 옥정호 앞 호수뷰맛집 ‘미텐발트’ 솔직후기
[전주] 임실치즈테마파크 전주여행 | 전주 가볼만한 곳
이번 주말에 가봐야할 갬성 가득한 카라반 글램핑장
죽음 직전에 이런 후회를 한다네요
옥정호 국사봉 운해와 해돋이.
(전북투어패스)로 알뜰하게 여행하세요.
"[임실 가볼만한곳] 섬진강과 치즈의 고장, 임실로 여행 떠나요!"
한국 관광공사 추천 가볼만한 호반 여행지
임실 치즈테마파크 치즈마을 이국적인 전라북도 여행 가볼만한곳
임실 국사봉일출ㆍ옥정호
나만 아는 숨겨진 국내 숨은 여행지
"풍경 사진 찍기 좋은 임실여행 포토존, 옥정호 붕어섬"
휴가 트렌드 변화 및 휴가 계획짜기
전라도 임실에서 하동까지 섬진강 길 따라 5박 6일 도보여행
휴가철을 맞아! (소문 덜난 여행지..펌!!!)
전북맛집 섬진강만 말고 같아라  섬진강 1일차 더도덜도 종주
[임실 가볼만한곳] 작약꽃이 만개한 옥정호 작약꽃밭
임실 가볼만한곳 옥정호 붕어섬 뷰가 있는 국사봉전망대
[SC 매거진] 한국관광공사 추천 가볼만한 호반 여행지
전북 어디가? 2탄 임실 치즈 여행
전북여행 체험학습이 즐거운 꿈에올 체험장
"이색 마을, 풍물 마을 모음"
전북 &gt; 1202_익산시
[비대면 안심관광지.8탄] 섬진강 &amp; 임실 구담마을
전북 &gt; 1214_장수군
전남 영암 농업기술센터 왕인농업대학 로컬푸드 6차산업... 
16th 출정-임실.순천 여행
장수군여행 용바우체험휴양마을 포레스트/가야홍보관
체험학습장추천 :: 헤파이스토스
[겨울 축제] 치즈나라 임실치즈테마파크에서 즐기는... 
전북 &gt; 1203_군산시
"[임실 치즈테마파크] 전주 광주 드라이브, 해외같은 풍경에서... "
반려견 동반 여행 :: 여행길잡이
국내 숨은 여행지 7곳
전북에 스민 이성계의 숨결따라 걸어본 전주 진안 임실 남원... 
사선대‧오수의견 관광지… ‘열린관광지‘ 로 바뀐다
"[국내투어]국내에 있는 강아지동반 캠핑장-1(가평,태안,충북... "
[양평] 추어탕 맛집 양수리추어탕 &amp; 전망좋은 양수리빵공장
"2월, 아이와 떠나는 ‘농촌체험마을’ 5선"
"코로나 2.5단계, 코로나가 바꾼 관광산업 패턴 확인해볼까요?"
"햇살 머금은 차밭, 춤추는 나무 소리… 고즈넉함에 취하다"
"[ 임실여행 ] 치즈의 모든 것을 즐기고 맛본다, 임실치즈테마파크"
중고차홈페이지제작  블로그광고 똑똑하다!
임실 카페 옥정호 뷰가 있는 미텐발트
임실 옥정호 출렁다리
국내 숨은 여행지
임실치즈테마파크 아이랑 나들이 하기 좋은 치즈세상
"[전북의 재발견-jbgokr] 복성루vs대흥각,전북맛집 6곳,전주... "
&lt;2021년 4월 전북 방송 3사 시군 의제 보도 실태 보고서... 
전북 임실 치즈마을에 다녀왔어요
제 100회 어린이날 행사 5월 축제 가정의달 전라도 여행지... 
"언니야들과 함께한 전주, 소양 여행"
전북 임실 아이와 함께하기 좋은 주말여행 임실치즈테마파크
[남원여행]KTX타고 떠나는 1박2일 남원여행코스 (전라북도... 
전라북도119안전체험관 임실119안전체험관 어린이체험관
국내골프여행 신선이 머물다가는 곳! 전주 샹그릴라CC 1박2일
[임실여행] 신전마을 가볼만한곳 -초여름의 신전공소(성당)
국내의 숨은 여행지 콕콕! 파헤치기
[전북 임실] 학정마을 (슬로푸드 여행)
20190125.농식품부.보도. 겨울방학에 아이와 함께 가기 좋은... 
"국내 당일치기 여행으로 좋은 전주한옥마을 전주향교, 전주동헌"
'반려동물 동반 여행 천국' 선언한 전북
국내 숨은 여행지 콕콕 7
[한국관광공사/반려견] 7월 함께 가볼 만한 곳
핵심만 짚어주는 자전거여행 준비요령 12. &quot;여행 중 필요한... 
[전북임실] 국사봉 전망대 &quot;옥정호&quot; 차박' 여행
"전주맛집,옥정호맛집  겨울철 보양식 꿩요리 맛보러가세요!"
임실여행]섬진강 호수 옥정호 붕어섬을 만나다.임실가볼만한곳./
경치좋은곳 여기에요
"임실여행, 옥정호카페 애뜨락 아름다운 풍경"
계절마다 아름다운 꽃이 피는 칠곡군 자매도시공원
봄꽃 여행지 추천 - 농촌체험휴양마을에 답이 있네
전라도 2월축제 : 광주 전남 전북 지역 2월 인기 행사 여행지... 
제7회 행복농촌만들기 콘테스트 수상 결과
한국의 아름다운 길 100선. 무주 구천동 국도 37호선 드라이브... 
7월 반려견과 함께하는 여행
[정읍여행] 정읍 구절초축제 2019
임실치즈마을 여행 다해관광
체류형 피서[펀글]
진안 마이산 탑사 -전라북도 진안 가볼만한곳
올 겨울엔 망설이지 말고 떠나자! 겨울여행지 Best
전북 여행 - 여름휴가지 가볼 만한 곳 여기!
옥정호  가을여행*옥정호 드라이브코스
대구출발 버스여행 관광지 임실산타축제 전주한옥마을... 
"[트래블투데이] 살랑살랑 봄바람, 싱그러운 봄기운"
국내여행 165건
여름에 걷기좋은길 :: 떠나볼까요?
"가장 먼저 봄이 시작되는 곳, 섬진강에서 봄꽃 ‘브롬핑’을"
(임실치즈테마파크)치즈의 고장 전북 임실로 떠나는 유럽여행... 
전북의 맛 집을 찾아 떠나는 추억여행
[가맹점소식] 문화누리카드 11월 신규 가맹점 소식(2022.... 
정읍 처음 여행 가이드
임실 국사봉을 가다
영-호남 하나되는 ‘제20회 관광교류전’ 성황리 마무리
임실 가볼만한곳 산타축제가 열리는 치즈테마파크
[1박2일 여행지 추천]1박2일 여행지-200여 곳 모음
이번 주말에 가봐야할 갬성 가득한 카라반 글램핑장
"[순천,여수 식도락 여행] 벽오동 | 브루웍스 | 여수당 | 수산시장... "
천담권역 강변사리마을 캠핑장은 가족 캠핑장으로 매우... 
테마여행] 전라도 여행 구담마을
7월에는 반려견과 함께 여행가시개
전북볼거리 전라북도 임실볼거리 추천
[12월 겨울방학박물관추천] 임실 치즈테마파크
7월 여행. 가볼만한 곳. 한국관광공사. 계곡추천. 연꽃단지... 
금강 따라 잇는 소백산 단풍길
"마이산 탑사 돌탑, 한국의 신비한 명소 탐방!"
&lt;#트레블숲&gt; 임실의 힐링 산행지 국사봉과 붕어섬 설경
임실치즈테마파크 당일치기로 치즈 만들고 왔어요~ 가격... 
자연의 꿈 임실 여행 섬진강을 품은 김용택 시인의 진메 마을
9월에 가 볼 만한곳..
웹사이트외주  확실하게 사로잡는법!
[임실치즈테마파크/임실가볼만한곳] 365일 동화속 치즈세상
곡성 섬진강기차마을
(순창 회문산)  신비로운 영산   회문산   하얀  운해속... 
충북 단양군 영춘면 남천리의 가을과겨울
"[전라북도 가볼만한곳: 1박 2일] 김제 &amp; 임실 가을축제, 전북... "
[전북 임실] 즐거움이 늘어나는 체험여행
상이암(위치:전라북도 임실군 성수면 성수리 산 1-1 )     &lt;폄&gt;
힐링여행의 메카! 전북 완주로 오세요!
"당신이 궁금한 코로나 시대의 여행 트렌드, 'S.A.F.E.T.Y'"
[전북/임실] 전라북도 가족여행으로 가볼만 한 곳... 
[72번째 여행 2편][높은산에 오르다][1일차] 월루길 - 그 산속에... 
전국 캠핑장 리스트 (기타 시도)
임실- 치즈 마을 체험 &amp; 옥정호 &amp; 정읍 산외 한우
[봄맞이 액티비티 3선] 짜릿한 S라인 타고 내려오는 스릴만점... 
"하동 평사리 공원,,,(2012. 04. 14)"
"문학이 자라난 마을, 임실 진메마을 섬진강시인 김용택 생가"
봄 가족여행지 추천 - 섬진강 천담구담마을
관광공사 추천 연말연시 강추 여행지 4선
큰황골가든 완주 여행 전주 근교 완주 계곡 애들데리고... 
[옥정호] 호수에 어린 아름다운 反映
인기여름휴가여행지추천 : 전라북도/전북지역 여름휴가갈만한곳
2014 내나라 여행박람회 (02.27~03.02)
2006 여행 Hot Issues - Domestic ①
"BTS가 띄운 완주, 아원 고택 말고도 볼거리 무궁무진!"
10월 가볼만한 곳. 한국관광공사. 통영 거제도 제주도여행... 
임실군 임실읍 전라북도 119안전체험관 이색체험 - 달콤한여행
임실여행]소망의 기운이 가득한 성수산 자락 상이암./임실 가... 
통영대전고속도로 덕유산 휴게소 먹거리 메뉴(시골국밥... 
환경부 영산강유역환경청과 함께하는 섬진강을 따라 떠나는 여행
전라
10월축제 : 2013년 수도권 전국 10월 가을 행사 여행지
성미산성 - 고대사 연구에 중요한 현장 성미산성
지평선축제장 벽골제의 드넓은 김제평야
일하면서 배운다! 여행 추억 두 배로 쌓는 전북 체험여행
크리스마스축제  일정  BEST 10
읍면 민속놀이 경연대회 - 우리것의 멋과 조상의 슬기를 젊은... 
정읍구절초축제 정읍여행 가을구절초하늘정원 들꽃정원... 
의견문화제 - 희생과 충성이 담긴 의견의 넋을 위로하고 의로운... 
정월대보름망월제 - 풍년을 기원하고 군민의 평안과 안녕을 빌며..
섬진강 여행 추천 | 섬진강과 함께하는 체험마을 여행... 
"안성 - 남사당놀이, 전통무용 감상에 벽화마을도 탐방"
원동산 (오수)
운서정 - 관촌면 오원천변의 사선대 위 울창한 수목들에... 
전북 전주시 가볼만한 곳
[오늘의 맛집 소식] 23.10.19 [옥천소식] 옥천읍 맛집·멋집... 
펫푸드 생태계를 선도하는 익산
[사람] 그래도 괜찮아 -  전주시집의 작가 이새보미야
"9월 17~22일 연예인방송, 공연, 대학축제스케쥴"
[임실 여행] foret de nord 포레드노드 사선대 카페 추천
순창 임실여행코스 장군목유원지 요강바위
침령산성 봉화봉 봉화를 인플루언서언택트 여행지로 소개합니다.
"가을여행, 전라북도 생태관광의 매력에 흠뻑 빠져보자"
"[국내여행] #173 하동 섬진강 가는길 (하동여행, 섬진강매화... "
영호남이 하나되는‘제20회 영ㆍ호남 관광교류전’개최
[수상스포츠] 01.전국 계곡 주소록_228건 (전국 계곡 정보/여름... 
해월암 - 해경대사와 월산대사의 이름을 따서 해월암
[곤지암리조트] 환상의 드라이브 코스 - 전라북도 편
"임실치즈테마파크, 임실치즈의 모든 것을 한곳에서 즐기자~"
'제20회 영ㆍ호남 관광교류전’ 개최
"국토부, 경치 좋은 ‘경관도로’ 52곳 선정"
[전라선] 임실역 나들이(부제: 전라선 임실역)
"임실여행, 임실추천여행지, 온가족 안전 체험여행지 추천... "
국내여행정보 여름휴가
의견비 - 김개인 개의 충성을 후세에 기리기 위하여..
[남원여행] 임실치즈테마파크(입장료 무료 / 반려견동반가능... 
10월 여행지 베스트4 |
삼청동맛집 간단하게 해결하는법
생태관광은 교감입니다
곡성 가정마을 도너츠가 구워지는 행복 체험 농가민박
전국자전거길비경 16_섬진강종주자전거길 1/2
"섬진강 종주 1일차, 더도덜도 말고 섬진강만 같아라"
10월축제 : 2013년 수도권 전국 10월 가을행사 여행지
죽림암 - 죽림암은 수행과 더불어 포교의 목적까지 지닌 도량
"임실여행:암자가는 길, 상이암, 임실가볼만한곳"
진안 마이산 벚꽃 산행 (2018.04.13 금)
(전북여행/정읍여행)송참봉 조선동네. 100년전 조선시대 마을을... 
"뉴스앤- 봄나들이 추천, 가족의달 5월에 가볼만 한 곳"
[이야기가 있는 길]가볼만한 농·어촌 체험여행지
전국 무전 여행
[東亞日報] [퇴근길 사회] 年 500만 명이 즐기는 국내 ‘패키지... 
10월 여행. 가볼만한 곳. 꽃무릇. 핑크뮬리. 가을단풍명소.... 
[진안여행] 전북 진안 마이산 - 서로 등지고 있는 기이한 모습의... 
바람따라~~ 국내여행지 한국관광 100선
10월 여행지 베스트 4
색다른 일상의 즐거움 '대한민국 테마 여행'
강물에 띄워보내는 한다발의 여름추억-경북 영주 무섬마을-강원... 
한번 가면 또 가는 단체여행 아세요?
[2014 내나라 여행박람회] 국내여행이 한자리에..박람회 입장료... 
[임실] '작약꽃을 품고 있는 옥정호'
반려동물 정책 관련 소소~한 최신 뉴스
아름다운 길 100 選
한국관광공사가 추천한 이 계절 최고의 여행지?
전라/제주
무시하지 말고 애완동물을 여행에 데려가세요
관광공사 추천! 9월에 가볼 만한 여행지
전북 장수군 관광지도
"[한국관광공사 추천 7월 가볼 곳⑤] 자유롭게 신나게, 맘껏... "
전북 임실 가볼만한곳 임실치즈테마파크-치즈아이스크림 맛보다
전라도여행 무주 반디랜드 곤충박물관
충남맛집기행 여행 대천맛집 여행정보 모음
단풍여행 정보 ③ 진안여행 - 마이산탑사/죽도/모래재/늘푸른쉼터
사곡리남근석 - 사곡리남근석
[여행정보]관광공사 추천 9월의 가볼만한 곳(2004)
"임실 운암 옥정호(물안개길, 요산공원, 붕어섬)- 겨울 햇살이... "
하동 가볼만곳 평사리 공원
보금장 :: 보금장
(30차) 진안 마령큰시내들 캠핑장 (글랭핑)과 주변 여행... 
[임실치즈테마파크] 임실치즈체험 아이와함께 임실치즈만들기
옥정호 출렁다리 붕어섬 가을여행으로 딱이야!
[이야기가 있는 길]가볼만한 농·어촌 체험여행지
정읍 가볼만한곳 BEST 7 /  정읍 여행(최신)
주차비 입장료가 무료!! 5월의 꽃구경
(오토캠핑) 순창 회문산자연휴양림. 배낭메고 ~ 버스타고... 
10년 겨울에 가 볼만한곳
전북 / 진안 / [테마가 있는 가족여행] 마이산
[전라북도 김제시/김제녹취] 세상 살면서 생기는 여러분들의... 
임실N치즈축제에 걸맞는 루꼴라피자 풍미 폭팔입니다
임실》 임실치즈테마파크
"무한리필 펜션, 숙박비 1人 4만5000원에 바비큐 무제한... "
전라북도 여행 기본 상식!
전주근교가볼만한곳추천_임실구담마을
"[섬진강 자전거길] 1탄, 섬진강 자전거길 라이딩 계획 : 코스... "
'푸른 곡성21 박정수 대표'의 섬진강 생태문화 기행-영호남... 
옥정호 출렁다리 임실 붕어섬 - 최초로 U자형 출렁다리를 경험... 
5월  4주차 이벤트 정보 소개ㅣ수도권 이벤트ㅣ경상도... 
임실여행 차박: 임실 옥정호 (국사봉전망대)
출사 추천 장소
남원 숨은 비경 서도역부터 오수의 견 설화가 살아있는 임실... 
세계무형문화유산 남사당놀이
"초겨울 낭만 여행, 어디로 갈까?|"
산수유 향기가 가득한 전남 상위 마을!
전북여행/진안여행] 마이산도립공원! 벚꽃과 함께 길을 걷다.... 
앉아서 전국여행을 즐겨보세요
"초겨울 낭만 여행, 어디로 갈까"
전남 가볼만한곳 베스트10 좋아요
관광공사 추천 연말연시 강추 여행지 4선
더 로컬(THE LOCAL)_책 리뷰_대한민국의 소도시들의 맛과 멋... 
[ 임실 여행 ] 성수면편 - 임실치즈테마파크
임실엉겅퀴 제품들! 오수휴게소에서 만나보세요!!
[한국관광공사] 관광공사 추천 성탄절과 연말연시 가볼만한 곳
익산시 춘포면 만경강 강 - 달콤한여행
임실..... 집으로 오는 길에 우연히 방문한 치즈테마파크와의... 
한국관광공사 여행지추천 '9월의 가볼만한 곳'
"[이동식목조주택]여수 싱글2 제작과정 및 설치,시공"
체험을 통해 아이들의 발달 효과는 덤으로! 가을 농촌 체험학습!
캠핑장 오토 캠핑장 추천 야영장 1244곳 전국모음
"원코스 전라도03 임실 치즈테마파크, 구담마을, 김용택생가... "
10년 만에 찾아간 마이산과 탑사 그리고 은수사
대전비디오테이프변환  /정직한  합법적으로  비디오테이프변환
고속도로 옆 국도 여행기
6월 여행가는 달 교통·숙박·레저 할인 혜택
봄을 주제로 떠나는 여행지
충남 보령시 서해안 해수욕장을 따라 여행하다 가족코스... 
여행
[전라북도 겨울축제 베스트5] 완주윈터푸드페스티벌... 
"[임실,오수] 임실치즈마을/오수의 견비 원동산"
가을여행지 추천
전주삼식이 일본 오사카 배낭여행 준비물(1일차)
오늘의 영상뉴스
찜통더위를 피해 천연 에어컨 속으로 [진안 풍혈냉천]
4번부터 1118번까지! 구불구불 국도 타고 신나게 달려볼까?
임실N치즈축제 (임실치즈 테마파크 탐방)과 만원의 행복... 
25인승카운티 전라북도 여행 정보 들여다보기!
가을축제여행 가볼만한곳  김제 임실 김제 지평선축제
"제주,'자연 보전.지역 발전' 생태관광 메카 발돋움"
"[전북]추석연휴 가족여행 #3/3_순창 강천산,고추장마을/장수... "
여름 휴가때 가볼만한 농촌체험 마을
흥미로운 정보 버스여행
바캉스 국내여행. 피서열차. 국유자연림. 해와여행지10선.
[속초숙박] 알려드립니다 버스여행
구례 섬진강 벚꽃축제 하동 화개장터 벚꽃데이트 벚꽃라이딩... 
전라북도 여행 에 대해 이제 확실히 알자!
[정읍여행/옥정호] 배를타고 옥정호를 둘러보다
10월 황금연휴 국내에서 알차게 보내기 &lt;지방 편&gt;
"임실여행,임실치즈테마파크,고흥한마음산악회"
"사진작가들이 뽑은 우리나라 최고 일출명소, 옥정호 붕어섬뷰... "
일백마블 지역감각 : (230207)
"전라북도 장수군 장수방화동캠핑장 야영장,오토캠핑장... "
2015 내나라 여행박람회 -두번째
미슐랭 만점! 꼭 가 볼 관광100선 '진안 마이산탑사'를 가다
"완주 오봉산, 임실 국사봉 옥정호를 굽어보는 등산코스로의... "
몰래 알려주는 전라북도 여행
김두규 교수의 &quot;우리 문화 우리 풍수&quot;
알아두면 유용한 버스여행 필수 정보
알고 보면 쉬운 전라북도 여행
아름다운 길 최우수상 수상! 메테쉐쿼이아 길
시군방문 첫번째 이야기.. 춘향골 남원에선 무슨 일이??
[전라도 가볼만한곳]전라도 가볼만한 1100여곳 모음-코스별... 
"전라북도 여행, 여행 정보 수록"
조선시대 마을을 그대로 보존하고 있는 순천!
[여행정보] 새해맞이 테마여행① / 가족과 함께하는 여행
알아보자 전라북도 여행
"전라북도 여행, 더욱 재밌게 즐기기 위한 꿀팁."
봄 여행지
매화꽃 필 무렵엔 전남 보해 매실농원으로!
봄 여행지
임실 치즈마을
[한국관광]100선(2017년 선정) 한국인이면 죽기전에 가봐야... 
여름철 한적한 야외 휴가지 35곳
여행일정 및 루트
대한민국 17개 광역시도 및 229개 시군구 홈페이지 일람
"2022.10.27의 일상 #무계획 여행 3일차 군산, 옥정호 그리고... "
아이맘 매거진 (신나는놀이와 공연)
전국의 소문난 농촌 체험 여행지15 낙서판
진안가볼만한곳 진안여행 탑영제 마이산탑사
"전라북도 여행, 상식 모음집"
인터넷 신문 사이트모음
섬진강 기행
임실 1박 2일 여행정보
"임실 옥정호 -붕어섬 국사봉전망대에서 국사봉까지, 옥정호가는길"
제5회 늘푸른연극제 &lt;나루터&gt; 2020.12.4~6 홍익대학교아트센터
“우리 여행 갈까요?”
판소리-춘향가 - 판소리중 춘향가 보유자
[당일 여행]당일 여행코스-200여 곳 모음
바다맛집
한국관광공사 추천
"임실치즈테마파크, 대표 관광지로 키운다"
내일로 4박5일 배낭여행 (서울에서 전주)
가을에 가볼만한 곳들?? ^^
임실치즈마을
[버스/당일]◆ 2016 임실N치즈축제와 옥정호 전망대... 
추석연휴 국내여행 추천! 꿀정보
정읍 산내면-정읍9경 옥정호주변여행
시원한 동굴여행 :: 여행길잡이
&quot;그림 같은 펜션에서 시원한 여름휴가를&quot;
[외국인관광/외국인투어/국내여행] 비오는 날 안개에 젖은 옥정호
"임실여행, 임실투어패스와 함께하세요"
정읍시
군산 청암산 에코라운드서 전라북도 생태관광 축제 개최
[1박2일] 문화지대 완주의 새로운 발견
[무주산골영화제] 제4회 무주산골영화제 전체 상영작 리스트
