"전남 광양시,  '2023 주목해야 할 국내 인기 여행지 탑 10'에... "
여행자의 길잡이 광양시관광안내소 #광양관광 #전남여행... 
여행이좋다 :: 광양 가볼만한곳 전남 광양시 여행지 추천
2022년 8월 20일 전남 광양시 진월면 섬진강휴게소 순천방향
"첫눈을 기록할 완벽한 겨울 여행지 &amp; 광양시, 가을 끝 여행지로"
"광양시, ‘2023 주목해야 할 인기 여행지 탑 10’ 포함"
전남 여행지 추천 광양 가볼만한곳 백운산 어치계곡 물놀이 계곡
전남 - 광양시 - 매화마을 - 봄여행 - 대한민국감성사진여행지
"국내 전남, 광주 근교 여름 휴가 계곡 물놀이 여행지 추천"
"전남 광양 가볼 만한 곳... 광양매화축제, 국내 봄 여행지 추천"
국내 봄 여행지 추천 전남 광양 매화마을 매화축제 개화 만개 시기
전남 가볼만한곳 광양시 1박2일 구경구미 돌아봐요.
"전남 광양시, 전라남도 장기체류 여행 프로젝트 '남도에서 한 달... "
전남 안심여행지 50선 광양시 망덕포구 윤동주 시 정원 윤동주... 
[호텔정보] 전남 광양시 락희호텔광양 숙박기
전남 여행지 광양 느랭이골
"[전남 광양시, 청매실 농원]이번 주말엔 섬진강가에 흐드러진... "
전남 광양 여행 장미공원 5월... 힐링 데이트 코스 여행지 추천
전남 광양 가볼만한곳 광양매화마을 국내 봄여행지 추천
광양 가을여행지 산책하기 좋은 망덕산 #광양가볼만한곳 #전남... 
구례 1박 2일 여행코스 추천 7곳(+전남 여행지)
"[국내여행] #192 쪽빛염색체험 (천연염색, 전남광양시... "
전남 1박 2일 여행지 코스 (ft.전남여행지 전남 가볼만한곳)
전남여행지 광양가볼만한곳 배알도 구봉산전망대 외
"전남 광양시,  자연과 사람 모두를 위하는 ‘에코투어’ 제안"
여수 1박 2일 여행코스 추천 10곳(+전남 여행지)
[전남교육 트래블] 광양 역사를 한눈에! 아이와 여행지... 
12월 국내여행지 어디가 좋을까? 전남 해넘이·해맞이 명소... 
[전남 광양 여행] 겨울에 따뜻한 실내 여행지 광양 와인동굴에서... 
전남 신안1004섬 분재정원... 꽃 축제 7월 가고싶은 여행지
전남 여행지 추천 광양 백운산자연휴양림 캠핑장 카라반 전남... 
여수 10개 여행지 1박 2일! (ft. 전남 여행지)
"국내 여름 여행지 전남 계곡 추천 TOP 4 / 캠핑장, 글램핑 추천"
"서천무지개분수 (전남광양여행, 여수엑스포여행지... "
배알도 해변공원 남파랑길 섬진강 자전거길 끝들마을 전남여행지
전남 광양 가볼만한곳 베스트10 여행지 추천
전남 광양 가볼만한곳 10월 11월 국내여행지 추천 배알도 외 4곳
[전남]중마노인복지관/광양시
전남 실내여행지 추천 6곳! 문화와 예술이 함께하는 전남 실내... 
산행 #전라도여행 #전라도여행지추천 #전남가볼만한곳... 
"배알도 수변공원, 광양제철소 인근 관광지,전남 여행지 추천"
광양 가볼만한곳 백대명산 전남 광양 백운산 등산코스(최단)... 
전남 추석명절 무료 할인 여행지 &amp; 문화 행사
전남 가볼만한곳 베스트10 여행지 추천
"이색 피서 여름휴가 실내 여행지, 한여름에도 시원한 전남의... "
전남사랑애서포터즈  전남사랑도민증 발급으로 전남 여행지... 
전남도립미술관ㅣ순천만국제... ㅣ광양실내여행코스추천
3월 국내여행지 추천 광양 매화마을 홍쌍리 청매실 농원 축제
"전남 가족여행 추천! 키즈카페 광양 에코파크, 와인동굴, 전남도... "
에코파크 #전라도여행 #전라도여행지추천 #전남가볼만한곳... 
전남 광양 등나무꽃 명소 물향기쉼터
7월의 더위를 식힐 환상적인 한여름 밤의 여행지 ‘전남 별밤... 
"광양매화축제 마을 꽃구경여행, 전남축제 3월 가볼만한곳"
광양매화마을 전남 봄 꽃구경 여행지 나들이 데이트
"3월 전남 여행코스 광양 매화축제, 여수 헤이븐 호텔 및... "
3월 봄 여행지 추천
"봄 전라남도 여행지 추천/벚꽃여행, 산유수, 매화 꽃사냥꾼"
봄꽃 개화시기 직접 다녀온 봄꽃여행지 BEST 10
마을로 생태 여행 떠나요! #생태여행지추천 #올챙이관찰 #비촌마을
[여행] 전남 광양 봄 여행지 ‘매화마을’
국내봄여행지 봄꽃축제 나들이 광양가볼만한곳 2023... 
"3월 봄에 가볼만한곳, 광양 매화마을등 전남 꽃 여행지.."
가을 제철음식 초청가수 기본정보 전남 9월 축제 여행지 추천... 
[광양 여행] 일상에서 잠시 멀어질 수 있었던 '광양 느랭이골... 
매화향기 따라 3월 국내 여행지 추천
"국내 3월 여행지 봄꽃구경 광양매화마을, 구례산수유마을 외 3곳"
광양 와인동굴 겨울여행지로 좋아요! #광양와인동굴... 
전남 글램핑장 첫 글램핑으로 좋은 광양 호수도도글램핑
23년 광양시 매화마을 축제
"전남 가을 여행지 가볼만한 곳 추천 (화순 무등산양떼목장, 해남... "
"광양 라벤더축제, 전남 사라실 농장 넘이쁜 6월 여행지 추천... "
한국의 봄: 향기 가득한 최고의 힐링 여행지 5곳 추천
명상숲 #전라도여행 #전라도여행지추천 #전남가볼만한곳... 
광양 가볼만한 곳. 4계절 모두 아름다운 광양 여행지.
전남 10월 축제 광양 배알도 수변축제 미리 다녀왔어요
전라도축제 광양 매화축제 광양 매화마을 전라도 여행지추천
전남 광양ㅣ낭만적인 데이트코스 바다뷰 카페 아덴플러스
"미리 준비하는 겨울 눈꽃 디자인 여행, 겨울여행지 추천"
광양여행) 어치계곡 여름여행지 명소 / 광양 가볼만한곳 백운산... 
전남 2022년 2월 추천관광지 입맛 돋우는 전남 미식여행... 
"(일상, 여행)국내 대나무 숲 여행지 Best 10"
전남 3월 여행지 추천 :: 봄을 알리는 광양 매화마을 (feat.... 
전남 광양시장 정현복 시장 표창받은 신양이
겨울여행지 광양겨울여행지 #광양_가족여행지... 
"(쪽빛염색과 숙박, 여수엑스포지정숙박업체, 전남추천여행지)"
&lt;전남 광양시/광양매화마을&gt;시와 함께 떠나는 탐매이야기..... 
전라남도 전남 가볼만한곳 힐링되는 여행지 추천 추억 쌓기
전남 광양 가볼만한곳 배알도 해변공원 캠핑장 외
가을여행지 광양겨울여행지 #광양_가족여행지... 
[서머 바캉스] 폭염 시작 시원한 여름밤 위한 야경 맛집 여행지 5
"전남 광양시, 대한민국 테마 여행 10선 6권역 공동 프로모션... "
구례 1박 2일 여행코스 추천 7곳! (ft. 전남 여행지)
여수 1박 2일 여행코스 추천 10곳! (ft. 전남 여행지)
전남 광양 여행 구봉산 전망대
전남 가볼만한곳 광양으로 떠나는 힐링 광양여행
[전남 광양시] 2016 광양매화축제
더욱 추워지기 전에 가봐야하는 전남여행지 &quot;광양서천&quot;
"[전남 광양] 광양 맛집, 진선 재첩정식"
"추천여행지,3월 추천출사지,광양시 가볼만한곳,광양 매화마을"
전남 4월추천관광지 꽃길만 걷게 해줄게①(광양 서천변 꽃길)
탄생   / 광양시... 여행’ 성료 [전남조은뉴스/조순익기자]
섬진강을 가로지르는 광양 이색 여행지 #섬진강하모니철교... 
매화축제는 안 해도 전남 가볼만한곳 광양 매화마을
광양 추천 계곡 여행지를 소개합니다.
"광양시, 환경의 날엔 푸른 섬진강에서 에코투어"
전남 광양여행  매화축제 취소 됐지만 가고 싶어요
일출과 일몰 명소인 광양시 구봉산전망대
광양 1박 2일 여행코스 추천 7곳! (ft. 전남 여행지)
봄꽃여행지 - 전남
광양 매화마을 국내 여행지 추천 광양 매화축제 취소
광양매화꽃축제/청매실농원/홍쌍리매실家/전남추천여행지
(상무안경) 행복한 한해 마무리 12월 특별한 여행지 BEST5!!
"광양시, KBS ‘1박 2일’이 다녀간 광양 관광지는 어디?[전남... "
전남 주요관광지 490개소 정보... 이벤트 (전남여행가GO... 
천기누설 전남 여행 가볼만한곳 : 광양 와우생태호수공원
전남 겨울 힐링 여행지 - 광양 배알도 해변공원
[전남 광양] 바다와 강을 품은 광양의 아름다운 섬 '배알도'
[가을 꽃구경] 그리움에 불타는 백운산자연휴양림 꽃무릇보러... 
"구례 가볼만한곳 산수유 화엄사 홍매화, 전남 여행지 광양... "
전남 가족여행지 추천! 백운산자연휴양림 1박2일 후기... 
"전남 가을 감성여행지, 여수 국가산업단지 야경과 드라이브코스~"
전남 광양 가볼만한곳 홍쌍리 청매실농원 주차 + 매실막걸리
전남 광양 - 광양 매화마을
[전남/광양여행 ] 광양 수산/과일/건어물 / 먹기리 등등... 
읍면동/순천시/광양시/전남지방경찰청/광주지방경찰청... 
"문화예술로 다시 살아난 한옥마을, 전남 광양 인서리공원(01)"
광양 전남도립미술관 전시회 광양 여행 전라남도 실내 가볼만한곳
라임스포츠 전남 총판 그랜저 루프탑텐트 시공 by 나라썬팅
"남도여행,전라남도 여행지/ 광양 서천 무지개분수"
"전남 봄 여행지 추천 - 광양매화마을(매화 개화 상태, 주소, 꿀팁)"
광양 매화마을/축제가 돋보이는 전남 여행지
"[봄나들이, 전남 광양 매화마을] 봄나들이, 전남 광양... "
광양 카페 구봉산전망대 카페 여수광양항만 뷰 가끝내주는곳
2019년 3월 축제 국내 여행지 전국 축제 일정 49곳 인기순
읍면동/순천시/광양시/전남지방경찰청/주요정책... 
♥  매화마을 가족여행 - 광양시 다압면 청매실농장이 있는 곳 ♥
광양 가볼만한 곳 I 광양여행 여름 실내여행지 이색데이트 광양... 
전남7월 축제 일정표 (전라남도 여행지 추천)
[전남 광양 여행]광양 하천섬의 만추/가을여행지추천/전남여행
전남도립미술관&amp;광양예술창고 (전라남도 실내 가볼만한 곳... 
[전남 광양] 광양 중식뷔페 연화랑 / 서천체육공원 / 매화마을... 
꽃길 따라 맛길 따라 남도 봄맞이 여행지 추천
"[전남/광양여행]#1..... 축제지,봄여행지,남도여행지,3월... "
가을여행지 적극추천 광양여행코스 가을철지역축제 정부... 
전남 광양 여행 가볼만한곳 배알도 해변공원 애견동반 피크닉... 
[여행 여가] 전남_전통시장 구경하고 근처 관광지 힐링 코스!... 
전남여행지 느랭이골 글램핑추천
[가을여행지추천] 9월 가을 전어축제 정보
전라도물놀이장 총정리/ 계곡추천/ 취사가능계곡/ 전남여행지추천
"남도 꽃구경 1순위 당일 여행지, 하동 쌍계사... "
[전남광양여행] 광양에서 제일 멋진 이순신대교... 
"목표 관람객 800만 돌파/광양시,공공비축미곡 매입 추진... "
[전남 광양] 트래블리더의 광양팸투어 - 빛의 도시 광양
전남 광양 다압면 맛집 가득 :: 낙지보쌈 맛있는 곳... 
3월~4월 봄 국내여행지 놓치면 후회할 BEST 7
[국내여행] #193 백운산자연휴양림 (여수엑스포추천여행지... 
광양 안심 여행지 망덕 포구 배알도 그리고 해운정 #장동여행... 
전남 광양시. 광주 근교 찜질방. 삼겹살 구워먹는 찜질방. 광주... 
백운산자연휴양림 꽃무릇 황홀지경! #백운산자연휴양림... 
읍면동/순천시/광양시/전남지방경찰청/광주지방경찰청... 
2023 광양매화축제 일정과 개화시기 3월추천여행지... 
해돋이 명소 여행지 추천 : 전남 광양 구봉산전망대
"전남 광양 가볼만한곳 봄에는... 근교 여행지, 국내 여행코스... "
내가 가본 전라남도 여행지
전남여행지추천 광양 와우생태호수공원에서 휴식을
전남 광양 진월면 월길리 유채꽃  섬진강변 광양갈대쉼터... 
"봄 여행지 추천 - 3월, 4월 봄꽃(산수유, 매화, 벚꽃 등) 축제모음"
전남여행 / 광양 가볼만한 곳 / 이색적인 여행지 광양와인동굴!
전남 하동 에어비앤비 해랑나예 다녀온 후기
[전남광양] 2023매화꽃축제 &amp; 매실아이스크림
읍면동/순천시/광양시/전남지방경찰청/광주지방경찰청... 
[전남여행] 광양 매화마을 - 매화축제 1번지 매화마을 청매실농원
"광양시, 송금지구 배수개선사업 선정/광양시, ‘남도에서 한... "
봄날의 광양은 힐링이다. ▶▶▶ 전남 광양 봄 여행지
2020년 새해에 떠나는 해맞이 명소 여행지 추천!
"봄 여행지, 가볼만한곳과 축제 !"
"전남 광양, '와인과 예술의 조합' 자연 관광지 와인 동굴"
Photo Newsletter No.01 - 금주의 추천 출사지 및 여행지... 
[국내 여행] 11월 떠나기 좋은 이색 여행지 추천!
"[3월 국내여행/봄꽃축제] 전남 가볼만한곳, 광양 매화축제"
및 여행지 소개 - 2013년3월28일(목)발행-3월추천여행지... 
3월 국내여행지 어디로 가볼까
[국내여행]말숙이가 추천하는 전라도 여행지 6곳!!
강과 바다와 시와 맛이 있는 가을의 망덕포구 #윤동주... 
꽃길 따라 맛길 따라 남도 봄맞이 여행지 추천
3월 여행지 봄 꽃구경 가볼만한곳 전남 커플여행 주말... 
7월 27일 전남광양농협 하나로마트 익산농협 찹쌀떡 투어... 
다양한 봄축제가 열리는 국내 힐링여행지로 떠나요!
전남 순천 3월 여행지 :: 복음교회 매화정원 【23년2월26일】
전남 광양맛집 / 삼대광양불고기집 수요미식회맛집... 
나의 봄 여행지(1탄-매화마을)
전남사랑도민증으로 여수 순천 목포 국내여행 싸게 가기... 
봄맞이 전남 여행지 추천 꽃구경 가자!
"[전남저널] 광양시, ‘2023 주목해야 할 인기 여행지 탑 10’... "
3월 여행지 추천 3월 축제 일정 행사정보 61곳 전국 모음
[전남 광양] 백운산 자연 휴양림과 옴서감서 식당 맛집~
[봄나들이] 봄나들이 전남 구례 산수유마을 산수유꽃 여행 8탄!!!
전남 풀빌라 광양 카멜리아 펜션 * 전라도 신축 감성숙소... 
광주 전남 전북 10월 축제 일정표. 전라도 가을축제와 여행지
전남맛집/광양맛집/전남광양맛집/불고기맛집/전남 광양불고기... 
전남 광양 가볼 만한 곳 유당공원 천연기념물 이팝나무
광양백운산자연휴양림 아름드리 소나무와 편백이 무성한... 
"전남 곡성여행 침실습지, 섬진강 물멍, 조용한 국내 여행지 추천... "
3월 4월 국내여행지 꼭 가볼 만한 곳 BEST 7   광주 화담숲부터... 
"광주 , 전남 계절별 봄꽃 여행지"
한번은 아쉬워...여름 막바지 인기 재방문 여행지는 어디?
가을 여행지 추천 &amp; 2014 가을 축제 일정 모음
"전남도립미술관뷰 광양예술창고카페,미디어영상관"
"최적지/광양시,전세사기 피해 대책 마련 등 시민 고충 민원... "
남도여행 광양 가볼만한곳 인서리공원 복합문화공간... 
[3월여행지추천/봄꽃축제소식] 매화 산수유 봄꽃 여행지 Best 8
광양제철소 등 광양시 여름 여행지 5선
순천 1박 2일 여행코스 추천 6곳! (ft. 전남 여행지)
"3월 광양매화축제 전남 광양 가볼만한 곳 13개(관광지,맛집... "
광양매화마을 축제 마지막 날 다녀왔어요.
광양 와인동굴 전남여행지 추천 :)
전남 가볼만한곳 : 광양 어치계곡 백운산 구시폭포 물놀이
여행지
6월가볼만한곳 전라남도 광양 꽃구경은 여기로! (ft. 주말나들이)
3월 국내여행지 추천 및 가볼만한곳
행사 3월19일까지 개화율95% 가족친구 연인 동호회 인기 여행지
광양 가볼만한곳:: 광양 와인동굴 전남 여름 여행
가볼만한곳 여행코스 인기여행지 BEST 10 관광명소 추천 (+전남)
"[bbb파트너] 올 여름 자연 속에서 힐링하고 싶을 땐, 전남... "
&lt;#011&gt; 3월축제 -전남 광양여행지- 광양매화마을축제
광양 매화축제 2023년 광양 매화축제
광양라벤더 사라실 광양 와인동굴 광양백운산자연휴양림 전남... 
전라도 여행지 추천 2월 가볼만한곳 광양 여수 담양 순천 여행... 
국내여행 코스 및 여행지 정리
[#166] 한국 - 전남 - 섬진강을... [봄여행지 / 청매실농원... 
광양여행 2023 봄꽃구경 매화 명소 가볼만한곳 광양 매화축제... 
봄에 가볼만한 곳 / 2013 봄 여행지 추천 BEST 5
[#178] 한국 - 전남 - 봄날의... 봄여행지 / 여사모출사]
2023 광양매화축제 실시간 개화 상황/포토존 및 주차정보
[국내 여행지 추천] 제16회 섬진강 문화축제
"전남 광양 배알도수변공원 피크닉, 캠핑(자전거 종주길)"
Photo Newsletter No.02 - 금주의 추천 출사지 및 여행지... 
【5월전남갈만한곳1탄】함평광양완도!
광양 가볼만한곳 전남도립미술관 광양예술창고 카페 광양여행
3월 국내여행지 추천 BEST 5 아름다운 봄을 한껏 느껴보자
한국관광공사 추천 - 국내여행지 100선(계절별)
[#183] 한국 - 전남 - 섬진강... 매화마을 [청매실농원 / 봄꽃여행지]
전라도여행추천-3월 봄여행지추천 “광양매화마을” 매화축제... 
및 여행지 소개 - 2013년3월22일(금)발행-3월추천여행지... 
"3월 봄바람, 봄꽃 따라 꼭 가볼만한 여행지 &amp; 지역축제"
광양가볼만한곳 전남도립미술관 실내 전시데이트 광양여행
광양매화마을
가볼만한곳 여행코스 인기여행지 BEST 10 관광명소 추천 (+전남)
"광양시, '남도에서 한 달 여행하기' 프로그램 운영"
국내 여름휴가 추천할 만한 여름 여행지는 어디? 와인동굴... 
"6월 여행지 추천, 전남 광양 라벤더 축제 너무 좋아♥(기간... "
매화 개화소식 정보 / 홍매화 절정 / 반려견 동반 가능 여행지
일몰과 야경을 즐길 수 있는 전남 광양의 숨은 여행지... 
5월 가볼만한 광양 가족 나들이 여행지! 양귀비 꽃 만발한... 
"국내 패키지 여행 남해, 사천 1박2일 여행지 추천"
전남축제 광양매화축제 홍쌍리 청매실농원 4년만이야.... 
[국내여행] 2023 광양 매화 축제 정보편 | 축제기간 | 주차장... 
봄 여행지 추천 : 5 전남 봄 여행지
가볼만한곳 여행코스 인기여행지 BEST 10 관광명소 추천 (+전남)
국내여행지 광양 맛집 먹거리 불고기 등
"[전남영암]왕벚165 , 종가집 밥상처럼"
전라도 여행지 추천 (꽃 좋아하시는 분 입장하세요♡)
전남 ‘광양와인동굴’ 내돈내산 후기
"6월 국내 여행지 추천 11곳 :: 라벤더, 수국, 설악산 등... "
"광양청매실농원, 매화향기 가득한 봄꽃축제 [봄꽃여행지... "
가을 여행지 가볼만한 곳 - 전남 광양 느랭이골 글램핑
순천가볼만한곳 전남여행지 순천여행코스 베스트5 / 금둔사... 
3월국내여행지추천 광양매화축제는?
광양 와인동굴 국내 여름여행지 추천 5월 가족과 가볼만한곳
'52번 째' 여행지 [순천대학교]
취소됐지만 주차장은  확대.예상만개시기 전남추천여행지
전라남도 해넘이.해맞이 명소
전국 동백 숲 유명한 곳
[3월 꽃구경]봄꽃 여행지로 광양매화마을 &amp; 매화랑식당 맛집... 
가볼만한곳 여행코스 인기여행지 BEST 10 관광명소 추천 (+전남)
특별한 여행지 - 광명동굴 2탄
가볼만한곳 여행코스 인기여행지 BEST 10 관광명소 추천 (+전남)
KBS 1박 2일이 촬영된 여행지 소개
봄꽃 만개하는 3월에 가볼만한곳 봄꽃여행지 3선... 
광양 매화마을 2023 매화축제 기간 주차장 알아보기
광양 전자지도 모바일 스탬프투어 이벤트 5코스 완주
전남7월 축제 일정표 (전라남도 여행지 추천)
봄 차박 여행지 소개 : 캠핑하기 딱 좋은 베스트 7곳
광양 가볼만한곳 핫한 여행지 BEST 5
2월 전라도 여행지 추천
"광양시, '2023 주목해야 할 인기 여행지 탑 10' 선정"
2023년 전남 순천... 가을축제 여행지와 놀거리로 가득한... 
"봄의 시작, 당신은 어디로 떠나시겠습니까?"
"켄싱턴호텔 평창, 하슬라아트월드 포함한 국내 여행지 추천"
"3월 봄여행 추천! 꽃축제시기 봄여행지 매화, 산수유, 벚꽃,수선화"
전남 아이들과 가볼만한곳 어린이날 여행지 볼거리 나들이... 
광양 윤동주 유고 보존 정병욱 가옥 힐링안심여행
테마여행10선 전남 순천 여행코스 순천만습지 갈대밭... 
"지금이 바로 벚굴 시즌, 벚꽃도 보고 벚굴도 먹고! 지금 아니면... "
겨울 숲속 자연휴양림으로 떠나는 힐링여행! #백운산자연휴양림... 
com]선정 2022 대한민국 국내여행지 Top10&quot;: 순위에 들어온... 
[3월에 꼭 가봐야할 꽃구경 여행지 추천] 광양 매화마을... 
전남 풀빌라 Best 추천
대한민국 숨겨진 여행지 100을 보면서 - 3
광양시 천년의 쉼터 백운산 자연휴양림 탐방!
열리는 봄 축제들!! 꼭 가 봐야 하는 3월 추천 여행지 BEST 8
국내여행지 전남 신안 천사대교에서 퍼플섬까지 당일여행 코스... 
캠핑카대여 - 국내 봄 여행지 봄꽃 구경 매화명소로 유명한곳
"[전남 순천 여행 1] 낙안읍성, 최대감벌교꼬막, 순천만습지... "
광양 베스트 5 레스토랑(ft. 전남 여행)입니다.
"광양 야경 여행, 구봉산 전망대, 서천 무지개분수"
"[마로산성]광양 마로산성, 광양 여행 추천, 광양가볼만한곳... "
무더위 탈출::광양 가볼만한곳 국내 여름여행지 추천
광양 매화축제 미리 다녀온 광양 매화마을 2023년 전남도... 
[전남 맛집 / 광양 맛집] 삼대광양불고기집 재방문의사 별다섯개!
"3월봄여행지] 광양매화마을,홍쌍리 청매실농원 매화 개화시기... "
여행 추천 | 백운대 벚꽃길 전남 벚꽃터널 볼 수 있는 곳
Gwangyang/ 전남도립미술관-광양(한국)
"봄꽃구경 매화명소 매화개화시기 부터 광양매화마을, 양산 원동... "
국내 여행지 올 여름 국내여행지 계곡 추천
[전남 광양]광양 매화마을 꽃 보러 다녀왔어요
"전남 광양여행, 눈이 즐거운... 광양 가볼만한곳,  전남여행"
"3월여행지추천, 광양매화축제와 광양가볼만한곳"
"남중권누비GO로 즐긴 전남 순천여행 여수여행, 순천만국가정원... "
[광양 볼거리] 봄이 왔음을 알리는 매화꽃 축제 &quot;광양 매화꽃 축제&quot;
광양 이순신대교 가성비 추천 숙소 락희호텔 취사가능
"3월 국내 꽃 축제 (구례 산수유 축제, 광양 매화 축제) 여행지 추천"
"전남 여행, 광양 여행, 시원한 여름 여행지 광양 와인 동굴"
"광양시, 2022 주목해야 할... 주목/광양시,인류 역사상 최초로... "
"순천 가볼만한곳 테마여행10선, 순천만습지 갈대밭따라... "
"광양시, 광양불고기 먹고 ‘청소년 댄스경연대회’ 즐겨요"
"국내여행지, 광양 매화마을"
전남 여행 가볼만한곳 순천 광양 구례 3월 매화 여행코스 2박3일
[봄철여행지] 1박2일이 알려드리는 봄철여행지!!
여수 이순신대교 홍보관 전망대 멋진 바다 볼 수 있어
강진군 고흥군 곡성군 광양시 구례군 봄축제 봄꽃여행지 추천
봄 여행지- 꽃 구경 -
체험 등 오감만족 가능한! 전남 광양 가볼 만한 곳 '광양와인동굴'
랜선으로 떠나보는 섬진강 힐링여행! 여기 어디?  #금천계곡... 
"곱창구이, 광양시 장원회관 가격, 광양불고기 광양 행복한 지도... "
"[전남/광양] 매화축제, 산수유축제(상위마을),곡성역 증기기관차"
[여기저기남도]겨울에도 인생샷 문제 없는 광양 여행 코스!
[오늘의 여행 소식] 23.11.30 &quot;韓여행서 빈대 발견시 전액 환불... 
"만든다/ 광양시,무료 법률상담 실시/전남도,전 공직자‘전남쌀... "
"[광양] 시(詩)가 있는 마을, 광양"
광양 가볼만한곳 와인동굴 와인터널 여행
전남 가볼만한곳 베스트10 훌륭해요
광양 가볼만한 곳_배알도 해변공원
전남 단체여행 야유회 장소 광양 햇살 봉강마을
24년 겨울 여행지 추천
광양와인동굴 봄의계절 와인향에 반하다. #광양와인동굴... 
광양 마동저수지 생태공원 놀이터 2곳 신설 안내  저수지의... 
[광양 여행지 추천 / 전남 광양 여행 / 광양 야경 / 광양... 
섬진강숙박/구례구경거리/섬진강여행지/전남여행지/전남여행... 
국내 3월 여행지 추천 광양 매화마을 꽃구경 개화상황
전라도 여행지 3월 가볼만한곳 봄꽃 축제 광양 매화마을
"초록빛 싱그러움 가득, 매실의 계절  #광양매실 #김승희매실... "
"개최 /광양시, 2022.... ‘2022 전남 여성 일자리박람회’... "
광양매화마을 2023광양매화마을축제현장에 다녀왔어요.
"광양시, 3월에 광양 가볼 만한 곳"
3월 세째 주의 추천 여행지(1) - 광양 매화마을 홍쌍리... 
어디가 좋을까? 화사한 봄을 느낄 수 있는 봄 여행지 추천
전라도 매화여행지 : 2015 전남 전북 매화꽃축제 추천
3월 국내여행지 대표 꽃길로 봄꽃구경 추천! 미리 알아보고 가자.
마리나베이펜션/태일펜션/전남 가볼만한곳/전남 가족여행지/영광
여수 1박 2일 코스 ! 먹거리 볼거리 할거리 숙소까지 !
봄 여행지 추천! 3월 축제 소개
전남 가볼만한곳 베스트10 좋아요
[도장꽝!남도] 하얗게 물드는 매화 향기 가득한 도시 광양 여행
전남 체험여행 한눈에 정리된 지도! 한국관광공사 에서 선정한... 
광양 배알도 별 헤는 다리
가족과 함께 광양 가볼만한곳 문화재여행 추천... 
광양 가볼만한 곳 / 3월 여행지 광양매화마을
광양 겨울여행지 추천 #섬진강 불암사
전남 광양 구봉산 전망대 + 요정 숲 : 멋진 전망과 아이와 함께... 
광양매화마을(청매실농원)
전남 겨울에 가볼만한곳 광양 느랭이골 빛축제
3월 추천여행지 경상도 전라도 충청도편
"전남 광양 어치계곡_백운산 어치계곡 차박/노지 캠핑지, 광양... "
[전남 광양 여행] 광양... 포토존 팁 - 3월 봄꽃 여행지 추천
2023 전남 광양 가볼만한곳 매화 마을 축제 개화 상황
전남 가볼만한곳 여신 강림 촬영지 #광양느랭이골... 
전라도 동백 여행지 : 전남 전북 인기 동백숲 동백꽃축제
"9월,10월 여행지추천! 가을에 가볼만한곳!지역축제! 먹방축제!"
2022년 지역별 봄꽃 명소 및 개화시기
내돈내산 [전남 호텔락희광양 2성급] 오빠의 고향 광양에... 
주말엔 여기 어때?? [삽교호 함상공원]
"3월가볼만한여행지 | 봄을 알리는 꽃축제, 전남 광양매화축제"
전남 광양 가볼만한 곳 느랭이골 자연리조트 글램핑 체험하고... 
"[아이동반 미서부여행] 샌프란시스코 금문교,포트포인트... "
"광양시, 정원박람회 보고 남도숙박할인 빅 이벤트로 광양에서... "
국내 봄 여행지) 봄의 시작을 알리는 광양 매화마을에서 본... 
한여름 가족 피서지 추천! 광양 고사마을에서 농촌체험 해요
[광양 볼거리] 망덕 포구에서 만난 윤동주 &quot;운동주 유고 보존... 
[전남 광양] 이순신대교가 보이는 전망 좋은 광양 호텔 추천... 
[DKI] 임직원 추천 베스트 국내여행지!
3월 국내여행지 추천
제7회 광양 꽃축제/봄꽃의 화려한 어울림!/봄꽃여행지
광양 가볼만한곳 배알도 해변공원 망덕포구 야경명소 애견동반... 
3월전남축제 광양매화축제! 가족여행지로 추천해요~
추억 가득 낭만 가득! 전라남도 여행지 추천 여기만 따라오세요~
3월에 가기 좋은 여행지-광양. 김해. 구례. 양산
5-6월 전남 가볼만한 곳 초여름 여행지 Best 10
광양 가을풍경 느껴지는 명주마을 #광양여행 #광양_가을여행지... 
광양가볼만한곳 백운산 자연휴양림 그리고 느랭이골의 낮과 밤
"섬진강휴게소 남해고속도로 휴게소, 광양가볼만한곳 추천"
광양매화축제 2020 전남 광양 매화마을에서 펼쳐지는 봄꽃축제
광양 가볼만한곳 베스트10 소개
"3월이면 가볼 만한 곳, 봄 여행지... 섬진강 매화마을을 품은... "
2018년 3월 봄 꽃 축제 [ 3월 여행지 추천 / 3월 국내 여행지 ]
국내 섬 여행지 KTX 당일여행 전남 광양 가볼만한곳 배알도... 
"3월 봄꽃축제 일정│봄 바람에 엉덩이가 들썩들썩, 전국... "
"[전남 광양] 가볼만한 곳 '전남도립미술관' 영원,낭만,꽃... "
광양 매화마을 매화꽃 만개한 아름다운 봄풍경
"사진찍기좋은곳으로 손꼽히는 3월 축제, 매화축제와 산수유축제"
광양 맛집 추천 베스트 5 (ft. 전남 여행)
"봄을 기다리는 즐거운 산책길 [섬진강 매화로, 광양 여행, 관광... "
대한민국 야경명소에 선정된 광양만 밤산책 ft.이순신대교... 
"광주 근교 드라이브코스, 전라도 여행지 추천 광양 가볼만한곳!"
광양매화축제  구례산수유축제 #페이지
전남체험여행 한국관광공사 관광두레 주민사업체로 떠나볼까?
광양 매화마을 가볼만한곳 광양 여행 매화명소 매화축제 매화... 
봄꽃 여행지 싱그럽고 풍성한 향과 아름다움을 느낄 수 있는 곳
[엠지아이티] 드론 날릴만한 국내여행지 (전라도편)
광양 여행코스 끝판왕! 스탬프투어 3편 #광양 가볼만한곳
"하동 가볼 만한 곳 두꺼비 나루쉼터, 섬진강 테마로드 복두꺼비... "
4월과 5월에 가면 좋은 봄꽃 산행지 여행지 추천 7곳... 
광양펜션 국사봉랜드  전남수영장펜션
스마트폰으로 마을 총회를...? 2019 디지털 사회혁신 우수사례... 
여행 - 전남 구례 관광 여행지 맛집 정보 (지리산 인근) 시리즈... 
▶국내 봄꽃 여행지 5선 !!
읍면동/순천시/광양시/전남지방경찰청/광주지방경찰청... 
국내여행객 몰리는 소도시상권 뜬다_음식과사람 칼럼
"3월 봄꽃축제 가볼만한곳 광양매화축제, 전남가족여행지 추천"
[광양여행] 실내데이트하기 좋은 곳 전남도립미술관... 
주요일정-전남도청 간부... 여수시청 및 읍면동/광양시
"광양시,가을맞이 여행 홍보 이벤트로 지역관광 온기 회복 기대... "
한국관광공사 관광두레 전남가볼만한곳 여기어때요!!
전남 가을꽃구경 광양 서천변 코스모스 꽃무릇 개화시기 개화정도
"매화여행 (feat. 고불매, 화엄매, 선암매)"
생생정보 광양불고기 미스터Lee 촬영장소 식당 위치 전남광양편
직찍! 봄꽃 사진 여행 추천
2023 광양 매화축제 3월 봄꽃 개화시기 전라남도 여행지
"광양시, 안전하고 고즈넉한 광양사색여행 광양유당공원 추천"
전라도 동백축제 : 전남 전북 동백꽃 군락지 여행지 추천
아이와 섬진강 따라 자전거 여행 #섬진강 끝들마을
2018 광양매화축제 안내 / 3월 국내여행지 추천 / 부산출발... 
광양정육점 돈세리정육점에서 육즙가득 소고기 돼지고기 사먹깅
"도선국사가 세운 호국사찰, 광양 중흥사 [광양 역사]"
"[오늘의 여행 소식] 23.11.14 야놀자, 블랙프라이데이 맞이 여행... "
9월 축제! 가볼만한 여행지~
꽃피는 3월! 전국 3월 꽃축제 Best6
꼭 가봐야할 보랏빛 라벤더 명소 BEST 8
봄꽃 여행지 봄꽃구경 갈만한곳 모음
가을 여행지 단풍 나무 민박
"전남 산책하기 좋은 곳, 전남 광양 와우생태호수공원"
꽃길따라 떠나는 봄 여행지 [골든데이즈]
[트래블투데이] 가족과 함께 갈만한 여행지
추석연휴 가볼 만한 남도여행
"[광양여행] 광양여행코스, 매화꽃이 어우러진 봄나들이 명소"
"남해안 광역시티투어 버스로 즐기는 전라도 (순천, 여수) 봄... "
전남여행 광양 구봉산전망대 산책코스 신세계안과
광양 가을 여행지 추천
국내맛집여행 광양맛집 광양불고기 숯불닭갈비 광양여행코스... 
"[월간웰촌] 12월의 꽃, 동백 명소 알아보기"
광양 가을 여행지 추천
[광양 여행] 언제 가도 좋은 가족여행지 추천! 백운산 자연휴양림
"전남 경치 좋은 곳, 전남 광양 배알도수변공원!"
#순천 낙안읍성#순천 선암사#전남 순천#순천여행명소#한국기행... 
3월 국내여행지 베스트 10 추천
"광양 여행, 내일로 쿨~버스로 즐기는 광양"
내 인생에 잊지 못할 대한민국 감성여행지- 남민 지음
봄꽃여행 봄꽃구경 갈만한곳 모음 2014년 봄꽃축제
[광양여행]용강리_광양와인동굴 / 더운 여름 하기 좋은 광주근교... 
"봄을 만나는 계절, 3월의 문화 프로그램"
사진여행 동호회 '여담' 전남 광양 매화축제 여행♬3월 두번째... 
2018년 전라도 6월 축제 일정표 (전라도 여행지 추천)
"광양 문화역사여행 #광양읍 여행 하루코스, 당일치기"
읍면동/광양시/전남지방경찰청/광주지방경찰청/주요정책... 
광양 매화마을 풍경 [청매실농원/광양매화축제... 
국내여행지 광양 가볼만한곳 감미로운 관광지
"광양매화축제, 전남 광양 갈만한곳으로 3월 여행지추천 장소"
광양 광양읍 전남도립미술관 VR여행 아쉬웠던 후기
신종 코로나 바이러스 (중국 우한폐렴) 확산으로 국내여행... 
국내 여행지 광양 매화마을
[한국문화예술위원회] '작은미술관' 알리기 프로젝트 청년... 
"광양시, 나는 쇼핑하고 차 마시러 미술관에 간다"
3월 가볼 만한 곳. 산을 가득 덮은 매화가 장관인 &lt;광양매화축제... 
[전남 맛집/광양 맛집]광양 불고기 맛집 삼대 불고기집
전남 광양여행/매화꽃향 가득 봄날의 아침&amp;광양 매화마을... 
"당진 삽교호 즐기기. 함상공원, 해양테마 체험관, 함상카페"
신안 가을 여행지 산책하기 좋은 증도 향기섬 10리길 &amp; 분재정원
광양 매화축제 사진여행 동호회 3월 출사지
"가을 여행지 추천 | 가을 감성 가득 광양&amp;순천 걷기 여행, 서천... "
2016년 봄꽃축제 정보 확인하고 봄꽃여행지로 떠나보자~
전남 광양매화마을 하얀 봄꽃놀이
#광양 펠리시아 아파트 입주조건
3월 꽃구경 하기 좋은 국내 여행지 BEST
가을 여행지 추천 순천 와온해변 순천만 용산전망대 S자 물길... 
전남 광양매화마을 매화축제 주차정보 포토존 마동음악분수
광양 여행 와인동굴 솔직 후기
3월 여행지 추천 (축제 일정)
여신 강림 촬영지 전남 광양 캠핑장 느랭이골 글램핑
1박 2일 여행지 리스트업
2023 광양 매화축제 개화시기 언제일까
순천 낙안읍성 옛백제모습이 있는 국내여행지 추천(입장료 가격... 
"광양시, ‘남도에서 한 달 여행하기’ 사업 공모 선정"
3월 여행지. 갈만한 곳. 3월 축제. 제주도 여행. 봄 소식. 매화.... 
"함께 여행가기 좋은 3월, 4월 봄꽃축제!"
광양 가볼만한 곳 구봉산 전망대 카페 / 광양항만 오션뷰... 
4월 벚굴 2015.04.13(월)
국내 봄 축제 리스트 및 3월 추천 여행지 미리 알아보기
[오늘의 여행 소식] 23.10.31 전국서 빈대 속출…&quot;여행용품... 
"광양시,‘2019년 북스타트 사업’ 높은 호응 속 마무리... "
전남 / 광양 가볼만한 곳:) 매화축제로 유명한 관광명소 &quot;광양... 
국내 겨울 여행지 추천 남해안 쪽빛일주 남파랑!
광양펜션 백운산 동곡계곡 인근 필관광하우스 짱입니다
1박2일여행지 추천 리스트 (KBS) 총정리.1박2일여행지 추천... 
광양 옥룡사지와 옥룡사 동백나무숲  #페이지
"가고싶은섬 생일도(전남 완도군 생일면),가우도(전남 강진군... "
봄꽃 찾아 떠나는 남도 나들이 추천 6곳
3월추천여행지 광양 매화축제 소식
봄에 어울리는 남녀 패션아이템 알아보기 ♥ 코오롱스포츠 코디... 
"포항여행사, 제이캠프 여행사.전남 광양여행/2019... "
"여수여행, 광양 백운산 자연휴양림에서 힐링하기"
국내 인기 관광 여행지 50선
2023 광양 매화축제 날짜 일정 개화시기 숙박할인 안내
광양 매화 개화시기 올해는 과연 언제일까
전남 고속도로 휴게소 BEST : 2022 추석연휴 맛집&amp;전망 휴게소... 
광양가볼만한곳 대형 오션뷰 배알도카페 니테오 애견동반가능
[전남 여행] 광양항 컨테이너 부두
"[전남 광양] 광양 가볼만한 곳, 느랭이골 빛축제"
광양여행/수어호.어치계곡/백운산어치수어댐/백학동계곡... 
&lt;경전선철도/무궁화호 #1951열차&gt;남부지방의 끝과 끝을... 
국내 여행지 동굴 1탄
미리 가보는 남도해양관광열차(S-train/S트레인) 여행 ②편 광주... 
2015 내나라여행박람회/여행작가협회사진전... 
광양여행 광양고깃집 금목서 광양불고기
일상의 휴식처 광양백운저수지 #광양백운저수지 #광양산책
광양 가볼만한곳 광양 배알도 캠핑장 해수욕장 수변공원 망덕포구
"[청매실농원,매화] 햇살이 따스하게 내리는 고장, 광양의... "
"광양은 봄, 다시 만나는 매화 - 2023 광양매화축제"
"전남 봄여행지 추천, 2019광양매화축제"
8월 축제•가볼만한곳  BEST10
"광양 매화축제 경치좋은 3월의 매화마을, 3살 아이와 유모차"
"봄꽃여행 명소, 광양 매화마을 매화축제"
"전라도 3,4월 봄꽃여행장소 추천모음"
축제하는곳-3월축제하는곳 840 여곳 모음(2012년)
광양매화마을 청매실농원 : 섬진강따라 피어나는 광양매화축제
섬진강휴게소 휴식공간
"팔도막걸리 기행단 /순천,여수,광양 사전 조사서  #페이지"
봄의 시작을 알리는 가장 예쁜 꽃축제 광양 매화축제_2023년... 
전남 가볼만한곳 전라남도 이달의 추천 관광지 3월~9월 봄... 
전남 광양매화축제 미리보기/하동추천펜션
3월 여행지 추천~!
도선국사가 창건했다고 전해지는 통일신라 시대의 호국사찰... 
"여름 휴가 여행지, 전남이 딱좋아 ..전남도, 해변․계곡... "
6월 광양 여행지 추천_사라실 라벤더 축제
광양의 구석구석 마을탐방 ‘부현마을’ #광양마을탐방 #최산두... 
광양펜션 어치계곡 7월 추천여행지 사계절이야기 펜션
'호반관광도시' 단양군 사진 여행지로 인기
광양 매화마을 매화축제 포토존 주차 코스 카페(광양&amp;구례 당일... 
광양매화마을[전남여행]
9월 축제 일정과 가볼만한 곳 소개합니다 :)
여행지 추천 : 광양 매화마을(2)
광양 매화축제 매화마을 주차 정보 안내 함께 가볼만한곳 하동... 
"남도의 봄 여행지 추천, 국내 2018 꽃 축제 [종합]"
[전남 여수 가족여행] 이순신 대교 - 국가산업단지 - 만성리... 
'6월신규광양여행코스'환상의사진명소는어디일까?... 
"광양 가볼만한곳 야외수영장 한석관광농원 이용료, 입장정보"
[맛집산책]청매
"광양 매화마을 청매실농원 (전남추천여행지,3월추천여행지)"
"여행지원금 이벤트... 지원 일정, 계획 방법 총정리 | 추천 여행지"
볼거리와 즐길 거리가 가득한 올 여름 국내여행지 추천!
바람의명소 -  전라도 광양 청매실농원 / LG 에어컨 휘센 1등... 
스타렉스 루프탑텐트 시공 by 나라썬팅
아이랑 갈만한곳 리스트로도 유명한 가족여행 국내 5곳 추천!
국내 여행지 추천| 바로버스와 함께하는 홍쌍리 청매실농원
아이들과 떠나기 좋은 농촌체험마을 3곳
가을축제_2019년 전국 먹거리 가을제철 여행지정보
[봄축제] 드디어 봄이다~! 2016년 3월 4월 봄꽃 축제를... 
국내 봄 여행지 추천 꼭 가봐야할곳
"전라남도 여수 여행지 순위, 호텔 순위, 맛집 순위"
봄꽃 여행지 광양 청매실농원
9월 여행지 추천 (9월 국내여행지 추천)
3월 봄꽃 여행지 어디로 가볼까?
생생 정보마당 맛있는 여행 지금이 딱 촬영지 위치 남양주... 
여행지 추천 : 광양 매화 마을 (1)
2015 광양매화축제 :) 매화축제 전남 광양 추천여행지
"전남도립미술관,  드디어 광양에 돛을 올리다[전남도립미술관... "
[봄꽃여행지] 봄맞이 꽃놀이 3월 여행
낙안읍성 입장료 정보 | 한가로운 순천 여행지
광양 숙소 솥뚜껑/웰컴전과 함께한 촌캉스 토궁민박
봄 여행지 추천... 3월봄꽃여행/3월여행지추천/주차장/포토존
전국주요 봄꽃
광양매화축제
죽기전에 가봐야 할 국내여행 100곳 1월~12월
남도여행 (광양) 가을여행지_백운산 전어 축제
[봄꽃여행] 꽃피는 봄이오면! 떠나라~ 꽃향기 가득한 봄꽃... 
4월 여행 - 꽃구경 광양 하동 유채꽃밭에서 인생사진_광양... 
[3월 국내 여행지] 광양 매화마을 매화 축제 홍쌍리 청 매실 농원
[여행정보] 사진이 있는 여행지 13選
[전남 광양여행] 섬진강 바라보며 마시는 차 한잔의 여유... 
[전남캠정보] 백운산자연휴양림
여름 교회 수련회 장소 추천/ 전남 광양 수영장 예쁜집 펜션을... 
광양 옥룡계곡 두메산장 :: 더운 여름 계곡으로 떠나요 ~! 올 해... 
"3월에 가볼만한여행지, 구례산수유꽃축제광양국제매화문화... "
"국내 봄 여행지, 봄꽃구경 갈만한 곳 BEST 5"
(광양 쫓비산) 매화향에 취하고   멋진풍광에 취했던 인기명산... 
광양의 백운산 자연휴양림...
광양 백운산자연휴양림 / 황토길 맨발체험 &amp; 치유의 숲 산책하기
3월의 봄....봄꽃 축제가 다양한 대한민국 방방곡곡 축제현장... 
[전남 광양] 봄을 가장 먼저 알리는 매화꽃으로 가득한... 
"2018년 6월 전남축제 일정표, 축제하는곳"
전라도여행지추천 섬진강금터펜션
"2018년 6월 전남축제 일정표, 축제하는곳"
"[광주 여행] 10년후 그라운드, 여라상점"
호국보훈의 달 전남여행 가볼만한곳 스마일라식
전남 광양 중마동 맛집 은성면옥 : 냉면 세트 &amp; 갈비찜
3월에 가볼 만한 곳. /국내여행2/
"(3월 여행하기 좋은곳,3월에 가볼만한 여행지,3월 여행지 추천)"
"봄꽃 여행지 추천 | 봄꽃 소식 들으러 찾아간 길, 광양 옥룡사... "
광양여행지/윤동주 유고 보존된 망덕포구 정병욱 가옥
[하동 삼성궁 포토존][하동 광양 맛집]하동 1박2일 여행 코스(1)
국내 봄 여행지
순천) 국제농업박람회 관람 후기!! 언능가보세요! (10월... 
광양여행지 광양와인동굴 아이들과 가기도 딱이야
봄꽃축제 - 잠실해법수학학원
남도 7월추천관광지 시원하게 빠져보는 남도여행(광양 백운산... 
[광양 여행] 망덕포구 &amp; 배알도 - 광양 가볼만한 곳 no.2... 
"(위치, 주차, 애견 동반) 전남 여행 봄꽃명소 매화명소 여행지추천"
"[전남여행/광양]#2..광양... 매화마을,봄여행지,남도여행지"
"[오늘의 여행 소식] 23.10.07 “코로나 끝, 해외로 가자”... "
'제4회 전남 크루즈관광 경쟁력제고 심포지엄' 현장
즐기러 전남 청소년수련원으로 떠나자 (전남 청소년수련원... 
"3월, 4월 국내 봄 여행지 추천, 가족 나들이 명소는 여기로!"
2월 여행지. 2월 축제. 제주도 여행. 봄 소식. 납매. 매화.... 
광주 전남 봄여행지 2104 : 인기 봄꽃축제 봄축제 봄나들이 장소
[여행정보] 국내여행지 50선
국내 여행지 당일여행 광양맛집 광양불고기 &amp; 닭숯불고기... 
(전남여행/광양여행)백운산자연휴양림. 걷기 좋은 솔숲길과... 
[오늘의 여행 소식] 23.09.29 황금연휴로 공항엔 여행객 북적...... 
광양 해비치호텔 오션뷰
광양 매화마을 일출맛집 전남 가볼만한곳 광양매화축제... 
"광양시, 정원박람회 보고 남도숙박할인 빅 이벤트로 광양에서... "
낮과 밤이 빛나는 광양 관광 나를 위한 여행 #시티투어... 
광양 맛집 베스트10 BEST
Chatgpt 활용팁 #13 : AI로 봄꽃 여행 계획 꿀팁 (Feat... 
"일정, 벚꽃 개화시기, 지역별 벚꽃축제기간, 봄여행지추천"
[광양 옥룡] 친절한사장님이 있는 갤러리카페 추천 &quot;그림카페&quot;
하동 가볼만한곳 베스트10 참고
9월 전남 가볼만한 역사 여행지! 목백일홍 만개한 박희권... 
봄 여행지 추천 - 제8회 광양꽃축제
"국내여행지 광양 어치계곡 물놀이 계곡산장, 그리고 계곡 캠핑"
순천 여행지 순천만국가정원 입장료 주차장 추천코스 관람시간
거제 바람의 언덕과 도장포마을(도장포항) 탐방
3월 봄 꽃놀이 여행 가볼 만한 곳 / 광양매화축제 / 하동 섬진강... 
"3월 여행지, 3월 출사지, 3월 추천여행지, 3월 테마여행, 3월... "
불타는 청춘 여행지
봄꽃여행 광양매화축제 셔틀버스운행정보 축제장가는길... 
[광양 여행] 광양매화마을 - 광양 가볼만한 곳 no.1 광양 관광명소
"花, 화려한 봄꽃 축제 전국 여행지 추천 1편"
[남민 작가와 테마여행] 동백꽃이 붉은 이유를 찾아 떠난... 
아리씨 전국 여행 지도
순천[낙안읍성]민속마을 관람코스 둘러보기
[광양매화마을] 광양청매실농원 - 봄꽃여행지/전남봄꽃여행지... 
"봄꽃 여행 Best 7, 매화ㆍ산수유 봄향기 그윽한 그곳으로"
[광양매화마을] 광양청매실농원 - 봄꽃여행지/전남봄꽃여행지... 
여행작가가 추천하는/봄 제철 여행지
"남해 가볼만한곳, 남해 여행 코스, 남해맛집, 카페 호텔 총정리... "
"아이랑 가기 좋은 광양 여행, 농부네 텃밭을 소개합니다! 농부네... "
부모님과 함께 떠나는 1박2일 전라남도 여행 함평- 무안 -남해... 
[국내여행] 봄꽃 여행 어디로? 국내 봄꽃 여행은 광양... 
"여행정보 - 전남 4월 추천관광지, 광양 서천변 꽃길"
전남광양 - 농부네 텃밭도서관은 세상에서 제일 아름다운... 
낙안읍성 가는법 입장료할인 소요시간 숙박정보
후야네 여름휴가 : 아이와 함께 여행하기 좋은 전라도 3박 4일... 
"진달래 철쭉 구별법, 확실한 2가지 방법, 전국 진달래꽃... "
광양
생생정보마당 5월 12일 가게 정보 l 가성비 순대국 · 매실농원... 
2023 광양 매화마을 매화축제 매화개화 상황 전남 봄꽃축제
3월은 축제의 계절 어디로갈까?
한국인이 가봐야 할 국내 여행지 100
진월 차동마을과 차사저수지 방문기  #차사저수지 #차동마을
"23/02/27(월) 이재명 체포동의안 표결, 깜깜이 조합장선거법... "
●영암 전라남도 농업박물관 방문 후기●
[광양 여행] '매천야록'으로 유명한 '매천 황현 선생 생가' 나들이
봄 여행지 추천 봄꽃축제 모음 23곳
"[전라남도여행] 광양 매화마을과 구례 산수유마을, 봄을 알리는... "
봄 추천여행지 ㅡ 광양 청매실농원
2023년 3월4월 전국 봄꽃축제 아이들과 가볼만한곳 산수유... 
전남 광양 중동의 깔끔한 호텔락희 광양 : 맛있던 조식과 멋진... 
[전남광양] 느랭이골 자연휴양림/글램핑  힐링여행지로 추천!
광양/윤동주시정원/별헤는밤
광양 가볼만한곳 BEST 5 /  광양 여행(최신)
"순천 가볼만한곳, 순천만 습지,여수 돌산대교 일몰(대한민국... "
전라도 여행지 추천 광양 매화축제 설레는군!
3월 국내 여행지 추천 BEST5 :: 어김없이 아름다운 봄 여행지
광양5일시장 의 광양장터국수 한그릇 그리고  광양5일장... 
우리나라  여행지 추천 리스트
가을여행지/광양맛집추천_맛따라 떠나는 광양여행... 
퍼플섬 아스타축제 9.27~전남 드라이브코스 천사섬 보라보라한... 
전남 - 매화꽃향기 가득한 광양매화마을 - [봄꽃여행지/전남봄... 
2021년 블로그 연말결산 :: 아이랑 국내여행 가볼만한곳 총정리
믿음직한 재료로 향토의 맛을 살린 '전국 농가맛집'
지자체 전남 광양 한달살기 여행지원 2023년 6월 16일까지 모집
3월의 봄꽃여행
[문화포털] 여행지에서 만나는 무형문화재 행사 5
[광양 숙박]2014년 광양 국제매화문화축제와 함께하는... 
죽기전에 가봐야할 국내여행지 100곳 ( 1위 ~ 10위 )
3월 국내 여행지 / 3월 봄꽃 축제 봄꽃 여행 봄나들이 추천... 
광양 가볼만한곳 베스트10 추천해요
‘전남 안심여행 50선’ 광양은 어디어디?
"봄꽃감상 여행계획 1탄 - 매화, 벚꽃"
전남광양]광양매화축제와딸기체험
광양 배알도 해변공원 캠핑장 현황 전라도 무인도 섬여행
광양 가볼만한곳 BEST 7 /  광양 여행(최신)
추석 연휴 가볼만한 여행지
광양 와인동굴 시원한 여름 동굴여행
"봄꽃축제, 봄여행지 [지역별봄축제정보 / 봄꽃축제 / 봄사진여행지]"
"가보고 싶은 2022 광양 매화 축제와 먹거리 (추천코스, 전남... "
"“그리워서 심었지”…‘매화 반, 사람 반’ 찬란한 광양의... "
"광양동백축제_옥룡사 동백나무숲 개화시기, 운암사 추천코스... "
"국내 봄 여행지 베스트 50 따윈 잊고,봄바람 따라 떠나는... "
기사로 알아보는 광양 여행지 추천 !! / 광양여행 / 광양... 
동백축제 : 동백꽃 축제 행사 여행지 동백꽃피는시기
국내 여행도 이젠 품격있게
광양 매화마을 홍쌍리 매실농원 섬진강 매화꽃 개화상황 끝물... 
원PD 걸어서 광양여행 - 광양 가볼만한 곳 #광양매화마을
남도의 보물 섬진강이 내려보이는 봉암산성에 아이들과... 
광양 매화마을 청매실농원 매화 만개 3월 19일 방문 후기
광양 가볼만한곳 광양 와인동굴 7월 8월 전라도 여름 여행 추천
"꽃 피는 봄이오면, 전국벚꽃명소는?"
[봄꽃여행] 봄꽃 축제 즐기는 국내 여행지 소개
버즈매거진 : 국내 봄 여행지 추천지
[오늘의 여행 소식] 23.01.02 근로자 9만여명 국내여행 휴가비... 
읍면동/순천시/광양시//주요정책_아동·장애인시설 10곳 중... 
1박2일 촬영장소인 여행지
전남 광양 보리굴비정식집 &lt;영일관&gt;
광양 대형카페 추천 뷰맛집 배알도니테오
국내 꽃 플레이스_봄 나들이 명소 추천
벚꽃말고 '봄' 여행지 추천!
전남산행코스추천 겨울산행코스 여행추천명소들
봄에 가고 싶은 국내 여행지 10곳
광양 매화마을 봄꽃축제 - 카페 추천
잇츠짐이 추천하는 3월 봄꽃 여행지
1박 2일 여행지
동백꽃 추천 여행지 : 동백섬 동백나무 동백꽃축제 추천 여행지... 
전라도 여행지 봄꽃축제 12곳 총정리
매화축제 : 전국 매화꽃 피는 개화시기 매화 여행지 추천
경상도에 가 볼만한 여행지
2015년 봄에 가볼만한 여행지와 축제 장소
진해군항제/화개장터십리벚꽃길/가족여행지추천/주말여행추천
[테마있는 명소-힐링투어] 광양 옥룡사지 동백숲--대통령 둘... 
전라도 광양 매화명소 가볼만한곳 광양매화축제 광양매화마을... 
동백축제 : 동백꽃 피는시기 꽃말 동백 여행지 추천
3월 꽃축제 일정 봄꽃 국내여행지 나들이 가기 좋은 곳!
"1박 2일이 다녀 온 '봄' 여행지 리스트, 지금 봄을 만나러 갑니다!"
광양 서천변 양귀비 수레국화 만개 광양 5월 여행지 추천
전국 봄꽃축제 * 봄꽃으로 가득한 국내봄여행지
화려한 항구 도시!  전남 여수 여행코스 추천
"[광양 맛집_청룡식당]재첩국,재첩회,재첩"
[전북 광양]광양의 가성비 좋은 집 리얼후기
전남 광양매화마을... 점심은 삼대광양불고기 국내 봄 여행지
[봄꽃여행지 추천] 아름다운 봄꽃놀이 명소 베스트5
광양여행/광양가볼만한곳 ★ 사라실 라벤더 농장_광양에서... 
"순천여행 낙안읍성 민속마을 애견동반 가능, 벚꽃구경 봄나들이"
Gwangyang/ 광양예술창고-광양(한국)
"전남 광양여행 갈대쉼터 유채꽃, 벚꽃이 활짝"
LG헬로비전 MBN 강석우의 종점여행 시즌2 4월 29일 첫 방송
[ICFC 기자단 소식] 선조들의 삶과 지혜가 담긴 우리 어촌의... 
[광양 봉강] 깨끗하고 분위기 좋은 캠핑장 추천!BAC 100대명산... 
5월에 가볼만한 광양여행지 신록과 이팝나무가 보기 좋은... 
"광양 왕금한옥마을 다온누리, 옥룡계곡에서 가까운 독채펜션"
2022 고속도로 타고 떠나는 힐링 안심여행_스탬프 투어(이벤트)
봄꽃축제 2016 : 전국 인기 봄나들이 가족 여행지 갈만한곳 추천
(대구에서 가는방법/봄여행지추천/대구출발테마여행사)
[하동 여행 / 구례 여행] 인기 감성숙소 사진으로 한눈에 보기 3... 
[전국여행] 부록: 전국 여행지 &amp; 먹거리 총정리
"[캠퍼스 꿀팁] 2016 봄꽃 축제, 봄 여행지를 소개합니다!"
광양 서천변 양귀비 붉은 꽃들의 유혹
◈ 봄이다! 꽃구경 가자~ 전국 봄꽃 여행지 6선
동백꽃 꽃말되여
1박2일이 다녀온 봄 여행지 추천!!!!!!!!
광양 매화마을  홍쌍리 청매실농원 꽃 지금이네~
"광주 근교 취사 가능한 계곡, 물놀이장 6곳 정보 - 먹깨비 투어"
"봄꽃축제 행사, 봄여행지 유익한 정보 위딧소프트가 보여드려요!"
[여행 Tip6] 자연휴양림을 아시나요?
광양 중동 마사지 : 마통으로 예약하기 간편한 전남 마사지샵... 
남도 광양 볼거리 용장사-성황3층석탑-구봉산 야경 드라이브코스
광양 가볼만한곳 광양 배알도 해변공원 광양 와인동굴
광양 매화마을 매화축제는 취소되어도 봄에 가볼만한곳
전국 봄꽃 개화시기와 지방 봄축제 일정은?/   이번주 산수유... 
광양 배알도 별헤는 다리 배알도 수변공원 으로 주변둘러보기
[거제지심도]여행지추천/ 광양매화정보화마을/ 광양매화마을
테마여행 10선 남도 바닷길 KTX 1박2일 국내 기차여행
"구례 산수유마을, 광양 섬진강 매화마을, 구례 사성암, 섬진강... "
2022년 4월 봄꽃 여행지 List
이른 봄 마중하기 좋은 3곳.
광양매화축제-섬진강 매화향기 따라 봄꽃축제 떠나요~
전남 백운산 구시폭포 에는 뭐가 있을까?!
전라도 여행 가볼만한곳 : 광양 배알도 수변공원 섬 캠핑장
"백운대벚꽃길, 느랭이골글램핑캠핑장, 전남도립미술관"
봄 여행지 12(여행 마니아추천 : 우체국 제공)
코로나로 힘들어도 매화는 피어난다. 광양 매화마을
하동 가볼만한곳 베스트10 안내
배알도 카페 캠핑 사이트에서 힐링하고 다녀온  카페니테오
"광양 ↔ 목포 버스시간표, 예매, 시외버스터미널 정보"
백제시대 요새 축성기술을 느낄 수 있는 곳! '봉암산성(광양... 
전라남도 광양시 백운산 숲에서 즐기는 치유의 캠핑여행... 
"2월,3월에 가면 좋은 곳"
광양 맛집 추천 :: 삼대광양불고기집(수요미식회 불고기편)... 
해양공원 #광양 와인동굴 #광양시 생태공원 #구봉산 전망대
"3월 봄꽃 축제, 봄 여행지(축제정보)"
장곡동 중등 영어학원 공부집중력 메모습관 고등 내신등급관리... 
국내 여행 사진 50선..(펌)-용이라는 분의 사진임다
한국인이 가봐야할 국내여행지 100곳
한국관광공사 추천 국내여행지 100선
"전남 광양 망덕포구 가볼만한곳, 시를품은집 정병욱가옥"
동백꽃축제 : 2016년 전국 동백 여행지 군락지 추천
"50th 광양(매화),하동(삼성궁),구례(산수유)여행"
"[국내여행 추천 광양] 광양 가볼만한 곳 추천, 김 시식지, 정병욱... "
[전남관광정보] 여수 남해 추천 코스 화개길
나
배알도 수변공원 별헤는다리 해맞이다리로 시작한 전라도... 
겨울 국내 여행지 추천
강호동의1박2일 여행지 정보
광양 꽃놀이 여행 '섬진강 매화마을' 섬진마을 탐방기... 
1박 2일 여행지 주소
2023년 봄에 꼭 가봐야 할 여행지 -1.광양매화마을... 
봄나들이 봄여행지 추천 : 영화와 드라마 촬영지 촬영장소
국내여행지 100선
섬진강의 풍광이 한눈에 보이는 불암사 #광양사찰 #광양불암사
전라남도
한국관광공사 추천 전남가볼만한곳 관광두레보고 찾아가요
매화축제 : 전라도 경상도 매화꽃피는 개화 시기 매화여행지 추천
"가자, 전남의 휴양림을 찾아"
"[전남 광양] 광양매화축제 즐긴 후기(주차정보, 실시간 개화... "
여행 맛집 이야기
2023년  광양 매화마을＆구례 산수유마을
봄 꽃 여행지 추천 및 개화시기 알아보고 봄 꽃 구경하러 가요!!
주말여행-가볼 만한 여행지
"광양가볼만한곳 배알도수변공원 캠핑,피크닉 정보 애견동반"
[국내여행 가이드북] 남해안 해안경관도로 15선
오동도-여수오동도여행
전라도 갈만한곳 : 광주 전남 전북 행사일정 여행지
[7-1] [新택리지] 전남 영광군  +  전남 특산가 (全南特産歌)
광양시 ‘남도에서 한 달 여행하기’ 공모 선정
광양 하조 오토캠핑장 이용후기 (feat. 음 생각보다...)
광양 해맞이 다리 배알도
읍면동/순천시/광양시/주요정책_ ‘공무원 규정’ 육아... 
광양 매화마을 축제 및 매화 개화시기
"광양 9미 맛여행, 금목서 광양 불고기 맛집 &amp; 광양 닭숯불구이... "
매화축제 : 매화 개화시기 매화 꽃피는 시기 매화 여행지
3월 여행하기 좋은곳 국내 10곳 해외 5곳
매화꽃 명소 광양 매화마을 매화축제는 취소되었어도... 
[전국] 관광공사 추천여행지 100선
전남체험여행 한국관광공사 관광두레 순천.강진로컬여행
전남 가볼만한곳 - 광양 매화마을 매화축제
광양시를 대표하시는 분들께서 방문~
1박 2일 촬영장소 여행지 목록! 첫 촬영지부터 현재까지 1박... 
간단한 1박 2일 여행지 목록! 주말여행 예당저수지 낚시터 정보 ^^
"도심 속 가족 나들이, 데이트 추천 도시숲에서 산책과 힐링"
"순천시, ‘가든스테이 순천 쉴랑게’예약 순항"
광양시 광양읍 광양 역사문화관 전시관 - 달콤한여행
3월축제 3월여행 : 2012년 3월 인기 행사 여행지 추천
광양 가볼만한곳 이순신대교?
"구례숙소 : 나만 알고싶은 감성 에어비앤비 리스트, 구해줘 숙소"
"광양시, 전남도 ‘남도에서 한 달 여행하기’ 선정"
3월 여행지 추천[남부지방 여행지] 섬진강 따라~ 광양... 
한국 관광공사 추천하는 여행지 100선
낭만과 힐링을 선물하는 ‘남해안 해안경관도로 15선 선정’
선보이는 등 유자 소비촉진에 앞장서[전남조은뉴스/조순익 기자]
"전라남도 광양 가볼만한곳, 맛집, 숙소, 여행코스 추천"
순천 시티투어 버스 세계유산투어 노선도 예약 입장료 할인... 
[봄나들이 갈만한곳]2014년 봄꽃축제일정 정리!! WOW~
K-드라마 영화촬영지여행 sns한국핫플추천명소100
3월 국내 여행지 추천 :: 어김없이 아름다운 봄이 되길 바라며
"벚꽃축제 일정,벚꽃축제 봄꽃축제 소개, 봄여행지추천,4월꽃축제"
쫓비산 매화마을이 호남정맥 백운산둘레길로 바뀐 까닭은?
카레부부의 주말여행 버킷리스트
남원 대강면에서 즐기는 섬진강 자전거길
광양 봉강 성불계곡 대금힐링캠프 : 8.1 토요일 현재 남아있는... 
전국차박여행지1
안 먹으면 후회할 봄철 별미  +  싱싱하고 맛있는 봄철 별미 여행지
"행복이 숲길을 거닐다, 가족이 함께 즐길 수 있는 자연휴양림"
[광양 가볼만한곳] 와인과 예술의 만남 광양와인동굴
국내 여행지 100선 / 한국인이... 가볼만한 곳 추천 / 여행지 추천
"[국내여행] 바다가 던지는 조용한 위로, 광양 중마금호 수변공원"
"4년 만에 돌아온 2023년 광양매화축제 (매화 개화시기, 주차 등)"
[광양맛집 / 락희호텔근처맛집] 광양에서만 먹을 수 있는 별미!... 
경상도에 가 볼만한 여행지
큰평상 4호를 소개합니다^_^ : 광양 봉강 성불계곡 대금힐링캠프
"광양시,‘남도에서 한 달 여행하기’사업 공모 선정... "
광양호텔추천 이순신대교가 한눈에보이는 광양 락희호텔
매화축제 : 매화꽃 개화시기 인기 전국 매화 여행지 추천 2016
남파랑길
연둣빛 봄에 떠나는 5색 광양여행 코스 #백운산 #광양읍... 
"대한민국 방방곡곡 여행박람회 강원도, 전북,광주, 전남 에서... "
광양 섬진강 민박 영빈관 카페 밥과 술까지!
꼭 가봐야 할 여행지 13선
광양시 ‘남도에서 한 달 여행하기’ 프로그램 운영
[광양 소학재카페] : 3000평의 아름다운 정원이 어우러진... 
광양 락희호텔 이순신대교 뷰 조식뷔페가 흡족했던 여행
"섬진강 따라 봄을 달리다, 광양시 추천 자전거길"
전라도 여행지 추천 | 전라도 여행 | 전라도 여행 가볼 만한 곳... 
우리 꽃비 맞으러 갈래요? / 봄봄봄…꽃이 아름다운 여행지 8곳
하동 가볼만한곳 - 화개장터
"[일상][여행]19.06.22~23,대학동기들 계곡 여름 물놀이1"
광양 매화축제  2019 섬진강 매화마을
"광양매화축제 광양매화마을 주차, 포토존, 개화상태"
"광양여행, 옥룡면 동곡리 선동마을 백운산 백운사"
"[3월여행지]백운산과 섬진강 매화축제(전남 광양), 지리산... "
광양 바다 위 산책로 배알도수변공원~망덕포구 짚라인 준공하면... 
광양 가볼만한곳 광양 배알도 해변공원 망덕포구 전라도 바다... 
3월 국내 여행 추천 광양 매화마을(주차 꿀팁 포함) &amp; 쫓비산 등산
1박2일 봄여행지로 알아 본 가볼만한 봄철여행지
광양 매화마을 구례 운조루
"동행 1박 2일 여행 1일차,   화개장터 재래시장에서 걷고  광양... "
[영어인터넷강의]봄을 즐기러 떠나자!
광양 가볼만한곳 서천변 광양 카페 구루커피 인스타 갬성 가득
2월에 가볼 만한 남도의 매화 여행지
여수 중앙동 여행집 이순신광장 여수 여행 선물 기념품샵
대한민국 베스트셀러 여행지
"봄을 찾아 떠나는 섬진강 광양여행, 홍쌍리 매화마을 축제"
(5) [전남 가볼 만한 곳! 먹을 만한 곳!] 트래블리더 광양 팸투어... 
[가맹점소식] 2023년 3월 문화누리카드 신규/추천가맹점
[여수남해 카페] 고즈넉한 주택개조 감성카페 ‘휴가저택’
봄이 가장 먼저 오는 아름다운 여행지
구름 위 신비의 공간 ‘느랭이골’    #별빛축제 #글램핑장... 
&lt;광양&gt; 봄에 가볼만한곳 - 매화향기 그윽한 광양 매화마을
흑설탕으로 봄꽃 나무를 꾸며요
"광양 느랭이골 자연리조트, 편백나무숲 자연속 트레킹코스"
3월 여행지 추천 국내여행지 BEST
광양 매화마을 여행후기
윤슬 / 광양 매화마을 다녀온 후기♀️
"삼성궁, 최참판댁 등 하동 가볼만한곳 5곳"
"섬진강 매화마을, 광양 매화축제 - 이전 축제의 기억들"
"백운산 국사봉 철쭉축제 기간 및 일정, 가수, 위치, 가는길 정보... "
봄여행지 추천 : 전국 인기 영화 드라마 촬영지
성불사 가사 위치 의 밤 악보 의 밤 mp3
구봉산 전망대ᆢ광양 여긴 꼭 가봐야해
"[하동 여행] 3박 4일 하동 가을 여행(feat.남해,숙소,맛집 추천)"
광양 매화축제 개막 홍쌍리청 매실농원 개화소식 봄 여행지
광양매화축제 2017 취소되었습니다. 안타깝네요
"[2021서포터즈] 로맨틱한 가을에 흠뻑 취해보자, 광양으로... "
[2010년 꼭 가봐야 할 '여행지 13選']
7월 전라도 축제일정 (7월 전라도 가볼만한곳)
(여행) 봄이 가장 먼저 오는 여행지
한국관광공사에서 선정한 봄 시즌 비대면 안심관광지 25곳 위치
[3월/여행지추천]17년 3월 국내 매화축제
"[2016년 2월 22일] 주요일정..광양시/광주광역시/순천시,2월 16... "
부산국제관광전서 전남 홍보관 최우수홍보상
현대와 전통이 어우러지는 광양 여행
"전남도, ‘실내박물관’서... 방문 [전남조은뉴스/조순익 기자]"
광양예술창고의 새로운 미디어 전시 #미디어아트페스티벌
이순신대교를 한눈에! 묘도 휴게소 #추석에 가야 해 #광양만이... 
광양제철소가 있는 광양 싹쓰리 여행 코스
전남도청 선정-여행 가볼만 한 관광지 63곳 1편(1~22)
2017 광양매화축제_전국축제정보
[풍속문화사] 안시성 승리 주역은 고구려의 첨단무기 ‘찰갑’... 
버스투어로 전라남도 곳곳을~♪ 남도한바퀴
광양 재첩잡이 배알도 차박 망덕포구
[추천여행지] 주말에 가볼 만한 곳 모두 모여라!!!  아이들이... 
[2010년 꼭 가봐야 할 '여행지 13選'] 봄…폭신한 봄이 내려... 
광양 가볼만한곳 베스트10 :: 여행 연구소
"광양장도박물관 - 정절과 의리, 충효의 상징 장도粧刀."
렌트카렌터카 너무나 좋은 전기차연비순위에 대해 조건 따라... 
강진체험여행 전남가볼만한곳 관광두레 통하세요~
가고 싶은 섬. 섬 여행지 추천. 가볼만한 섬
잊지 못할 봄 여행지 12 곳-주부 여행 마니아들이 추천
"봄의산책- 전남 광양 매화마을, 매화축제(청매실농원) 梅花... "
"전라남도 김영록 도지사 / 청정 전남, 블루 이코노미"
겨울밤이 아름다운 ‘광양 느랭이골 빛축제‘
[풍성한남도] 나랑 야경보러 가지 않을래? 남도야경투어 추천
1박2일 추천 여행지 172곳 총정리
[구례/하동] 1박 2일 여행 첫째 날:: 국내 여행지 가볼 만한 곳... 
농/가/맛/집......수더분하고 구수한 그 맛을 찾아서
[문화누리]2023년 3월 문화누리카드 신규/추천가맹점
"[광양호텔] 오션뷰 호텔락희 광양 (숙박,조식, 레스토랑 도시락)"
경상도에 가 볼만한 여행지
아침 햇살 머금은 ‘매화 봉수대’ 찬란한 꽃불 피우다…노을... 
"전남 강진 여행, 밤을 즐기는 나 홀로 야간여행 강진 나이트드림"
광양여행 광양와인동굴 다녀왔어요 : 입장료도 확인!
광양 안심여행지 백운산자연휴양림·망덕포구·배알도로 힐링여행
2018년 제4회 트래블아이 어워즈 시상식 참관기
대전 핑크뮬리 신탄진 지금이 절정! 3대명소는 어디?
[나들이장소추천] 봄맞으러 가요~ 화사한 3월 봄 꽃 축제 : D
&lt;2023년 광양 매화축제&gt; 매화향에 흠뻑 빠지다 &amp; 교통혼잡을... 
♬ 여수 밤바다와    돌산공원♬
"전남 여수, 광양 분석 스터디(with 부산빠꾸미 선생님)"
봄 분위기 물씬 나는 솔로 &amp; 커플 여행 핫플레이스 추천!
[전남 광양 여행-3] 일출 &amp; 일몰이 유명한 야경명소 &lt;구봉산... 
목포가볼만한곳 스탬프투어 하고 선물은 덤(목포기차여행)
2015년가을여행! 전국가을축제입니다
봄에 갈만한 곳 TOP3
"[여행] 매화, 산수유 봄꽃여행"
올여름 최고의 휴가지로 전남농촌체험휴양마을 6곳 선정
[문화추천] 3월 4월 봄여행 추천! 봄꽃여행의 시작은 ‘봄의... 
&lt;특집&gt;고유가가 전남관광산업에 미치는 영향 및 대응방안 -1... 
남해안의 아름다운 바다 경관 &lt;남해안 오션뷰 명소 20선&gt;
봄이 가장 먼저 오는 아름다운 여행지
"광양 여행 가볼만한곳 광양 와인동굴, 광양 불고기 거리"
"단속한다..전남도, 4월... 50% 감면[전남조은뉴스/조순익 기자]"
광양 여행 바다같이 넓은 섬진강 배알도 수변공원
