[예산여행] 충북 근교 여행지로 제격인 충남 예산군 | 예산시장... 
"충남 예산군, 추천할만한 여름 여행지 3곳은?"
"[충남 예산] 남보부부 여름휴가... 예산군 데이트코스, 여행지... "
충남예산군   알뜰하게확실하게
&quot;백종원이 아니었으면 좋은 여행지 놓칠뻔...&quot; 충남 예산군에서... 
"충남 예산군 대표 관광지,예당호 출렁다리 추천"
충남예산군  똑똑한선택
&quot;백종원이 아니었으면 좋은 여행지 놓칠뻔...&quot; 충남 예산군에서... 
(충남예산군) 가족외식 장소 추천 예산 예당저수지 맛집... 
#충남예산군#예산추천여행지#덕산#대치리#가야산#가야봉#KBS.... 
충남 예산군 한정식 맛집 수덕사 산고을 식당 더덕정식 반찬... 
충남예산군 충남 예산군 덕산면 날씨  시원하게! 방법은 여깁니다
[예산] 예산 여행지추천 :: 예산군 하루 만에 잡아먹기
충남 예산군 내포보부상촌 아이들과 가볼만한곳
충남 예산군 역사문화슬로시티여행~스탬프투어 사과온천황새... 
충남여행지 예산 여행 예당호 출렁다리 음악분수 시간... 
올 추석 명절 가족과 함께 '충남 예산군' 관광명소 즐겨봐요
힐링 국내 여행지 추천 : 예산군 수덕사 템플스테이 체험... 
충남여행지 예산 여행  김정희 추사고택
"#충남 예산군 온천여행 《예당호출렁다리, 예당호모노레일... "
충청남도 예산군가볼만한곳 예산군 핫플레이스 먹방여행지... 
예산 가볼만한곳 충남 여행지 예당호 출렁다리 모노레일 음악분수
1박2일 가족여행 추천 여행지  충남 예당호 예산 출렁다리... 
[충남 예산군] 덕산 스플라스 근처 ; 나만 알고싶은 정갈한 밥집... 
출렁다리 음악분수 시간 주차 예당관광지 충남 여행지 데이트 코스
충남 예산 여행지 아이랑 갈만한곳 덕산온천 눈썰매장... 
충남예산 아이와갈만한곳 7월여행지 호국영령 유적지... 
국내여행지추천 충남예산 예당호느린호수길 &amp; 출렁다리 주말여행
심완예 충남 예산군의원 “학생 관광상품 발굴해야”
예산 가볼만한곳 충남 여행지 천년고찰 예산 덕숭산 수덕사
예산 가볼만한곳 여행 예산 수덕사 충남 여행지
[충청남도 예산군 골목양조장... 5월 비오는날 가볼만한곳 여행지]
추사 김정희 고택(충남 예산군)
여행이좋다 :: 예산 가볼만한곳 예산군 볼거리 여행지 숙박 정보
"예산군 황새공원, '충남 생태여행지 10선' 선정"
충남 자연뷰 산책맛집 여행지를 추천합니다! (펌)
예산 가볼만한곳 윤봉길의사 기념관 충남 여행지 아이와... 
충남여행 예산 가볼만한 곳 &lt; 수덕사 &gt; 예산 여행지
[8월 여행지 추천] 충남 예산 가볼 만한 곳!
충남 예산 가을여행지 당일여행 추천 수덕사 보덕사 남연군묘... 
"김영진 충남 예산군의원, 관광지 반려동물 동반 입장 확대 제안"
예산 가볼만한곳 9 놀거리 1박 2일 여행지 충남 여행 코스
충남 당진 아그로랜드 태산목장 국내 여행지 추천 입장료 주차
예산 윤봉길의사기념관 충의사 충남 우리나라 여행지
충남 여행지 당진 아그로랜드 태신목장 주말 아이와 가볼만한곳
골목양조장 백술상회 예산 핫플레이스 국내 주말 여행지
Best10 충남 가볼만한곳  충청겹벚꽃 4월추천여행지... 
충남 여행지 가볼만한곳 백종원 예산시장 먹거리 영업시간 주말... 
겨울 국내 여행지 추천 충청도 여행 충남 예산 예당호 출렁다리
"향기로운 충남 나들이 예산 향천사, 붉은 단풍 여행지"
내 고향 충남 예산 여행... 리솜 워터파크) ♨ 겨울 여행지 추천
충남 예산 가볼만한곳 예당호 출렁다리 등 여행코스
가을 여행지 추천:: 목가적인 풍경이 아름다운 충남 예산 카페... 
충남 여행지 예산 가볼만한곳 의좋은형제 공원 의좋은 형제... 
예산국수 예산8미 예산시장 여행지 먹거리 장옥 선봉국수
1박2일시즌4 충남예산촬영지... 덕산온천 수덕사여행지
"[충남 예산] 아름다운 충남 여행지 예산 가볼만한곳, 수덕사... "
"추억의 골목스케치, 충남 골목 여행지 베스트 8"
송림산림욕장/충남 지역 ‘친환경 추천 여행지’
충남 여행지 예산 예당호 출렁다리와 예당국민관광지
국내여행 충남 예산여행지 아이와함께 가볼만한곳 내포보부상촌
충남 예산여행 11월 풍경을 담아낸 금오산 향천사의 단풍 명소
예당호 카페 아레테 충남 예산 여행지 가볼만한곳 황금나무... 
충남 예산 덕산온천 겨울철 여행지 &quot;스플라스 리솜 온천 워터파크&quot;
[촌식이의 하루] 부모님과 함께 다녀온 충남 아산 1박 2일 코스... 
충남 예산 덕숭산 수덕사! 절... 시간 가을 여행지 가볼만한 곳
예당 저수지와 예당호 출렁다리가 있는 충남 여행지로 떠나요
충남 예산여행 의좋은형제공원 아이와 가볼만한곳
덕산 스플라스 리솜 워터파크 준비물 충남 예산 여행지 아이와... 
충남 근대공주 전통예산 국내 뚜벅이 시간여행 (충청남도... 
예산군 여행 아그로랜드 태신목장
충남 예산 가을나들이... 예당호모노레일: 청주근교여행지로 추천
충남 예산 덕산테라스 무인텔 노천탕이 있는 복층 예산 숙소
"충남 예산 예당호 모노레일 요금 예약, 아이와 가볼만한 여행지"
충남 가을여행지 예산 예당호 출렁다리에서 야간 빛 축제... 
충남 여행지 예산 가볼만한곳 백종원 예산시장 맛집 추천... 
국내 여행지 추천 충남 가볼만한곳 10월 여행지 예당호 모노레일
공주 1박 2일 여행코스 추천 8곳(+충남 여행지)
예산 여행지 예당호 출렁다리 야경 음악분수 멋지고
[충남/예산] 백설농부 | 예산정원카페 | 대전근교 가을여행지... 
충남여행지 예산시장 9월 축제 백종원 맥주 페스티발 일정... 
충남여행 예산 수덕사 고즈넉한 덕숭산 힐링여행지
충남 예산 예당호 출렁다리 가볼만한 여행지
9월 10월 가을꽃 여행지 모음10 가을여행 국내여행 청산수목원... 
충남 예산 추사 김정희 고택 여행 가볼만한 곳
"사회적 거리두기 실천하는 충남 여행지, 드라이브 코스 5선"
"데이트♡ | 충남 예산군 [T.... 고향, 예당저수지, 커플여행지 추천]"
"충남 예산 숙박, 예산시장 근처 숙소 추천, 가성비갑... "
예산시장 예산장터광장  백종원골목  충남여행지추천
샤스타데이지 명소::청보리밭이 펼쳐진 충남 예산  카페 여행지... 
"캠페인 방역 우수 관광지 중 강원, 경기, 충북, 충남 소재 여행지"
충남 예산 덕산 내포보부상촌... 당일치기 여행지 입장료 할인... 
충남 예산군의여행지
충남가볼만한곳 예산여행지 수덕사 단풍에 물들다.
&lt;예산&gt; 충남 10월 아이와 가볼만한곳 가을여행지... 
종강을 맞이해 가볼 만한 충남 언택트 여행지 4곳! 거리 두기... 
아그로랜드 태신목장 수레국화 (충남 당진 가볼만한곳 여행지)
충남 예산황새공원 충청도 생태체험 여행지
"트레킹 (충남 여행... 5코스, 충의사, 남연군묘) 국내여행지 추천"
충남 예산군 네번째로 길다는 예당호 출렁다리
"충남 예산 윤봉길 의사 생가와 유적 충의사, 윤봉길 의사 기념관... "
충남 예산군 ; 새로운 핫플! 백종원의 예산시장 살리기 프로젝트
가을 국내 여행지 추천 예산 가볼만한곳 대흥면 '더 느린 여행'
충남 여행지 아그로랜드 태신 목장 겹벚꽃 포함 볼거리 다양한... 
찬란한 덕숭산 수덕사 단풍 예산 가볼만한곳 충남 단풍여행지추천
충남 예산 여행 백종원 예산시장 장터 광장 테이블 (feat.... 
충남예산/예당저수지/예산맛집/소쿠리밥상/여행지추천[강남... 
충남예산 가볼만한곳 여행지추천 [수덕사] 예산여행 주차... 
"[충남 예산군] 현지인 추천 모임장소, 광시한우길/한우맛집... "
충남 예산 여행지 가볼만한 곳 추천 :) 주말 아이들과 다녀오기... 
충남 여행지 예산 관광지 가볼만한곳 예당저수지 산책로... 
충청남도에서 충남 15시군의 여행지 10곳 총 150곳을... 
"충남여행 2편 - 예산군 광시한우마을, 의좋은형제공원... "
충남여행지 예산가볼만한곳 : 삽다리곱창 현지인 맛집
충남 예산 가볼만한곳 추사고택 볼거리 혼자 여행 추천 힐링... 
"[국내여행지추천] 당일치기 여행, 충남 예산 가볼만한 곳... "
이번 주말 추천 여행지 예산 코스모스 만발 아그로랜드 태신목장
8월여행지 여름휴가 아이와가볼만한곳 예산 보부상박물관... 
충남여행지 덕산 스파캐슬 스플라스 리솜 워터파크 개장
충남 축제 9월 가볼만한곳 예산황새축제 황새는 못말려가... 
충남 예산 가볼만한곳 대흥면 생활관광 더느린여행 예당호... 
"충남 여행지 추천 : 예산 여행, 스탬프투어(기념품)"
"국내 온천여행지 추천 - 충남 리솜스파캐슬, 속초 설악워터피아... "
연꽃의 계절 여름 가볼만한곳 충남  당진 합덕제 7월 8월 여행지
[충남/예산] 충청도 여행지 ‘아그로랜드 태신목장’
"충남 예산군 해미읍성, 추사 고택, ... 태안반도 안면도 여행"
[충남 예산군] 기억들 모아 모아 1
충남예산군 사찰 '쌍지암'
충남 가볼만한곳 예산황토사과축제 다녀왔어요~~
"겨울에 놀러가기 좋은곳, 국내온천여행지로 유명한 충남 예산"
충남 예산 가볼만한곳 가을 생활관광 대흥면 더느린 여행 체험기
충남 여행지 예산 달팽이 미술관 슬로시티 가볼만한곳
"[국내여행지추천] 당일치기 여행, 충남 예산 가볼 만한 곳... "
[충남 여행지 추천]코로나19를 극복하는 방법!... 
"[충남예산여행지][예당저수지][예당호] 예당호 출렁다리,예당호... "
예산 봄 여행지 추천 추사고택 :: 충남 수선화 명소 가볼만한곳
충남 예산 숙소 출렁다리 감성 개별 바베큐 펜션 구공스테이... 
충남 예산시장 백종원 상설시장 맛집 이용팁
화담숲 추사고택 지리산치즈랜드 3월추천여행지 4월추천여행지
충남 예산 카페 수덕사 근처 가볼만한곳 유양창고
[예산여행] 한옥카페 간양길 추석연휴 여행지 카페여행
[충남 예산] 예산 가볼만한 곳 백종원 예산시장 방문후기... 
2021.06.12-13 당진 뚜벅이여행 가볼만한곳 충남 예산군... 
호반호텔&amp; 리조트:) 충남 여행지 워터파크추천 리솜스파캐슬... 
#충남방역우수여행지
"충남 당진 여행 신리성지 한국여행지 추천 조용한 공간, 순례길"
우리나라 주말 여행지 추천... 입장료 겹벚꽃 충남 벚꽃명소
충남 예산군 덕산 스플라스 리솜 워터파크 - 온천과 함께 가족... 
예산 내포보부상촌 어린이날 나들이 주말 여행지
충남 예산군 예당호출렁다리&amp;음악분수 (21년 2월 20일... 
충남여행지! 가족여행 스플라스 리솜 워터파크로 고고! 리뉴얼... 
충남 여행지 예산 추사고택 &amp; 사브작 걸으며 주변 가볼만한곳
충남 예산 여행지 가볼만한곳 드라이브 코스 황새공원
충남 예산 여행 예당호 출렁다리 음악분수
"충남 예산 당일치기 여행, 백종원 예산 시장 재개장 후"
충남 예산 가볼만한곳 백종원거리 예산시장 상설시장이라... 
걷기 좋은 충남 예산 가을 여행지 예당호 출렁다리 걸어요
충남 서산 예산 가볼만한곳... 예당호출렁다리 간월암 여행지 추천
충남 여행지 추천 예산시장 백종원거리
충남 예산 가볼만한곳 백종원 예산시장 예당저수지 등 5
충남 예산 가볼만한곳 예산여행 6 예당호 출렁다리 음악분수... 
"충남 예산 여행지 가볼만한곳, 수덕사 외 3곳"
충남 예산 여행! 예당 저수지와 예당호 출렁다리
충남  예산 사과축제 가을 나들이
충남 봄 겹벚꽃 명소 데이트 여행코스 베스트 6
예산군 '예당호 느린호수길' 대한민국 안심관광지 선정
손짜장대가 - 짜장면 &amp; 송이덮밥 맛집 | 충남 예산군 [T. 오가면... 
충남 예산 여행 온천을 즐길수 있는 덕산 스플라스리솜
충남 예산 여행지 추천 분위기 좋은 카페 &quot;제2막&quot;
"(충남 내포 걷기좋은길) 예산군 명상치유숲길, 댑싸리원"
"[국내여행지추천] 당일치기 여행 추천, 충남 예산 가볼만한 곳... "
"충남 여행  예산 가볼 만한 곳 : 예산 백종원 시장, 예당저수지... "
충남 당진시 서산시와 맞닿은 예산군 오토캠핑장 테슬라... 
예산군 주말에 갈만한곳 내포보부상촌
국내 9월 축제 여행지 추천 가볼만한곳 10 기본정보 (서울 근교... 
충남 예산 놀거리 아이와 가볼만한곳 관광 명소 여행지 추천... 
타임 -카페소복 | 충남 예산 [T.... 충청남도 예산군 예산읍... 
예산가볼만한곳 수덕사 예산여행 추천 입장료 충남여행지... 
외국 부럽지 않은 이국적인 분위기의 충남의 명소
"충남 예산 청보리가 가득한 신상 카페, 백설농부"
예산여행 대한민국 안심여행지 선정된 예당호느린호수길
가볼만한 곳 예산 보부상촌테마파크 물놀이 추천 충남여행지
충남 예산군 가볼만한 곳: (2015.05.02) (예산여행지 추천... 
[당진여행] 충남 당진 여행추천 :: 봄 여행지 아그로랜드 태신목장
예산 아그로랜드 아이들과 함께 하기 좋은 여행지
"아름다운 충남의 봄,여름,가을,겨울"
충남 예산 예당호 빛축제 빛나유 출렁다리 야경 환상이야
"충남 예산 가볼 만한 곳 | 아그로랜드 태신목장, 내포보부상촌... "
충남 예산 수덕사 대웅전 여행 가볼만한곳 입장료 운영시간
충남 예산 여행 힐링하기 좋은 예당호출렁다리(운영시간 정보)
"충남여행지 + 예산맛집 :: 예당호출렁다리, 민물나라 어죽, 수덕사"
예산여행 겨울에는 뜨끈뜨끈한 덕산온천에서 몸을 담그고... 
충남 예산 카페 추천 백설농부 메리골드가 만개인 정원카페
충남 예산여행코스 고속도로 예산휴게소 당진방향
덕산 스플라스 리솜 워터파크 온천 겨울 스파여행
충남 아이랑 여행 / 덕산 스플라스 리솜 주변 여행지
가족의 사랑을 확인할 수 있는 충남 예산 의좋은형제축제
경북 가을여행지 추천 문경새재 도립공원 코스따라 단풍명소 여행
충남 온천 여행 예산 덕산 스플라스 리솜 리조트 워터파크 온천몽
충남 예산 가볼만한 곳... 음악분수 시간 반려견 동반 여행지
충남 예산가볼만한곳 예산 핫플 여행지 예산시장(백종원... 
예산군 군청 고시 공고 로고 관광 명소 맛집
충남 예산 예당호 출렁다리 가야하는 이유 의외의 주변 볼거리... 
충남 예산군 아름다운 예당저수지의  좌대가 있는 낚시터 풍경
국내여행지 추천 충남여행지 예산 예당호 모노레일
아산 7개 여행지 1박 2일! (ft. 충남 여행지)
아름다운 충남 3대 출렁다리
"예산군,으뜸 청정지역에서 즐기는 힐링투어"
"[충남/예산] 충남 예산 '백종원' 예산 전통시장, 금요일 방문... "
충남 여행 예산시장 맛집 추천 장터 광장 및 삼국 축제
자연이 아름다운 슬기로운 충남여행  베스트 8
예산 가볼만한곳/충남 여행/예산 여행/충남 가볼만한곳
"충남 서해안 당일 여행…공세리 성당, 김정희 고택, 예당호... "
추사고택 충남 여행지 예산10경 아시나요?
추석 여행지 추천 가족과 시간 보내기 좋은 장소 5
예산여행 봉수산자연휴양림 예산 가볼만한곳 충남 아이와... 
충남 예산 가볼만한곳 수덕사/수덕사 대웅전 삼층석탑
충남 여행 예산 가볼만한 곳 의좋은 형제 공원 &amp; 대흥동헌... 
국내 겨울 여행지 추천 가족 여행지로 좋은 아산 온양온천과... 
충청남도 예산군 갈만한곳 여행지... 입장료는 없습니다...
충남예산여행 호수로 떠나는 힐링여행지 예당호 느린호수길... 
[충남 충북] 전국 캠핑장 중부지역 방문 추천 총정리
[6차산업] 올 여름 핫플! 6차산업 국내 여행지 여기 어때?!
충남 여행 예산 예당호 출렁다리 예당 저수지 예당 관광지
예산시장 맛집 ft. 예산 가볼만한곳/충남 여행/예산 여행 갈만한곳
2023 가을 추천 여행지 TOP 10!
예당호 출렁다리 예천여행 데이트코스로 굿
모노레일 타고 국내 최대 저수지 둘러보기
"충남도의 숨겨진 명소, 나만 알고 싶은 매력적인 여행지!"
충남 예산 가볼만한곳 예당호 출렁다리 모노레일 운행시간 입장권
충남 여행 가볼만한곳 예산황새공원 | 제3회 예산황새축제
충남국내여행 카페둔리 가족 커플 친구 누구와도 아늑하게 즐길... 
충남 가볼만한곳 덕산... 리솜 리조트 국내 온천여행 충남여행 코스
충남 감성숙소 독채 온천 풀빌라 온연 프라이빗11월... 
"[예산 가볼만한곳] 명실상부 충남 생태여행지, '제1회... "
11월 국내 서울근교 가을 당일치기 여행지 추천 예당호... 
예산 스탬프투어 여행도 하고 선물도 받고~[콘텐츠제작... 
겨울은 노천탕이지!  [국내 온천 여행지 추천]
충남 나들이 아이랑 가볼만한 곳 추사기념관 예산 여행지로 추천
충남 여행지 꼭 가볼만 한 곳 추천 예산 예당호 출렁다리
"충남 예산군 가야산(677.6ｍ) 등산로 코스/소개,산악회"
충남 예산군 수덕사에서 엄마는 오늘도 또 식사중~~♡
충남 예산여행 예산시장 백종원거리 먹거리 추천해요!
"[예산군 응봉면]예당호 출렁다리, 모노레일 그리고 벚꽃(긴글... "
충청도 가볼만한곳 충남 예산... 만들기.농장체험 1박2일여행지
공주 1박 2일 여행코스 추천 8곳! (ft. 충남 여행지)
충남 예산 출렁다리 음악분수 모노레일 예당호 관광
태랑 타운하우스(단독형)☆★☆충남 예산군 덕산면 옥계리... 
충남 예산 여행 대흥 슬로시티 대흥동헌과 달팽이 미술관
여행지에서 맛보는 군자삼락 첫날
충남 여행지 추천 : 예산 아그로랜드 태신목장
맞는 여행을 위해! 2020 특별 여행주간 추천여행지(feat.이벤트)
"예산군, 여름휴가 추천 여행지 “여기는 꼭 가자”"
충청도 예산 여행지 아이와 가볼만한곳 내포보부상촌 물놀이장... 
임시정부 수립 100주년 기념! 충남에서 꼭 가봐야 할 역사 여행지
서산 가볼만한곳 베스트10 추천 충남 여행지
충남 당진 아이랑 가기좋은 아그로랜드 태신목장
충남 가을 단풍여행지 수덕사 한정식 맛집 ' 덕숭식당 '
예산 가볼만한곳 충남 수덕사 엄마랑 여행하기 좋은 예산여행... 
한적한 가을 여행지 충남 예산 성당
충청남도 가 볼만한 곳 예산군 예당호 출렁다리 엄청 길다!
골때리는 외박 1회 충남 예산 카페 숙소 촬영지 FC 아나콘다... 
예산 언택트(Untact) 여행지 Top 5
"[충남 예산군] 예당호 출렁다리 강아지랑 여행,음악분수 시간... "
"예산 가볼만한곳 예산시장, 예당호 출렁다리 모노레일 등... "
충남 갈만한곳 예산 덕산 스플라스 리솜 리조트 (ft. 충청도 여행)
청양 1박 2일 여행코스 추천 7곳! (ft. 충남 여행지)
"다시 가고 싶은 곳, 예산황새공원 .. [충남예산여행]"
광시 한우테마공원의 여유로움 깊은 가을
충남 예산 여행 백종원 예산시장 장날 주차 오픈 시간 휴무 평일... 
"충남가볼만한곳 예산여행, 언택트힐링여행지 예당저수지"
겨울여행지 추천 덕산 스플라스 온천 워터파크
"충청남도 예산군 예당저수지 출렁다리, 너무 예쁜 뷰!"
충남 예산 여행지 :) 예당저수지 예당호 출렁다리 여행 후기... 
연휴 기분전환 힐링 여행지 추천 전국 100선 모음 가을 여행지
충남 나들이 예산 가볼만한곳 백종원 예산시장 장날 장터광장... 
내포보부상촌/ 아이들과 함께하는 추억 역사 공부여행/충남예산... 
예산 가볼 만한 곳 백종원거리 예산시장 장터광장
[충청남도여행] 충남 베스트 여행지 - 2
4월 가볼만한곳 : 충남 예산 수선화 꽃구경 추사 고택
"예산 수덕사 대웅전 관람 입장료, 충남 사찰여행 가볼만한곳"
여행후기: 충남예산군 1)아그로랜드 (태신목장)
"충남 예산여행 맛집, 백종원 삽교 곱창거리 곱창인가 후기!"
"예산가볼만한곳 덕산온천, 수덕사 맛집&amp;카페, 삽교곱창거리 추천"
충남 예산 여행코스 OK웨스턴승마클럽 승마장 일일체험 즐거워
예산 추사 김정희 고택 추사기념관 완당 예산 가볼 만한 곳
충남 데이트코스 예산 내포보부상촌 물놀이터 입장료 할인 식당... 
5월 가족의 날 가기 좋은 여행지
색다른 국내여행지 충남 홍성 홍예공원 독립운동가의 거리
충남 여행지 / 음악 분수가 장관이었던 ' 예당호 출렁다리 '
충남여행 예산 가볼만한 곳 &lt; 예당호 출렁다리 &gt; 음악분수... 
충남 당진 가볼만한곳 사진찍기 좋은 아그로랜드 태신목장의 봄
운해가 아름다운 예당저수지의 가을
충남 단풍 구경 명소 예산 향천사
푸른 초원과 목가적인 풍경이 아름다운 충남여행지 아그로랜드... 
충남당진 가볼만한곳/ 당진 아그로랜드 태신목장 삽교호... 
충남 예산 가볼만한 곳 백종원거리 예산상설시장(신광정육점... 
2021년 11월 축제일정 전국 93곳 모음 11월 여행지 추천... 
수덕사 겨울풍경 예산 가볼만한곳 겨울여행지추천
예당호 음악 분수 시간과 출렁다리 낮과 밤 비교 충남 예산... 
낮과 밤의 아름다운 매력 '예당호'
충남 여행 예산 가볼만한곳 덕산 스플라스 리솜 워터파크 / s25... 
예당호 출렁다리 예산여행 코스(충남여행지)
손가락 닮은 여행지? '대박 손가락 바위'
깊은 가을도 아름다운 예산황새공원
예산 가을 여행지 아그로랜드 태신목장 코스모스
"충남 예산 여행 예당호 출렁다리, 걷고 싶은 느린호수길"
[ 아산온천여행 / 겨울여행지 추천 ] 충남 아산 가볼만한곳
충남 예산 가볼만한곳 예당호 출렁다리 와 음악분수
"예산군, 예당호 야간 음악분수 및 느린호수길 '여름 시즌... "
충남 당진 1박 2일 여행 코스 아그로랜드 신리성지 호텔로씨오... 
충남 아이와 가볼만한곳 나들이 당진 아그로랜드 태신목장... 
&lt;예산&gt; 충남여행 가볼만한곳 드라이브 데이트 코스-예당호... 
"[머물다] 충남 예산 수덕사, 2020년을 마무리하는 즈음에.."
예산 1박2일 여행지 가볼 만한 곳 수덕사
[충남예산 숙소] 구공스테이 해월
"당진 아그로랜드 태신목장, 충남 당진 예산 여행 맛집 캠핑장"
여행지 사전 답사-충남 예산 출렁다리
초록을 담은 5월 국내 여행지 추천 7곳
충남가볼만한곳 대흥슬로시티 의좋은형제마을
당진/예산 아그로랜드 태신목장 충남 아이와 가기좋은곳
"예산 윤봉길의사기념관, 충의사 아이와 가볼만한 역사 여행지"
"예산군 대흥슬로시티, 2월 가볼만한 곳 선정"
충남 예산 야경 여행 가볼만한곳 예당호 출렁다리 음악 분수... 
충남 예산 예당호 느린 호수길 예당호 출렁다리
"충남 당진 여행, 가을로... 당진여행지추천, 당일치기"
[예산 여행] 충남 가볼만한곳 예산시장 맛집 털고 왔어요^^
&lt;예산&gt; 충남 가볼만한곳 드라이브 데이트 코스-덕산... 
&lt;예산&gt; 충남 가볼만한곳 예산 가을 여행지 - 삼국축제
&lt;예산&gt;충남 아이와가볼만한곳 가족여행 가을나들이... 
충남여행지 내포보부상촌::충남비오는날갈만한곳... 
가을 단풍여행지 - 여승으로 유명한 예산군 수덕사에 다녀오다.
예산 가볼만한곳 봄꽃 여행지 추사고택 수선화 살구꽃 자목련... 
사과 따고 소세지 만들고~충남에서 보내는 가을 이색 농촌체험!
"충남 여행지 스플라스 리솜 리조트, 워터파크 다녀온 주말 여행"
충남 여행 예산 대흥동헌
당진 아그로랜드 초록초록해!가족여행지로 추천~
"[충남예산: 예당호 출렁다리, 모노레일]예산의 대표관광지 꼭... "
"고즈넉함이 폴폴~ 충남 나들이 예산여행! 향교, 카페이안, 산성"
아그로랜드 태신목장에서의 아름다운 가을 추억 만들기... 
지역별 커플 여행지~! - 1
예산 겨울여행지 베스트 5
충남 예산명소 시원함을 느낄 수 있는 예당호 출렁다리
개인적으로 좋았던 충남 여행지 7선 (언택트 가족여행 추천)
&lt;예산&gt;충남 10월 가볼만한곳 가을여행 추천 야경명소... 
충남 예산 여행 예당저수지 예당호출렁다리 강아지 데리고... 
드디어 가본 예산군 백종원 시장~ 옛 느낌 그대로
충남 예산 여행:: 예당호 모노레일 출렁다리 전망대 탑승후기 요금
충남 예산시장 국수 맛집 [예가국수]
예산여행 꽃무릇 가득 피어나는 예당국민관광지
충남 여행 백종원 예산시장 맛집 추천 사과당 방문후기 이용 및... 
예산여행[충남 예산 가볼만한... 동반 여행지/간양길 카페... 
1+1 힐링 예산여행 &quot;국립예산치유의숲 &amp; 예당호 출렁다리&quot;...... 
예산군 여행 예당관광지 국민여가캠핑장
7월 국내 여름 여행지 추천 :: 내린천래프팅 포천 루지월드... 
[충남 예산]예당호 출렁다리와 음악분수로 안내합니다.... 
9월에 꼭 가봐야 하는 여행지 5곳
당진 가볼만한곳 코스모스여행지추천 당진주말데이트코스
예산 맛집 외갓집 소머리국밥 : 백종원 다녀간 국밥맛집
예산 가을여행지 추천
내포 보부상촌 - 아이들과 가볼만한 충남여행의 끝판왕은... 
충남단풍여행지 / 충남가을여행지 / 수덕사대웅전 / 수덕사주차... 
"국내여행지추천, 야경명소 충남 예산 예당호 출렁다리"
충남 예산 예당호 출렁다리 산책 (ft. 주차장)
국내1박2일여행지추천으로... 충청도가볼만한곳으로 충남드라... 
예산의 숨은 여행지 오추리 고택
[충남 예산] 실존 인물로 알려진의좋은 형제를 기리는 의좋은... 
[충남/예산여행] 예당저수지의 조각공원
백종원 예산시장 먹거리 장옥 다녀온 후기 (국내 여행지 추천)
예산여행 단풍이 아름다운 향천사 가을여행지로 딱이야!
국내 여행지 추천-  재개장한 백종원 예산시장 평일 후기
"충남의 사계절을 즐기다, 꽃과 자연을 찾아 떠나는 충남여행"
여행지추천 - 천년고찰의 숨결을 느끼고 온 예산 수덕사... 
"충남 예산여행 가볼만한곳 봉대미폭포, 백종원거리... "
아산 1박 2일 여행코스 추천 7곳! (ft. 충남 여행지)
&lt;예산&gt; 충남 아이와 가볼만한곳 국내 가족여행추천 나들이... 
[예산 여행지 추천] 기대 이상이었던 예당호 출렁다리 꼭... 
충남 서산  내포문화숲길 개심사 겹벚꽃나무와 청벚꽃을 찾아
여행코스 백종원의 충남 예산시장에서 가장 핫한 가게 사과당
국내여행 우리땅 구석구석 베스트 여행지-충남 예산 수덕사
&lt;노사문화&gt;충남 예산군-역사와 이야기가 있는 넉넉한 여행
충남 예산 아이들과 가볼만한곳 볼거리 먹거리 모두 갖춘... 
&lt;예산&gt; 충남 가을여행 가볼만한곳 꽃구경 나들이-예산장터... 
충남더숨여행 생태여행지 10선 예산여행 (예산출렁다리... 
충남 예산 여행에서 만나는 추사 김정희 선생 고택 둘러보기
[당진여행] 10월 국내 가을 여행지 ‘아그로랜드 태신목장’... 
충남 여행지 추천 _ 덕산온천
충남 예산 가볼만한곳 예당호 출렁다리 추천
"충남여행지 특히 워터파크추천하는 스플라스리솜, 여길 빼놓을... "
예산 여행 체리따기체험 림스체리 농장 충남 아이와 가볼만한곳
[충남 예산] 윤봉길의사 사적지-사과체험-온천
[충남예산 5인 가족여행/아기랑 가을여행지 추천] 초가을에... 
"예산 가볼 만한 곳, 8월 힐링여행지 예당저수지 갈수기 그 두... "
"예산 여행지에서 먹은 예산8미 할머니 곱창,국밥,어죽"
예산 아그로랜드 태신목장 / 5월에 가기좋은 여행지
충청도 겹벚꽃 명소 4월에 가볼만한곳 당진 여행지로 추천
예산 덕산 스플라스 리솜 숙박과 워터파크 여행 정보
추사고택의 5월 .. [충남예산여행]
예당호 출렁다리 . 충청도 예산 여행지 추천 가볼만한 곳
[예산여행] 아그로랜드 태신목장 아이들과함께 가볼만한곳
[내포보부상촌]예산여행/내포보부상촌/아이들과여행하기... 
충남 예산 가볼만한곳 내포보부상촌 예산시장 당일치기 갈만한곳
충남 예산 가볼만한곳 버스투어 내포보부상촌 수덕사 예당호... 
아그로랜드 태신목장 핑크뮬리 명소 핑크핑크해! 충남여행지추천
충남 가볼만한곳 백종원 예산시장 주차 장날 맛집 방문후기
"예당저수지 뷰 맛집, 디저트 맛집! 충남 '예산' &lt;화이트하우스&gt;"
[충남 예산] 예당호... 음악분수 빛축제 가족 연인 여행지로 추천
"충남 당일치기 가을 여행, 예산 수덕사와 서산 간월도 간월암"
&lt;포디믹스 일상&gt; 충남 예산군/ 예당호 출렁다리/예산 여행
"당진 가볼만한곳 추천, 당일치기 가을여행지 신리성지 외 2곳"
충남 예산 당일치기 가볼만한곳 관광 여행 코스 - 예당호... 
[충남/예산] 겹벚꽃이 팡팡!!아그로랜드 태신목장
충남 여행지 추천-예산 추사김정희고택을 여행하다
"충남 예산 봉수산수목원 가볼만한곳, 신상여행지 곤충생태관... "
[충남 예산] 백종원 선생님 덕분에 계획하게 된 예산여행... 
맛있는여행 삽교곱창거리
예당호 출렁다리 예산 필수 여행지
충남 당일치기 여행 예산 가볼만한곳 3곳 엑셀공유
"차분한 분위기, 충남 힐링 여행 / 1박 2일 여행지 추천 :: 죽도... "
[충남 예산 카페] 황화코스모스가 핀 백설농부카페(애견동반... 
[여행지: 예산] 1박 2일 꽉찬 여행! / 예당호 출렁다리/황새공원... 
충남 가볼만한곳 예산여행 예당호 출렁다리
[예산 여행] 수덕사 :: 예산 근처 여행지// 예산 놀러 갈 곳... 
10월 여행지 가을 축제가 한창인 영주로 오이소~
충남 예산 가볼만한곳 이쁜 온실에서 힐링 여행 + 청보리밭
"『예당호 출렁다리』 충남 근교의 가볼만한곳, 예산장터 삼국축제"
"예산군 모범음식점 맛집-예산8미 민물어죽, 광시한우, 수덕사... "
예산 송림사와 박기성가옥 그리고 외갓집소머리국밥집
예산 여행 충남 예산 예당호 출렁다리 예산 가볼만한곳 예당호... 
충남 예산 가볼만한 곳 가을여행추천코스
충남 예산 맛집 진한국밥 덕산 스플라스 리솜 근처(수육국밥)
충남 예산군 덕산면 옥계리에 위치하 태랑 타운하우스 인접... 
충남 예산 예당호 출렁다리 음악분수 대통령의 맛집 소복갈비
충남문화유산  예술가 이응노화백의 집 수덕여관의 숨겨진... 
충남 당진 여행 코스 당일치기 가볼만한 곳 아미미술관... 
▶예산나들이◀백종원 예산시장 맛집 선봉국수/은갈치가게... 
충남 예산 가볼만한 곳 수덕사 맛집 약선공양간
충남 드라이브 코스 예산 가볼만한곳 여행 예당호 출렁다리 및... 
충남 예산여행으로 가볼만한절 수덕사
"충남 예산 '예당호 중앙생태공원' 드론뷰, 광시예산 버스시간... "
"충남 예산 황새공원으로 떠나는 환경생태 여행, 멸종위기... "
"예산세심천,가야온천호텔,덕산온천,리솜스파캐슬,전국온천여행지"
충남 여행지 예산 가볼만한곳 전국유명사찰 가을 단풍명소... 
충남 예산 가볼만한곳 : 당진 아그로랜드 태신목장 여행
"충남 예산 여행, 예당호 모노레일에서 호수뷰"
"충남 예산 가볼만한 곳 (예산 볼거리, 여행 코스 BEST 10)"
충남 예산 예당호 출렁다리 음악분수 야경 명소
&lt;예산&gt; 충남 가볼만한곳 가족여행 나들이-예당호 출렁다리... 
"충남 예산 가볼만한곳 ; 추사고택, 황새공원 외 여행코스"
[예산갈만한곳/여행지] 형님먼저 아우먼저 의좋은형제공원
테마가 있는 겨울 온천 여행지 10선
[충남예산] 충의사_윤봉길의사기념관
충남 예산 여행 가볼만한곳 예당호모노레일 가격 예약 주차 후기
충남 예산시장 백종원거리 / 골목양조장 고려떡집
충남 당진 가볼만한곳 당일치기 여행 코스 추천 3곳 (삽교호... 
"[여행지-추사고택] 수선화, 매화꽃이 활짝 피었네요"
[수덕사맛집/예산맛집/충남맛집] 수덕식당 - 산채비빔밥에... 
충남 가볼만한곳 베스트10 훌륭해요
예당호 모노레일 개통 및 축하불꽃축제
예산 대흥동헌 - 느티나무와 벚나무가 예쁜 여행지
충남여행 예산가볼만한곳 수덕사 카페뜰안 사진찍기 좋은 곳
스테이타워 클린형 후기 (feat. 아이 동반 워터파크 여행지 추천!)
"충남 예산 가볼만한곳, 예산 예당호 출렁다리 음악분수,"
충청남도 가볼만한곳 #생태여행지(충남여행/여름)
"충남 예산, 아그로랜드태신목장]"
충남 예산 가야산 등산코스 덕산도립공원 진달래산행 (ft.... 
충청 여행지
"충남 가볼만한곳 내포신도시 애향공원, 홍성과 예산의 사라진... "
당진 가볼만한 여행지 아그로랜드 태신목장 수레국화 양귀비와... 
겨울여행지 천북굴단지 (솔직후기)
[뚜벅이도 충분히 가능한] 충남 예산 당일치기 여행 코스 추천
국내 여행지 추천 순천만국가정원 외 5곳 with 니콘... 
서산 1박 2일 여행코스 추천 7곳! (ft. 충남 여행지)
충남 당진 아이들과 가볼만한곳 포토존 많은 아그로랜드태신목장
예산군군민여가캠핑장단녀오다.(2016년 4월 23일)
[예산여행] 충남여행 충남가볼만한곳 예산시장 예당호모노레일
충남온천 가족여행~스파뷰호텔에서 카라반&amp;스파
"[여행지-윤봉길의사 기념관] 비올때 역사공부도 하며, 잠시... "
예산가볼만한곳 예산여행 예당호출렁다리 예산백종원시장 후기
충남 예산 가볼만한곳 추사고택 수선화 노랑노랑 존예
"예산군 예당호 느린호수길, 한국관광공사 ‘6월 추천 가볼... "
"3월 국내 여행지 추천 10곳 :: 봄꽃구경, 수선화, 유채꽃... "
[예산 가볼만한곳] 이번 주말 가족 여행지 추천! 예산황새공원!
나만 알고 싶은 숨은여행지 1박2일 국내여행하기 좋은... 
[충남서산] 충남 서산 가볼만한 곳/ 충남여행지 정리
[충남 예산] 예산 추어탕 예산 삼계탕 예산 맛집... 
"수덕사 맛집 만희식당 예산 가볼만한곳, 가을힐링여행지추천"
덕산 스플라스 리솜 겨울방학 여행지 온천워터파크
충남가볼만한곳 예산 추사고택 4월 봄꽃여행 수선화명소
예산군 덕산리솜스파앞 감성뷰맛집 갤러리카페 #아이리스27... 
"충남 알짜 여행지 6선, 20% 부족한 휴가를 꽉 채워줄 '히든카드... "
[여행지-예당저수지] 우리나라에서 제일 넓은 저수지에서 산책... 
[예산시장]충남 가볼만한 곳 추천 및 먹거리 &amp; 장터광장 웨이팅... 
충남 여행 드라이브 명소 봄 향기가 가득한 예산 추사고택
"예산군, ‘산업형 관광도시’ 자리매김"
[충남] 예산 수덕사 - 한 여름의 산사 여행
[11월여행지추천] 단풍이 아름다운 예산성당
삽교 곱창거리 백종원 레시피 돼지곱창맛집 먹방여행 맛집여행
충남 예산 소갈비 대통령의 맛집 ‘소복갈비’ 예산 본점.
충남 예산 가볼만한곳 / 이야기가있는 여행 수덕여관
충남여행 가볼만한곳 예산... 수덕사 등 충남 드라이브코스
예당호 출렁다리 모노레일 가격 및 시간 - 충남 예산 가볼만한... 
걸어서 세계여행 - 충남 예산 “힐링 여행지  추천”
충남 예산 수덕사 입장료 템플스테이 대웅전 둘러보기
"예산시장 장날, 주차 이용정보, 먹거리"
[예산] 아름다운 천년의 사찰 '수덕사' 예산 여행지 추천
예산 스탬프투어 황새공원 미니동물원
충남 가볼만한곳 베스트10 명소
내포보부상촌 . 예산 보부상촌 충청도 가볼만한곳 여행지 추천
충남 예산 가볼 만한 곳 백종원 예산 시장맛집집(신양튀김... 
한국의 아름다운 가을 여행지 추천
"충남예산 가볼만한곳  백종원 예산시장,예산 당일치기 여행"
삽교호 함상공원이 있는 충남 당진의 아미미술관과... 
"[충남/예산] 형님먼저,아우먼저 &quot;의좋은 형제마을&quot;"
철새들과 함께 숨쉬는 곳 옥계저수지(덕산저수지) - 충남 예산
예산 핫플 여행지 예산시장백종원
"예산 여행 : 한국관광공사가 추천한 2월 가볼만한 곳, 충남 예산... "
[여기 Go] 10월 11월 여행지. 청주에서 예산으로 예당호... 
충남 아이와 가볼만한곳 예산 내포보부상촌 물놀이터
11㎢에 육박하는 광활한 수면 예당저수지 - 충남 예산
[백종원예산시장] 장날다녀온 예산시장장터 평일방문기
가을 가족여행지로 좋은 예산 황새공원을 찾아가다.
2022 가을에 즐길 만한 황화코스모스핫플 국내여행지 Best9... 
가기 좋은 예당장어. [예산군 슬로시티에 대해 알고 계신가요?]
충남 예산 여행 충의사 윤봉길의사기념관 아이와 가볼만한곳
[예당호 출렁다리] 예산 가족여행 부모님과 가볼만한곳 추천
충남가족여행지 역사가 숨쉬는 곳(서산/아산/예산)
충남 예산 봄 여행! 추사고택 수선화 꽃밭에서 꽃놀이~
충남 예산시장 주차 백종원시장 평일 둘러보기 (수림상회... 
특색 있는 충남 여행지를 정보를 얻다
[한국관광공사 대전충남지사 가봄 오시연] 팸투어를 떠나다!... 
제7회예산장터삼국축제 가을충남여행은 예산축제 기대
예산 가볼만한곳 윤봉길의사 유적지 (충의사와 기념관)
대폭 축소된 예산 의좋은형제축제
충남도 '관광객이 뽑은 충남관광 100선' 공개
"충남 예산 여행 추사 김정희 고택, 추사기념관"
국내 겨울여행지 추천 : 덕산스플라스리솜 덕산 야외온천 여행... 
아그로랜드 태신목장 당진 6월 여행지로 추천 수레수국 만개... 
청도반시축제 2023 청도세계코미디아트페스티벌과 동시 개최
서울근교 당일치기 여행 충남 예산 여행코스 추천
예산 가볼 만한 소머리국밥 맛집 삽교역 근처 &quot;한일식당&quot;
충남여행 예산 가볼만한곳 예당호 느린호수길 중앙생태공원
"백종원거리 충남 예산 가볼만한 곳 : 예산시장, 예당호 황금나무... "
지구를 먼저 생각하는 충남 예산의 GREEN 친환경 착한여행... 
"[신선-삶·글·프] 덕산현의 옛 지위 충만한 곳, 충남 예산 덕산향교"
[충남 예산] 예산시장_백종원거리_1부
23.08.18~19. 1박 2일 예산태안여행 - 삽교시장 곱창특화거리... 
한국관광공사 추천 - 국내여행지 100선(계절별)
인생샷 건지기 좋은 당진 추천 여행지
♤ 힐링여행지 충남 덕숭산(德崇山).용봉산 찾아서
"겨울엔 온천 필수, 충남 온천여행 :: 검은핑크상어"
"(충남 예산여행) 추사 고택, 용궁리 백송, 화암사 - 추사... "
예산 봉수산 수목원&amp;예당호 출렁다리
충남 예산 가볼만한곳 메타세콰이어길 운치 있어
덕산 스파캐슬 여름 여행지로 떠난 워터파크 개장한 스플라스... 
예당저수지 히트좌대 배스 붕어 낚시 남자들의 1박 2일 여행후기
찿긴 했지만 여전히 명불허전 가을 단풍여행지로 강추합니다 ~^^
"예산 여행 : 백제 부흥운동의 거점지, 충남 예산 봉수산 임존성"
충남 예산의 가볼만한곳 - 수덕사
예산 군가 볼만한 곳 예당호 출렁다리
충남 덕산 ‘나운리조트 숲속동’ 팬션 손님맞이 새 단장 마쳐!
[충남 예산] 삽교역 브런치카페 그리고삽교
가볼만한곳 여행코스 인기여행지 BEST 10 관광명소 추천 (+충남)
충남 예산 여행 예당호 출렁다리 볼거리 음악분수 모노레일... 
충남 예산 가볼만한곳 감성 노지 캠핑 추천 무아카라반 예약... 
예산 여행 가볼 만한 곳 : 신암면 추사고택과 추사 김정희 기념관
충남 예산 가볼만한곳 예산여행  코스 수덕사 예당호 예산시장
[예산] 예당호 출렁다리 빛축제 모노레일 예약 음악분수 일몰
충청도 예산 가볼만한곳 5 아그로랜드에서 출발한 여행지
국내여행 코스 및 여행지 정리
"[여행]자연이 품은 역사와 문화의 고장, 충남 예산"
충청남도 예산군 충남의 보물 같은 마을 풍경 힐링코스... 
[덕산] 스플라스 리솜 / 겨울 국내 온천 여행지 추천
[제주여행] 제주추천여행지 '추사 유배지' - 추사 김정희의... 
충남 예산 여행 예산시장/예당호 출렁다리/윤봉길의사기념관
충남 예산 내포보부상촌 * 충청도 아이와 가볼만한곳
충남 예산 여행 가볼만한곳 의좋은형제 가을축제 가족여행
충청남도 가볼만한 곳 지역별 총정리 (도시별 여행지 추천)
"예산 여행 : 2021-2022 한국관광 100선, 충남 가볼만한곳 추사... "
"아기랑 충남 예산여행, 수선화 꽃 가득한 시골농장 겸 정원카페... "
스플라스 리솜 온천몽 팝업전시 아이와 국내 겨울 온천여행지... 
우리 어디가? 5월 봄 단기방학 국내 여행지 꿀정보 추천해요!
충남 예산 가볼만한곳 수덕사 가을 풍경 전국유명사찰 여행
여름휴가 여기 어때요? 환경친화적인 여행지 추천!
예산 태신목장 수레국화 양귀비 사진 찍기 좋은 포토존이 있는... 
"[충남/예산] 예당호 출렁다리, 예산 가볼 만한 곳"
서울 근교 온천 | 덕산 스플라스 리솜 온천 워터파크 후기 및 꿀팁
가을 갬성 퐁퐁 나들이 충남기념물 예산성당 + 꽃구경
예산여행 추사 김정희 선생 고택 (백송공원)
충남 예산 가볼만한 곳 | 예당호 출렁다리 포토존&amp;야경
서울 1시간 근거리 당일치기 여행지 충남 당진... 
예산여행 예당호 출렁다리&amp;모노레일
12월 국내 여행지 추천 시작하는 겨울 여행 즐겨보자!
6월 국내 여행지 추천! 꽃구경 할 수 있는 관광지 아그로랜드... 
예산맛집 소복갈비 예산시장 예산여행 맛집여행
당진 여행코스 봄꽃구경을 즐길 수 있는 국내 봄 여행지 당진... 
예산 추사고택 김정희 한국 여행 관광지
"충남 예산 예당호 출렁다리, 음악 분수, 펜션 좌대 &amp; 어죽 맛집... "
충남 예당저수지 배스낚시 예산 예당 하와이좌대낚시 비용... 
"벚꽃, 목련, 수선화를 한 곳에서 볼 수 있는 봄꽃 여행지 &lt; 예산... "
충남 예산 가볼만한곳 예당호 출렁다리 음악분수 야경 명소
충남 예산 겨울 여행지
충남 예산 아이와 가볼만한곳 예당호 모노레일 가격 현장발권... 
충남 예산 여행 의좋은형제공원 꽃차 농장체험 등 가볼만한곳
충남 예산 오리주물럭 맛집 !! 월척 오리 다녀왔습니다.
예산읍 삽티공원과 향천사 그리고 꽃여울카페
충남 예산 가볼만한곳 가을 국내여행 대흥면 더느린여행 추천
[휠체어 타고 방방곡곡] 충남... 살아 있는 SNS 핫플 여행지
오광스와 알아보는 온천여행지!!
예당호 모노레일과 예당호의 가을
"충남의 온천 여행지 추천! 가족, 친구, 연인들과 가기 좋은 온천... "
충남 문화유산 이야기와 함께하는 감성 여행/ 예산 가볼만한 곳... 
충청남도 예산군 맛집 상설재래시장 예산전통시장 5일장... 
충남 예산 가볼만한곳 | 당일치기 여행코스(예당호 출렁다리... 
세종/대전 근교 여행 아이랑 부모님 모시고 충남 예산 예당호... 
예산8미에 드는 예산곱창(feat 할머니딸곱창마을)
한국관광공사가 추천하는 국내 여행지 15곳 추천
충남 덕산 스플라스리솜 워터파크 온천몽 겨울 휴양지 국내... 
KBS 1박 2일이 촬영된 여행지 소개
"충남 예산 가볼만한 곳, 여행코스 추천::봉수산자연휴양림... "
"촌캉스, 반려견 여행, 한옥스테이 등 국내 이색 여행! 살아보기... "
충남 가볼만한곳 예산 예당호 출렁다리 드라이브코스
[충남 알짜 여행지 6선] 20% 부족한 휴가를 꽉 채워줄 '히든카드'
"코로나19로 변한 나날, 자연 속으로 향하는 164곳의 힐링 여행지"
아쉬운 예산시장 아이들과 방문하기 좋은 예산여행지 추천
"예산 여행 가볼만한곳 - 예당호 출렁다리, 모노레일, 수덕사... "
충남 예산 여행 광시한우 마을/ 황새마을
예산 가볼만한곳 / 예당호 출렁다리 · 모노레일 · 조각공원
"예산 가볼만한 곳 산책하기 좋고, 동물들도 있어 아이와 함께... "
충남 가볼만한 곳 예당호 출렁다리 포함 여행코스 5
개인적인 가보고싶은 워터파크 수영장 여행지 추천 BEST5
"충남 예산의 랜드마크, 예당호 출렁다리"
[예산] 갈만한곳 수덕사 꽃무릇 가을나들이
덕산 스플라스 리솜 리조트 스테이타워 객실 조식 라라랜드 근처
"산림청 선정, 걷기 좋은 명품숲길 30선, 꼭 걸어 가볼만한 길"
[충남/당진] 당진 여행지 추천(삽교천)
가을에 충남 가볼만한곳 대한민국 문화의 달 10월 축제
[추석 연휴 여행] 나들이 명소 모음 가볼만한 곳 가을여행지... 
[충북 예산/박속황태칼국수] 시원한 열무 메밀 막국수
예산가볼만한곳 예산시장 예산장날 예당호출렁다리 수덕사... 
충남 예산 가볼만한곳 예당호 출렁다리 모노레일 및 치유의숲... 
[충남예산캠핑장] 캠린이와 캠퍼들께 추천하는 힐링여행지 ’... 
예산 가볼만한곳 수덕사 윤봉길의사 생가 광현당 충의사
충남드라이브코스 예산가볼만한곳 걷기좋은길 치유의숲... 
충남 예산 디저트 맛집 : 달콤한 사과파이 사과당
국내 겨울여행지 추천 겨울이라 더 좋은 곳
예산 가볼만한곳 예당저수지 가을
이번 가을 1박 2일 예산여행 추천합니다
충남 예산 아그로랜드 태신목장 방문기 / 수레국화 개화 / 위치... 
한여름 더위 탈출은 예산 '내포보부상촌' 전통문화 체험... 
백종원예산시장 지도 주차장 정보 및 테이블 예약방법
덕산 스플라스 리솜 워터파크 온천 사우나 (ft. 충청도 여행)
충남 예산 가볼만한곳 7곳 예당호 모노레일 삼국축제 외
충남 예산 예당호 출렁다리 음악분수 보고 둘레길 걷기
아그로랜드 수레국화가 가득 :  실시간 개화현황... 
예산 예당호 출렁다리 산책하기!
충청도 당일여행추천  이야기가 있는 겨울여행지 수덕여관... 
10월 여행 백종원 예산시장 주말 후기 이틀 내내 방문한 맛집... 
애견동반과 함께하는 당일치기 예산 여행코스 추천(예산시장... 
플렉스클린형 /스폴리스리솜 / 물놀이여행지추천
"충남 예산 시장 (백종원거리) 주말방문 후기, 이용방법 꿀팁"
예산 예당호 모노레일 개통 축하 예당호 출렁다리 불꽃축제
국내 5월에 여행가기 좋은 여행지 리스트 추천 7곳
덕산 스플라스 리솜 s30 겨울 가볼만한곳 예산 덕산온천 숙소
충남 가볼만한곳 :: 충남 온천 스플라스 리솜 워터파크
가을여행 예산군 가볼만한곳 수덕사여행 상주시행정동우회
충남 예산 맛집 '역전장터국밥' 텀브 커피숍
역사 인물과 여행지
가을에 걷기 좋은 여행지 추천
충남 가볼만한곳 예당호 출렁다리 한국관광 100선 충남편 #5
예산 아그로랜드 태신목장 가을여행(코스모스)
예산여행 윤봉길의사 기념관
1월 국내 여행지 Best 4 [ 충청남도 추천 여행지 ]
2023-2024 한국 여행 100선
충남 가볼만한곳 베스트 10 충청남도 여행지 추천
국내여행 충남 가볼만한곳 예산 여행 황새공원
(예산의명소 추사고택) 충남의명소 영조대왕의증손자... 
덕산 온천 스플라스리솜 스파 요금할인 및 준비물 꿀팁
충남 예산 가볼만한 곳 '수덕사' 대웅전과 정혜사
1박2일 충남 예산여행(feat. 충청권 힐링여행... 
"충남 예산 | 예산, 당진 당일치기 나들이 명소, &quot;아그로랜드... "
충남 예산군 수덕사
한국관광공사 강소형 잠재관광지여행 예산장터삼국축제
3월 국내 여행지 추천-윤봉길 선생님 기념관/수덕사 가요.
"그냥 떠나자!(예산군 예당호,태안군 볏가리마을 구멍바위... "
"여행지 추천, 예산휴게소(대전방향) 맛집 대전방향으로 가는중"
가볼만한곳 농장체험 예당호 출렁다리 음악분수 외 가족여행지
당진 아그로랜드 태신목장 수레국화 초원 당일여행지 가볼 만한... 
예산 갈만한곳 예당호출렁다리(이용시간)
당진 예산 당일치기 추천 여행지:: '아그로랜드' 입장료 포토존... 
예산가볼만한곳 예산시장
[충남예산여행지/충남 예산 가볼만한곳] 우리가 이렇게 편하게... 
[충남예산여행] 의좋은 형제의고장 예산 팸투어 -4편  저한당... 
곳 '내포보부상촌' 할인 정보 덕산 스플라스 리솜 주변 여행지 추천
[충남 예산] 유양창고
충남 예산 여행 의좋은형제 공원
예산 가볼만한곳 예산치유의숲 걷기좋은길 메타쉐콰이어길... 
예산가볼만한곳 예당호출렁다리 설경 예산맛집 : 대흥식당... 
"레트로감성카페, 주말데이트코스 커피향에 취하는 아저씨커피"
대전 근교 겨울 여행지 추천 덕산 스플라스 리솜 온천 워터파크
충남 예산여행 역사 인물:면암 최익현 선생묘소(재실)
충남여행지/예산 가볼만한 곳/ 보부상유품전시관[예덕상무사]
12월여행지 수덕사 눈이와요!
kt금호렌터카 가 추천하는 1박 2일 충남 예산
스파  워터파크 / 플렉스타워 s30 후기ㅣ충남 아이와 가볼만한 곳
충남 예산 가볼만한 곳 : 아그로랜드
"덕산온천과 공세리성당을 찾아가는 여행 (충남 아산, 예산... "
충청도 여행지 아이와 가볼만한곳 예산황새공원
충청도 가볼만한곳 여행지 예산 가을축제 의좋은 형제공원
고즈넉한 사찰 여행 예산 수덕사 (단풍 시즌 방문하기 좋은 곳)
예당호 모노레일 충남 예산 가족여행
미세먼지 없는 세상 되었으면...충남 생태여행지 10선... 
"충남 예산 가볼만한곳 추사고택, 기념관, 체험관, 가을여행"
【충남명소/예산】... 있는 충남 모노레일 명소 / 야갼에도 탈 수... 
"[전국 겹벚꽃 명소] 서울, 충청, 전라, 경상도, 겹벚꽃 여행지"
당일치기 가능한 해외같은 온천여행 예산 덕산 스플라스 리솜... 
"서울 근교 여행지, 자연과 함께 힐링충전! 당진 여행지 추천!"
"12월 겨울 여행지 추천, 전국 방방 곳곳 BEST. 5"
예산시장 백종원 시장이 되다 충남 가볼만한곳 국내여행
충남 겨울여행 천년고찰 예산 수덕사
"예당호 출렁다리,대천해수욕장(충남 나들이 코스)"
"충남 예산 여행 가볼만한곳 BEST 6 (예산 시장, 예당호 음악분수... "
예산여행 자연 속에서 힐링 아그로랜드 태신목장
예산 시장 주차장 정보와 백종원 국밥거리 포함 예산 여행
9월과 더불어 선선한 가을에 가면 좋은 여행지 Top5
"당진 가볼만한곳  한진포구, 카페피어라, 삽교호 놀이동산... "
[충남 예산] 아그로랜드 태신목장
"[예산군 덕산면] 수덕사도 둘러보고 , 전통한정식도 먹은 여행... "
충남 예산여행과 함께하는 스탬프투어
아이와 함께 갈만한 곳 예산 내포 보부상촌
충남 가야산 겨울 산행 - 2014년 2월 23일(일)
충남 여행 예산 가볼만한곳 예당호 출렁다리 음악분수... 
충남 예산 &lt; 가야산 덕산도립공원 &gt;
"[충남여행지] 충남예산 예당호, 예당저수지~ 우리나라에서 가장... "
"예산 코스모스 여행지, 아그로랜드 태신목장(주차, 입장료)"
덕숭총림수덕사/대한불교조계종/대웅전/예산군
볼거리 많은 충남 예산 가볼만한곳~ 내포보부상촌
예산여행 100선 5 예당호
오후 6시 이후 무료로 입장해서 바비큐체험(유료)을 즐길 수... 
안전한 여행 중심 '2020 특별 여행주간(7월 1~19일)'
"예산 가볼만한곳 암하리생태공원, 웅장한 열녀바위 &amp; 경치 좋은... "
[리솜리조트] 차가운 겨울에 즐기는 따뜻한 힐링! 리솜 브랜드... 
충남 예산 가볼만한곳 &lt;메타세콰이어길 &amp; 덕산온천 족욕체험장... 
국내 야외 노천 온천탕 추천 BEST 9
7월 국내여행지추천 충남 예산 가볼만한곳 봉수산 자연휴양림... 
충청도 예산 여행코스 덕산 내포보부상촌 봉수산 자연휴양림... 
힐링여행에 좋은 충청남도 예산군 대흥면
스플라스 리솜 온천 워터파크 요금 및 운영 시간
"예산 여행 예당호 모노레일,출렁다리 예산시장"
충남 예산 가볼만한곳 예당호 출렁다리와 예당저수지 둘레길
"가을 축제, 9월 축제 / 계림바스 9월 #경품이벤트"
국내여행지추천: 당진여행- 당진아그로랜드 태신목장에서 가을... 
예산 기차여행 단풍이 곱게 물든  예산 성당 꽃밭
[예산 애견동반 여행] - 돌다리농원에 사과 따러 가요/봄의 꽃과... 
국내 6월 여행지 '당진 가볼만한곳' BEST 3 : 아미미술관... 
청양 맛집 추천 베스트 7 (ft. 충남 여행)
"4월 5월 충남 당진,서산 봄 나들이 가볼만한곳 정리. 겹벚꽃 시기"
충남 예산 가볼만한곳 내포보부상촌 맛집 식당 음식 할인 정보
예산 수덕사 예산여행지 가볼만한곳
"가을 온천여행, 온천도시 추천"
당진여행 충남여행 태안여행 아이들과 주말에 가기 좋은 곳... 
"아무도 예상하지 못했던, 예산 당일 치기 여행"
"[여행] 여름휴가, 예산여행 덕숭산 수덕사"
대전 근교 당일 여행 예산 예당호 출렁다리 예당저수지... 
충남 예산 가볼만한곳 내포보부상촌 가족여행 딱이에요
덕산 리솜스파캐슬 [충남여행/예산여행]
겨울이 되기 전에 피톤치드 받아보자! 국가숲길 6종
대한민국 관광사진 공모전 2019 안내 (및 2018 수상작)
국내 조용한 여행지 추천 임존성 예산 여행 가볼만한곳
여행은 살아 보는 거야 | 두 번째 이야기 &lt;충남에서 여자혼자... 
공주 숙소 추천 베스트 5 (ft. 충남 여행 숙박)
[포이의 여행] 충남 주말에 가볼만한곳 여기 어때요? (웅도... 
10월 가을 여행지 추천 예산 의좋은형제 공원
예산 가볼만한곳 치유의 숲길과 예산향교 힐링 여행 코스
예산여행 의좋은형제축제 개최되는 의좋은형제공원 방문기
【충남명소/예산】 &quot;예당호... 예당호레이져빔영상쇼 / 충남야... 
충남 예산 여행 &lt;메타세콰이어길&gt; 족욕 체험하고 걷기
충남 예산 가볼만한곳 예당호가 보이는 예산 예당호조각공원
"예산 가볼만한곳, 예당호 출렁다리"
스플라스 리솜 플랙스타워 S30 B타입 뷰 및 후기... 
음악분수 레이저 빔영상쇼 운영시간 안내 겨울 여행지 추천
충남 가볼만한곳 삽교호관광지 &amp; 아산 당진 당일치기!
충남예산여행/수덕사에서 즐거운 하루를~/ 산채로정식으로... 
충남 가볼만한곳 예산 여행 추사 김정희선생 고택
충남 예산 느린꼬부랑길 제1코스 옛이야기길 정보
아이들과 충남 예산 예당호  출렁다리 즉흥여행:  봄밤에 본... 
충남 여행 스플라스 리솜 내돈내산 객실 리뷰 (feat. 워터파크... 
충남안심여행지 쉼과 힐링 체험형 테마파크 예산 내포 보부상촌
예당저수지를 지키는 황금나무의 지나간 겨울풍경
국내온천여행 꼭 가고 싶던 온연 프라이빗 빌라에서 즐기는... 
[예산] 맥주페스티벌 예산시장 장터광장 가을먹거리 축제 실시간
"리솜 워터파크,숙박"
예산 추사고택과 추사기념관 초등학생 아이와 함께 떠나는... 
[우리나라 그림 같은 여행지] 충남 예산 예당저수지
충남 예산 덕산온천 가족탕있는 스파뷰호텔 ( 독채펜션 사랑채... 
공주 맛집 베스트 10 추천 리스트! (ft. 충남 여행)
예당호 모노레일 &amp; 출렁다리 :  서울근교 나들이 장소 추천! 예쁜... 
충청남도 사계절 충남 놀거리 먹거리 축제 가득
충청도 가을축제 아이랑 가볼만한곳 베스트3
짙어가는 가을향기를 느낄수 있는 추사 김정희 고택 예산여행지... 
충남 예산 예당호 출렁다리 음악 분수 조각 공원 파노라마 풍경... 
[충남/예산] 덕산 스플라스 리솜 리조트 스테이타워 골드 S30... 
예산 여행 봉수산 자연휴양림 봉수산수목원 하늘데크
충청남도 여행지 지역번호 공주 가볼만한곳
예산군 예당호 야간음악분수·느린호수길 ‘여름 시즌 숨은... 
[충남 예산] 가볼만한 곳. 느린 호수길을 따라 천천히 걸어본... 
다양한 정보와 함께하는 예산 기차 여행 '신례원역'
충청도 여행지 가볼만한곳 예산 예당호출렁다리 음악분수 시간
예당저수지(충남)
예산 여행 추사 김정희 선생 고택 기념관
10월 가볼만한곳 대한민국 축제 문화의달 &amp; 충남여행을 함께... 
11월 가볼만한곳 충남 예산 예당호 출렁다리 모노레일 충남... 
충청도 여행 가볼만한곳 : 예산 예당호 출렁다리 저수지 관광지
예산군목조주택 만나보셔서 꿈구는 귀농생활 만나보세요
지금 당장 갈 수 있는 온천여행지 추천 Top5
가을여행추천지 충남예산가볼만한곳 바다같이 넓은 호수... 
아산 펜션 추천 베스트 5 (ft. 충남 여행 숙소)
예산 추천 여행지
"[서울근교여행지 추천] 2021년 5월에는 수레국화, 당진에 이런... "
서울근교 아이와 나들이 체험 가볼만한곳 모음
충남여행 예산 가볼만한 곳 &lt; 메타세콰이어길 &gt; 산책 &amp; 사진찍기... 
걷기여행 길 추천｜바스락바스락 걷기 좋은 길 BEST 4
먹거리먹거리 여행지 당진장고항 충남서해안의 실치축... 
[충남예산커플여행지추천]국가대표사찰 수덕사 탐방
위드 코로나 놀 거리 예산 장터 삼국 축제
[1박 2일 충청남도 여행 코스] 누구와 가도 좋은 충남 :: 홍성... 
"여행 :: 당진/예산 당일치기 국내여행지 추천, &quot;아그로랜드... "
[추석연휴 '숨겨진 여행지' ①충남편] 청양 꽃물결에 빠져 볼까요?
국내1박2일 예산 여행 가볼만한곳 추사김정희 매헌윤봉길... 
예산 가볼만한곳 예당호 출렁다리 모노레일 외 서울 근교... 
충남 예산 : 백종원 예산시장 [ 주차 꿀팁 / 주차장 주소첨부 ]... 
예산여행 역사인물 윤봉길의사 기념관 충의사
충남 예산 가볼만한곳 5월 사찰여행 수덕사의 봄
[여행가중계]여행 재활성화의 빛과 그림자
[당진아그로랜드 태신목장]양귀비 가득한 당진여행지 추천
[충남여행]1일차/반나절 여행코스/예산 수덕사와 덕숭산 등산... 
[충남 여행코스 추천] 예당호 출렁다리&amp;음악분수로 가족여행... 
충남 가볼만한 곳 수덕사 맛집 만희 가서 한정식먹었어요~
충남 예산 덕산 메타세쿼이아길 명상치유숲길 힐링여행... 
충남 예산 예당저수지 예당호 출렁다리 야경 음악 분수쇼... 
"예당호 출렁다리 전망뷰 좋은 카페, 예당호 바로 앞 카페... "
겨울 드라이브 국내 혼자여행 당진 가볼만한곳 신리성지
[충남/예산]봉수산 수목원과 예산황새공원: 생태체험 가족여행... 
예산 수덕사 맛집 산채더덕비빔밥은 무릉도원
6월 25일 여행 / 충남 가볼만한 곳 / 예산 / 예당호 출렁다리... 
올겨울 첫눈은 언제? 밤이 긴 겨울 아름다운 충남 야경 명소 5
예당호 모노레일 예약 없음 현장 대기 팁
[충남 예산] 예산 삼국축제 일정 위치 가족 당일치기 나들이... 
[예산관광지] - 아그로랜드 태신목장 :: 동물농장과 꽃들을 함께... 
꼭 가보고 싶은 한국관광공사 추천 국내여행지 1탄!
구공 신상카페 예산 카페둔리 주말데이트코스 예산 가볼만한곳
어버이날 여행 갈곳.....^^ 여기 어때?-(펌)
힐링하기 좋은 국내 여행지 추천
예당호 출렁다리 예당 저수지 충남 예산 여행 멋진 풍경
"[예산시장 먹거리] 고소하고 달달한 애플파이 맛집, 사과당"
[예산여행지] 오늘 한번  천천히 걸어보자...느린꼬부랑길
&lt;예산&gt; 충남 당일치기 여행 예산 전망 맛집 산행명소 - 가야산... 
"백종원 예산 시장 맛집 방문 국수, 닭강정, 만두 맛있어요."
충남 예산하면 여기는 꼭 가보세요 예당호 출렁다리 야경
예산 가볼만한곳 겨울 산사 수덕사와 그미술관
예산 수덕사 한정식 맛집 &lt; 산촌식당 &gt; 예산 토박이 추천 찐맛집!... 
우리 국민들이 직접 추천한 숨은 관광지를 소개합니다
예산 소식지 '예산'에서 만나는 일산이수정
충청도 여행 가볼만한곳 : 예산 수선화 추사 김정희 선생 고택
&lt;예산&gt; 충남 예산 가볼만한곳 베스트5 당일치기 여행코스
"끝이지 않는 바가지 논란, 소비자 외면 전에 대책을 강구해야."
백종원의 맛남의 광장 촬영지 예산시장에서 맛본 예산8미... 
초여름 ‘슬로시티’ 충남 예산을 찾는 5가지 이유 [투어노트]... 
[한국재무센터]어디 갈까? 뜨끈~한 국내 온천 여행지
예산 아이들과 가볼만한 곳 윤봉길의사기념관
예산상설시장 : 오만원으로 선봉국수 고덕불고기 낙원약과... 
예산 아이들과 가볼만한곳 내포보부상촌 전통문화테마파크
겨울여행지 '예당호 모노레일'
예산여행 100선 45 목가적인 풍경을 담은 아그로랜드태신목장
예산 가볼만한 곳 황새공원 맛집
&lt;예산&gt; 충남 당일치기 여행 예산 캠핑 야영장 천국 - 예당호... 
충남 예산 가는법 버스시간표와 주요관광지
충남가볼만한곳 예산여행... 홍북식당 / 충남 드라이브코스
예산 고양이카페 '낭랑카페' 깔끔하고 특별한 체험을 할 수 있는... 
충남여행  예산 가볼만한곳  예당호 출렁다리
충남 가볼만한곳 예산황새공원에서 황새를 만나다
"스플라스리솜 워터파크 할인, 덕산 리솜 스파캐슬"
"낮고 작은 마을들이 있는 충남 예산, 당진 여행 맛집[사과나무]"
"예산 가볼만한 곳(백종원 예산시장, 예당호 모노레일... "
"추운 겨울, 몸과 마음을 녹이는 국내 온천 명소"
직접 다녀온 충남 1박2일 여행코스
[여행지-추사고택] 어릴적 소풍을 자주가던 추사 김정희 선생... 
"서울에서 엎어지면 코 닿는 청정 자연 속으로, 충남 1박2일... "
&lt;예산&gt; 충남 가볼만한곳 드라이브 코스 예산 택시투어 여행
2. 석가탄신일 사찰여행지_충청.강원도
예산여행 가장 출렁다리 예당호  긴 국내에서 국내여행
충남 백종원 예산 삽교 곱창거리 매장안내 큰마루곱창 메뉴... 
"아그로랜드 태신목장, 당진 놀거리 여행코스 추천"
당진 가볼만한곳 솔뫼성지 삽교호 관광지 당일치기 여행
스플라스 온천 워터파크에서 즐긴 겨울 스파
천장호출렁다리 천장호둘레길칠갑산 예당호출렁다리... 
&lt;예산&gt; 충남 드라이브 코스 예산 야경 명소 - 예당호 음악분수
[충남 당진/예산] 입장료는 비싸지만 그만큼 볼게 많아 하루가... 
추사체 글쓰기로 유명한 김정희 숨결이 있는 추사김정희선생 고택
"&lt;충남여행, 충남가볼만한곳&gt; 충남 예산 _ 추사 김정희 선생 고택"
충남당진 아그로랜드태신목장 수레국화꽃밭 아이와가볼만한곳... 
꽃무릇 가득 피어나는 예당국민관광지
예산시장 근처 온천단지에 있는 숙소 '온연 프라이빗 빌라'
[충남 예산] 가족과 즐기기 좋은 워터파크&amp;실내스파 스플라스 리솜
주말에 다녀온 당진 &quot;아그로랜드 태신목장&quot; 아름다운... 
예산 가볼만한곳 예당호 모노레일 예약 운영시간 요금 웨이팅
겹벚꽃 보러 가세요
내포보부상촌에서 즐거운 여름을 보내세요
충남 예산 대흥 힐링 가을여행 다녀왔지요
[예산여행지] 우리나라에 딱 다섯그루만 현존해있는 하얀색... 
예당호 음악분수 출렁다리 낮과 야경 시간
[당진여행] 우렁이박사-아그로랜드-삽교호놀이동산... 
[국내 여행] 예산 여행지 :: 코스모스 천국 '아그로랜드 태신목장'
"장 본 김에 가을여행 (예산 시장, 서산 가을 개심사)"
철새가 찾아온 예당호느린호수길의 여유로움
★[충남/예산여행]→예산수덕사IC+생활의달인/6시내고향에... 
"&lt;여행&gt;지친 마음 잠시 쉬어가기, 충남 예산•당진 여행코스... "
"태안여행  2일차,   안면도 쥬라기박물관, 간월암과... "
충청도 예산 여행 / 예당호 중앙생태공원 (with.능소화 연꽃)
겨울에 가기 좋은 국내 온천 여행지 5곳!
의좋은형제 가을철 충남축제 가볼만한 곳으로 추천해요
스마트폰으로 즐기는 조선시대 보부상 과몰입 여행지를... 
대한민국온천대축제-덕산온천
"충남 당진 당일치기 여행 / 아그로랜드 태신목장, 신리성지... "
아이와 함께 예산 가볼 만한 곳 - 수덕사
고즈넉한 사찰 아름다운 한국의 미 예산 여행 수덕사
예산 가볼만한곳:: 수선화 '추사고택' 입장료 '백설농부' 카페
"백종원시장 :: 예산 상설 시장 // 예당호 빛축제, 출렁다리... "
[추석연휴 '숨겨진 여행지' ①충남편] 청양 꽃물결에 빠져 볼까요?
부처님 오신 날 기념 &lt;방구석 사찰 여행 5선&gt;
"[예산 카페] 다양한 빵과 커피 그리고 정이 있는, 읍내빵다방"
【예산맛집】 메기 매운탕 전문점인 예산에 있는 '양어장집... 
"덕산맛집, 단물곤물 백숙 맛있게 먹고 왔어여~"
충남 가볼만한곳 가을축제 예산 황토사과축제 종합운동장... 
[예산] 예산 관광지 여행 예당호 출렁다리
[내포보부상촌]아이와 함께하는 여행지로 떠나자!
당진연꽃 / 합덕제 수변공원연꽃 합덕성당  / 충남드라이브코스
부모님과 국내여행 예산 덕산 스플라스 리솜 리조트 워터파크... 
놓치면 아쉬워요! '특별여행주간'동안 특별한 보통날 보내기♬
충남 예산 여행  : 삼국축제 즐기고 주변 관광지 둘러보기... 
가을 당일치기 여행:: 충남 예산 [예당호 모노레일 출렁다리]
[국내여행] 당일치기 여행으로 좋은 충남 당진 가볼 만한 곳 추천 !
"충청도 가을 여행, 예산 가볼만한 곳, 예산시장과 함께 가볼만한... "
덕숭산 수덕사 맛집 | 중앙산채명가(구)중앙식당 더덕구이... 
"아이랑 가볼만한 곳, 국내 온천여행 추천!"
오늘 내포 보부상촌을 열었어요
펜펜의 나홀로 여정 :: 대규모 연꽃단지 품은 예산 예당호... 
전국 꽃놀이 명소
아산 맛집 베스트 10 추천! (ft. 충남 여행)
&lt;예산&gt; 충남 아이와 가볼만한곳 예산 힐링여행 - 황새공원
국내 가족 온천 추천 예산 스플라스 리솜 객실 안내 및... 
"예산, 추사고택"
충남 예산 가볼만한곳 힐링 체험여행 의좋은형제공원
"[예산 카페] 예산 예당호 예당저수지뷰 카페 추천 , 화이트하우스"
충남여행 한국관광100선 예당호 출렁다리 음악분수 느린호수길
여름 가족여행지 예산 스플라스리솜 스테이타워 S25 콘도형
여가거기유 예산막걸리 골목양조장
"당진 가볼만한 곳) 아그로랜드 태신목장, 수레국화, 개양귀비... "
백종원 예산시장 1편 _당일치기 여행! 신광정육점 금오 바베큐... 
&lt;예산&gt; 서울 근교 당일치기 여행 충남 예산 볼거리 - 내포보부상촌
겨울 국내 온천 여행지 추천 덕산 스플라스 리솜 스파
서산 맛집 추천 베스트 7 (ft. 충남 여행)
[2019년 10월]1박2일 예산여행/2일차/충남여행... 
충남예산60년전통장터소머리국밥향토음식tv방송예당저수지출... 
[추천1_사찰순례-사찰여행지] 조계종 25교구 본사
우리 문화유산 여행지 베스트 10
국내 노천온천 덕산 스플라스 리솜 리조트 겨울여행 즐겨보자!
예산 덕산 스파뷰호텔 사랑채 이용후기
충청도 예산 가볼만한곳 / 봉수산자연휴양림. 황새공원... 
&lt;예산&gt; 충남 아이와 가볼만한곳 예산 힐링여행-추사... 
당진 아그로랜드 태신목장 가족여행지로 굿~!
충남 예산여행 가족함께 농촌체험여행 예당호 출렁다리음악분수
추운 겨울 몸과 마음을 녹이는 충남 예산 여행  :: 덕산 스플라스... 
#충청남도 예산 여행 # 봉수산 자연휴양림 딱따구리 # 예당호... 
충남 힐링 여행 예산 느린호수길 예당호 출렁다리
&lt;예산&gt; 충남 가볼만한곳 예산여행 드라이브 코스-아그로랜드... 
충남 예산 가볼만한 곳 수덕사의 설경 겨울 여행
"충남예산가볼만한곳,예당호 출렁다리 한국에서 제일 긴... "
봉수산 자연 휴양림 예당저수지 뷰가 멋진 예산여행지 가볼만한곳
"충남 태안군 안면도 가족여행!... 출렁다리, 충남 가볼 만한 곳)"
내포보부상촌 목공체험_라스토아/현장체험/충남예산
6월 추천 가볼만한곳! 햇살과 즐기는 호숫가 산책 :: 예산... 
예산 아기랑 가볼만한 곳 가을여행지 추천 전통문화체험... 
여행지추천 - 청명한 날씨와 멋진 암릉이 함께한 홍성... 
&lt;예산&gt; 충남 아이와 가볼만한곳 예산여행 캠핑천국 - 봉수산수목원
겨울철 여행지의 매력 '덕산 리솜 스파캐슬' 온천
예산 가볼만한곳 예산시장 백종원거리 방문후기 주차장 맛집... 
예산 여행 내포보부상촌 아이와 가볼만한곳 가족여행지 w.... 
한국문인인장박물관 에서 인장 보고 가세요
오감만족 국내여행으로 좋은 찾아가는 양조장 30곳
예당호출렁다리 느린호수길 길 예산 걷기좋은길 추천합니다
"충남 덕산, &quot;역사 속에서 먹고, 걷고, 헤엄치다&quot; [콘텐츠 제작... "
&lt;예산&gt; 충남 아이와 가볼만한곳 예산 언택트여행 - 내포보부상촌
예산역 예산역 열차 시간표 예당호출렁다리 다녀오세요
산책하기 좋은 예산의 명소(feat. 충남 예산 예당호 출렁다리)
&lt;반려견동반&gt;예산 나들이 - 우리나라 제일 긴 예당호 출렁다리
코로나로 지친 마음을 달래줄 국내 힐링 여행지 3
[트래블리더 팸투어] 충남을 제대로 느낄 수 있는 알찬 힐링... 
아이들과 가볼만한곳 가을에 예산온천축제
"충남여행, 백종원 거리 예산 시장 푸짐한 먹거리 솔직후기"
