"[충남 보령시 원산도 여행] *원산도 풀빌라* 커플, 가족여행지... "
"[2023년 8월의 어촌안심여행지] 충남 보령시 군헌마을, 인천... "
여행이좋다 :: 충남 보령시 여행 한달 중 9일째
"한국관광공사, 8월 여행지로 충남 보령시 선정"
"곳 여행지 추천 BEST 5 (강원도, 충남 보령시, 충남 서천군, 경북... "
"이달의 어촌 안심 여행지 – 충남 보령시 군헌마을, 인천... "
위판장 따라가는 수산물 사계절 | 충남 보령시 봄날의 주꾸미 편
충남 보령시 오천면 원산도 원산도리 전원주택 (단지) 매매... 
충남 보령시 장원식당
충남여행 보령시 가볼 만한 곳 가을 주꾸미 낚시 오천항
충남보령시  이렇게 활용하세요
"서해안 가볼만한 곳, 충남 보령시 효자도~원산도 연도교 건설을... "
[ChatGPT] 충남 보령시 대천 2278 리조트 펜션 주변 여행할... 
강석우 종점여행 충남 보령시 키조개삼합 콩국수 백반 식당 위치
여행이좋다 :: 충남 보령시 한달 여행 5번째 날
[충남 보령시 여행] 분위기 좋은 카페 - 보령 &quot;우유창고&quot; 후기
"보령시, 8월의 어촌여행지 군헌마을서 갯벌체험 즐겨보세요"
충남 보령시 가볼만한 곳/보령 문화관광/보령 여행/ 보령 9경 소개
충남여행 보령시 원산 바다뷰 카페
가을 여행지 추천 충남 가볼만한곳 보령 여행코스
충남 보령시 신흑동 대천 해수욕장 까고까고 회 조개구이... 
충남의바다 힐링여행 보령시 원산도카페 바이더오
충남 보령 가볼만한곳 비오는날 여행지 개화예술공원
"대천항, 보령시 생태공원 등 보령 가볼만한곳 추천 여행지 도보... "
리뷰 조식 모닝 서비스 후기 충남 보령시 대천 해수욕장 카페 추천
충남 가을 여행지 보령 죽도 상화원
[충남 보령] 보석같은 바다와 숲이 살아 숨쉬는 여행지
충남에서 만나는 이국적인 여행지
"충남 보령시, 신경섭 전통가옥 일원서 청라은행마을 축제 열린다"
충남가볼만한곳... 겨울여행지 추천 일몰명소 낙조 선셋포인트... 
[일상] 충남 보령시 귀여운 캐릭터가 있는 '우유창고' 카페... 
h1 :: [ChatGPT] 충남 보령시 대천 2278 리조트 펜션 주변... 
머드축제가 열리는 충남 대표 여행지 보령 대천해수욕장
국내 1박2일 여행지 :: 충남 서천 보령 가볼만한곳 가을 여행지
충남 자연뷰 산책맛집 여행지를 추천합니다! (펌)
[충남여행지추천] 충남 보령시 2013 무창포 신비의 바닷길... 
[충남] 보령시를 구석구석 홍보하는 SNS 홍보요원
"충남 아이와 가볼 만한 곳, 충남 실내 여행지 &quot;보령석탄박물관&quot;"
충남 당일치기 여행지 3곳 추천
노란 은행나무의 절경이 돋보이는 곳! 충남 보령시 장현리
"충남 보령시, ‘미리 떠나는 여름휴가’ SNS 사용자... "
충남 보령 죽도 상화원 가을 산책 여행지 기차여행
국내여행지 추천 충남 여행 보령 개화예술공원 충남... 
충청도 여행지 서해 바다 추천 충남 여행 보령 가볼만한곳... 
충남 보령 가볼만한곳... 편백나무숲 국내 힐링 여행지 추천
Best10 충남 가볼만한곳  충청겹벚꽃 4월추천여행지... 
[여행지 추천] 대천 해수욕장에서 가을 바다 즐기기! (충남 보령시)
충남 실내 여행지 모음  (펌)
"[충남] 보령 여행지 추천 ,전참시 이영자 맛집 - 보령 오양칼국수... "
폭염이라 더 좋아❤️ 보령시 냉풍욕장 데이트
충남 보령 죽도 상화원 .~가을 산책 여행지.~~.(1)
"#부여여행 - 충남 보령시 &lt;죽도 상화원&gt;, 쉼터 같은 공간"
충남 보령 여행지 추천 죽도 상화원 (반려견 동반 불가)
여행이좋다 :: 보령시 한달살기 이십삼일째 날
"충남 보령 안면도 풀빌라 - 대형 수영장과 스파,사우나까지 즐길... "
2023 보령시 SNS 문화체험행사 대천해수욕장 레일바이크... 
국내 여행지 충남 보령 충청수영성 영보정 오천항
국내 여름 여행지 추천 충남 보령 죽도 상화원 냉풍욕장 여름에... 
가볼만한곳 대천 해수욕장 바다 놀거리 충남 보령 여행지 추천
9월여행지추천 충남축제 무창포 신비의 바닷길 축제 라인업... 
여행이좋다 :: 충청남도 보령시 한달살기 11일째
충남 보령 가볼만한곳 은행나무 명소 청라은행마을 신경섭가옥
성주사지 천년 역사관 백제의 얼을 느낄 수 있는 여행지
전라도여행 첫번째여행지 보령!!! 천북굴단지맛집 등대굴집
충남여행 보령 청라은행마을 신경섭가옥 은행나무 단풍명소
충남 보령여행 가볼만한곳... 카페 애견 국내 여름 여행지 추천
충남 보령 카페 대형 맛집 바다듬
충남 홍성 가볼만한곳 충청도 여행지 추천 광천토굴새우젓... 
충남 서산 봄 여행지로 가볼 만한 곳 겹벚꽃 명소 개심사... 
"충남 보령 5월 여행지 가볼 만한 곳 청보리밭 주차, 청보리창고... "
충남 가볼만한곳! 가을여행지 신경섭 가옥
국내 여름 여행지 충남 보령 당일치기 뚜벅이 가볼만한곳 및... 
충청 단풍여행지 1탄  보령 청라은행마을 마곡사 단풍 곡교천... 
11월 12월 여행지 추천 크리스마스 데이트 하기 좋은곳
충남 실내 여행지 보령 석탄박물관 비올때 아이와 갈만한곳
"[보령여행] 보령여행코스, 사계절 내내 즐거움이 가득한 여행지"
날씨 맞춤형관광지 추천 충남 가볼만한 곳 보령 죽도 상화원
mz 세대 픽! 오늘의 단양 여행지는?
충남 보령 여행 대천 가볼만한곳 대천해수욕장 날씨 좋을 때... 
국내 겨울여행지 추천 충남 보령 가볼만한곳 천북굴단지 죽도... 
"힐링 여행/자연과 체험을 동시에 즐기는 봄 여행 명소, 보령시 맛집"
겨울 충남 보령 가볼만한곳 원산도 해수욕장 캠핑장... 
[충남 보령시] 대천해수욕장 근처에 위치한 대천바베큐펜션... 
충남 보령시 오천항 서해바다가 생각날 때
"캠페인 방역 우수 관광지 중 강원, 경기, 충북, 충남 소재 여행지"
"충남여행지, 서해의 비원, 보령 죽도 상화원"
[충남 보령시] 보령 냉풍욕장(2013.8.11)
충남 보령시 오천항 맛집 고기짬뽕 오천성
충남 보령 여행 서해 여행지 추천 용두 해수욕장
"죽도(竹島)- 보령시의 한국식 휴양 정원 '상화원', 충남 여행지... "
&lt;무창포 맛집&gt; 충남 보령시 청정횟집
종강을 맞이해 가볼 만한 충남 언택트 여행지 4곳! 거리 두기... 
충남여행지 보령 대천해수욕장/냉풍욕장/갱스커피/청소역... 
충남 가볼만한곳 보령석탄박물관 체험여행지로 좋아!
관광객이 직접 뽑은 충남여행지 100곳
[4K HDR] 충남 보령시 가족여행
"겨울 여행지 추천, 충남의 겨울축제 미리 보기"
1박2일가족여행지추천 - 농촌체험 쌈지촌 [충남 보령]
국내 가족여행지 추천 충남 보령 가볼만한곳
푸루와 함께 떠나는 1박 2일 생태여행~ 충남 보령 추천 여행지!
충남여행지  보령무궁화수목원
"[9월의 무인도서] ‘모세의 기적’이 일어나는 섬, 보령시... "
[충남 여행지] 육지가 된 섬 모산도와 홍성과 보령을 잇는... 
충청남도에서 충남 15시군의 여행지 10곳 총 150곳을... 
대천항 수산시장 대하 방어 주차장 건어물 국내 겨울여행지 추천
충남 여행지 추천! 보령 충청수영성 맑은 공기와 멋스러운 풍경
충남 보령 가볼만한곳 볼거리 가득한 여행지 개화예술공원... 
"충남보령시오천면원산도해수... 여행지,원산도탐방기... "
"충남 보령시, 6월은 여행가는 달 “사진 찍기 좋은 곳은 어디?”"
"죽도 상화원, 충남 보령 여행지 섬 전체가 하나의 아름다운 정원"
[충남/보령] 천연 에어컨 여행지‘보령 냉풍욕장’
보령 냉풍욕장 무료 여름 여행지
국내 여름휴가지 충남 보령 용두해수욕장 캠핑장 한적한 여행지
뚜벅이를 위한 보령 여행지 소개!
충남 힐링 여행지 한적한 서해안 저두항이 좋아
"[충남 보령③]1박 2일 여행지, 맛집, 숙소 이거만 보면 여행... "
"[충남_보령시] 대천해수욕장, 노을 맛집, 석양이 아름다운... "
[충남 보령 가볼만한 곳]-“청보리밭&amp;충청수영성” (주차/5월... 
충남 보령 여행기::대천... 4월 국내 당일치기 여행지 숙소 추천
환경이 잘 보전된 청정힐링 여행지 보령시 청라를 이야기하다
충남 보령 여행 가볼만한 곳 ‘죽도 상화원’
[비대면으로 떠나는 온택트 여행 ep.10]  충남 여행지 추천... 
보령 호텔뷰 펜션 충남 가성비 숙소
충남여행지 가볼만한 곳 추천 12곳 대전 예산 태안 서천 공주... 
"여우섬이라 불리는 조그맣고 평화로운 섬, 충남 보령 호도 섬여행"
충남 보령시 대천해수욕장 진짜조개구이
[충남/보령] 보령 여행지 추천 죽도 상화원
부자 어촌마을로 알려진 충남 보령 장고도 섬여행
&lt;충남 보령시 대천해수욕장&gt; 핑크빛 하늘 대천해수욕장.아이와... 
국내 여행지 가볼 만한 곳 서해안 바다 노을 명소 일몰 명소... 
여행이좋다 :: 충남 보령 여행 한달 중 3일째
"보령 가족여행지 인기장소, 개화허브랜드!"
보령시 글램핑 가성비좋은 여기도글램핑펜션민박
충남 가볼만한곳 보령 해저터널 안면도 태안 꽃지해수욕장... 
겨울 국내 여행지 추천 보령 천북굴단지 천북 굴 축제
서해여행지 추천 대천해수욕장 보령해저터널 등 충남... 
"죽도 - 서해,충남보령시 - 서해바다,가족여행지,추천여행지... "
주말여행지 추천 가족 나들이 서해바다 여행 추천 충남 가볼... 
충남여행지추천 보령맛집 싱싱해물탕 소담스럽다.
아름다운 바다와 볼거리가 가득한 충남 가을 여행지 추천
충남 보령 여행 드라이브코스 보령 해저터널 대천항... 
"[충남 보령] 현지인이 추천한 보령 맛집, 장벌바지락칼국수"
당일치기 보령여행지]충남 보령 개화예술공원
4월 봄 꽃 코로나 시기에 다녀온 여행지 모음
"[충남/보령] 청천호 둘레길 : 보령여행지추천, 나만 알고 싶은... "
"보령 여행지추천 개화예술공원 (미술관, 동물원, 허브랜드)"
"충남보령시 대천해수욕장 주변 섬여행 - 가족여행,추천여행지... "
"충남 보령 여행지 추천, 옥색 바다가 아름다운 충청수영성 산책"
보령 노을여행 생태 경관 보전지역 소황사구
충남 보령 여행 오션뷰가 아름다웠던 대천 숙소 통나무펜션
보령 가을여행지 신경섭가옥 은행마을축제
[충남가볼만하곳]보령 섬여행 4~9월 삽시도배편 및 대천... 
"[2021.10.31] 보령시 일대, 주말 단풍놀이 가족 피크닉... "
충남 봄 겹벚꽃 명소 데이트 여행코스 베스트 6
충남 보령시 신흑동 짚트랙 타워에서 엄마는 오늘도 또 힐링중~~♡
7월 8월 여름 바다 여행지 충남 보령 가볼 만한 곳... 
충남 보령 산책하기 좋은 여행지 - 죽도 상화원 (보물섬 관광지)
청라면 은행마을 축제 - 충남 보령시
[에너지여행-충남 보령]  에너지 변천사가 한눈에…마무리는... 
단체 여행객에게 안성맞춤 수련관! 보령시 청소년 수련관
[국내여행]충청도 여행지 추천- 충남 보령 상화원(부모님과... 
보령해저터널 건너는 겨울바다여행 [충남 보령시 힐링바다여행]
충남아이와가볼만한곳 서천 필수여행지 2곳 (국립생태원... 
궁리항 등 천수만 바닷가 홍성군 추천 여행지 가볼만한곳
"보령 학성리 공룡발자국, 충남 보령여행지추천"
일몰이 아름다운 여행지 충남 보령 대천 파로스 &gt;한화리조트
[충남보령시/대천해수욕장펜션] 정펜션
※충남보령시 개화예술공원/ 봄꽃 보고 왔어요※
대천해수욕장 가을 바다 보령 여행지 대천 여행 코스
외국 부럽지 않은 이국적인 분위기의 충남의 명소
은행나무단풍축제 충남보령시 은행마을!!
충남 보령 놀거리 아이와 가볼만한곳 관광 명소 여행지 추천... 
충남 여행지 청춘MT 회랑길 걸었던 보령 상화원
서천 1박 2일 여행 코스 추천 7곳! (ft. 충남 여행지)
청주근교 세종근교:아이들과 가볼만한 곳 단양 추천 여행지 가격
충남 보령시 '충청수영성' | 드라마 동백꽃 필 무렵 촬영지
충남 보령 가볼만한 곳 당일치기 여행지 5곳 추천 (충청수영성... 
충남 드라이브 10선중 보령 주산벚꽃길
청정 언택트 여행지 성주면 먹방마을
여행지 수영장 뽀개기-보령국민체육센터
[여행+봄] 이봄 다 가기 전에 못 가보면 아쉬울 바다여행지 7
[충남 충북] 전국 캠핑장 중부지역 방문 추천 총정리
국내 여름 여행지 추천 보령 대천 가볼만한곳 무창포 해수욕장 外~
"충남 보령시 콘도, 와이파이브콘도 신축이라 깨끗해요"
보령시 | 한겨울에도 분위기 좋은 신경섭 고택
[충남 보령 가볼만한곳] 국내여행지로 죽도 상화원 추천해요
충남보령여행/충남보령 가볼만한곳!포토스팟 많은곳... 
후야의 세상구경 # 21 충남 보령시 대천 한화리조트
드라이브 하기 좋은 충남 섬 소개합니다 (펌)
충남 보령 대표 여행지 대천해수욕장 보령머드축제 해양... 
8월 여행지 추천 국내 명소 4곳으로 가보세요
충남 태안 안면도 가볼만한곳 태안 꽃지해수욕장 안면암 태안... 
충남 보령 여행 보령 해저터널 홍보관 부터 태안 영목항 바다 까지
여름 여행지로 최고인 충남 보령 가볼만한곳 냉풍욕장
충남으로 단풍놀이 가자~우리동네 단풍 명소 8곳 추천!
포유캠핑카 가을힐링 여행후기 : 충남 보령시... 
충남보령시 _ 여행 _ 남포방조제
[충남 보령시] 석탄박물관
"찾아가고 싶은 가을 섬 추천 9곳, 행안부 선정 가을철  여행지... "
충남 보령 가볼만한곳 우유창고 카페 외 여행 코스
"충남 보령 해물창고, 대천 해수욕장 해물 무한리필 맛집"
가볼만한 절 충남 여행지 보령 대천 가볼만한곳 사찰 왕대사... 
충남 보령 청라은행마을 가을여행지 정촌유기농원 신경섭가옥... 
"충남 보령 가볼 만한 곳 개화예술공원, 모산미술관"
충남보령 용두해수욕장 동백관 숙박비도 저렴하고 여름에는... 
여름 추천 여행지 - 충남 보령 상화원 - 죽도에 조성한 한국식... 
충남 보령 가볼만한곳 청보리밭 소미안 카페 대천해수욕장... 
충남 보령 맛집 조개구이 무한리필 재방문 후기
[충남 홍성] 죽도 : 배 타고... 가족과 당일치기 여행지 추천!
충남대학교 임해수련원 체험기
"충남도의 숨겨진 명소, 나만 알고 싶은 매력적인 여행지!"
충남 보령 가볼만한 곳 / 우유창고 &amp; 천북교회 &amp; 대천해수욕장
4월 충남 보령 여행지 : 그해우리는 청보리밭
"충남 보령 당일치기 여행 청보리밭(천북폐목장), 충청수영성... "
최단코스 억새 군락지 가을에 홍성가볼만한곳 일출 여행지로 추천
섬 여행지 추천 - 자연환경이 살아 숨쉬는 아름다운 섬[ 충남... 
단양 다누리 아쿠아리움 할인정보등 겨울 실내여행지로... 
"[충청도 여행] 보령 필수 여행지, 수영성 : 멋진 일몰과 항구를... "
충남의 예쁜 서해안 항구 포구 여행지 추천 리스트
충남 가볼만한곳 꽃무릇이 예쁘게 핀 보령개화예술공원
보령과 대천 가볼만한곳 여행지 어디인지 제가 알려드릴게요!
"오천항 수산물센터, 충청수영성 경치 감상 등 보령 추천 여행지"
&lt;보령&gt; 충남 가볼만한곳 여행지 서해바다 일몰명소... 
추석 연휴에 딱좋아! 온 가족 여행지 충청도로 떠나유
대천해수욕장 놀거리 서해 바다 여행지 추천
부여 가볼만한곳 베스트10 추천 충남 여행지
9월 여행지 추천으로 하순 금호리조트 아쿠아나와 무창포... 
충남 보령시 가볼만한 곳
국내 바다여행지 가볼만한곳 3곳 국내 바다여행 추천
"충남보령여행, 대천해수욕장 들어보셨을랑가? (서울근교... "
2일 충남 보령 대천 태안 안면도 서산 여행지 추천 가볼 만한... 
충남 보령 가볼만한곳 오서산... 가을 나들이 충청도 여행지 추천
[충청남도여행] 충남 베스트 여행지 - 1
충남 보령 숙소 대천 펜션 풀빌라 수영장 독채 더숲8027
4월5월 공휴일 가족끼리 떠나기 좋았던 근교 여행지 코스 후기
[충청남도여행] 충남 베스트 여행지 - 2
&lt;보령&gt; 국내 여행지 추천 충남 가볼만한곳 보령계곡... 
국내 봄여행지 보령 무창포 해수욕장 눈 내리는 날 일몰
대천해수욕장 충청도 여행지 가볼만한 곳 샤워장 정보
"상화원, 충남 보령 | 한국식... 회랑, 한옥마을, 서해 섬 여행지 추천"
[충남 보령 가볼만한 곳 추천] '죽도 상화원' 섬 전체가 한옥... 
대천항수산시장 회 포장하기 좋은 충남 가볼만한곳
충남 가볼만한곳 보령 충청 수영성 국내 여행지 추천
충남 보령 여행지 청보리밭 / 그해우리는 드라마 촬영지
충남 보령 맛집 돌솥밥과 육회 풍정불고기 보령시장 맛집
충남여행지 이곳은 꼭 들려보자!!
바닷길 열리는 충남 보령시 무창포
6시내고향 키조개 두루치기 발길따라 고향기행 충남 보령
주부9단의 세상다반사
11월 제철음식 '굴' 먹으러 떠나는 추천 여행지 3곳!! 충남 서산... 
서천 가볼만한곳 베스트 10 총정리! (ft. 충남 여행지 추천)
&lt;보령&gt;국내여행지추천 충남 가볼만한곳 드라이브코스... 
대천 보령 카페 대형 루프탑 오션뷰는 바다듬!
보령가볼만한곳 충남여행지추천 | 보령주산벚꽃길... 
포유캠핑카 가을 힐링여행 후기 : 충남 보령시 대천해수욕장... 
충남 보령 가볼만한곳 오서산 억새 등산코스
[여행] 충남 보령시 신흑동 / 대천해수욕장
충남 보령 우유 창고 방목 젖소 구경 우유갑 포토존 우유 디저트
충남 여행 보령 아이와 가볼만한곳 석탄박물관 외~
"충청도 여행지 추천: 보령 오천항, 오천성에서 석양보며 힐링하기"
[가을여행] 감성을 깨우는 추천 여행지 행복이 떨어지는 청라... 
보령 가을 추천 여행지 '청라은행마을'과 '신경섭 고택' 놀러와... 
추석 연휴에 딱좋아! 온 가족 여행지 충청도로 떠나유
청양 1박 2일 여행코스 추천 7곳! (ft. 충남 여행지)
국내여행기- 충남 보령시
대천 근처 실내 가볼만한곳 보령 개화예술공원 카페 리리스
보령 비대면 추천여행지 소황사구 추천해요.
언택트 힐링 여행지 휴가철 찾아가고 싶은 섬 33선/우리나라... 
"[충남] 2021, 忠南 … 4. 보령 대천해수욕장 (숙소)"
보령 청라은행마을 가을여행
충남 보령시 대천 부셔버리기 / 남들은 대천맛집이라고... 
여름 국내 여행지 추천 바다 축제 가볼만한곳
서해랑길 62코스 보령 주말여행 추천 여행지로 유명한 오천항... 
&lt;보령&gt; 국내여행지추천 충남 가볼만한곳 보령 드라이브 코스... 
서천 가볼만한곳 베스트10 추천 충남 여행지
충남 맛집(보령) - 대천 생선구이 맛집! 한울타리 보령점
충남 보령 가볼만한곳 보령 죽도 상화원 무창포해수욕장
휴양이 필요한 당신을 위한 국내 힐링 여행지!
충남 보령 삽시도횟집
새싹트는 봄 따라 식욕 솟네! 입맛 돋는 봄 여행지 5곳
천주교 순례 여행지 갈매못 순교성지
국내겨울여행지추천 당일치기여행 천북굴단지
"고즈넉한 국내 힐링 여행지, 9월 보령 1박 2일 여행 코스"
계절을 즐길 수 있는 보령 여행지 개화예술공원으로 놀러와~보령!
충남 아이와 가볼만한곳 보령 석탄박물관 개화예술공원... 
충남 가볼만한곳 목장체험 가능한 보령 우유창고 카페
[섬 여행지 추천] - 열가지 꿈의 보물섬 가고싶은 섬 외연도
&lt;보령&gt; 국내여행지추천 충남 가볼만한곳 보령 성지순례코스... 
[충남 보령 천북 굴축제] 천북 굴단지 맛집/천북 굴구이
"보령 여행  원산도, 원산창고카페, 수영성"
관광명소. 충남데이트장소. 볼거리. 보령데이트. 충남여행지.
보령 1박 2일 여행코스 추천 7곳! (ft. 충남 여행지)
&lt;보령&gt; 국내 여행지 추천 충남 가볼만한곳 여름바다... 
충남 &lt;보령 석탄 박물관&gt; 국내여행
&lt;보령&gt;국내여행지추천 충남 가볼만한곳 보령 드라이브코스... 
&lt;보령&gt; 국내 여행지 추천 충남 가볼만한곳 보령계곡... 
"6월 여행지 추천 :: 여름의 초입, 6월에 꼭 가야 하는 보령... "
금요일 연차를 내고 충남 보령으로 갔다.
"충남의 사계절을 즐기다, 꽃과 자연을 찾아 떠나는 충남여행"
충남 보령 숙소 용두 해수욕장 오토 캠핑장 가볼만한곳
충남 보령댐 수상태양광 발전소와 용암 영당
"보령 우유창고, 충남 커플 여행 내돈내산 카페 추천(포토존은... "
[보령가볼만한곳] 가을 여행지의 최고의 장소 오서산... 
"[충남 보령] 꽃, 자연 그리고 바다 :: 충남보령 여행지 추천... "
"국내 료칸 여행지 12곳, 일본 분위기 느껴보세요!"
"서해여행지추천ㅣ아이와 함께 가볼만한곳, 보령 1박2일 코스"
보령 여행 가을 명소 은행마을 성주산 자연휴양림
충남 여행지 - 대천 우유창고 카페에서 보령 우유창고 체험
여행의 달인에게 듣는 숨어있는 가을 여행지
[충남] 보령 무창포 해수욕장
생태여행지 소황사구의 여름
"[7월 여행 기록] &quot; 커플,가족들끼리 다녀온 1박2일 보령 여행지... "
대한민국 가볼만한곳 보령시 해저터널 건너 원산도... 
본사가 있는 보령! 가족과 함께 가기 좋은 보령 여행지 추천
충남 보령 가볼 만한 곳 보령충청수영성 영보정 동백꽃필무렵... 
12월 여행지 추천! 12월 국내 먹거리 축제 일정
보령 야경 가볼만한곳! 소황사구 노을
연말 휴가 때 떠나기 좋은 추천 국내 여행지 4곳
[미삼가여] 충남보령 삽시도 가족여행 2박3일 1부... 
충남 여행 추천 일몰 명소 대천해수욕장
[충남 보령] 아이와 함께 부모님 모시고 여행 가기 좋은... 
충남 보령시 대천시 해수욕장 원산도 여행와서 가볼만한... 
8월 가볼 만한 곳…섬 여행지 6곳
&lt;보령&gt; 국내 여행지 추천 충남여행 보령 바다야 놀자 - 충청수영성
7월 여행지 추천 가볼만한곳 축제일정
'당신은 꽃과 같다' 충남 보령  리리스카페
충남의 해수욕장
위해 우리가 지금 준비해야할 여행! 바로 &quot;지속가능한 여행 충남&quot;
사과 따고 소세지 만들고~충남에서 보내는 가을 이색 농촌체험!
"보령 우유창고, 충남 애견동반 여행"
보령청보리밭 애견동반 여행지 추천
"충남 보령 단풍여행. 은행마을, 정촌유기농원, 신경섭가옥"
억새 여행지 BEST 5 이나랜드는 여행중도 가고 싶은 가을 여행지
충남 여행_5월여행지_대천 천북/보령 폐목장 청보리밭_분위기... 
충남 보령 가볼만한곳 동백꽃필무렵 촬영지 오천항 충청수영성
[충남가볼만한곳]트래블러 시즌3 트러블러 용진호와 함께... 
충남 보령 무창포 &lt;비체팰리스&gt; 스위트 36평 오션뷰 숙소... 
산 VS 바다] 충남 보령 대천 가볼 만한 곳 수산시장 해수욕장... 
[충남 보령] 진주빛조개구이 :: 대천해수욕장 맛집 여름휴가... 
[서해안 여행지 추천] 보령 은행나무마을축제... 
[여행정보] 겨울에 가기좋은 바다여행지 추천
충남여행지 보령개화예술공원 구경거리 많은 곳
여행은 살아 보는 거야 | 첫번째 이야기 &lt;충남에서 영화를... 
5월 여행지 추천 &lt;충남 보령&gt;
국내 커플 여행지 추천 : 보령스카이바이크
[보령 여행] 은행나무 가득한 충청도 가을 단풍 여행지... 
충북 단양 가볼만한곳 온달관광지 보발재 구인사 단양 당일치기
보령 개화예술공원 허브랜드/볼거리 가득 추천여행지
충남 계곡 갈만한 곳 추천... 6 (ft. 국내 여름 물놀이 여행지)
국내 겨울여행지 추천 : 아이들과 가볼만한곳인 보령 석탄박물관
보령 맛집 &quot;시골돌솥쌈밥&quot;
[보령여행지] 멀리 갈 필요 없어요! 해외여행 안 부러운 보령... 
여름휴가여행지 : 대천해수욕장과 가까운 ' 통나무하늘정원펜션 '
알려지지 않은 여행지/한적한 여행지 휴양지/여행지 추천... 
보령 원산도 겨울에도 좋은 섬 여행/1박2일 여행지추천
보령시 | 짜릿한 손맛 바다선상낚시
알뜰살뜰 알찬정보 :: 충남 보령 여행지 추천 여행코스 요약
[충남/보령여행] 죽도상화원 서해안 여행지 추천/대전 근교... 
MBN강석우종점여행충남보령촬영지?... 
충남 부산 가볼만한 곳/한국관광공사가 선정한 비대면 여행지
충남 보령 청라은행마을과 정촌유기농원 체험종류 금액... 
"여행 기록 죽도 상화원  비 오는 날의 낭만, 보령 여행지 추천"
생생정보통 키조개 한상 코스요리 충남 보령의맛 믿스고 가수... 
충남 보령 여행지 [아이와 가볼만한곳: 보령개화예술공원... 
여행이좋다 :: 보령시 한달 여행 17일 째
보령 대천 가볼만한곳 1박2일 여행코스 best 5
충남 보령가볼만한곳 [죽도 상화원]
[외연도 충남 섬 여행]  봉화산~상록수림
"[보령여행] 충남 보령, 서해바다를 품은 멋진 풍경이 가득한 곳... "
"[보령여행] 보령여행코스, 사계절 내내 즐거움이 가득한 여행지"
충남 대천 가볼만한곳 여행지 3곳 선정
[충남/보령] 추천여행지 동백꽃필무렵 촬영지 ‘보령... 
"[충남/보령] 그 해 우리는 촬영지, 보령 핫플레이스, 천북폐목장... "
"[충남 보령] 가볼 만한 곳, 숲과 어우러진 바다 ‘상화원’"
저렴한 국내여행지를 찾았다! 추천 자연휴양림 베스트 5
[충남보령여행] 5월 제철 알배기 봄꽃게 맛보기:: 대천항수산시장
충남 보령머드축제 2022보령해양머드박람회 여름여행지... 
2021년 죽도추천 구매 가이드 최고 품질의 죽도 선택하기
"여름 휴가철, 시원한 물놀이와 몸보신을 한번에! 충남 보령 석화촌"
충남 &quot;독산해수욕장&quot; &quot;해저터널&quot; 캠핑 추천드려요.
충남 태안 안면도 가볼만한곳 베스트 5
그린부동산[보령여행지/맛집] 지난주 다녀온 보령 여행지 1탄!!... 
국내 겨울 여행지 추천 : 대전 근교 여행 다녀왔어요! (아산 이숲... 
충남 보령 가볼만한곳 원산도 해수욕장 서해 바다 낚시 여행
서해 여행지 추천 보령 무창포 해수욕장 신비의 바닷길... 
가을 단풍 명소 여행 가볼만한곳 충남 보령 청라은행마을... 
"2023년 가을에 꼭 가야할 전국 단풍 명산, 명소 추천"
프리한19 가을여행지
보령 열녀 보성오씨 정문각 여행
[국내 겨울여행지 추천] 충남 대천해수욕장 찾게된 우리들 이야기
"충남 보령 가볼만한곳 무궁화수목원,가족 근교 소풍지"
가을 힐링여행 후기 : 충남 서천군~보령시 2박3일간 캠핑카여행
"[충남 보령시] 죽도 상화원, 한국 전통정원과 바다 조망!... "
[충남 보령/대천 카페] 보령여행지 추천 우유창고 가보다
국내 여행지 추천 가족여행 전통시장 배낭여행
[충남 보령] 내돈내산 보령 우유창고 탐방 :)
죽도 상화원 충남 보령 가볼만한곳 보령 여행코스
꿀잠 보장 충남 보령 가성비 좋은 숙소 대천초록펜션 후기
"보령 가볼만한 여행지 추천, 조선시대 교육기관 보령 남포향교"
"보령시, 해양머드박람회 기간 지역 내륙 '반나절 투어' 운영"
보령 겨울여행지 추천 개화예술공원 눈썰매장
[충남/보령] 보령카페 핫플 여행지!! 인스타각 갱스커피 갱스토리
"보령 충청수영성 - 충남 보령 당일치기 여행, 보령 가볼 만한 곳... "
8월에 가볼 만한 '전국 섬 여행지 6곳'...인천옹진 '대청도' 충남... 
[충남 여행지 Best 6] 다양한 매력을 가지고 있는 충남... 
연말 여행지 추천! 서해안 여행코스_서산에서 보령까지... 
"보령 무창포해수욕장, 석양이 멋진 국내 여행지 추천"
보령 추천여행지 장암 서예관
충남 보령시 대천해수욕장- 백운사-무촌봉-부여 백마강 -고란사
5월 가족의 날 가기 좋은 여행지
여긴 가봐야해!! 인생샷맛집 충남여행
당일치기 충남 보령 가볼만한곳 동백꽃필무렵 촬영지 오션뷰... 
[가을 여행지 추천] 가을엔 더 좋다! 추천 국내 가을 여행지 4선
보령 개화예술공원 7월 가볼만한곳 충남 여행지 좋아요
충남 단풍명소 가을여행 충남가볼만한곳
[국내여행지추천]아이들과 어촌체험 가능한 삽시도 섬여행
2020 단풍 지도 올해의 단풍 절정은 언제? 충남 단풍 명소 top5
8월에 가기 좋은 어촌 안심 여행지 - ① 충남 보령 군헌마을
"치유의 보령, 봄 힐링여행지. 반드시 가볼 만한 곳?"
서천 1박 2일 여행코스 추천 7곳! (ft. 충남 여행지)
충남 보령 가족여행 | 대천해수욕장 카메식당 황소숯불막창구이... 
여행지총집합
충남 보령 가볼만한곳 보령 개화예술공원 입장료 볼거리
충남 생태 여행지
"언택트 겨울여행 충남 보령(feat.천북굴단지, 맨삽지)"
충남 보령 아미산 산암사 코스 가을 등산 명소 여행 가볼만한곳
충남 보령 가볼만한곳 죽도 상화원 주차장이 부족해
충남 보령 갈만한곳 보령 개화예술공원 모산미술관 바둑이네... 
"&lt;충남, 보령&gt; 섬 전체를 공원으로 조성한 죽도 상화원_숙소... "
가볼만한 베스트 10 장소입니다. 충남의 추천 여행지입니다.
[#국민홍보단 9월] 가을이 오면~ 가을에 가볼 만한 바다 BEST 5... 
여름축제 충남 대천해수욕장 &lt;보령머드축제&gt; 기간 프로그램... 
충남 여행지 보령 카페 추천 &lt;갱스 카페&gt;
충남 아이와 갈만 한 곳 충남 보령 대천 해수욕장 충남 주말... 
[충남 보령] 보령 여행지 추천 인스타핫플 보령 우유창고
가족여행지로 좋은 무창포해수욕장
충남 아이와 가볼만한곳 보령 문화의 전당 실내 전시 및 무료... 
충남무창포맛집) 바닷길이 열리는 무창포 빵맛집 - 무창포 빵명장
[충남보령]겨울여행지 천북굴단지 축제
"충남 여행지 추천 , 무창포 해수욕장 맛집 지영이네횟집"
충남 보령 비 오는 날 주말 아이와 가볼 만한 곳 체험 농장 개화... 
바다 :: 보령 가볼만한곳 베스트10 보령 여행코스 여행지 추천
충남 보령 개화예술공원 모산조형미술관 체험거리가 가득합니다
감성사진 찍기 좋은 국내 감성여행지들
"충남 대천 오션뷰 숙소 추천, 데이나이스호텔"
7월에 가볼만한곳 보령 냉풍욕장 국내 여름여행지 추천
"단양 가볼만한 곳 다누리아쿠아리움, 만천하스카이워크... "
충남 보령 가보고 싶은 여행지
충남여행 무창포신비의바닷길 열리는시간 물때 &amp; 비내리는 대천항
[보령 맛집] 하니쌈밥 / 보령 여행지 점심 추천
국내 가을 여행지 추천ㅣ고즈넉한 분위기속에 느끼는 여유 in... 
203.충남/젊음과 낭만이 있는 보령 대천해수욕장으로
"충남 생태투어 더숨여행 2탄, 보령소황사구 우리가 보존해야... "
[충남여행] - 서해 2박 3일 여행 기획안(보령/태안/서산/홍성)... 
[여름 여행지] 뜨거운 여름 더욱 HOT하게 즐길 2014년... 
충남 보령 비 오는 날 이색 체험 데이트 보령 박물관 외 가볼... 
성주사지.(충남 보령)
여름 휴가로 충남 보령 성주계곡에서 저렴하게 평상대여... 
"충남 보령 (성주계곡) 당일치기로 평상 대여, 닭백숙, 취사 가능"
충남 보령 가볼만한곳 오서산 등산코스 오천항 맛집
충남 보령 개화예술공원 내에 있는 허브랜드
여름여행지추천::외연도여행_몽환적인 섬으로의 여행 첫째날.
보령축제 : 충남 보령시 인기 행사 여행지 추천
[여름 여행지] 보령 석탄박물관 옆에 위치한 족욕·냉풍 체험장
충청남도 가볼만한곳 #생태여행지(충남여행/여름)
리조트 &lt;비체팰리스&gt; 객실 조식 시설 총정리 / 국내여행지 추천
충남보령가볼만한곳 대천항 광어낚시 펜션음식으로 굿
보령 냉풍욕장 여름 추천 여행지
생생정보 키조개 한상 맛도 크기도 왕 키조개코스요리 충남... 
"충남 서해 원산도 가볼만한곳 바닷가 캠핑, 오토캠핑장 바다... "
"외국보다 더 멋진 한국 여행지 5곳, 대한민국 구석구석"
"4월 지역축제, 여행지"
충남 보령 겨울 현지인 추천 여행지 코스
서해랑길 59코스 서천 지나서 보령 추천 여행지를 만나는... 
[보령 여행] 보령 가볼만한곳 여름여행지 보령 냉풍욕장
[충남]  #스위스살레#스위스살레스파펜션 #보령스위스살레... 
충남 보령 여름 여행으로 가볼만 곳 대천해수욕장 2023 보령... 
스타벅스 트렌타 콜드브루 사이즈 가격 리뷰 (ft. 스타벅스... 
졸업여행★(대학생)인기여행지추천!!((국내 1편))
겨울여행지 천북굴단지 (솔직후기)
"여름휴가 여행지 추천, 테마별 여행지와 안전수칙을 확인하자!"
1박2일 여행지 대천해수욕장 '여름이야기' 펜션 내돈내산... 
가족과 함께 보령 여행 갈만한곳 가을 여행지 추천... 
상화원 (보령 죽도 여행) 충남 여행지
【생생정보tv오늘방송맛집여행지】... 
삽시도리 황금곰솔 &amp; 삽시도(揷矢島)&lt;위치:충남 보령시 오천면... 
충남 여행 보령 청보리밭 충청수영성 드라마 촬영지
2tv 생생정보 배피디의 가볼래 이색 체험 여행지 충남 보령... 
충남 보령 가볼만한곳 청소역 택시운전사 촬영지 간이역
보령 무궁화수목원 눈썰매장 충남 아이와 가볼 만한 곳... 
성주산휴양림 소황사구 무창포해수욕장까지 보령의 생태여행지
보령 가볼만한곳 천북굴단지 굴축제 일정 무지개굴집 가격... 
국내 여행지 여름휴가 섬 여행 떠나볼까
[여름에 가 볼 만한 여행지 2014 여름 축제] Summer Festival
가을 여행지 추천ㆍ 낭만과 실속의 충남 서천ㆍ로망스 투어
"[충남 보령] 보령 및 근교(홍천, 당진) 여행지(가볼만한 곳, 맛집... "
충남 보령 대천 조개구이 맛집 해녀조개구이 대천 해수욕장... 
한국 여행지 7곳 추천하기
혼자 편안하게 즐길 수 있는 섬 여행지 Best 10!!!
"충남 보령 가볼만한곳, 죽도 상화원 입장료,주차,맛집... "
"보령 가볼 만한 곳 보령문화의전당 (갯벌생태과학관, 보령 박물관)"
충남 보령 숙소 비체팰리스 가족여행 가성비 리조트/콘도... 
보령여행지추천 아이들과 체험하기 좋은 목장카페 우유 창고
별미 천북굴단지 아시나요? 국내 겨울여행지 추천 보령 가볼만한곳
"충남 보령 4월, 5월 가볼 만한 곳 청보리밭 카페 &quot;청보리창고&quot;"
초록 물결이 아름다운 신경섭고택과 청라은행마을을 가보았어요.
"[충남 보령시] 아이랑 가을을 즐겨요, 개화예술공원"
전국 섬 바캉스 여행지 추천
"여름 피서여행지,보령석탄박물관,냉풍욕장,"
[충남 가을여행] 청라은행마을 신경섭가옥 황화코스모스 (보령)
[충남 보령 여행] 오서산 자연휴양림/ 청천저수지... 
충남 보령 :: 무창포해수욕장 _오랫만에 갯벌을 거닐었어요... 
대천오션뷰카페로 시원한 바람 느끼며 바다듬에서
[충남] #대천항에이스호&amp;별장펜션#보령선상낚시... 
충남여행 아름다운 무창포해수욕장
"가수 박상민의 충남 보령, 여름 방학, 휴가 가볼만한 곳 추천 소개"
충남 가볼만한곳 태안 안면암 보령해저터널 지나... 
충남 보령 여행 학성리 쥬라기공원 실사판 공룡발자국화석
짧은 여름여행 어디갈지 고민이라면 충남 보령으로... 
죽도 상화원 - 충남 보령시 남포면 월전리  가족 여행 힐링 코스
충남 보령 맛집 깔끔한 풍정불고기
충남 보령 대천 가볼만한곳 겨울바다 드라이브 서해 일몰 명소... 
"충남 서해안 드라이브 코스 여행, 보령 우유창고, 천북굴단지... "
충남 보령 대천 가볼만한곳 대천해수욕장 짚트랙  스카이바이크... 
[무창포여행]주변여행지-개화예술공원
충남 보령 가볼만한곳 보령문화의전당 보령박물관등 볼게 많아
보령여행)) 보령 여행지 추천 가볼만한 곳 (대천해수욕장... 
2박 3일 여행지 추천 1 탄 /보령여행/오서산/우유창고
대천풀빌라 오션뷰수영장 충남 보령 펜션 라바풀빌라... 
충북 여행 단양 가볼만한곳 비올때 단양 다누리 아쿠아리움... 
[충청도 여행지 추천/갈만한곳] 부여 궁남지에서 백제문화단지... 
충남 보령 청소역맛집 고향한우전문점
충청남도 보령시 오서산(성연주차장-문수골) 웰빙산행
"충청도 여행지 추천, ‘9월 가을축제’ 맘껏 즐기기!"
천수만의 생명 보령담수호 - 충남 보령
"[충남 보령/당일치기]☆내 돈 내산☆천북 굴 단지, 우유창고... "
충남 보령 대천 해수욕장... 스카이바이크 충남 보령 민박 펜션... 
"보령 여행지 가볼만한곳 (우유창고, 죽도상화원 외 3곳) ft.... "
"[슬기로운 주차생활] 사계절 관광도시 보령시, 주정차단속... "
태안 가볼만한곳 영목항 전망대 바다전망 굿
[국내여행] 충남보령 1일차(대천스카이바이크/보령해저터널... 
충남도 '관광객이 뽑은 충남관광 100선' 공개
"(서해안 우럭 배낚시, 충남... 서해안 여행지 추천-바다장미펜션"
5월여행지 추천 대천 가볼만한곳 스카이바이크 바이더오... 
보령맛집 대천맛집 보령중국집 연경 국내여행지추천 보령맛집... 
"[ 보령 여행지 대천 해수욕장, 무창포 해수욕장 ] 대천바다... "
가을엔 이곳 어떰(autumn)? 가을 여행지 추천 5
"국내 여름 여행지 추천, 시원한 여름 여행지 추천"
[10월가을여행지추천] 충남 보령 성주사지
"보령 여행｜봄 여행지 추천, 충남 보령 가볼만한곳 천북폐목장... "
보령 가볼만한곳으로 세계 다섯번째로 긴 터널을 통과해서 만날... 
한국인이 꼭 가봐야 할 국내 여행지 100선 5탄
[충남 보령] 아이랑 가볼만 한 3곳 추천/개화예술공원... 
"[충남/보령] 보령 굴 맛집, 천북굴단지 &quot;훈이네굴수산&quot; ｜제철... "
&lt;보령 가을축제&gt; 2017 제 13회 보령시 천북면 천북 온세미축제
펜션추천 충남 보령 펜션 &amp; 캠핑 이안힐링랜드 :)
여름휴가 여행지 추천! 국내 섬여행 코스 및 가볼만한곳 정리
충청남도 은행나무 명소 [정촌유기농원] 국내 가을여행지 추천
"개화예술공원, 볼거리가 가득해 눈이 즐거웠던 보령 여행지"
[충남 태안]안면도무지개레포츠 안면도ATV 안면도여행
"충남 보령 여행지 산고래하늘공원, 대천해수욕장 야경, 옥마산... "
보령여행 원산도 사창 해수욕장
자연이 살아숨쉬는 곳 &lt;충남 편&gt;
아이들과 함께 가기 좋은 충남의 야외 스케이트장
"보령 여행 충청수영성 ft, 동백꽃필무렵 드라마 촬영지"
"보령 여행지, 죽도 상화원 : 바다 보면서 힐링❣️"
한국관광공사 추천 - 국내여행지 100선(계절별)
충남 캠핑장 보령.대천 해수욕장 국민여가 캠핑장소 추천
충남 가볼만한곳 보령 여행 서해안 드라이브 코스 갈매못순교성지
"충남보령 여행. 청라은행마을, 죽도 상화원. 은행나무와 소나무... "
[보령] 여름휴가로 가기 좋은 보령 여행지 추천 BEST 5✨
"보령시 | 아름다운 섬 &lt;원산도, 효자도&gt; 항공영상"
충남 가볼만한곳 베스트10 명소
대천 가볼만한곳 대천해수욕장 구경하고 맛난 대천삼겹살 먹자
mbc생방송오늘저녁맛집여행지촬영장소?... 
충남 보령 카페 추천 풍경맛집과 기대 이상이었던 우유창고... 
충남 보령펜션 대천팬션... 무창포 여름여행지로 최고!!
",충남 보령 오천항 펜션 추천)6월 서해안 여행지 강추!!- 학성... "
한적한여행지/충남가볼만한곳/여름휴가지해수욕장추천
완전 잘못짚은 보령시 대천항 나들이
보령 드라마 촬영지 청소역을 가보았습니다.
[충남 핫플] 벨라코스타 : 보령 카페 대천 오션뷰 충남... 
"[충남/보령] 보령 문화의 전당 ｜보령, 대천해수욕장 근처... "
보령카페 데이트하기 좋은 바다듬
더운날씨에 떠나기좋은 (충남 보령) 대천 힐링여행~1박 2일... 
"충남 알짜 여행지 6선, 20% 부족한 휴가를 꽉 채워줄 '히든카드... "
5월에 가기좋은 국내여행지 보령 청보리밭
"[충남] 보령 아기랑 가볼만한 곳, 천북 학성리 맨삽지 (공룡섬)"
1박 2일 충남 보령 해상레일바이크 가격 위치
보령여행지 추천 푸른물결 넘실대는 천북폐목장 청보리밭
무창포 비체팰리스 스위트36평 솔직후기
10월 국내여행지 추천 가을에 가봐야하는곳
"8월 추천 여행지...보령시,삽시도"
"조황) 충남 보령 펜션 추천,서해안 가족 여행지 펜션 추천,5월... "
충남 보령 고즈넉한 감성의 한옥 펜션 :: 독채 프리미엄... 
[가을단풍여행지/단풍명소]가을의 낭만을 느낄 수 있는... 
보령가볼만한곳 죽도 상화원
",충남 보령 펜션,오천항 민박 펜션 추천) 가을 여행지 워크샵... "
충남 보령 가볼만한곳 여행지 천북굴단지 천북굴축제 장소... 
[보령 펜션] 대천 해수욕장 신축 독채 숙소 위드네이처하우스
국내 여름 액티비티 여행지 추천
"충남 보령 추천코스 총정리 (바이더오카페, 조개구이,바다 조개... "
카페탐방 충남 보령 우유창고에 가다.
보령 해저터널 그리고 안면도 해상인도교 &lt;꽃게다리&gt;
대천 키조개 삼합  해물창고 충남 보령 맛집 보령 여행 필수코스
[충남 보령] 애견동반여행 여름휴가 대천해수욕장... 
"충남 여행지 추천, 보령 개화예술공원"
"5월 여행지 추천,충남 보령 펜션 추천)5월 여행지 추천 오서산... "
충남여행지 석탄박물관을 길자탱자와 함께 가볼까요?
[대천 가볼만한 곳]개화예술공원
"보령시, '2022보령방문의 해' 선포…관광객 2000만 명 유치... "
"대천해수욕장 맛집, 테이블을 가득채우는 키조개삼합 불타는... "
추천 카스테라 맛집 오션 뷰 카페 바이더오 추천 여행지 추천 장소
[충남보령여행]가볼만한곳ㆍ맛집(오천항/우리횟집/우유창고)
[보령] 성주산 자연휴양림 단풍축제
청라 은행마을 단풍축제 보령 신경섭 가옥 은행나무 전설
코랄커피 커피맛과 인테리어까지 완벽한 대천해수욕장 카페추천
"부모님과 함께 하는 1박2일 여행/충남 예산, 수덕사... "
&lt;단양 가족여행&gt; 다누리아쿠아리움 입장료 할인 팁_10월의... 
푸른빛 일렁이는 바다 위를 걸어요! '바다 갈라짐'
보령갈만한곳 보령여행지 7곳을 정리해봤습니다.
대천 조개구이 맛집 신선하니 좋았던 바운스조개구이
겨울 국내 여행지 추천 어디가 좋을까?
‘반갑다 계묘년’..해넘이·해맞이 하러 보령시로 새해여행
산책하기 좋은 대천해수욕장 바로 앞 대천펜션 [대천수지펜션]
보령해저터널 지나 원산도 가볼만한곳 원산도 해수욕장 캠핑장
[ 보령 여행지 ] 개화예술공원
[충남 보령] 대천해수욕장카페 바다 뷰가 매력적인... 
충청남도 가볼만한 곳 지역별 총정리 (도시별 여행지 추천)
바다 보면서 힐링하는 1박 2일 충남 대천 여행 코스... 
[보령] 청라은행마을 단풍축제 신경섭 가옥 정촌유기농원
보령 추천 겨울여행지 | 보령시 천북면 장은리 굴마을... 
[충남 보령] 여름휴가 대천해수욕장/무창포해수욕장 근처 애견... 
곳 충청수영성과 오천항 바다 오래 머물고 싶은 아름다운 여행지
보령 원산도 감성숙소 :: 스테이오봉 펜션 1박 아이랑 떠난 여행
충남 보령 가볼만한곳 대천 해수욕장 놀거리 짚라인... 
충남 태안 원산도에서 숭어낚시 영목항 야경 핫플
"충남 가볼만한곳,  대천해수욕장 보령바다 야경  보령해저터널 外"
"&quot;늦가을 정취는 보령서&quot;…보령시, 관광지 6곳 추천"
"[충청신문 주말여행] 대전·충남, 어디까지 놀아봤니?... "
[보령] 가을여행 오천항과 충청수영성
[보령여행] 대전근교여행지 보령에서 데이트하기좋은카페... 
"충남보령여행, 보령카페, 대천카페, 오션뷰카페, 섬카페... "
천북굴단지에서 맛보는 다양한 굴요리 열전
보령시 ‘축제는 계속 된다’ 가을철 축제행사로 초대 합니다
"해나쌤 일상, 보령시 대천 개화예술공원 가다."
서해 바다 여행지 추천 대천 해수욕장 놀거리 대천 짚라인... 
"충남 보령 대천해수욕장 분위기 좋은 카페, 코랄커피"
보령 겨울 여행 천북 굴단지 내돈내산 원조후계자굴수산... 
충남 보령 여행 추천 보령 성주사지 가는길 입장료 주차 정보
보령 가볼 만한 곳 여행지 &quot;보령충청수영성&quot; 드라마 촬영지
[ 보령 여행지 ] 보령무궁화수목원(눈썰매장 개장 2022.... 
[5월/6월 보령 1박 2일 여행 가볼만한 곳] :: 청보리밭... 
[충남 보령] 보령 대천해수욕장 인근 감성 숙소 추천&amp;루프탑... 
보령 :: 한국의 이상향 죽도 상화원
"해변,캠핑,만수산 자연휴양림 계곡물놀이,충남보령여행지"
겨울방학 여행지 추천
충남 보령 개화예술공원 입장료 대천 여행 가볼만한곳
보령시 맛집 대천 삼겹살 세트 도담이돼지삼형제 고기집 저녁... 
대천항 꽃게탕 청주수산에서 꼭 먹어야 합니다
[국내여행]개화예술공원충남#보령 #여행 #친구 #다좋아 #보령시... 
"2022보령해양머드박람회, 여름철 힐링 여행지로 ‘우뚝’"
보령 가볼만한곳 충남 캠핑장 서해안 용두해수욕장.동백관... 
7월 넷째주의 추천 여행지(3) - 보령머드축제 &amp; 대천해수욕장... 
오천항(아기와 가볼만한 대천여행지)
KBS 1박 2일이 촬영된 여행지 소개
충남 서해안 해변 중 가볼만한 여행지 안면도
국내최대 민물고기 아쿠아리움(단양 travel feat.연세바른os)
가족여행지로 추천하는 전통 정원 보령 죽도 [상화원]
"천북폐목장(위치, 주차장) 그해우리는 촬영지 충남 가볼만한곳"
충남 보령 가볼만한곳 머드 대천해수욕장 공룡샷 그해우리는... 
[3월 여행지 추천] 지금은 사라진 옛 절 터 - 폐사지를 찾아서
[가을 여행지추천] 서해바다가 한 눈에 보이는 무창포해수욕장... 
보령 힐링 여행지 국립오서산자연휴양림
천북 굴축제 겨울에 가야 할 보령 천북굴단지 숙소 가격
2023년 전국 봄 여행지 추천 BEST
보령 해저터널 태안 안면도 꽃지해수욕장 드르니항 충남... 
[보령•안면도•태안 애견동반 여행 1일차] 충남 보령 천북... 
"충남여행 : 천장호출렁다리, 장곡사장승공원, 개화예술공원... "
"코로나19로 변한 나날, 자연 속으로 향하는 164곳의 힐링 여행지"
"[충남 보령] 개화예술공원, 아이랑 산책하기 좋아요!"
충남 보령 가볼만한곳 무창포 해수욕장 갯벌체험과 수산시장도
[국내 봄 여행지] 살면서 한번은 꼭 방문해야 할 전국 벚꽃... 
충남 보령 여행! 죽도 상화원 꼭 가보세요
"보령 원산도 오션뷰 풀빌라 : 원산도풀빌라 : 개인스파, 사우나 룸"
충남보령:학성리 공룡발자국 화석 (정확한주소)
"여름의 청량함을 맛볼 수 있는 국내 여행지, 보령 기차역과... "
보령 대형 카페 대천항 오션뷰 맛집 바다듬
충남 보령 가볼만한곳 오천항 5곳 서해 드라이브 코스 바다... 
"대천가볼만한곳, 놀거리 스카이바이크(레일바이크), 짚라인"
충남 가볼만한 곳 예당호 출렁다리 포함 여행코스 5
충남 보령여행 “죽도 상화원” (+강추)
충남 가볼만한곳 보령 해저터널 원산도해수욕장 서해 야영장... 
충남 보령 원산도 오션뷰 카페 바이더오(bytheO)
충남 부여 여행 백제문화단지 백제문화역사관 아이와 관람 후기
가볼 만한 여행지
"보령 가 볼 만한 곳&amp;보령 맛집 추천, 잔잔한 여름휴가 여행지"
국내 여행지 베스트 10 충청도 가볼만한곳 여행 추천
23년 7월 전국 축제 행사 일정 여행지 가볼만한곳 추천
충남 보령 가볼만한곳 보령 바이더오 원산도 해수욕장 후기... 
충청남도 대천 가볼만한곳 노을이 멋진 대천해수욕장
가볼만한곳 여행코스 인기여행지 BEST 11 관광명소 추천 (+충남)
국내 여행지 추천 : 숨겨진 명소 탐방
대한민국 숨겨진 여행지 100을 보면서 - 3
보령 무궁화수목원 보령여행 하기 좋은 힐링 나드리 포인트
성주산 자연 휴양림 보령 갈만한 곳 여행 심원동 계곡 산책로
충남 보령 우유창고 | 달달한 우유 디저트와 다양한 이색체험
보령 가볼만한곳 대천 여행 코스 4곳
어버이날여행지 효도관광 Best 7 추천 핫플레이스 요약정리
보령 카페 대천 해수욕장 오션 뷰 바다듬 강추
대천 커플여행 가족여행 대천데이트 대천여행지 추천 BEST5!!
보령 국군대천콘도 아기와 함께하는 가족여행 20평형 후기
보령 공방카페 오서산길400 보령RC체험
여행코스 | 성주사지 성주사지천년역사관 | 충남드라이브코스
충남 보령시 서해안 해수욕장을 따라 여행하다 가족코스... 
노을에 미친자가 감격한 여행지
충남보령:천북폐목장 청보리밭
해양관광과 산악관광의 중심부 청천저수지 - 충남 보령
보령 가볼만한곳 석탄박물관 탄광 갱도 체험 검은 다이아몬드
가평 가볼만한곳 여행코스 여행지 58곳 가평펜션 589곳 모음
충남 보령 천북 굴단지 (가격) &amp; 우유창고 당일치기
휴게시간)/ 충남보령아이와가볼만한곳/ 충남보령물놀이장... 
충남 가볼만한곳 베스트10 소개
천북굴단지 가을여행 추천 굴구이 굴찜 가격
우유창고]신선한 우유와 빵이 맛있는 카페 추천. 충남 데이트코스
여행 계획 : 국내 1박 2일 여름 여행지 충청도 바다 가볼 만한... 
충남 겨울 바다 여행 보령 무창포 해수욕장
보령 죽도 상화원 휴관 안내 노는언니 1박2일 촬영지 4월 개관
[충남가볼만한곳]아내의맛 촬영지 삽시도 힐링여행
tmap이 추천하는 11월 가볼만한곳! 국내가을여행지추천
"낚시 인구 1,000만 시대! 국내 섬 바다낚시 숨은 명소 Best7!"
"보령 해저터널, 원산 안면대교, 대천항, 충남여행, 안면도여행"
[보령] 천북 굴단지 '소현네 굴구이'에서 굴구이+굴찜 반반 냠!... 
"보령시 팔경, 죽도 상화원"
&lt;보령&gt; 충남 보령 가볼만한곳 드라이브 코스 힐링여행 - 보령호
대천항 수산시장☞쭈꾸미 샤브샤브 먹어본 후기~
가을여행은 보령으로! 보령 커플여행 떠나~보령!
대천 가볼만한곳 보령 무궁화수목원 목재문화체험장
서해안 드라이브 가볼만한곳 보령해저터널 안면도 원산안면대교
20위 축제가볼만한곳 축제행사정보 축제행사 여름 여행지
6시내고향 충남 보령 키조개 요리 쌈밥집 발길따라 고향기행... 
원산도 보령 숙소 대천펜션 감성숙소 추천 [스테이오봉]... 
대천해수욕장의 일렁이는 초여름
가볼만한곳 여행코스 인기여행지 BEST 10 관광명소 추천 (+충남)
대천 해수욕장 카페 코랄커피
&lt;보령&gt; 충남 아이와 가볼만한곳 보령농촌체험여행... 
"충남 보령 대천해수욕장 여행기, 시골밥상 장원식당... "
충남 보령 봄꽃 드라이브길 주산 벚꽃길
충남 보령으로 여행
"[충남 보령①]1박 2일 여행지, 맛집, 숙소 이거만 보면 여행... "
공주시 금산군 당진시 보령시 부여군 2014년 봄꽃여행지
"지난 겨울 충남 보령여행(김가네사골수제비,대천해수욕장... "
1월 국내 여행지 Best 4 [ 충청남도 추천 여행지 ]
[2023 대동 PICK!] 올해 여름 농촌 갈 때! 여기는 어때? 2편
"충남보령: 대형카페 우유창고, 목장체험(애견동반카페)"
신두리해안사구 등 15곳 1박 2일 알찬 겨울여행지 추천
"보령여행, 가을에 산책하기 좋은 곳 충청수영성"
보령 여행 대천 해수욕장 스카이바이크 짚라인 짚트랙 등 놀거리
&lt;보령&gt;충남 가볼만한곳 보령소셜팜투어 보령농촌체험여행... 
전국 2023년 8월 축제 국내여행 가볼만한곳 리스트 10... 
"가을 섬 여행 추천여행지 (트레킹, 단풍여행, 가족여행, 둘레길... "
2022 보령해양머드박람회 주변 관광지 안내_개화예술공원... 
{충남보령 가족나들이} 군헌마을 추천!
"국내 1박2일 여행, 충남 대천 즐길 거리 추천드립니다:-)"
가을여행지 전국가을축제  재개발지역 부산가을축제... 
보령해저터널 개통일 여행지 확인하세요
대천맛집 찐으로 맛있는 대천키조개삼합 해물창고 후기
"등대민박,보령시,민박,숙박,가족여행지,깨끗한민박,바다낚시... "
"[보령 핫플레이스] 그해우리는 촬영지, 천북폐목장 (청보리밭)"
2023 보령 청라은행마을 축제 및 은행나무길 코스 총정리
보령 무창포해수욕장 개장기간과 둘러보기
충남 바다 여행 카페 바이더오 나문재 꽃지해수욕장... 
"충남 보령시 (대천해수욕장, 무창포해수욕장-바다가 좋은... "
2023 보령 문화의전당 대천역 예술제 축제 후기 부활 콘서트... 
[충남여행] 새마을호 타고 떠나는 장항선 기차여행(충남... 
[1박2일 보령 대천 나홀로 여행] 어썸게스트하우스... 
충남 보령 해저터널 따라 태안 향토음식 &quot;게국지&quot;로 소확행을... 
&lt;보령&gt; 충남 보령바다 야경 볼거리 놀거리 여행코스... 
"대형프로젝트: 전국 플레이스 모음.zip/국내 여행지, 촬영지"
충청도 아이와 가볼만한곳 체험 ft.아이와갈만한곳 충청도펜션... 
바다보러 콧바람 쐬러 대천 / 2023.02.04-05 #1.... 
보령 1박 2일 여행 : 동백꽃 필 무렵 촬영지/바이더오... 
충남 보령 여름 여행으로 가볼만한 곳 대천해수욕장
군산 여행지- 도보로 시간여행
"[이거 알았뜐?] 겨울 여행, 어디로 가는 게 좋을까?"
[충남 알짜 여행지 6선] 20% 부족한 휴가를 꽉 채워줄 '히든카드'
보령 : 충남 여행 청보리 카페 / 그 해 우리는 촬영지 청보리... 
충남 보령 맛집 조개구이에 진심인 해물창고
보령 갈만한곳 가족여행 추천 코스 베스트5
꽁꽁 숨어 있다는 외국 같은 느낌의 국내 여행지 5곳 - 하루뉴스
서해여행지추천 대천해수욕장
[충남 대천] 대천해수욕장 한식 찐맛집! 엄마의 쌈밥
"충남 보령 데이트 짚트랙코리아 내돈내산 안 무섭다고, 이게?... "
"[충남] 보령여행, 보령 아이랑 가볼만한 곳 , 카페 우유창고"
보령 천북굴축제를 체험하고 대천해수욕장과 대천... 
가을에 찾아가면 좋은 섬여행지 한국섬진흥원 추천 여행지는?
진도 팽목항에서 관매도 배편 시간표 요금 내용안내
주말드라이브코스 충남 보령 오천항
"[보령] 동백꽃 필 무렵 촬영지, 충청수영성, 여행지 추천, 힐링"
충남 보령 젖소체험 가능한 이색카페: 우유창고
[충남 보령] 보령가볼만한곳 보령카페 무창포해수욕장 오션뷰... 
충남 충청남도 투어 보령시 대천 맛집 추천 뜨락우미정 한우... 
충남 1박2일 아름다운 봄꽃 드라이브 길 나들이 8곳
[보령 명소]개화예술공원 내 허브랜드 가보셨나요?
보령 펜션 추천 베스트 4 (ft. 충남 여행 숙소)
보령 우유창고-충남 천북면 핫플레이스 카페
"대천 어랑어랑횟집. 시원한 물회에는 소면 OR 밥, 당신의 선택은?!"
"[보령 등대민박]보령시,보령민박,보령숙박,보령가족여행지... "
충남가볼만한곳:: 보령의 숨겨진 보물같은 여행지 순교성지... 
보령 대천 가볼만한곳 여행 보령냉풍욕장 공짜야?삼대냉면 먹고... 
가볼만한곳 여행코스 인기여행지 BEST 10 관광명소 추천 (+충남)
보령 가볼만한곳 베스트 5 여행코스
"대천해수욕장놀거리, 짚트랙코리아 (대천 짚라인/청춘MT 촬영지)"
"보령 펜션 - 편안하게 쉴 수 있었던 티라셀펜션, 풀빌라"
드라마 그해 우리는 촬영지 / 보령 여행으로 천북 청보리밭... 
대천 대형 카페 오션뷰 해수욕장 근처 바다듬
충남 보령 가볼만한곳 대천 해수욕장부터 대천항 수산시장... 
보령 여행지 코스 : 보령 제일해물칼국수/커피인터뷰
국내여행지추천 대천카페 오션뷰 바다듬 루프탑카페 대천항... 
[패션 포인트] 여름 여행지에서 나만의 센스 있는 데일리룩!!
가볼만한곳 여행코스 인기여행지 BEST 10 관광명소 추천 (+충남)
생물의 다양성을 경험할 수 있는 보령 무궁화 수목원
섬여행 추천 - 충남 서해안
가을 바다 따라 떠나는 보령 당일치기 낭만여행
"보령 우유창고 (오천항, 남당항 카페)"
경남 통영 가볼만한곳 통영 해저터널과 충남 보령 가볼만한곳... 
충청도 여행 충남 보령 가볼만한곳 보령충청수영성
충남 보령 겨울여행 필수 코스!!! 겨울 제철 별미 굴 맛집 천국... 
대천펜션 대천단체펜션 이글스파크펜션 추천해요
[보령 충청수영성] 충남 여행 가볼만한곳 그림같은 풍경:)
충남 아이와 가볼만한 곳! 대천해수욕장 바디소리펜션 숙박
&lt;보령&gt; 충남 보령 가볼만한곳 드라이브 코스 힐링여행... 
충남 보령 죽도 여행으로 한국식 전통정원인 상화원까지... 
충청도 보령 대천 가볼 만한 곳 일몰 명소 죽도 상화원... 
&lt;보령&gt; 충남 섬여행 보령 원산도 바다 드라이브 코스... 
대천해수욕장 보령 대표 여행지 갈매기도 많았다
"충남 대천맛집, 보령맛집 간장게장 무한리필 밥도둑꽃게장"
보령 해저터널  / 안면도 해저터널 / 충청도 여행 가볼만 한 곳
보령시 | 캠핑-레포츠하기 좋은 농촌광관코스 10선 선정
&lt;보령&gt;충남바다여행 가볼만한곳 놀거리-대천해수욕장... 
[보령 죽도]아름다운 한국식 정원 &quot;죽도  상화원&quot;봄 여행지 추천
충남 보령:: 오양 손칼국수 (feat. 동백꽃 필 무렵 촬영지)
[대천/보령 가볼만한곳] 여행지로 점찍어둔 커피 맛집... 
보령 당일치기 여행지 추천(맨삽지/충청수영성/오천항 키조개)
보령 머드축제와 멋진 일몰로 유명한 국내 여행지 추천!!!
10월 가을여행지 베스트
국내 여행 가볼만한곳 보령 1박 2일 BEST 추천 코스
"주말 가볼 만한 곳 추천! 충청남도 당진, 아산, 공주, 보령, 부여... "
충남여행 드라이브 하기 좋은 주산 벚꽃길
보령 대천 키조개삼합 본점 : 머드먹자골목 조개구이 물회... 
&lt;보령&gt; 서울 근교 당일치기 여행 충남 보령 드라이브 코스 - 청소역
"충남 보령 “월전리843”, “죽도상화원”, “우유창고”"
"태안안면도 가볼만한곳- 즐길거리 ATV,패총박물관... "
대천펜션 _ 5분거리 해수욕장과 캠핑감성을 함께 느낄 수 있는... 
대천 해수욕장 디저트 맛집 / 카페모카브레드
[보령] 무창포 신비의 바닷길 축제 모세의 기적 석대도
[보령] 외연도 여행 갈만한곳 봉화산 바다 야생화 천국
“모든 곳이 그림 같은 충남 보령의 개화 예술공원”
가족들과 들렀던 충남 가볼만한곳 !
충청남도 여행지 지역번호 공주 가볼만한곳
[섬트레킹] 보령 고대도 한바퀴
"[보령 카페] 충남 보령 &amp; 대천 오션뷰 카페 추천 , 카페그랑블루"
2023년 대천해수욕장스카이바이크추석연휴일정ㅣ충남보령레... 
"［여행］죽도 상화원과 대천해수욕장, 보령"
"[소래포구] 추억의 어시장, 활기 넘치는 어시장 풍경"
여름이니까! 당연히 여름 해수욕장 여행지 추천!
충남 가볼만한곳 베스트 10 충청남도 여행지 추천
충남의 바다 힐링여행 가볼만한곳 죽도 상화원
보령여행 성주산자연휴양림에서 서천여행 신성리 갈대밭까지
[서천여행지] 서천가볼만한곳 4곳 추천 (서천데이트)
"보령시, '제1회 보령아트와공예사람들전(展)' 개최"
서해의 숨은 보석을 찾아서 오천항과 주변풍경
"보령여행, 보령 성주사지 천년역사관, 보령해양머드박람회"
충남가볼만한곳 무창포 신비의 바닷길 축제 보령 해저터널... 
부여 맛집 베스트 10 추천! (ft. 충남 여행)
청양 맛집 추천 베스트 7 (ft. 충남 여행)
"바다와 자연, 예술이 어우러진 감성 충만한 섬 여행... "
충남 보령 가볼만한곳 청보리밭 충청수영성 등 1박2일 코스 6곳
죽도[竹島 ]-충청남도 보령시
[보령 해저터널/국내여행] 예매율 1위 연극 &lt;옥탑방 고양이&gt;가... 
대천해수욕장 호텔 추천 머드비치호텔 오션뷰 호텔 추천
"[농촌에서 반년 살기 3화] 볼거리, 즐길 거리 가득한 농촌의... "
보령 가볼만한곳 개화예술공원 입장료 리리스카페 허브랜드... 
보령 충청수영성 아름다운 서해바다 오천항 동백꽃 필무렵... 
[보령] 대천 조개구이 무한리필 해녀조개구이
&lt;보령&gt;7월국내여행지추천 대천해수욕장 여름축제... 
[머드라뉴스] 보령시 주요소식! 머드라뉴스 10월 4주
충남 보령 가볼만한곳 보령문화의전당(보령박물관... 
[보령] 무궁화수목원 숲속야행 무궁화골 돗가비
여유롭게 즐기는 겨울낭만여행 대천해수욕장 놀러와~보령!
보령 가볼만한곳 우리나라 최고 절경의 정자 보령 충청수영성
느긋하게 힐링을 즐기고픈 칠러들을 위한 섬여행_휴가철... 
무창포해수욕장 보령 갈만한곳 무창포수산시장 갔다 온 후기
충남 보령 가볼만한곳 당일치기 여행 (딸기농장 보령팜 / 대천... 
서해 여행 보령 원산도카페 바이더오 뷰맛집 토요일은... 
［충남 보령］캠핑장에 온 듯한 가족여행 숙소 / 하루펜션
보령시 호도섬
[충남 보령/대천 여행] 보령 아이와 함께 가볼만한 곳... 
보령 여행지 충청수영성 동백꽃 필 무렵 촬영지
단양근처가볼만한곳 팝스월드 다자구 할미네
"[충남 보령 가볼만한곳] 1,제25회 2022 보령머드축제 입장권... "
보령 가볼만한곳 원산도 바이더오 주말데이트코스 보령... 
보령 천북 보리밭
&lt;보령&gt;충남 보령 가볼만한곳 드라이브 코스 죽도 바다야놀자... 
보령 우유창고 가볼만한 충남 여행코스
충남 드라이브 코스 대천해수욕장. 무창포 해수욕장 해루질... 
대천 해수욕장 보령 머드 축제 박람회 주차 셔틀버스 파라솔... 
여행이좋다 :: 충청수영 해양경관전망대
보령  상화원
"무창포 펜션,민박 : 바다가 보이는 펜션에서 바닷길과 노을을... "
대한민국 해저터널의              신기록  '보령 터널'
펜션 추천 괜찮은 곳 베스트 4 (ft. 충남 여행 숙소/글램핑장)
보령(대천) 현지인 추천 여행지 1탄 / 대천가볼만한곳 / 짚트랙... 
[보령] 여름 휴가 갈만한곳 무창포해수욕장
무창포해수욕장 개장 무창포 카페 너울 오션뷰가 끝내줘요
국악와인열차 기차여행 서해바다 환상선 충남 가볼만한곳
단양 여행 가볼만한곳 시루섬의 기적 단양강 잔도길... 
&lt;보령&gt; 충남 아이와 가볼만한곳 보령 볼거리 계곡여행... 
충남 대천 해수욕장 여름휴가 여행정보
[대천펜션] 대천해수욕장이 바로앞에 있어 놀기좋은 대천수지펜션
[보령 여행] 충남 보령 죽도 &amp; 대천해수욕장 가볼만한 곳 추천... 
[추석연휴 '숨겨진 여행지' ①충남편] 청양 꽃물결에 빠져 볼까요?
해산물로 배터지게 먹고 싶은 날! 충남 보령 맛집
"[충주여행] 추워서 긴팔 옷 준비해 가야하는 여행지, 카약을... "
"[즐겨보령] 드라마 동백꽃 필 무렵 촬영지, 보령충청수영성 나들이"
"[슬기로운 주차생활] 사계절 관광도시 보령시, 주정차단속... "
4~5월 국내 여행지 추천
"계절마다 다른 매력, &lt;그 해 우리는&gt; 촬영지 ‘보령 청보리창고’"
보령호의 멋진 풍경을 볼 수 있는 보령 양각산 등산 코스 충남... 
4달이 지나서야 적는 보령여행기
"[대천 여행지 추천] 무창포해수욕장 분위기 카페, 핫한 여름에... "
보령 주산벚꽃길 보령댐벚꽃길 아름다웠던 봄꽃 충남... 
"비오는날 보령 여행 청보리밭, 우유창고 카페 추천"
로맨틱투어 대천해수욕장 패밀리투어 보령 겨울여행지
충남 보령 가볼만한곳 무창포 해수욕장.용두해수욕장.죽도... 
&lt;보령&gt; 충남 드라이브 코스 보령 계곡여행 볼거리 - 성주사지
&lt;보령&gt; 충남 보령 가볼만한곳 드라이브 코스 힐링여행... 
대천해수욕장~대천항~보령해저터널~원산안면대교~안면도... 
한 바퀴 둘러보기 좋은 충청수영성
보령 가볼만한곳 황금빛으로 물든 보령 청보리밭
2022 태안 안면도 세계 튤립축제 공원 꽃박람회 외 가볼만한곳
보령 풀빌라 펜션 추천 베스트 4 (ft. 충남 여행 숙소)
소래포구 축제 내달 1일 개막 - 외 6건
"김세희 (충남 보령 개화예술 공원  09,04,23)"
여행 가기 좋은 섬 찾아가고 싶은 섬 여행 추천 여행지 섬 지역... 
충남 보령  대천 겨울바다 ㆍ보령해저터널 드라이브로 안면도... 
"충남 보령 아이와, 대천해수욕장 한화리조트 대천파로스 숙소... "
보령여행 유명한카페 젖소목장 우유창고
"오랜만에 다녀온 가족여행, 충남여행 II ( 이원식당, 천북굴단지)"
수영장부터 개별독채 바베큐장까지 휴가지로 방문하기 좋은... 
공기 좋은 보령여행지 웅천돌문화공원
대천해수욕장 조개구이 가성비 맛집 :: 산호횟집(조개를 구찌)
"충남 보령가을여행/ 성주산단풍, 청라은행마을, 오서산억새향연"
대천풀빌라펜션 무창포해수욕장 오션뷰는 기본!... 
수도권 당일치기 여행지? 천북굴단지에 굴까러 가요~
[충남/보령] 바다를 품고있는 죽도상화원 주차는 최악ㅠ
코로나바이러스가 잠잠해지면 가볼 만한 보령 산 여행지
11월 여행지 추천 섬여행지 6곳
[보령] 아이랑 가볼만한곳 보령석탄박물관
체크인방법과 룸컨디션 낙조가 아름다운 보령여행지 가볼만한곳
[조선일보 기사링크] 2005년 여름 여행지 선정
"최초의 열녀, 도미부인의 영정이 모셔진 사당 도미부인 정절사"
현지인맛집! 대천해수욕장 근처 맛집 대천항 보령해물칼국수... 
보령시 | 바다와 함께 떠나는 &lt;요트체험&gt;
&lt;보령&gt; 충남여행 보령바다 해안도로 드라이브 코스... 
단양근처가볼만한곳 만천하스카이워크 요금 할인 및 주차 정보
서울 근교 대천해수욕장 놀거리 인생네컷 특별프레임 대천... 
여름 휴가 피서 섬여행지 추천 찾아가고 싶은 섬 33섬에 대하여... 
"우리나라 모세의 기적 5선/진도 신비의 바닷길, 여수 사도... "
충청남도 보령시 신흑동 와이파이 콘도에서 엄마는 오늘도 또... 
보령 원산도 카페 바이더오
[보령 야경명소] 야경에 진심인 사람들 주목! 숲속애빛의정원... 
"[대천해수욕장펜션, 대천펜션] 밤낮으로 낭만을 즐길수 있는... "
보령호 주변 가볼만한 여행지
충남 가볼만한곳 : 보령 성주산 자연휴양림 꽃무릇
보령 가볼만한 곳 개화 예술공원 아이와 함께 동물 먹이 체험까지
국내 여름여행지 대천해수욕장(보령머드축제.스카이바이크.... 
보령 오서산 등산코스 오서산자연휴양림 명대골계곡
보령 여행 청보리밭 천북폐목장 드라마 그해우리는 촬영지
서해 신비의 바닷길 무창포해수욕장 만석호횟집 상화헌카페
"울진 가볼만한 곳, 국도 36호선 타고 드라이브 가보자"
[오천맛집]바다여행지 충남보령 오천수영성앞 오양손칼국수... 
「2021년 찾아가고 싶은 33섬」 여름 휴가철 여행지... 
서울에서 대천 해수욕장 가는 방법 / 대천역 이마트 보령점
[보령맛집] 해저터널을 통해 갈 수 있는 원삼도 맛집... 
"먹거리, 볼거리 가득한 보령한내시장 별밤야시장"
"■ 보령에서 만나는 또 하나의 읍성, 남포읍성"
늘이의 여행 일지 (1)
[보령 카페] 대천해수욕장/용두해수욕장/무창포해수욕장... 
보령 청라 은행마을 식당 보령 신경섭가옥 충남 보령... 
대천술집 대천해수욕장술집 대천 갈만한 곳 대천브루어리... 
대천해수욕장 내돈내산 가성비 호텔 추천 : 보령e호텔 213호
어버이날 여행 갈곳.....^^ 여기 어때?-(펌)
[보령] 명천동 맛집 백년불고기물갈비
"보령 여행지 추천, 바다보며 가볍게 걷기 좋은 죽도 “상화원”"
대한민국구석구석 / 3월 추천 가볼만한곳은 어디? 봄따라... 
"10월 가을여행지 국립공원 단풍놀이, 일몰 명소, 물억새... "
"보령 여행 플러스 코스, 잔미산과 보령호 드라이브길"
"보령해저터널, 대천-원산도-안면도-태안까지 한번에... "
보령해저터널 통행료 요금 최신정보
